nodo_id,h3,instalaciones_250m,instalaciones_500m,instalaciones_1000m,intercambiadores_250m,intercambiadores_500m,intercambiadores_1000m,modos_250m,cantidad_modos_250m,ferrocarril_250m,subte_250m,autobus_250m,fluvial_250m,tranvia_250m,modos_500m,cantidad_modos_500m,ferrocarril_500m,subte_500m,autobus_500m,fluvial_500m,tranvia_500m,modos_1000m,cantidad_modos_1000m,ferrocarril_1000m,subte_1000m,autobus_1000m,fluvial_1000m,tranvia_1000m,densidad_instalaciones_250m,densidad_instalaciones_500m,densidad_instalaciones_1000m,instalaciones_500m_normalizadas,densidad_instalaciones_500m_normalizada,intercambiadores_500m_normalizados,diversidad_modal_500m_normalizada,modo_ferroviario_estructurante,modo_subterraneo_estructurante,modo_fluvial_estructurante,conectividad_modal_500m,soporte_fisico_preliminar,categoria_soporte_fisico,ranking_soporte_fisico,tipo_intermodalidad,score_intermodalidad,score_demanda,score_densidad,score_conectividad,score_alcance,score_integracion,ranking_centralidad,ranking_operaciones_validacion,ranking_centralidad_validacion,diferencia_ranking_abs,score_intermodalidad_500m,categoria_intermodalidad_500m,ranking_intermodalidad,demanda_base_23,indice_demanda_estructural,infraestructura_instalaciones,infraestructura_intercambiadores,infraestructura_diversidad_modal,indice_infraestructura_estructural,indice_intermodalidad_estructural,indice_conectividad_estructural,indice_integracion_territorial,indice_centralidad_estructural,indice_centralidad_estructural_robusto,ranking_centralidad_estructural,ranking_centralidad_estructural_robusto,categoria_centralidad_estructural,categoria_centralidad_estructural_robusta,brecha_demanda_infraestructura,deficit_infraestructura,diagnostico_demanda_infraestructura,prioridad_intervencion,ranking_prioridad_intervencion,nivel_demanda_estructural,nivel_infraestructura_estructural,nivel_intermodalidad_estructural,nivel_conectividad_estructural,nivel_integracion_territorial,nivel_demanda,nivel_infraestructura,nivel_intermodalidad,nivel_conectividad,nivel_deficit_infraestructura,categoria_prioridad_intervencion,tipologia_centralidad,dimension_dominante,perfil_multidimensional,diagnostico_tipologico,ranking_tipologia_estructural,ranking_tipologia_prioridad,perfil_intervencion,deficit_demanda,deficit_intermodalidad,deficit_conectividad,deficit_integracion,deficit_estructural_promedio,impacto_potencial,categoria_impacto,urgencia_intervencion,nivel_urgencia,score_prioridad_territorial,nivel_prioridad_territorial,tipo_intervencion_recomendada,justificacion_intervencion,ranking_prioridad_territorial,ranking_intervencion,ranking_nivel_prioridad,dimensiones_prioritarias,diagnostico_territorial,tipo_proyecto,escenario_intervencion,horizonte_intervencion,fase_intervencion,prioridad_cartera,nivel_intervencion,dimensiones_prioritarias_cartera,objetivo_proyecto,justificacion_cartera,score_cartera,ranking_cartera,ranking_tipo_proyecto,ranking_escenario,proyecto_id,centralidad_id,prioridad_demanda,prioridad_infraestructura,prioridad_intermodalidad,prioridad_conectividad,prioridad_integracion,diagnostico_cartera,x_m,y_m,cluster_territorial,escenario_id,escenario_nombre,score_escenario,prioridad_escenario,tipo_escenario,horizonte_escenario,diagnostico_escenario,objetivo_escenario,justificacion_escenario
7,2,62,76,118,2,2,4,AUTOBUS|FERROCARRIL,2,1,0,1,0,0,AUTOBUS|FERROCARRIL,2,1,0,1,0,0,AUTOBUS|FERROCARRIL,2,1,0,1,0,0,315.76340709432037,96.76620539987236,37.5605665696873,0.01962809917355372,0.5389181072043098,0.19955424691458712,0.4,1,0,0,0.3398662740743761,34.15,SOPORTE_FISICO_BAJO,42,MONOMODAL,50.0,98.61111111111111,98.61111111111111,69.44444444444444,46.18055555555556,50.34722222222222,12,3,12,9,70.0,INTERMODALIDAD_MEDIA,16,98.61111111111111,98.61111111111111,52.5771,19.9554,40.0,37.5111,41.2041,59.809,64.0046,62.57,90.97,14,14,CENTRALIDAD_ESTRUCTURAL_ALTA,CENTRALIDAD_ESTRUCTURAL_MUY_ALTA,61.1,62.4889,DEFICIT_INFRAESTRUCTURAL,83.61,2,98.61111111111111,37.5111,41.2041,59.809,ALTO,MUY_ALTO,BAJO,MEDIO,MEDIO,ALTO,PRIORIDAD_CRITICA,CENTRALIDAD_DEMANDA,DEFICIT,DEMANDA,ALTA_DEMANDA_BAJO_SOPORTE,14,2,AMPLIAR_INFRAESTRUCTURA,1.3888888888888857,58.7959,40.191,35.995400000000004,49.3678,86.47011555555555,IMPACTO_MUY_ALTO,53.132045000000005,MEDIA,74.08132433333333,PRIORIDAD_ALTA,INTERVENCION_INTEGRAL,Demanda elevada combinada con déficit infraestructural significativo y alta prioridad territorial.,1,1,1,"DEFICIT, IMPACTO, DEMANDA",ALTA_DEMANDA_BAJO_SOPORTE,PROYECTO_INTEGRAL_CENTRALIDAD,ESCENARIO_CORTO_PLAZO,2-5 AÑOS,FASE_2,PRIORIDAD_1_MUY_ALTA,INTERVENCION_ESTRUCTURAL_ALTA,INFRAESTRUCTURA | INTERMODALIDAD | CONECTIVIDAD,"Reducir simultáneamente los principales déficits estructurales de la centralidad mediante una intervención integral sobre infraestructura, accesibilidad e integración.","Centralidad clasificada como CENTRALIDAD_DEMANDA, con diagnóstico ALTA_DEMANDA_BAJO_SOPORTE. Presenta demanda estructural de 98.61, soporte de infraestructura de 37.51, déficit estructural promedio de 49.37 y score de prioridad territorial de 74.08. La intervención recomendada es INTERVENCION_INTEGRAL.",72.79725111666666,1,1,2,AMBA-P001,AMBAC-007,ALTA,ALTA,MEDIA,MEDIA,MEDIA,ALTA_DEMANDA_BAJO_SOPORTE,5610849.968542906,6165458.187139252,6,AMBA-E002,AMBA-E002 - DEFICIT,56.5789,PRIORIDAD_3_MEDIA,ESCENARIO_DEFICIT,CORTO_PLAZO,ALTA_URGENCIA,"Orientar inversiones hacia deficit, articulando las dimensiones deficit, impacto, demanda.","El escenario presenta un perfil deficit con predominio de deficit. La evaluación combina demanda, déficit, impacto y capacidades de conectividad e integración."
17,9,81,101,148,0,0,0,AUTOBUS|FERROCARRIL,2,1,0,1,0,0,AUTOBUS|FERROCARRIL,2,1,0,1,0,0,AUTOBUS|FERROCARRIL,2,1,0,1,0,0,412.52961249419275,128.59719401825143,47.10986315520102,0.026084710743801653,0.5720643411019338,0.0,0.4,1,0,0,0.27999999999999997,30.41,SOPORTE_FISICO_BAJO,65,INTERMODAL,100.0,96.52777777777779,66.66666666666666,69.44444444444444,46.18055555555556,50.34722222222222,10,6,10,4,65.0,INTERMODALIDAD_MEDIA,104,96.52777777777779,96.52777777777779,55.9803,0.0,40.0,32.1546,40.1215,58.5938,70.0231,60.81,87.5,19,19,CENTRALIDAD_ESTRUCTURAL_ALTA,CENTRALIDAD_ESTRUCTURAL_MUY_ALTA,64.37,67.8454,DEFICIT_INFRAESTRUCTURAL,83.66,1,96.52777777777779,32.1546,40.1215,58.5938,ALTO,MUY_ALTO,BAJO,MEDIO,MEDIO,ALTO,PRIORIDAD_CRITICA,CENTRALIDAD_DEMANDA,IMPACTO,DEMANDA|TERRITORIAL,ALTA_DEMANDA_BAJO_SOPORTE,19,1,AMPLIAR_INFRAESTRUCTURA,3.4722222222222143,59.8785,41.4062,29.9769,49.77675,84.46923888888888,IMPACTO_MUY_ALTO,54.885560000000005,MEDIA,73.89418833333333,PRIORIDAD_ALTA,INTERVENCION_INTEGRAL,Demanda elevada combinada con déficit infraestructural significativo y alta prioridad territorial.,2,2,2,"IMPACTO, DEMANDA, INTEGRACION",ALTA_DEMANDA_BAJO_SOPORTE,PROYECTO_INTEGRAL_CENTRALIDAD,ESCENARIO_CORTO_PLAZO,2-5 AÑOS,FASE_2,PRIORIDAD_1_MUY_ALTA,INTERVENCION_ESTRUCTURAL_ALTA,INFRAESTRUCTURA | INTERMODALIDAD | CONECTIVIDAD,"Reducir simultáneamente los principales déficits estructurales de la centralidad mediante una intervención integral sobre infraestructura, accesibilidad e integración.","Centralidad clasificada como CENTRALIDAD_DEMANDA, con diagnóstico ALTA_DEMANDA_BAJO_SOPORTE. Presenta demanda estructural de 96.53, soporte de infraestructura de 32.15, déficit estructural promedio de 49.78 y score de prioridad territorial de 73.89. La intervención recomendada es INTERVENCION_INTEGRAL.",72.62915166666666,2,2,1,AMBA-P002,AMBAC-017,ALTA,ALTA,MEDIA,MEDIA,BAJA,ALTA_DEMANDA_BAJO_SOPORTE,5687263.141378307,6134964.146752529,4,AMBA-E001,AMBA-E001 - INTEGRADO,57.1597,PRIORIDAD_3_MEDIA,ESCENARIO_INTEGRADO,MEDIANO_PLAZO,INTERVENCION_TERRITORIAL_MEDIA,"Orientar inversiones hacia impacto, articulando las dimensiones impacto, demanda, integracion.","El escenario presenta un perfil integrado con predominio de impacto. La evaluación combina demanda, déficit, impacto y capacidades de conectividad e integración."
2,1,79,120,174,2,4,7,AUTOBUS|FERROCARRIL,2,1,0,1,0,0,AUTOBUS|FERROCARRIL,2,1,0,1,0,0,AUTOBUS|FERROCARRIL,2,1,0,1,0,0,402.34369613631145,152.78874536821954,55.38592019597958,0.030991735537190084,0.5921916882107421,0.2923416876766772,0.4,1,0,0,0.3677025063030031,38.5,SOPORTE_FISICO_BAJO,19,MONOMODAL,50.0,97.22222222222221,100.0,69.44444444444444,46.18055555555556,50.34722222222222,13,5,13,8,70.0,INTERMODALIDAD_MEDIA,16,97.22222222222221,97.22222222222221,58.0479,29.2342,40.0,42.862,43.5238,58.2465,64.4676,63.77,93.06,11,11,CENTRALIDAD_ESTRUCTURAL_ALTA,CENTRALIDAD_ESTRUCTURAL_MUY_ALTA,54.36,57.138,DEFICIT_INFRAESTRUCTURAL,80.08,5,97.22222222222221,42.862,43.5238,58.2465,ALTO,MUY_ALTO,MEDIO,MEDIO,MEDIO,MEDIO,PRIORIDAD_CRITICA,CENTRALIDAD_DEMANDA,DEFICIT,DEMANDA,ALTA_DEMANDA_BAJO_SOPORTE,11,5,AMPLIAR_INFRAESTRUCTURA,2.7777777777777857,56.4762,41.7535,35.532399999999996,47.725025,86.07411611111111,IMPACTO_MUY_ALTO,50.65481,MEDIA,72.72296716666668,PRIORIDAD_ALTA,INTERVENCION_INTEGRAL,Demanda elevada combinada con déficit infraestructural significativo y alta prioridad territorial.,3,3,3,"DEFICIT, IMPACTO, DEMANDA",ALTA_DEMANDA_BAJO_SOPORTE,PROYECTO_INTEGRAL_CENTRALIDAD,ESCENARIO_CORTO_PLAZO,2-5 AÑOS,FASE_2,PRIORIDAD_1_MUY_ALTA,INTERVENCION_SELECTIVA,INFRAESTRUCTURA | INTERMODALIDAD | CONECTIVIDAD,"Reducir simultáneamente los principales déficits estructurales de la centralidad mediante una intervención integral sobre infraestructura, accesibilidad e integración.","Centralidad clasificada como CENTRALIDAD_DEMANDA, con diagnóstico ALTA_DEMANDA_BAJO_SOPORTE. Presenta demanda estructural de 97.22, soporte de infraestructura de 42.86, déficit estructural promedio de 47.73 y score de prioridad territorial de 72.72. La intervención recomendada es INTERVENCION_INTEGRAL.",71.41541593333334,3,3,2,AMBA-P003,AMBAC-002,ALTA,MEDIA,MEDIA,MEDIA,MEDIA,ALTO_IMPACTO_POTENCIAL,5626594.991261322,6165546.3464389015,6,AMBA-E002,AMBA-E002 - DEFICIT,56.5789,PRIORIDAD_3_MEDIA,ESCENARIO_DEFICIT,CORTO_PLAZO,ALTA_URGENCIA,"Orientar inversiones hacia deficit, articulando las dimensiones deficit, impacto, demanda.","El escenario presenta un perfil deficit con predominio de deficit. La evaluación combina demanda, déficit, impacto y capacidades de conectividad e integración."
4,1,72,85,125,1,1,2,AUTOBUS|FERROCARRIL,2,1,0,1,0,0,AUTOBUS|FERROCARRIL,2,1,0,1,0,0,AUTOBUS|FERROCARRIL,2,1,0,1,0,0,366.69298888372685,108.22536130248884,39.78873577297384,0.021952479338842975,0.5519523874234499,0.12590471182995822,0.4,1,0,0,0.3177714135489874,32.8,SOPORTE_FISICO_BAJO,50,MONOMODAL,50.0,94.44444444444444,99.30555555555556,69.44444444444444,46.18055555555556,50.34722222222222,15,9,15,6,70.0,INTERMODALIDAD_MEDIA,16,94.44444444444444,94.44444444444444,53.9151,12.5905,40.0,35.5674,39.3629,58.7674,64.2361,60.34,84.72,23,23,CENTRALIDAD_ESTRUCTURAL_ALTA,CENTRALIDAD_ESTRUCTURAL_MUY_ALTA,58.88,64.43260000000001,DEFICIT_INFRAESTRUCTURAL,80.22,4,94.44444444444444,35.5674,39.3629,58.7674,ALTO,MUY_ALTO,BAJO,BAJO,MEDIO,MEDIO,PRIORIDAD_CRITICA,CENTRALIDAD_DEMANDA,DEFICIT,DEMANDA,ALTA_DEMANDA_BAJO_SOPORTE,23,4,AMPLIAR_INFRAESTRUCTURA,5.555555555555557,60.6371,41.2326,35.76390000000001,50.51655,82.74153222222222,IMPACTO_MUY_ALTO,54.543420000000005,MEDIA,72.48680433333334,PRIORIDAD_ALTA,INTERVENCION_INTEGRAL,Demanda elevada combinada con déficit infraestructural significativo y alta prioridad territorial.,4,4,4,"DEFICIT, IMPACTO, DEMANDA",ALTA_DEMANDA_BAJO_SOPORTE,PROYECTO_INTEGRAL_CENTRALIDAD,ESCENARIO_CORTO_PLAZO,2-5 AÑOS,FASE_2,PRIORIDAD_1_MUY_ALTA,INTERVENCION_ESTRUCTURAL_ALTA,INFRAESTRUCTURA | INTERMODALIDAD | CONECTIVIDAD,"Reducir simultáneamente los principales déficits estructurales de la centralidad mediante una intervención integral sobre infraestructura, accesibilidad e integración.","Centralidad clasificada como CENTRALIDAD_DEMANDA, con diagnóstico ALTA_DEMANDA_BAJO_SOPORTE. Presenta demanda estructural de 94.44, soporte de infraestructura de 35.57, déficit estructural promedio de 50.52 y score de prioridad territorial de 72.49. La intervención recomendada es INTERVENCION_INTEGRAL.",71.33350586666667,4,4,2,AMBA-P004,AMBAC-004,ALTA,ALTA,ALTA,MEDIA,MEDIA,ALTA_DEMANDA_BAJO_SOPORTE,5616512.059537916,6163616.847874371,6,AMBA-E002,AMBA-E002 - DEFICIT,56.5789,PRIORIDAD_3_MEDIA,ESCENARIO_DEFICIT,CORTO_PLAZO,ALTA_URGENCIA,"Orientar inversiones hacia deficit, articulando las dimensiones deficit, impacto, demanda.","El escenario presenta un perfil deficit con predominio de deficit. La evaluación combina demanda, déficit, impacto y capacidades de conectividad e integración."
20,2,2,3,7,0,0,0,AUTOBUS|FERROCARRIL,2,1,0,1,0,0,AUTOBUS|FERROCARRIL,2,1,0,1,0,0,AUTOBUS|FERROCARRIL,2,1,0,1,0,0,10.185916357881302,3.819718634205488,2.228169203286535,0.0007747933884297521,0.18495368961100384,0.0,0.4,1,0,0,0.27999999999999997,16.49,SOPORTE_FISICO_MUY_BAJO,126,INTERMODAL,100.0,86.11111111111111,87.5,23.26388888888889,46.18055555555556,50.34722222222222,26,21,26,5,58.0,INTERMODALIDAD_MEDIA,114,86.11111111111111,86.11111111111111,16.7796,0.0,40.0,16.3464,38.6458,51.6493,76.9676,53.09,73.61,39,39,CENTRALIDAD_ESTRUCTURAL_MEDIA,CENTRALIDAD_ESTRUCTURAL_ALTA,69.76,83.6536,DEFICIT_INFRAESTRUCTURAL,79.57,8,86.11111111111111,16.3464,38.6458,51.6493,ALTO,MUY_ALTO,MUY_BAJO,BAJO,MEDIO,ALTO,PRIORIDAD_CRITICA,CENTRALIDAD_DEMANDA,IMPACTO,DEMANDA|TERRITORIAL,ALTA_DEMANDA_BAJO_SOPORTE,39,8,AMPLIAR_INFRAESTRUCTURA,13.888888888888886,61.3542,48.3507,23.032399999999996,54.097725,75.95810055555556,IMPACTO_MUY_ALTO,61.92499,ALTA,72.08562783333333,PRIORIDAD_ALTA,INTERVENCION_INTEGRAL,Demanda elevada combinada con déficit infraestructural significativo y alta prioridad territorial.,6,6,6,"IMPACTO, DEMANDA, INTEGRACION",ALTA_DEMANDA_BAJO_SOPORTE,PROYECTO_INTEGRAL_CENTRALIDAD,ESCENARIO_URGENTE,0-2 AÑOS,FASE_1,PRIORIDAD_1_MUY_ALTA,INTERVENCION_ESTRUCTURAL_ALTA,INFRAESTRUCTURA | INTERMODALIDAD | CONECTIVIDAD,"Reducir simultáneamente los principales déficits estructurales de la centralidad mediante una intervención integral sobre infraestructura, accesibilidad e integración.","Centralidad clasificada como CENTRALIDAD_DEMANDA, con diagnóstico ALTA_DEMANDA_BAJO_SOPORTE. Presenta demanda estructural de 86.11, soporte de infraestructura de 16.35, déficit estructural promedio de 54.10 y score de prioridad territorial de 72.09. La intervención recomendada es INTERVENCION_INTEGRAL.",71.14240306666666,5,5,1,AMBA-P005,AMBAC-020,ALTA,ALTA,ALTA,MEDIA,BAJA,ALTA_DEMANDA_BAJO_SOPORTE,5647408.470208873,6141743.521190496,4,AMBA-E001,AMBA-E001 - INTEGRADO,57.1597,PRIORIDAD_3_MEDIA,ESCENARIO_INTEGRADO,MEDIANO_PLAZO,INTERVENCION_TERRITORIAL_MEDIA,"Orientar inversiones hacia impacto, articulando las dimensiones impacto, demanda, integracion.","El escenario presenta un perfil integrado con predominio de impacto. La evaluación combina demanda, déficit, impacto y capacidades de conectividad e integración."
8,4,43,44,48,2,2,3,AUTOBUS|FERROCARRIL,2,1,0,1,0,0,AUTOBUS|FERROCARRIL,2,1,0,1,0,0,AUTOBUS|FERROCARRIL,2,1,0,1,0,0,218.997201694448,56.02253996834716,15.278874536821952,0.011363636363636364,0.4755153414270987,0.19955424691458712,0.4,1,0,0,0.3398662740743761,31.8,SOPORTE_FISICO_BAJO,54,MONOMODAL,50.0,93.75,88.88888888888889,95.83333333333334,46.18055555555556,50.34722222222222,8,10,8,2,70.0,INTERMODALIDAD_MEDIA,16,93.75,93.75,46.0755,19.9554,40.0,34.8831,41.2041,62.2396,60.7639,60.5,86.11,21,21,CENTRALIDAD_ESTRUCTURAL_ALTA,CENTRALIDAD_ESTRUCTURAL_MUY_ALTA,58.87,65.1169,DEFICIT_INFRAESTRUCTURAL,79.8,7,93.75,34.8831,41.2041,62.2396,ALTO,MUY_ALTO,BAJO,MEDIO,ALTO,MEDIO,PRIORIDAD_CRITICA,CENTRALIDAD_DEMANDA,DEFICIT,DEMANDA,ALTA_DEMANDA_BAJO_SOPORTE,21,7,AMPLIAR_INFRAESTRUCTURA,6.25,58.7959,37.7604,39.2361,50.227325,82.753465,IMPACTO_MUY_ALTO,54.18323,MEDIA,72.2099565,PRIORIDAD_ALTA,INTERVENCION_INTEGRAL,Demanda elevada combinada con déficit infraestructural significativo y alta prioridad territorial.,5,5,5,"DEFICIT, CENTRALIDAD, INTEGRACION",ALTA_DEMANDA_BAJO_SOPORTE,PROYECTO_INTEGRAL_CENTRALIDAD,ESCENARIO_CORTO_PLAZO,2-5 AÑOS,FASE_2,PRIORIDAD_1_MUY_ALTA,INTERVENCION_ESTRUCTURAL_ALTA,INFRAESTRUCTURA | INTERMODALIDAD | INTEGRACION_TERRITORIAL,"Reducir simultáneamente los principales déficits estructurales de la centralidad mediante una intervención integral sobre infraestructura, accesibilidad e integración.","Centralidad clasificada como CENTRALIDAD_DEMANDA, con diagnóstico ALTA_DEMANDA_BAJO_SOPORTE. Presenta demanda estructural de 93.75, soporte de infraestructura de 34.88, déficit estructural promedio de 50.23 y score de prioridad territorial de 72.21. La intervención recomendada es INTERVENCION_INTEGRAL.",71.0874738,6,6,4,AMBA-P006,AMBAC-008,ALTA,ALTA,MEDIA,MEDIA,MEDIA,ALTA_DEMANDA_BAJO_SOPORTE,5614593.845723442,6179970.895542426,1,AMBA-E004,AMBA-E004 - INTEGRADO,51.6203,PRIORIDAD_3_MEDIA,ESCENARIO_INTEGRADO,LARGO_PLAZO,INTERVENCION_TERRITORIAL_MEDIA,"Orientar inversiones hacia deficit, articulando las dimensiones deficit, centralidad, integracion.","El escenario presenta un perfil integrado con predominio de deficit. La evaluación combina demanda, déficit, impacto y capacidades de conectividad e integración."
11,3,45,47,59,1,1,1,AUTOBUS|FERROCARRIL,2,1,0,1,0,0,AUTOBUS|FERROCARRIL,2,1,0,1,0,0,AUTOBUS|FERROCARRIL,2,1,0,1,0,0,229.1831180523293,59.84225860255265,18.78028328484365,0.012138429752066115,0.4831403823338039,0.12590471182995822,0.4,1,0,0,0.3177714135489874,30.24,SOPORTE_FISICO_BAJO,66,MONOMODAL,50.0,93.05555555555556,89.58333333333334,95.83333333333334,46.18055555555556,50.34722222222222,9,11,9,2,70.0,INTERMODALIDAD_MEDIA,16,93.05555555555556,93.05555555555556,46.8567,12.5905,40.0,32.713,39.3629,63.2813,60.9954,59.56,82.64,26,26,CENTRALIDAD_ESTRUCTURAL_MEDIA,CENTRALIDAD_ESTRUCTURAL_MUY_ALTA,60.34,67.287,DEFICIT_INFRAESTRUCTURAL,79.97,6,93.05555555555556,32.713,39.3629,63.2813,ALTO,MUY_ALTO,BAJO,BAJO,ALTO,ALTO,PRIORIDAD_CRITICA,CENTRALIDAD_DEMANDA,IMPACTO,DEMANDA,ALTA_DEMANDA_BAJO_SOPORTE,26,6,AMPLIAR_INFRAESTRUCTURA,6.944444444444443,60.6371,36.7187,39.0046,50.91185000000001,81.50214777777778,IMPACTO_MUY_ALTO,55.268505000000005,MEDIA,71.98516866666667,PRIORIDAD_ALTA,INTERVENCION_INTEGRAL,Demanda elevada combinada con déficit infraestructural significativo y alta prioridad territorial.,8,8,8,"IMPACTO, DEMANDA, INTEGRACION",ALTA_DEMANDA_BAJO_SOPORTE,PROYECTO_INTEGRAL_CENTRALIDAD,ESCENARIO_URGENTE,0-2 AÑOS,FASE_1,PRIORIDAD_1_MUY_ALTA,INTERVENCION_ESTRUCTURAL_ALTA,INFRAESTRUCTURA | INTERMODALIDAD | INTEGRACION_TERRITORIAL,"Reducir simultáneamente los principales déficits estructurales de la centralidad mediante una intervención integral sobre infraestructura, accesibilidad e integración.","Centralidad clasificada como CENTRALIDAD_DEMANDA, con diagnóstico ALTA_DEMANDA_BAJO_SOPORTE. Presenta demanda estructural de 93.06, soporte de infraestructura de 32.71, déficit estructural promedio de 50.91 y score de prioridad territorial de 71.99. La intervención recomendada es INTERVENCION_INTEGRAL.",70.90521598333333,7,7,1,AMBA-P007,AMBAC-011,ALTA,ALTA,ALTA,MEDIA,MEDIA,ALTA_DEMANDA_BAJO_SOPORTE,5659392.509408094,6156795.43913386,4,AMBA-E001,AMBA-E001 - INTEGRADO,57.1597,PRIORIDAD_3_MEDIA,ESCENARIO_INTEGRADO,MEDIANO_PLAZO,INTERVENCION_TERRITORIAL_MEDIA,"Orientar inversiones hacia impacto, articulando las dimensiones impacto, demanda, integracion.","El escenario presenta un perfil integrado con predominio de impacto. La evaluación combina demanda, déficit, impacto y capacidades de conectividad e integración."
18,2,28,38,65,0,0,0,AUTOBUS,1,0,0,1,0,0,AUTOBUS,1,0,0,1,0,0,AUTOBUS|FERROCARRIL,2,1,0,1,0,0,142.60282901033824,48.38310269993618,20.690142601946395,0.00981404958677686,0.45859974178108265,0.0,0.2,0,0,0,0.13999999999999999,21.2,SOPORTE_FISICO_BAJO,108,INTERMODAL,100.0,83.33333333333334,77.77777777777779,23.26388888888889,46.18055555555556,50.34722222222222,32,25,32,7,40.0,INTERMODALIDAD_BAJA,115,83.33333333333334,83.33333333333334,44.3435,0.0,20.0,22.7002,32.3438,25.7812,73.7269,48.38,59.72,59,59,CENTRALIDAD_ESTRUCTURAL_MEDIA,CENTRALIDAD_ESTRUCTURAL_MEDIA,60.63,77.2998,DEFICIT_INFRAESTRUCTURAL,74.25,17,83.33333333333334,22.7002,32.3438,25.7812,ALTO,MUY_ALTO,BAJO,BAJO,BAJO,ALTO,PRIORIDAD_ALTA,CENTRALIDAD_DEMANDA,INTERMODALIDAD,DEMANDA|TERRITORIAL,ALTA_DEMANDA_BAJO_SOPORTE,59,17,AMPLIAR_INFRAESTRUCTURA,16.666666666666657,67.6562,74.2188,26.2731,61.361975,71.85506166666667,IMPACTO_ALTO,66.61869500000002,ALTA,71.32076450000001,PRIORIDAD_ALTA,AMPLIAR_INFRAESTRUCTURA,"Demanda 83.3/100 frente a infraestructura 22.7/100, con déficit infrastructural de 77.3 puntos.",10,1,10,"INTERMODALIDAD, CENTRALIDAD, DEMANDA",ALTA_DEMANDA_BAJO_SOPORTE,AMPLIACION_INFRAESTRUCTURA,ESCENARIO_URGENTE,0-2 AÑOS,FASE_1,PRIORIDAD_1_MUY_ALTA,INTERVENCION_ESTRUCTURAL_ALTA,INFRAESTRUCTURA | CONECTIVIDAD | INTERMODALIDAD,Incrementar la capacidad y disponibilidad de infraestructura de movilidad en una centralidad con elevada demanda y déficit de soporte físico.,"Centralidad clasificada como CENTRALIDAD_DEMANDA, con diagnóstico ALTA_DEMANDA_BAJO_SOPORTE. Presenta demanda estructural de 83.33, soporte de infraestructura de 22.70, déficit estructural promedio de 61.36 y score de prioridad territorial de 71.32. La intervención recomendada es AMPLIAR_INFRAESTRUCTURA.",70.69559865000001,8,1,6,AMBA-P008,AMBAC-018,ALTA,ALTA,ALTA,ALTA,BAJA,ALTA_DEMANDA_BAJO_SOPORTE,5635165.3512119055,6142415.223023105,2,AMBA-E006,AMBA-E006 - INTEGRADO,39.2859,PRIORIDAD_4_BAJA,ESCENARIO_INTEGRADO,LARGO_PLAZO,INTERVENCION_TERRITORIAL_MEDIA,"Orientar inversiones hacia intermodalidad, articulando las dimensiones intermodalidad, centralidad, demanda.","El escenario presenta un perfil integrado con predominio de intermodalidad. La evaluación combina demanda, déficit, impacto y capacidades de conectividad e integración."
3,3,110,124,147,6,7,7,AUTOBUS|FERROCARRIL,2,1,0,1,0,0,AUTOBUS|FERROCARRIL,2,1,0,1,0,0,AUTOBUS|FERROCARRIL,2,1,0,1,0,0,560.2253996834716,157.88170354716019,46.79155326901723,0.03202479338842975,0.5960231500081437,0.3777141354898746,0.4,1,0,0,0.39331424064696235,40.78,SOPORTE_FISICO_MEDIO,15,MONOMODAL,50.0,97.91666666666666,97.22222222222221,95.83333333333334,46.18055555555556,50.34722222222222,6,4,6,2,70.0,INTERMODALIDAD_MEDIA,16,97.91666666666666,97.91666666666666,58.4415,37.7714,40.0,45.903,45.6581,62.934,63.5417,65.78,95.83,7,7,CENTRALIDAD_ESTRUCTURAL_ALTA,CENTRALIDAD_ESTRUCTURAL_MUY_ALTA,52.01,54.097,DEFICIT_INFRAESTRUCTURAL,79.55,9,97.91666666666666,45.903,45.6581,62.934,ALTO,MUY_ALTO,MEDIO,MEDIO,ALTO,MEDIO,PRIORIDAD_CRITICA,CENTRALIDAD_DEMANDA,IMPACTO,DEMANDA,ALTA_DEMANDA_BAJO_SOPORTE,7,9,MEJORAR_INTERMODALIDAD,2.083333333333343,54.3419,37.066,36.4583,45.49080000000001,86.80549333333333,IMPACTO_MUY_ALTO,48.10622000000001,MEDIA,72.03441600000001,PRIORIDAD_ALTA,INTERVENCION_INTEGRAL,Demanda elevada combinada con déficit infraestructural significativo y alta prioridad territorial.,7,7,7,"IMPACTO, DEMANDA, INTEGRACION",ALTA_DEMANDA_BAJO_SOPORTE,PROYECTO_INTEGRAL_CENTRALIDAD,ESCENARIO_CORTO_PLAZO,2-5 AÑOS,FASE_2,PRIORIDAD_1_MUY_ALTA,INTERVENCION_SELECTIVA,INTERMODALIDAD | INFRAESTRUCTURA | CONECTIVIDAD,"Reducir simultáneamente los principales déficits estructurales de la centralidad mediante una intervención integral sobre infraestructura, accesibilidad e integración.","Centralidad clasificada como CENTRALIDAD_DEMANDA, con diagnóstico ALTA_DEMANDA_BAJO_SOPORTE. Presenta demanda estructural de 97.92, soporte de infraestructura de 45.90, déficit estructural promedio de 45.49 y score de prioridad territorial de 72.03. La intervención recomendada es INTERVENCION_INTEGRAL.",70.6608482,9,8,1,AMBA-P009,AMBAC-003,ALTA,MEDIA,MEDIA,MEDIA,MEDIA,ALTO_IMPACTO_POTENCIAL,5647280.287364939,6158623.470772944,4,AMBA-E001,AMBA-E001 - INTEGRADO,57.1597,PRIORIDAD_3_MEDIA,ESCENARIO_INTEGRADO,MEDIANO_PLAZO,INTERVENCION_TERRITORIAL_MEDIA,"Orientar inversiones hacia impacto, articulando las dimensiones impacto, demanda, integracion.","El escenario presenta un perfil integrado con predominio de impacto. La evaluación combina demanda, déficit, impacto y capacidades de conectividad e integración."
23,1,6,9,15,0,0,0,AUTOBUS,1,0,0,1,0,0,AUTOBUS,1,0,0,1,0,0,AUTOBUS|FERROCARRIL,2,1,0,1,0,0,30.557749073643905,11.459155902616464,4.7746482927568605,0.0023243801652892563,0.29664455240180393,0.0,0.2,0,0,0,0.13999999999999999,15.42,SOPORTE_FISICO_MUY_BAJO,129,MONOMODAL,50.0,77.77777777777779,93.05555555555556,23.26388888888889,46.18055555555556,50.34722222222222,44,33,44,11,39.0,INTERMODALIDAD_BAJA,129,77.77777777777779,77.77777777777779,27.8703,0.0,20.0,16.0676,18.3681,22.8299,62.1528,40.66,40.97,86,86,CENTRALIDAD_ESTRUCTURAL_MEDIA,CENTRALIDAD_ESTRUCTURAL_MEDIA,61.71,83.9324,DEFICIT_INFRAESTRUCTURAL,71.35,23,77.77777777777779,16.0676,18.3681,22.8299,ALTO,ALTO,MUY_BAJO,MUY_BAJO,BAJO,ALTO,PRIORIDAD_ALTA,CENTRALIDAD_DEFICITARIA,INTEGRACION,DEMANDA,PERFIL_EQUILIBRADO,86,23,MEJORAR_INTERMODALIDAD,22.222222222222214,81.6319,77.1701,37.8472,70.1454,65.20896888888889,IMPACTO_ALTO,75.09203500000001,URGENTE,70.75147633333333,PRIORIDAD_ALTA,AMPLIAR_INFRAESTRUCTURA,"Demanda 77.8/100 frente a infraestructura 16.1/100, con déficit infrastructural de 83.9 puntos.",12,2,12,"INTEGRACION, DEFICIT, DEMANDA",INTERVENCION_SELECTIVA,AMPLIACION_INFRAESTRUCTURA,ESCENARIO_URGENTE,0-2 AÑOS,FASE_1,PRIORIDAD_1_MUY_ALTA,INTERVENCION_ESTRUCTURAL_MEDIA,INFRAESTRUCTURA | INTERMODALIDAD | CONECTIVIDAD,Incrementar la capacidad y disponibilidad de infraestructura de movilidad en una centralidad con elevada demanda y déficit de soporte físico.,"Centralidad clasificada como CENTRALIDAD_DEFICITARIA, con diagnóstico INTERVENCION_SELECTIVA. Presenta demanda estructural de 77.78, soporte de infraestructura de 16.07, déficit estructural promedio de 70.15 y score de prioridad territorial de 70.75. La intervención recomendada es AMPLIAR_INFRAESTRUCTURA.",70.57118401666666,10,2,5,AMBA-P010,AMBAC-023,ALTA,ALTA,ALTA,ALTA,MEDIA,DEFICIT_ESTRUCTURAL_ALTO,5617191.595010013,6183344.972667472,5,AMBA-E005,AMBA-E005 - INTEGRADO,43.1479,PRIORIDAD_4_BAJA,ESCENARIO_INTEGRADO,LARGO_PLAZO,INTERVENCION_TERRITORIAL_MEDIA,"Orientar inversiones hacia integracion, articulando las dimensiones integracion, deficit, demanda.","El escenario presenta un perfil integrado con predominio de integracion. La evaluación combina demanda, déficit, impacto y capacidades de conectividad e integración."
16,4,78,93,139,3,4,9,AUTOBUS|FERROCARRIL,2,1,0,1,0,0,AUTOBUS|FERROCARRIL,2,1,0,1,0,0,AUTOBUS|FERROCARRIL,2,1,0,1,0,0,397.25073795737075,118.41127766037013,44.245074179546904,0.024018595041322314,0.5624377792314506,0.2923416876766772,0.4,1,0,0,0.3677025063030031,37.35,SOPORTE_FISICO_BAJO,25,MONOMODAL,50.0,92.36111111111111,76.38888888888889,69.44444444444444,46.18055555555556,50.34722222222222,22,12,22,10,70.0,INTERMODALIDAD_MEDIA,16,92.36111111111111,92.36111111111111,54.9917,29.2342,40.0,41.6198,43.5238,58.941,56.5972,61.32,88.89,17,17,CENTRALIDAD_ESTRUCTURAL_ALTA,CENTRALIDAD_ESTRUCTURAL_MUY_ALTA,50.74,58.3802,DEFICIT_INFRAESTRUCTURAL,75.71,14,92.36111111111111,41.6198,43.5238,58.941,MEDIO,MUY_ALTO,MEDIO,MEDIO,MEDIO,MEDIO,PRIORIDAD_CRITICA,CENTRALIDAD_DEMANDA,IMPACTO,DEMANDA,ALTA_DEMANDA_BAJO_SOPORTE,17,14,AMPLIAR_INFRAESTRUCTURA,7.638888888888886,56.4762,41.059,43.4028,49.82955,82.81346555555555,IMPACTO_MUY_ALTO,52.193349999999995,MEDIA,71.12863433333334,PRIORIDAD_ALTA,INTERVENCION_INTEGRAL,Demanda elevada combinada con déficit infraestructural significativo y alta prioridad territorial.,11,10,11,"IMPACTO, DEMANDA, INTEGRACION",ALTA_DEMANDA_BAJO_SOPORTE,PROYECTO_INTEGRAL_CENTRALIDAD,ESCENARIO_CORTO_PLAZO,2-5 AÑOS,FASE_2,PRIORIDAD_1_MUY_ALTA,INTERVENCION_SELECTIVA,INFRAESTRUCTURA | INTERMODALIDAD | INTEGRACION_TERRITORIAL,"Reducir simultáneamente los principales déficits estructurales de la centralidad mediante una intervención integral sobre infraestructura, accesibilidad e integración.","Centralidad clasificada como CENTRALIDAD_DEMANDA, con diagnóstico ALTA_DEMANDA_BAJO_SOPORTE. Presenta demanda estructural de 92.36, soporte de infraestructura de 41.62, déficit estructural promedio de 49.83 y score de prioridad territorial de 71.13. La intervención recomendada es INTERVENCION_INTEGRAL.",70.04106636666667,11,9,1,AMBA-P011,AMBAC-016,ALTA,MEDIA,MEDIA,MEDIA,MEDIA,ALTO_IMPACTO_POTENCIAL,5641861.847166603,6158615.630981975,4,AMBA-E001,AMBA-E001 - INTEGRADO,57.1597,PRIORIDAD_3_MEDIA,ESCENARIO_INTEGRADO,MEDIANO_PLAZO,INTERVENCION_TERRITORIAL_MEDIA,"Orientar inversiones hacia impacto, articulando las dimensiones impacto, demanda, integracion.","El escenario presenta un perfil integrado con predominio de impacto. La evaluación combina demanda, déficit, impacto y capacidades de conectividad e integración."
5,3,70,72,112,2,2,4,AUTOBUS|FERROCARRIL,2,1,0,1,0,0,AUTOBUS|FERROCARRIL,2,1,0,1,0,0,AUTOBUS|FERROCARRIL|FLUVIAL,3,1,0,1,1,0,356.50707252584556,91.67324722093171,35.65070725258456,0.01859504132231405,0.5326265294694258,0.19955424691458712,0.4,1,0,0,0.3398662740743761,33.91,SOPORTE_FISICO_BAJO,43,INTERMODAL,100.0,95.83333333333334,96.52777777777779,69.44444444444444,46.18055555555556,50.34722222222222,4,7,4,3,70.0,INTERMODALIDAD_MEDIA,16,95.83333333333334,95.83333333333334,51.9314,19.9554,40.0,37.2491,53.7041,59.9826,79.9769,65.8,96.53,6,6,CENTRALIDAD_ESTRUCTURAL_ALTA,CENTRALIDAD_ESTRUCTURAL_MUY_ALTA,58.58,62.7509,DEFICIT_INFRAESTRUCTURAL,80.93,3,95.83333333333334,37.2491,53.7041,59.9826,ALTO,MUY_ALTO,BAJO,MEDIO,MEDIO,MEDIO,PRIORIDAD_CRITICA,CENTRALIDAD_DEMANDA,IMPACTO,DEMANDA|TERRITORIAL,ALTA_DEMANDA_BAJO_SOPORTE,6,3,AMPLIAR_INFRAESTRUCTURA,4.166666666666657,46.2959,40.0174,20.0231,42.271825,85.33003166666667,IMPACTO_MUY_ALTO,47.68128,MEDIA,71.46829650000001,PRIORIDAD_ALTA,INTERVENCION_INTEGRAL,Demanda elevada combinada con déficit infraestructural significativo y alta prioridad territorial.,9,9,9,"IMPACTO, DEMANDA, INTEGRACION",ALTA_DEMANDA_BAJO_SOPORTE,PROYECTO_INTEGRAL_CENTRALIDAD,ESCENARIO_CORTO_PLAZO,2-5 AÑOS,FASE_2,PRIORIDAD_1_MUY_ALTA,INTERVENCION_ESTRUCTURAL_ALTA,INFRAESTRUCTURA | INTERMODALIDAD | CONECTIVIDAD,"Reducir simultáneamente los principales déficits estructurales de la centralidad mediante una intervención integral sobre infraestructura, accesibilidad e integración.","Centralidad clasificada como CENTRALIDAD_DEMANDA, con diagnóstico ALTA_DEMANDA_BAJO_SOPORTE. Presenta demanda estructural de 95.83, soporte de infraestructura de 37.25, déficit estructural promedio de 42.27 y score de prioridad territorial de 71.47. La intervención recomendada es INTERVENCION_INTEGRAL.",69.9795043,12,10,1,AMBA-P012,AMBAC-005,ALTA,ALTA,MEDIA,MEDIA,BAJA,ALTA_DEMANDA_BAJO_SOPORTE,5646813.411679623,6152687.00273502,4,AMBA-E001,AMBA-E001 - INTEGRADO,57.1597,PRIORIDAD_3_MEDIA,ESCENARIO_INTEGRADO,MEDIANO_PLAZO,INTERVENCION_TERRITORIAL_MEDIA,"Orientar inversiones hacia impacto, articulando las dimensiones impacto, demanda, integracion.","El escenario presenta un perfil integrado con predominio de impacto. La evaluación combina demanda, déficit, impacto y capacidades de conectividad e integración."
15,2,5,6,6,2,2,2,AUTOBUS|FERROCARRIL,2,1,0,1,0,0,AUTOBUS|FERROCARRIL,2,1,0,1,0,0,AUTOBUS|FERROCARRIL,2,1,0,1,0,0,25.464790894703256,7.639437268410976,1.909859317102744,0.0015495867768595042,0.25358849344279244,0.19955424691458712,0.4,1,0,0,0.3398662740743761,23.89,SOPORTE_FISICO_BAJO,100,INTERMODAL,100.0,85.41666666666666,86.11111111111111,23.26388888888889,46.18055555555556,50.34722222222222,28,22,28,6,66.0,INTERMODALIDAD_MEDIA,102,85.41666666666666,85.41666666666666,23.5531,19.9554,40.0,25.8137,45.6312,43.0556,76.5046,55.31,77.78,33,33,CENTRALIDAD_ESTRUCTURAL_MEDIA,CENTRALIDAD_ESTRUCTURAL_ALTA,59.6,74.1863,DEFICIT_INFRAESTRUCTURAL,75.09,15,85.41666666666666,25.8137,45.6312,43.0556,ALTO,MUY_ALTO,BAJO,MEDIO,MEDIO,MEDIO,PRIORIDAD_CRITICA,CENTRALIDAD_DEMANDA,IMPACTO,DEMANDA|TERRITORIAL,ALTA_DEMANDA_BAJO_SOPORTE,33,15,AMPLIAR_INFRAESTRUCTURA,14.583333333333343,54.3688,56.9444,23.495400000000004,52.24872500000001,76.49207833333334,IMPACTO_MUY_ALTO,58.17991,MEDIA,70.5321645,PRIORIDAD_ALTA,INTERVENCION_INTEGRAL,Demanda elevada combinada con déficit infraestructural significativo y alta prioridad territorial.,14,12,14,"IMPACTO, DEMANDA, INTEGRACION",ALTA_DEMANDA_BAJO_SOPORTE,PROYECTO_INTEGRAL_CENTRALIDAD,ESCENARIO_URGENTE,0-2 AÑOS,FASE_1,PRIORIDAD_1_MUY_ALTA,INTERVENCION_ESTRUCTURAL_ALTA,INFRAESTRUCTURA | CONECTIVIDAD | INTERMODALIDAD,"Reducir simultáneamente los principales déficits estructurales de la centralidad mediante una intervención integral sobre infraestructura, accesibilidad e integración.","Centralidad clasificada como CENTRALIDAD_DEMANDA, con diagnóstico ALTA_DEMANDA_BAJO_SOPORTE. Presenta demanda estructural de 85.42, soporte de infraestructura de 25.81, déficit estructural promedio de 52.25 y score de prioridad territorial de 70.53. La intervención recomendada es INTERVENCION_INTEGRAL.",69.57331339999999,13,11,1,AMBA-P013,AMBAC-015,ALTA,ALTA,MEDIA,MEDIA,BAJA,ALTA_DEMANDA_BAJO_SOPORTE,5647472.745734291,6138563.149211989,4,AMBA-E001,AMBA-E001 - INTEGRADO,57.1597,PRIORIDAD_3_MEDIA,ESCENARIO_INTEGRADO,MEDIANO_PLAZO,INTERVENCION_TERRITORIAL_MEDIA,"Orientar inversiones hacia impacto, articulando las dimensiones impacto, demanda, integracion.","El escenario presenta un perfil integrado con predominio de impacto. La evaluación combina demanda, déficit, impacto y capacidades de conectividad e integración."
12,2,52,57,64,0,2,2,AUTOBUS,1,0,0,1,0,0,AUTOBUS|FERROCARRIL,2,1,0,1,0,0,AUTOBUS|FERROCARRIL,2,1,0,1,0,0,264.83382530491383,72.57465404990428,20.371832715762604,0.014721074380165289,0.5054865469479658,0.19955424691458712,0.4,1,0,0,0.3398662740743761,32.9,SOPORTE_FISICO_BAJO,48,MONOMODAL,50.0,90.27777777777779,94.44444444444444,69.44444444444444,46.18055555555556,50.34722222222222,17,15,17,2,70.0,INTERMODALIDAD_MEDIA,16,90.27777777777779,90.27777777777779,49.1473,19.9554,40.0,36.1232,41.2041,55.9896,62.6157,59.01,81.25,28,28,CENTRALIDAD_ESTRUCTURAL_MEDIA,CENTRALIDAD_ESTRUCTURAL_MUY_ALTA,54.15,63.8768,DEFICIT_INFRAESTRUCTURAL,75.83,13,90.27777777777779,36.1232,41.2041,55.9896,ALTO,MUY_ALTO,BAJO,MEDIO,MEDIO,MEDIO,PRIORIDAD_CRITICA,CENTRALIDAD_DEMANDA,IMPACTO,DEMANDA,ALTA_DEMANDA_BAJO_SOPORTE,28,13,AMPLIAR_INFRAESTRUCTURA,9.722222222222214,58.7959,44.0104,37.3843,51.01685,79.71725888888889,IMPACTO_MUY_ALTO,54.659420000000004,MEDIA,70.59367033333334,PRIORIDAD_ALTA,INTERVENCION_INTEGRAL,Demanda elevada combinada con déficit infraestructural significativo y alta prioridad territorial.,13,11,13,"IMPACTO, DEMANDA, INTEGRACION",ALTA_DEMANDA_BAJO_SOPORTE,PROYECTO_INTEGRAL_CENTRALIDAD,ESCENARIO_CORTO_PLAZO,2-5 AÑOS,FASE_2,PRIORIDAD_1_MUY_ALTA,INTERVENCION_ESTRUCTURAL_ALTA,INFRAESTRUCTURA | INTERMODALIDAD | CONECTIVIDAD,"Reducir simultáneamente los principales déficits estructurales de la centralidad mediante una intervención integral sobre infraestructura, accesibilidad e integración.","Centralidad clasificada como CENTRALIDAD_DEMANDA, con diagnóstico ALTA_DEMANDA_BAJO_SOPORTE. Presenta demanda estructural de 90.28, soporte de infraestructura de 36.12, déficit estructural promedio de 51.02 y score de prioridad territorial de 70.59. La intervención recomendada es INTERVENCION_INTEGRAL.",69.57207106666667,14,12,1,AMBA-P014,AMBAC-012,ALTA,ALTA,MEDIA,MEDIA,MEDIA,ALTA_DEMANDA_BAJO_SOPORTE,5657787.496078812,6147172.478261436,4,AMBA-E001,AMBA-E001 - INTEGRADO,57.1597,PRIORIDAD_3_MEDIA,ESCENARIO_INTEGRADO,MEDIANO_PLAZO,INTERVENCION_TERRITORIAL_MEDIA,"Orientar inversiones hacia impacto, articulando las dimensiones impacto, demanda, integracion.","El escenario presenta un perfil integrado con predominio de impacto. La evaluación combina demanda, déficit, impacto y capacidades de conectividad e integración."
30,3,38,40,42,1,1,1,AUTOBUS|FERROCARRIL,2,1,0,1,0,0,AUTOBUS|FERROCARRIL,2,1,0,1,0,0,AUTOBUS|FERROCARRIL,2,1,0,1,0,0,193.53241079974472,50.92958178940651,13.36901521971921,0.010330578512396695,0.4645127786483475,0.12590471182995822,0.4,1,0,0,0.3177714135489874,29.56,SOPORTE_FISICO_BAJO,71,MONOMODAL,50.0,84.72222222222221,68.05555555555556,69.44444444444444,46.18055555555556,50.34722222222222,30,23,30,7,70.0,INTERMODALIDAD_MEDIA,16,84.72222222222221,84.72222222222221,44.9488,12.5905,40.0,31.9432,39.3629,54.9479,53.8194,54.9,77.08,34,34,CENTRALIDAD_ESTRUCTURAL_MEDIA,CENTRALIDAD_ESTRUCTURAL_ALTA,52.78,68.0568,DEFICIT_INFRAESTRUCTURAL,71.95,21,84.72222222222221,31.9432,39.3629,54.9479,MEDIO,MUY_ALTO,BAJO,BAJO,MEDIO,MEDIO,PRIORIDAD_ALTA,CENTRALIDAD_DEMANDA,INTEGRACION,DEMANDA,ALTA_DEMANDA_BAJO_SOPORTE,34,21,AMPLIAR_INFRAESTRUCTURA,15.277777777777786,60.6371,45.0521,46.1806,54.981649999999995,76.48144111111111,IMPACTO_MUY_ALTO,58.319505,MEDIA,69.91186466666666,PRIORIDAD_ALTA,AMPLIAR_INFRAESTRUCTURA,"Demanda 84.7/100 frente a infraestructura 31.9/100, con déficit infrastructural de 68.1 puntos.",16,3,16,"INTEGRACION, DEFICIT, DEMANDA",ALTA_DEMANDA_BAJO_SOPORTE,AMPLIACION_INFRAESTRUCTURA,ESCENARIO_CORTO_PLAZO,2-5 AÑOS,FASE_2,PRIORIDAD_2_ALTA,INTERVENCION_ESTRUCTURAL_ALTA,INFRAESTRUCTURA | INTERMODALIDAD | INTEGRACION_TERRITORIAL,Incrementar la capacidad y disponibilidad de infraestructura de movilidad en una centralidad con elevada demanda y déficit de soporte físico.,"Centralidad clasificada como CENTRALIDAD_DEMANDA, con diagnóstico ALTA_DEMANDA_BAJO_SOPORTE. Presenta demanda estructural de 84.72, soporte de infraestructura de 31.94, déficit estructural promedio de 54.98 y score de prioridad territorial de 69.91. La intervención recomendada es AMPLIAR_INFRAESTRUCTURA.",69.15844718333332,15,3,5,AMBA-P015,AMBAC-030,ALTA,ALTA,ALTA,MEDIA,MEDIA,ALTA_DEMANDA_BAJO_SOPORTE,5600054.528525933,6186516.478857677,5,AMBA-E005,AMBA-E005 - INTEGRADO,43.1479,PRIORIDAD_4_BAJA,ESCENARIO_INTEGRADO,LARGO_PLAZO,INTERVENCION_TERRITORIAL_MEDIA,"Orientar inversiones hacia integracion, articulando las dimensiones integracion, deficit, demanda.","El escenario presenta un perfil integrado con predominio de integracion. La evaluación combina demanda, déficit, impacto y capacidades de conectividad e integración."
10,2,16,19,27,2,2,2,AUTOBUS|FERROCARRIL,2,1,0,1,0,0,AUTOBUS|FERROCARRIL,2,1,0,1,0,0,AUTOBUS|FERROCARRIL,2,1,0,1,0,0,81.48733086305042,24.19155134996809,8.594366926962348,0.00490702479338843,0.3794422222409767,0.19955424691458712,0.4,1,0,0,0.3398662740743761,28.34,SOPORTE_FISICO_BAJO,77,INTERMODAL,100.0,89.58333333333334,95.13888888888889,23.26388888888889,46.18055555555556,50.34722222222222,21,16,21,5,70.0,INTERMODALIDAD_MEDIA,16,89.58333333333334,89.58333333333334,36.2601,19.9554,40.0,30.9287,53.7041,45.6597,79.5139,60.15,84.03,24,24,CENTRALIDAD_ESTRUCTURAL_ALTA,CENTRALIDAD_ESTRUCTURAL_MUY_ALTA,58.65,69.07130000000001,DEFICIT_INFRAESTRUCTURAL,77.21,12,89.58333333333334,30.9287,53.7041,45.6597,ALTO,MUY_ALTO,BAJO,MEDIO,MEDIO,MEDIO,PRIORIDAD_CRITICA,CENTRALIDAD_DEMANDA,IMPACTO,DEMANDA|TERRITORIAL,ALTA_DEMANDA_BAJO_SOPORTE,24,12,AMPLIAR_INFRAESTRUCTURA,10.416666666666657,46.2959,54.3403,20.486099999999993,47.5484,79.51034666666668,IMPACTO_MUY_ALTO,53.14347000000001,MEDIA,70.16834800000001,PRIORIDAD_ALTA,INTERVENCION_INTEGRAL,Demanda elevada combinada con déficit infraestructural significativo y alta prioridad territorial.,15,13,15,"IMPACTO, DEMANDA, INTEGRACION",ALTA_DEMANDA_BAJO_SOPORTE,PROYECTO_INTEGRAL_CENTRALIDAD,ESCENARIO_CORTO_PLAZO,2-5 AÑOS,FASE_2,PRIORIDAD_1_MUY_ALTA,INTERVENCION_ESTRUCTURAL_ALTA,INFRAESTRUCTURA | CONECTIVIDAD | INTERMODALIDAD,"Reducir simultáneamente los principales déficits estructurales de la centralidad mediante una intervención integral sobre infraestructura, accesibilidad e integración.","Centralidad clasificada como CENTRALIDAD_DEMANDA, con diagnóstico ALTA_DEMANDA_BAJO_SOPORTE. Presenta demanda estructural de 89.58, soporte de infraestructura de 30.93, déficit estructural promedio de 47.55 y score de prioridad territorial de 70.17. La intervención recomendada es INTERVENCION_INTEGRAL.",69.0159161,16,13,1,AMBA-P016,AMBAC-010,ALTA,ALTA,MEDIA,MEDIA,BAJA,ALTA_DEMANDA_BAJO_SOPORTE,5640355.700024176,6146398.643232097,4,AMBA-E001,AMBA-E001 - INTEGRADO,57.1597,PRIORIDAD_3_MEDIA,ESCENARIO_INTEGRADO,MEDIANO_PLAZO,INTERVENCION_TERRITORIAL_MEDIA,"Orientar inversiones hacia impacto, articulando las dimensiones impacto, demanda, integracion.","El escenario presenta un perfil integrado con predominio de impacto. La evaluación combina demanda, déficit, impacto y capacidades de conectividad e integración."
39,2,12,13,33,0,0,1,AUTOBUS,1,0,0,1,0,0,AUTOBUS,1,0,0,1,0,0,AUTOBUS|FERROCARRIL,2,1,0,1,0,0,61.11549814728781,16.552114081557114,10.504226244065093,0.0033574380165289257,0.3369487741528316,0.0,0.2,0,0,0,0.13999999999999999,16.84,SOPORTE_FISICO_MUY_BAJO,123,MONOMODAL,50.0,78.47222222222221,65.97222222222221,95.83333333333334,95.48611111111111,50.34722222222222,14,32,14,18,40.0,INTERMODALIDAD_BAJA,115,78.47222222222221,78.47222222222221,31.9429,0.0,20.0,17.706,19.8438,67.6215,53.125,47.39,56.6,63,63,CENTRALIDAD_ESTRUCTURAL_MEDIA,CENTRALIDAD_ESTRUCTURAL_MEDIA,60.77,82.294,DEFICIT_INFRAESTRUCTURAL,71.39,22,78.47222222222221,17.706,19.8438,67.6215,MEDIO,ALTO,MUY_BAJO,MUY_BAJO,ALTO,ALTO,PRIORIDAD_ALTA,CENTRALIDAD_DEFICITARIA,INTERMODALIDAD,DEMANDA,PERFIL_EQUILIBRADO,63,22,MEJORAR_INTERMODALIDAD,21.527777777777786,80.1562,32.3785,46.875,60.425925,68.3012961111111,IMPACTO_ALTO,66.4636,ALTA,69.00201516666667,PRIORIDAD_ALTA,AMPLIAR_INFRAESTRUCTURA,"Demanda 78.5/100 frente a infraestructura 17.7/100, con déficit infrastructural de 82.3 puntos.",18,4,18,"INTERMODALIDAD, CENTRALIDAD, DEMANDA",INTERVENCION_SELECTIVA,AMPLIACION_INFRAESTRUCTURA,ESCENARIO_CORTO_PLAZO,2-5 AÑOS,FASE_2,PRIORIDAD_2_ALTA,INTERVENCION_ESTRUCTURAL_MEDIA,INFRAESTRUCTURA | INTERMODALIDAD | INTEGRACION_TERRITORIAL,Incrementar la capacidad y disponibilidad de infraestructura de movilidad en una centralidad con elevada demanda y déficit de soporte físico.,"Centralidad clasificada como CENTRALIDAD_DEFICITARIA, con diagnóstico INTERVENCION_SELECTIVA. Presenta demanda estructural de 78.47, soporte de infraestructura de 17.71, déficit estructural promedio de 60.43 y score de prioridad territorial de 69.00. La intervención recomendada es AMPLIAR_INFRAESTRUCTURA.",68.51614503333333,17,4,6,AMBA-P017,AMBAC-039,ALTA,ALTA,ALTA,MEDIA,MEDIA,DEFICIT_ESTRUCTURAL_ALTO,5654211.138565929,6149822.463473388,2,AMBA-E006,AMBA-E006 - INTEGRADO,39.2859,PRIORIDAD_4_BAJA,ESCENARIO_INTEGRADO,LARGO_PLAZO,INTERVENCION_TERRITORIAL_MEDIA,"Orientar inversiones hacia intermodalidad, articulando las dimensiones intermodalidad, centralidad, demanda.","El escenario presenta un perfil integrado con predominio de intermodalidad. La evaluación combina demanda, déficit, impacto y capacidades de conectividad e integración."
14,5,38,54,91,2,4,5,AUTOBUS|FERROCARRIL,2,1,0,1,0,0,AUTOBUS|FERROCARRIL,2,1,0,1,0,0,AUTOBUS|FERROCARRIL,2,1,0,1,0,0,193.53241079974472,68.75493541569878,28.966199642724952,0.013946280991735538,0.49921692756703323,0.2923416876766772,0.4,1,0,0,0.3677025063030031,34.99,SOPORTE_FISICO_BAJO,35,INTERMODAL,100.0,95.13888888888889,86.80555555555556,69.44444444444444,95.48611111111111,50.34722222222222,3,8,3,5,70.0,INTERMODALIDAD_MEDIA,16,95.13888888888889,95.13888888888889,48.5044,29.2342,40.0,38.9953,56.0238,74.2188,76.7361,68.3,98.61,3,3,CENTRALIDAD_ESTRUCTURAL_ALTA,CENTRALIDAD_ESTRUCTURAL_MUY_ALTA,56.14,61.0047,DEFICIT_INFRAESTRUCTURAL,79.54,10,95.13888888888889,38.9953,56.0238,74.2188,ALTO,MUY_ALTO,BAJO,MEDIO,ALTO,MEDIO,PRIORIDAD_CRITICA,CENTRALIDAD_DEMANDA,DEFICIT,DEMANDA|TERRITORIAL|CONECTIVIDAD,ALTA_DEMANDA_BAJO_SOPORTE,3,10,AMPLIAR_INFRAESTRUCTURA,4.861111111111114,43.9762,25.7812,23.263900000000007,38.506499999999996,84.85374444444444,IMPACTO_MUY_ALTO,44.041755,MEDIA,69.60028166666666,PRIORIDAD_ALTA,INTERVENCION_INTEGRAL,Demanda elevada combinada con déficit infraestructural significativo y alta prioridad territorial.,17,14,17,"DEFICIT, IMPACTO, DEMANDA",ALTA_DEMANDA_BAJO_SOPORTE,PROYECTO_INTEGRAL_CENTRALIDAD,ESCENARIO_CORTO_PLAZO,2-5 AÑOS,FASE_2,PRIORIDAD_2_ALTA,INTERVENCION_ESTRUCTURAL_ALTA,INFRAESTRUCTURA | INTERMODALIDAD,"Reducir simultáneamente los principales déficits estructurales de la centralidad mediante una intervención integral sobre infraestructura, accesibilidad e integración.","Centralidad clasificada como CENTRALIDAD_DEMANDA, con diagnóstico ALTA_DEMANDA_BAJO_SOPORTE. Presenta demanda estructural de 95.14, soporte de infraestructura de 39.00, déficit estructural promedio de 38.51 y score de prioridad territorial de 69.60. La intervención recomendada es INTERVENCION_INTEGRAL.",68.05452208333332,18,14,2,AMBA-P018,AMBAC-014,ALTA,ALTA,MEDIA,BAJA,BAJA,ALTA_DEMANDA_BAJO_SOPORTE,5618482.634961219,6177842.588421803,6,AMBA-E002,AMBA-E002 - DEFICIT,56.5789,PRIORIDAD_3_MEDIA,ESCENARIO_DEFICIT,CORTO_PLAZO,ALTA_URGENCIA,"Orientar inversiones hacia deficit, articulando las dimensiones deficit, impacto, demanda.","El escenario presenta un perfil deficit con predominio de deficit. La evaluación combina demanda, déficit, impacto y capacidades de conectividad e integración."
28,1,21,21,23,0,0,0,AUTOBUS,1,0,0,1,0,0,AUTOBUS,1,0,0,1,0,0,AUTOBUS,1,0,0,1,0,0,106.95212175775367,26.73803043943842,7.321127382227186,0.005423553719008265,0.39076674425743785,0.0,0.2,0,0,0,0.13999999999999999,18.76,SOPORTE_FISICO_MUY_BAJO,118,MONOMODAL,50.0,72.22222222222221,88.19444444444444,23.26388888888889,46.18055555555556,50.34722222222222,51,41,51,10,40.0,INTERMODALIDAD_BAJA,115,72.22222222222221,72.22222222222221,37.4137,0.0,20.0,19.9088,19.8438,18.5764,60.5324,39.45,36.81,92,92,CENTRALIDAD_ESTRUCTURAL_BAJA,CENTRALIDAD_ESTRUCTURAL_BAJA,52.31,80.0912,DEFICIT_INFRAESTRUCTURAL,64.26,31,72.22222222222221,19.9088,19.8438,18.5764,ALTO,ALTO,MUY_BAJO,MUY_BAJO,MUY_BAJO,MEDIO,PRIORIDAD_ALTA,CENTRALIDAD_DEFICITARIA,INTERMODALIDAD,DEMANDA,PERFIL_EQUILIBRADO,92,31,MEJORAR_INTERMODALIDAD,27.777777777777786,80.1562,81.4236,39.4676,70.28465,61.21104111111111,IMPACTO_ALTO,74.28039000000001,ALTA,67.85556966666667,PRIORIDAD_ALTA,AMPLIAR_INFRAESTRUCTURA,"Demanda 72.2/100 frente a infraestructura 19.9/100, con déficit infrastructural de 80.1 puntos.",25,11,25,"INTERMODALIDAD, CENTRALIDAD, DEMANDA",INTERVENCION_SELECTIVA,AMPLIACION_INFRAESTRUCTURA,ESCENARIO_CORTO_PLAZO,2-5 AÑOS,FASE_2,PRIORIDAD_2_ALTA,INTERVENCION_ESTRUCTURAL_MEDIA,CONECTIVIDAD | INTERMODALIDAD | INFRAESTRUCTURA,Incrementar la capacidad y disponibilidad de infraestructura de movilidad en una centralidad con elevada demanda y déficit de soporte físico.,"Centralidad clasificada como CENTRALIDAD_DEFICITARIA, con diagnóstico INTERVENCION_SELECTIVA. Presenta demanda estructural de 72.22, soporte de infraestructura de 19.91, déficit estructural promedio de 70.28 y score de prioridad territorial de 67.86. La intervención recomendada es AMPLIAR_INFRAESTRUCTURA.",67.82261343333333,19,5,6,AMBA-P019,AMBAC-028,ALTA,ALTA,ALTA,ALTA,MEDIA,DEFICIT_ESTRUCTURAL_ALTO,5652239.248467846,6148286.31054452,2,AMBA-E006,AMBA-E006 - INTEGRADO,39.2859,PRIORIDAD_4_BAJA,ESCENARIO_INTEGRADO,LARGO_PLAZO,INTERVENCION_TERRITORIAL_MEDIA,"Orientar inversiones hacia intermodalidad, articulando las dimensiones intermodalidad, centralidad, demanda.","El escenario presenta un perfil integrado con predominio de intermodalidad. La evaluación combina demanda, déficit, impacto y capacidades de conectividad e integración."
9,1,52,79,168,3,5,11,AUTOBUS|FERROCARRIL,2,1,0,1,0,0,AUTOBUS|FERROCARRIL,2,1,0,1,0,0,AUTOBUS|FERROCARRIL|TRANVIA,3,1,0,1,0,1,264.83382530491383,100.58592403407786,53.47606087887684,0.020402892561983473,0.5434253034113294,0.3254589587445453,0.4,1,0,0,0.3776376876233636,37.46,SOPORTE_FISICO_BAJO,23,MONOMODAL,50.0,88.88888888888889,97.91666666666666,69.44444444444444,46.18055555555556,50.34722222222222,16,17,16,1,70.0,INTERMODALIDAD_MEDIA,16,88.88888888888889,88.88888888888889,53.0397,32.5459,40.0,41.9467,44.3518,70.0521,63.7731,62.91,91.67,13,13,CENTRALIDAD_ESTRUCTURAL_ALTA,CENTRALIDAD_ESTRUCTURAL_MUY_ALTA,46.94,58.0533,DEFICIT_INFRAESTRUCTURAL,72.11,20,88.88888888888889,41.9467,44.3518,70.0521,ALTO,MUY_ALTO,MEDIO,MEDIO,ALTO,MEDIO,PRIORIDAD_ALTA,CENTRALIDAD_DEMANDA,DEFICIT,DEMANDA|CONECTIVIDAD,ALTA_DEMANDA_BAJO_SOPORTE,13,20,AMPLIAR_INFRAESTRUCTURA,11.111111111111114,55.6482,29.947900000000004,36.2269,44.969075000000004,80.93925944444445,IMPACTO_MUY_ALTO,48.556985000000005,MEDIA,68.83067316666667,PRIORIDAD_ALTA,AMPLIAR_INFRAESTRUCTURA,"Demanda 88.9/100 frente a infraestructura 41.9/100, con déficit infrastructural de 58.1 puntos.",19,5,19,"DEFICIT, IMPACTO, DEMANDA",ALTA_DEMANDA_BAJO_SOPORTE,AMPLIACION_INFRAESTRUCTURA,ESCENARIO_CORTO_PLAZO,2-5 AÑOS,FASE_2,PRIORIDAD_2_ALTA,INTERVENCION_SELECTIVA,INFRAESTRUCTURA | INTERMODALIDAD | INTEGRACION_TERRITORIAL,Incrementar la capacidad y disponibilidad de infraestructura de movilidad en una centralidad con elevada demanda y déficit de soporte físico.,"Centralidad clasificada como CENTRALIDAD_DEMANDA, con diagnóstico ALTA_DEMANDA_BAJO_SOPORTE. Presenta demanda estructural de 88.89, soporte de infraestructura de 41.95, déficit estructural promedio de 44.97 y score de prioridad territorial de 68.83. La intervención recomendada es AMPLIAR_INFRAESTRUCTURA.",67.60590788333333,20,6,2,AMBA-P020,AMBAC-009,ALTA,MEDIA,MEDIA,BAJA,MEDIA,ALTO_IMPACTO_POTENCIAL,5631699.216867765,6166073.406119581,6,AMBA-E002,AMBA-E002 - DEFICIT,56.5789,PRIORIDAD_3_MEDIA,ESCENARIO_DEFICIT,CORTO_PLAZO,ALTA_URGENCIA,"Orientar inversiones hacia deficit, articulando las dimensiones deficit, impacto, demanda.","El escenario presenta un perfil deficit con predominio de deficit. La evaluación combina demanda, déficit, impacto y capacidades de conectividad e integración."
19,3,40,43,74,1,1,2,AUTOBUS|FERROCARRIL,2,1,0,1,0,0,AUTOBUS|FERROCARRIL,2,1,0,1,0,0,AUTOBUS|FERROCARRIL,2,1,0,1,0,0,203.71832715762605,54.749300423612,23.55493157760051,0.011105371900826446,0.47285969214745543,0.12590471182995822,0.4,1,0,0,0.3177714135489874,29.86,SOPORTE_FISICO_BAJO,68,INTERMODAL,100.0,86.80555555555556,72.91666666666666,69.44444444444444,46.18055555555556,50.34722222222222,11,20,11,9,70.0,INTERMODALIDAD_MEDIA,16,86.80555555555556,86.80555555555556,45.8035,12.5905,40.0,32.2874,51.8629,62.7604,72.1065,61.11,88.19,18,18,CENTRALIDAD_ESTRUCTURAL_ALTA,CENTRALIDAD_ESTRUCTURAL_MUY_ALTA,54.52,67.71260000000001,DEFICIT_INFRAESTRUCTURAL,73.89,18,86.80555555555556,32.2874,51.8629,62.7604,ALTO,MUY_ALTO,BAJO,MEDIO,ALTO,MEDIO,PRIORIDAD_ALTA,CENTRALIDAD_DEMANDA,IMPACTO,DEMANDA|TERRITORIAL,ALTA_DEMANDA_BAJO_SOPORTE,18,18,AMPLIAR_INFRAESTRUCTURA,13.194444444444443,48.1371,37.2396,27.893500000000003,45.2457,78.90891777777777,IMPACTO_MUY_ALTO,50.75126000000001,MEDIA,68.70250066666667,PRIORIDAD_ALTA,AMPLIAR_INFRAESTRUCTURA,"Demanda 86.8/100 frente a infraestructura 32.3/100, con déficit infrastructural de 67.7 puntos.",20,6,20,"IMPACTO, DEMANDA, INTEGRACION",ALTA_DEMANDA_BAJO_SOPORTE,AMPLIACION_INFRAESTRUCTURA,ESCENARIO_CORTO_PLAZO,2-5 AÑOS,FASE_2,PRIORIDAD_2_ALTA,INTERVENCION_ESTRUCTURAL_ALTA,INFRAESTRUCTURA | INTERMODALIDAD | CONECTIVIDAD,Incrementar la capacidad y disponibilidad de infraestructura de movilidad en una centralidad con elevada demanda y déficit de soporte físico.,"Centralidad clasificada como CENTRALIDAD_DEMANDA, con diagnóstico ALTA_DEMANDA_BAJO_SOPORTE. Presenta demanda estructural de 86.81, soporte de infraestructura de 32.29, déficit estructural promedio de 45.25 y score de prioridad territorial de 68.70. La intervención recomendada es AMPLIAR_INFRAESTRUCTURA.",67.54077713333334,21,7,1,AMBA-P021,AMBAC-019,ALTA,ALTA,MEDIA,MEDIA,BAJA,ALTA_DEMANDA_BAJO_SOPORTE,5646934.830575779,6154595.219986468,4,AMBA-E001,AMBA-E001 - INTEGRADO,57.1597,PRIORIDAD_3_MEDIA,ESCENARIO_INTEGRADO,MEDIANO_PLAZO,INTERVENCION_TERRITORIAL_MEDIA,"Orientar inversiones hacia impacto, articulando las dimensiones impacto, demanda, integracion.","El escenario presenta un perfil integrado con predominio de impacto. La evaluación combina demanda, déficit, impacto y capacidades de conectividad e integración."
44,6,66,91,150,3,5,7,AUTOBUS|FERROCARRIL,2,1,0,1,0,0,AUTOBUS|FERROCARRIL,2,1,0,1,0,0,AUTOBUS|FERROCARRIL,2,1,0,1,0,0,336.13523981008296,115.86479857089981,47.7464829275686,0.02350206611570248,0.5599027673794839,0.3254589587445453,0.4,1,0,0,0.3776376876233636,38.09,SOPORTE_FISICO_BAJO,20,INTERMODAL,100.0,91.66666666666666,58.333333333333336,99.30555555555556,46.18055555555556,50.34722222222222,5,13,5,8,70.0,INTERMODALIDAD_MEDIA,16,91.66666666666666,91.66666666666666,54.7314,32.5459,40.0,42.6333,56.8518,68.8368,67.2454,66.58,97.92,4,4,CENTRALIDAD_ESTRUCTURAL_ALTA,CENTRALIDAD_ESTRUCTURAL_MUY_ALTA,49.03,57.3667,DEFICIT_INFRAESTRUCTURAL,74.61,16,91.66666666666666,42.6333,56.8518,68.8368,ALTO,MUY_ALTO,MEDIO,MEDIO,ALTO,MEDIO,PRIORIDAD_ALTA,CENTRALIDAD_DEMANDA,IMPACTO,DEMANDA,ALTA_DEMANDA_BAJO_SOPORTE,4,16,AMPLIAR_INFRAESTRUCTURA,8.333333333333343,43.1482,31.163200000000003,32.754599999999996,41.108175,83.43096833333333,IMPACTO_MUY_ALTO,44.879560000000005,MEDIA,68.6473835,PRIORIDAD_ALTA,AMPLIAR_INFRAESTRUCTURA,"Demanda 91.7/100 frente a infraestructura 42.6/100, con déficit infrastructural de 57.4 puntos.",21,7,21,"IMPACTO, DEMANDA, INTEGRACION",ALTA_DEMANDA_BAJO_SOPORTE,AMPLIACION_INFRAESTRUCTURA,ESCENARIO_CORTO_PLAZO,2-5 AÑOS,FASE_2,PRIORIDAD_2_ALTA,INTERVENCION_SELECTIVA,INFRAESTRUCTURA | INTERMODALIDAD | INTEGRACION_TERRITORIAL,Incrementar la capacidad y disponibilidad de infraestructura de movilidad en una centralidad con elevada demanda y déficit de soporte físico.,"Centralidad clasificada como CENTRALIDAD_DEMANDA, con diagnóstico ALTA_DEMANDA_BAJO_SOPORTE. Presenta demanda estructural de 91.67, soporte de infraestructura de 42.63, déficit estructural promedio de 41.11 y score de prioridad territorial de 68.65. La intervención recomendada es AMPLIAR_INFRAESTRUCTURA.",67.2997477,22,8,1,AMBA-P022,AMBAC-044,ALTA,MEDIA,MEDIA,MEDIA,MEDIA,ALTO_IMPACTO_POTENCIAL,5649671.405150695,6163236.266676031,4,AMBA-E001,AMBA-E001 - INTEGRADO,57.1597,PRIORIDAD_3_MEDIA,ESCENARIO_INTEGRADO,MEDIANO_PLAZO,INTERVENCION_TERRITORIAL_MEDIA,"Orientar inversiones hacia impacto, articulando las dimensiones impacto, demanda, integracion.","El escenario presenta un perfil integrado con predominio de impacto. La evaluación combina demanda, déficit, impacto y capacidades de conectividad e integración."
38,1,0,0,0,0,0,0,,0,0,0,0,0,0,,0,0,0,0,0,0,,0,0,0,0,0,0,0.0,0.0,0.0,0.0,0.0,0.0,0.0,0,0,0,0.0,0.0,SOPORTE_FISICO_MUY_BAJO,143,MONOMODAL,50.0,62.5,79.86111111111111,23.26388888888889,46.18055555555556,50.34722222222222,66,55,66,11,0.0,SIN_INFRAESTRUCTURA_500M,143,62.5,62.5,0.0,0.0,0.0,0.0,11.0243,17.5347,57.7546,29.36,15.62,122,122,CENTRALIDAD_ESTRUCTURAL_BAJA,CENTRALIDAD_ESTRUCTURAL_MUY_BAJA,62.5,100.0,DEFICIT_INFRAESTRUCTURAL,62.5,34,62.5,0.0,11.0243,17.5347,MEDIO,ALTO,MUY_BAJO,MUY_BAJO,MUY_BAJO,ALTO,PRIORIDAD_ALTA,CENTRALIDAD_LOCAL,INTERMODALIDAD,DEMANDA,PERFIL_EQUILIBRADO,122,34,MANTENER_Y_OPTIMIZAR,37.5,88.9757,82.4653,42.2454,78.42160000000001,51.62032000000001,IMPACTO_MEDIO,85.073795,URGENTE,66.835187,PRIORIDAD_ALTA,MEJORAR_INTERMODALIDAD,Existe un déficit relevante de intermodalidad respecto del potencial estructural de la centralidad.,29,1,29,"INTERMODALIDAD, CENTRALIDAD, DEMANDA",INTERVENCION_SELECTIVA,MEJORA_INTERMODAL,ESCENARIO_CORTO_PLAZO,2-5 AÑOS,FASE_2,PRIORIDAD_2_ALTA,INTERVENCION_ESTRUCTURAL_MEDIA,INFRAESTRUCTURA | INTERMODALIDAD | CONECTIVIDAD,Mejorar las condiciones de intercambio entre modos de transporte y fortalecer la articulación intermodal.,"Centralidad clasificada como CENTRALIDAD_LOCAL, con diagnóstico INTERVENCION_SELECTIVA. Presenta demanda estructural de 62.50, soporte de infraestructura de 0.00, déficit estructural promedio de 78.42 y score de prioridad territorial de 66.84. La intervención recomendada es MEJORAR_INTERMODALIDAD.",67.28874815,23,1,6,AMBA-P023,AMBAC-038,MEDIA,ALTA,ALTA,ALTA,MEDIA,DEFICIT_ESTRUCTURAL_MEDIO,5648183.218220861,6135048.021983452,2,AMBA-E006,AMBA-E006 - INTEGRADO,39.2859,PRIORIDAD_4_BAJA,ESCENARIO_INTEGRADO,LARGO_PLAZO,INTERVENCION_TERRITORIAL_MEDIA,"Orientar inversiones hacia intermodalidad, articulando las dimensiones intermodalidad, centralidad, demanda.","El escenario presenta un perfil integrado con predominio de intermodalidad. La evaluación combina demanda, déficit, impacto y capacidades de conectividad e integración."
13,2,53,58,62,2,2,2,AUTOBUS|FERROCARRIL,2,1,0,1,0,0,AUTOBUS|FERROCARRIL,2,1,0,1,0,0,AUTOBUS|FERROCARRIL,2,1,0,1,0,0,269.9267834838545,73.84789359463944,19.735212943395023,0.014979338842975207,0.5075042799813676,0.19955424691458712,0.4,1,0,0,0.3398662740743761,32.98,SOPORTE_FISICO_BAJO,47,INTERMODAL,100.0,87.5,92.36111111111111,69.44444444444444,46.18055555555556,50.34722222222222,7,19,7,12,70.0,INTERMODALIDAD_MEDIA,16,87.5,87.5,49.3542,19.9554,40.0,36.2076,53.7041,55.4688,78.588,62.22,89.58,16,16,CENTRALIDAD_ESTRUCTURAL_ALTA,CENTRALIDAD_ESTRUCTURAL_MUY_ALTA,51.29,63.7924,DEFICIT_INFRAESTRUCTURAL,73.02,19,87.5,36.2076,53.7041,55.4688,ALTO,MUY_ALTO,BAJO,MEDIO,MEDIO,MEDIO,PRIORIDAD_ALTA,CENTRALIDAD_DEMANDA,IMPACTO,DEMANDA|TERRITORIAL,ALTA_DEMANDA_BAJO_SOPORTE,16,19,AMPLIAR_INFRAESTRUCTURA,12.5,46.2959,44.5312,21.412000000000006,44.007875000000006,79.425575,IMPACTO_MUY_ALTO,49.208975,MEDIA,68.4811425,PRIORIDAD_ALTA,AMPLIAR_INFRAESTRUCTURA,"Demanda 87.5/100 frente a infraestructura 36.2/100, con déficit infrastructural de 63.8 puntos.",22,8,22,"IMPACTO, DEMANDA, INTEGRACION",ALTA_DEMANDA_BAJO_SOPORTE,AMPLIACION_INFRAESTRUCTURA,ESCENARIO_CORTO_PLAZO,2-5 AÑOS,FASE_2,PRIORIDAD_2_ALTA,INTERVENCION_ESTRUCTURAL_ALTA,INFRAESTRUCTURA | INTERMODALIDAD | CONECTIVIDAD,Incrementar la capacidad y disponibilidad de infraestructura de movilidad en una centralidad con elevada demanda y déficit de soporte físico.,"Centralidad clasificada como CENTRALIDAD_DEMANDA, con diagnóstico ALTA_DEMANDA_BAJO_SOPORTE. Presenta demanda estructural de 87.50, soporte de infraestructura de 36.21, déficit estructural promedio de 44.01 y score de prioridad territorial de 68.48. La intervención recomendada es AMPLIAR_INFRAESTRUCTURA.",67.23198225,24,9,1,AMBA-P024,AMBAC-013,ALTA,ALTA,MEDIA,MEDIA,BAJA,ALTA_DEMANDA_BAJO_SOPORTE,5647251.150051644,6145564.604532173,4,AMBA-E001,AMBA-E001 - INTEGRADO,57.1597,PRIORIDAD_3_MEDIA,ESCENARIO_INTEGRADO,MEDIANO_PLAZO,INTERVENCION_TERRITORIAL_MEDIA,"Orientar inversiones hacia impacto, articulando las dimensiones impacto, demanda, integracion.","El escenario presenta un perfil integrado con predominio de impacto. La evaluación combina demanda, déficit, impacto y capacidades de conectividad e integración."
21,1,13,20,35,0,2,3,AUTOBUS,1,0,0,1,0,0,AUTOBUS|FERROCARRIL,2,1,0,1,0,0,AUTOBUS|FERROCARRIL,2,1,0,1,0,0,66.20845632622846,25.464790894703256,11.140846016432674,0.005165289256198347,0.3852407435141075,0.19955424691458712,0.4,1,0,0,0.3398662740743761,28.55,SOPORTE_FISICO_BAJO,76,MONOMODAL,50.0,79.16666666666666,93.75,23.26388888888889,46.18055555555556,50.34722222222222,43,31,43,12,70.0,INTERMODALIDAD_MEDIA,16,79.16666666666666,79.16666666666666,36.8507,19.9554,40.0,31.1669,41.2041,50.7812,62.3843,53.64,75.69,36,36,CENTRALIDAD_ESTRUCTURAL_MEDIA,CENTRALIDAD_ESTRUCTURAL_ALTA,48.0,68.8331,DEFICIT_INFRAESTRUCTURAL,66.7,29,79.16666666666666,31.1669,41.2041,50.7812,ALTO,ALTO,BAJO,MEDIO,MEDIO,MEDIO,PRIORIDAD_ALTA,CENTRALIDAD_DEFICITARIA,IMPACTO,DEMANDA,PERFIL_EQUILIBRADO,36,29,MEJORAR_INTERMODALIDAD,20.833333333333343,58.7959,49.2188,37.6157,53.615875,73.01350833333332,IMPACTO_ALTO,57.71833000000001,MEDIA,67.8351875,PRIORIDAD_ALTA,AMPLIAR_INFRAESTRUCTURA,"Demanda 79.2/100 frente a infraestructura 31.2/100, con déficit infrastructural de 68.8 puntos.",26,12,26,"IMPACTO, DEMANDA, INTEGRACION",INTERVENCION_SELECTIVA,AMPLIACION_INFRAESTRUCTURA,ESCENARIO_CORTO_PLAZO,2-5 AÑOS,FASE_2,PRIORIDAD_2_ALTA,INTERVENCION_ESTRUCTURAL_MEDIA,INFRAESTRUCTURA | INTERMODALIDAD | CONECTIVIDAD,Incrementar la capacidad y disponibilidad de infraestructura de movilidad en una centralidad con elevada demanda y déficit de soporte físico.,"Centralidad clasificada como CENTRALIDAD_DEFICITARIA, con diagnóstico INTERVENCION_SELECTIVA. Presenta demanda estructural de 79.17, soporte de infraestructura de 31.17, déficit estructural promedio de 53.62 y score de prioridad territorial de 67.84. La intervención recomendada es AMPLIAR_INFRAESTRUCTURA.",67.094407,25,10,1,AMBA-P025,AMBAC-021,ALTA,ALTA,MEDIA,MEDIA,MEDIA,DEFICIT_ESTRUCTURAL_MEDIO,5664020.558395031,6152412.284677306,4,AMBA-E001,AMBA-E001 - INTEGRADO,57.1597,PRIORIDAD_3_MEDIA,ESCENARIO_INTEGRADO,MEDIANO_PLAZO,INTERVENCION_TERRITORIAL_MEDIA,"Orientar inversiones hacia impacto, articulando las dimensiones impacto, demanda, integracion.","El escenario presenta un perfil integrado con predominio de impacto. La evaluación combina demanda, déficit, impacto y capacidades de conectividad e integración."
22,3,128,185,293,4,10,18,AUTOBUS|FERROCARRIL,2,1,0,1,0,0,AUTOBUS|FERROCARRIL,2,1,0,1,0,0,AUTOBUS|FERROCARRIL,2,1,0,1,0,0,651.8986469044033,235.5493157760051,93.26479665185067,0.04777892561983471,0.6428281645235828,0.43555874103997483,0.4,1,0,0,0.4106676223119924,44.1,SOPORTE_FISICO_MEDIO,9,MONOMODAL,50.0,88.19444444444444,77.08333333333334,69.44444444444444,46.18055555555556,50.34722222222222,23,18,23,5,70.0,INTERMODALIDAD_MEDIA,16,88.19444444444444,88.19444444444444,63.252,43.5559,40.0,49.82,47.1042,60.5035,56.8287,63.09,92.36,12,12,CENTRALIDAD_ESTRUCTURAL_ALTA,CENTRALIDAD_ESTRUCTURAL_MUY_ALTA,38.37,50.18,DEFICIT_INFRAESTRUCTURAL,68.26,26,88.19444444444444,49.82,47.1042,60.5035,MEDIO,MUY_ALTO,MEDIO,MEDIO,ALTO,BAJO,PRIORIDAD_ALTA,CENTRALIDAD_DEMANDA,DEFICIT,DEMANDA,ALTA_DEMANDA_BAJO_SOPORTE,12,26,MEJORAR_INTERMODALIDAD,11.805555555555557,52.8958,39.4965,43.1713,46.4359,81.09240222222223,IMPACTO_MUY_ALTO,47.670945,MEDIA,68.09043633333334,PRIORIDAD_ALTA,AMPLIAR_INFRAESTRUCTURA,"Demanda 88.2/100 frente a infraestructura 49.8/100, con déficit infrastructural de 50.2 puntos.",23,9,23,"DEFICIT, IMPACTO, DEMANDA",ALTA_DEMANDA_BAJO_SOPORTE,AMPLIACION_INFRAESTRUCTURA,ESCENARIO_CORTO_PLAZO,2-5 AÑOS,FASE_2,PRIORIDAD_2_ALTA,INTERVENCION_SELECTIVA,INTERMODALIDAD | INFRAESTRUCTURA | INTEGRACION_TERRITORIAL,Incrementar la capacidad y disponibilidad de infraestructura de movilidad en una centralidad con elevada demanda y déficit de soporte físico.,"Centralidad clasificada como CENTRALIDAD_DEMANDA, con diagnóstico ALTA_DEMANDA_BAJO_SOPORTE. Presenta demanda estructural de 88.19, soporte de infraestructura de 49.82, déficit estructural promedio de 46.44 y score de prioridad territorial de 68.09. La intervención recomendada es AMPLIAR_INFRAESTRUCTURA.",66.97780751666667,26,11,2,AMBA-P026,AMBAC-022,ALTA,MEDIA,MEDIA,MEDIA,MEDIA,ALTO_IMPACTO_POTENCIAL,5634208.771392196,6173454.021404332,6,AMBA-E002,AMBA-E002 - DEFICIT,56.5789,PRIORIDAD_3_MEDIA,ESCENARIO_DEFICIT,CORTO_PLAZO,ALTA_URGENCIA,"Orientar inversiones hacia deficit, articulando las dimensiones deficit, impacto, demanda.","El escenario presenta un perfil deficit con predominio de deficit. La evaluación combina demanda, déficit, impacto y capacidades de conectividad e integración."
46,2,34,54,100,2,2,4,AUTOBUS|FERROCARRIL,2,1,0,1,0,0,AUTOBUS|FERROCARRIL,2,1,0,1,0,0,AUTOBUS|FERROCARRIL,2,1,0,1,0,0,173.16057808398213,68.75493541569878,31.830988618379067,0.013946280991735538,0.49921692756703323,0.19955424691458712,0.4,1,0,0,0.3398662740743761,32.67,SOPORTE_FISICO_BAJO,51,MONOMODAL,50.0,82.63888888888889,71.52777777777779,69.44444444444444,46.18055555555556,50.34722222222222,31,26,31,5,70.0,INTERMODALIDAD_MEDIA,16,82.63888888888889,82.63888888888889,48.5044,19.9554,40.0,35.8637,41.2041,64.8438,54.9769,57.22,80.56,29,29,CENTRALIDAD_ESTRUCTURAL_MEDIA,CENTRALIDAD_ESTRUCTURAL_MUY_ALTA,46.78,64.1363,DEFICIT_INFRAESTRUCTURAL,68.3,25,82.63888888888889,35.8637,41.2041,64.8438,MEDIO,MUY_ALTO,BAJO,MEDIO,ALTO,MEDIO,PRIORIDAD_ALTA,CENTRALIDAD_DEMANDA,DEFICIT,DEMANDA,ALTA_DEMANDA_BAJO_SOPORTE,29,25,AMPLIAR_INFRAESTRUCTURA,17.361111111111114,58.7959,35.1562,45.0231,50.777875,75.64301944444443,IMPACTO_MUY_ALTO,54.138200000000005,MEDIA,67.72144416666666,PRIORIDAD_ALTA,AMPLIAR_INFRAESTRUCTURA,"Demanda 82.6/100 frente a infraestructura 35.9/100, con déficit infrastructural de 64.1 puntos.",27,13,27,"DEFICIT, IMPACTO, DEMANDA",ALTA_DEMANDA_BAJO_SOPORTE,AMPLIACION_INFRAESTRUCTURA,ESCENARIO_CORTO_PLAZO,2-5 AÑOS,FASE_2,PRIORIDAD_2_ALTA,INTERVENCION_ESTRUCTURAL_ALTA,INFRAESTRUCTURA | INTERMODALIDAD | INTEGRACION_TERRITORIAL,Incrementar la capacidad y disponibilidad de infraestructura de movilidad en una centralidad con elevada demanda y déficit de soporte físico.,"Centralidad clasificada como CENTRALIDAD_DEMANDA, con diagnóstico ALTA_DEMANDA_BAJO_SOPORTE. Presenta demanda estructural de 82.64, soporte de infraestructura de 35.86, déficit estructural promedio de 50.78 y score de prioridad territorial de 67.72. La intervención recomendada es AMPLIAR_INFRAESTRUCTURA.",66.87219383333333,27,12,2,AMBA-P027,AMBAC-046,ALTA,ALTA,MEDIA,MEDIA,MEDIA,ALTA_DEMANDA_BAJO_SOPORTE,5626620.778005859,6153179.412221952,6,AMBA-E002,AMBA-E002 - DEFICIT,56.5789,PRIORIDAD_3_MEDIA,ESCENARIO_DEFICIT,CORTO_PLAZO,ALTA_URGENCIA,"Orientar inversiones hacia deficit, articulando las dimensiones deficit, impacto, demanda.","El escenario presenta un perfil deficit con predominio de deficit. La evaluación combina demanda, déficit, impacto y capacidades de conectividad e integración."
49,5,114,166,269,6,6,11,AUTOBUS|FERROCARRIL|TRANVIA,3,1,0,1,0,1,AUTOBUS|FERROCARRIL|TRANVIA,3,1,0,1,0,1,AUTOBUS|FERROCARRIL|TRANVIA,3,1,0,1,0,1,580.5972323992343,211.35776442603702,85.6253593834397,0.042871900826446284,0.630140811547512,0.3534592124660774,0.6,1,0,0,0.5260377637398232,46.53,SOPORTE_FISICO_MEDIO,4,MONOMODAL,50.0,90.97222222222221,65.27777777777779,69.44444444444444,46.18055555555556,50.34722222222222,27,14,27,13,85.0,INTERMODALIDAD_MUY_ALTA,3,90.97222222222221,90.97222222222221,61.9478,35.3459,60.0,51.265,58.2115,60.8507,52.8935,66.17,97.22,5,5,CENTRALIDAD_ESTRUCTURAL_ALTA,CENTRALIDAD_ESTRUCTURAL_MUY_ALTA,39.71,48.735,CENTRALIDAD_ESTRATEGICA,70.47,24,90.97222222222221,51.265,58.2115,60.8507,MEDIO,MUY_ALTO,MEDIO,MEDIO,ALTO,BAJO,PRIORIDAD_ALTA,CENTRALIDAD_ESTRATEGICA,DEFICIT,DEMANDA,PERFIL_EQUILIBRADO,5,24,MANTENER_Y_OPTIMIZAR,9.027777777777786,41.7885,39.1493,47.1065,44.194824999999994,83.49107611111111,IMPACTO_MUY_ALTO,44.83696,MEDIA,67.96069316666667,PRIORIDAD_ALTA,AMPLIAR_INFRAESTRUCTURA,"Demanda 91.0/100 frente a infraestructura 51.3/100, con déficit infrastructural de 48.7 puntos.",24,10,24,"DEFICIT, IMPACTO, DEMANDA",INTERVENCION_SELECTIVA,AMPLIACION_INFRAESTRUCTURA,ESCENARIO_CORTO_PLAZO,2-5 AÑOS,FASE_2,PRIORIDAD_2_ALTA,INTERVENCION_SELECTIVA,INFRAESTRUCTURA | INTEGRACION_TERRITORIAL | INTERMODALIDAD,Incrementar la capacidad y disponibilidad de infraestructura de movilidad en una centralidad con elevada demanda y déficit de soporte físico.,"Centralidad clasificada como CENTRALIDAD_ESTRATEGICA, con diagnóstico INTERVENCION_SELECTIVA. Presenta demanda estructural de 90.97, soporte de infraestructura de 51.27, déficit estructural promedio de 44.19 y score de prioridad territorial de 67.96. La intervención recomendada es AMPLIAR_INFRAESTRUCTURA.",66.82169063333333,28,13,2,AMBA-P028,AMBAC-049,ALTA,MEDIA,MEDIA,MEDIA,MEDIA,ALTO_IMPACTO_POTENCIAL,5632040.960444271,6162109.481692199,6,AMBA-E002,AMBA-E002 - DEFICIT,56.5789,PRIORIDAD_3_MEDIA,ESCENARIO_DEFICIT,CORTO_PLAZO,ALTA_URGENCIA,"Orientar inversiones hacia deficit, articulando las dimensiones deficit, impacto, demanda.","El escenario presenta un perfil deficit con predominio de deficit. La evaluación combina demanda, déficit, impacto y capacidades de conectividad e integración."
50,2,27,35,47,0,0,3,AUTOBUS,1,0,0,1,0,0,AUTOBUS,1,0,0,1,0,0,AUTOBUS|FERROCARRIL,2,1,0,1,0,0,137.50987083139756,44.563384065730695,14.960564650638162,0.009039256198347107,0.44913236307384297,0.0,0.2,0,0,0,0.13999999999999999,20.86,SOPORTE_FISICO_BAJO,109,MONOMODAL,50.0,70.83333333333334,56.94444444444444,69.44444444444444,46.18055555555556,50.34722222222222,41,43,41,2,40.0,INTERMODALIDAD_BAJA,115,70.83333333333334,70.83333333333334,43.3746,0.0,20.0,22.3101,19.8438,31.8576,50.1157,40.59,40.28,87,87,CENTRALIDAD_ESTRUCTURAL_MEDIA,CENTRALIDAD_ESTRUCTURAL_MEDIA,48.52,77.6899,DEFICIT_INFRAESTRUCTURAL,61.91,37,70.83333333333334,22.3101,19.8438,31.8576,MEDIO,ALTO,BAJO,MUY_BAJO,BAJO,MEDIO,PRIORIDAD_ALTA,CENTRALIDAD_DEFICITARIA,INTERMODALIDAD,DEMANDA,PERFIL_EQUILIBRADO,87,37,MEJORAR_INTERMODALIDAD,29.166666666666657,80.1562,68.1424,49.8843,68.9682,61.29430666666667,IMPACTO_ALTO,72.226135,ALTA,66.749629,PRIORIDAD_ALTA,AMPLIAR_INFRAESTRUCTURA,"Demanda 70.8/100 frente a infraestructura 22.3/100, con déficit infrastructural de 77.7 puntos.",31,16,31,"INTERMODALIDAD, CENTRALIDAD, DEMANDA",INTERVENCION_SELECTIVA,AMPLIACION_INFRAESTRUCTURA,ESCENARIO_CORTO_PLAZO,2-5 AÑOS,FASE_2,PRIORIDAD_2_ALTA,INTERVENCION_ESTRUCTURAL_MEDIA,INTERMODALIDAD | INFRAESTRUCTURA | CONECTIVIDAD,Incrementar la capacidad y disponibilidad de infraestructura de movilidad en una centralidad con elevada demanda y déficit de soporte físico.,"Centralidad clasificada como CENTRALIDAD_DEFICITARIA, con diagnóstico INTERVENCION_SELECTIVA. Presenta demanda estructural de 70.83, soporte de infraestructura de 22.31, déficit estructural promedio de 68.97 y score de prioridad territorial de 66.75. La intervención recomendada es AMPLIAR_INFRAESTRUCTURA.",66.75280654999999,29,14,6,AMBA-P029,AMBAC-050,ALTA,ALTA,ALTA,ALTA,MEDIA,DEFICIT_ESTRUCTURAL_ALTO,5659329.714462745,6150314.041768468,2,AMBA-E006,AMBA-E006 - INTEGRADO,39.2859,PRIORIDAD_4_BAJA,ESCENARIO_INTEGRADO,LARGO_PLAZO,INTERVENCION_TERRITORIAL_MEDIA,"Orientar inversiones hacia intermodalidad, articulando las dimensiones intermodalidad, centralidad, demanda.","El escenario presenta un perfil integrado con predominio de intermodalidad. La evaluación combina demanda, déficit, impacto y capacidades de conectividad e integración."
42,2,29,42,64,1,1,2,AUTOBUS|FERROCARRIL,2,1,0,1,0,0,AUTOBUS|FERROCARRIL,2,1,0,1,0,0,AUTOBUS|FERROCARRIL,2,1,0,1,0,0,147.6957871892789,53.47606087887684,20.371832715762604,0.01084710743801653,0.47014268538970894,0.12590471182995822,0.4,1,0,0,0.3177714135489874,29.77,SOPORTE_FISICO_BAJO,69,INTERMODAL,100.0,79.86111111111111,69.44444444444444,23.26388888888889,46.18055555555556,50.34722222222222,35,30,35,5,70.0,INTERMODALIDAD_MEDIA,16,79.86111111111111,79.86111111111111,45.5253,12.5905,40.0,32.1765,51.8629,47.5694,70.9491,56.61,79.86,30,30,CENTRALIDAD_ESTRUCTURAL_MEDIA,CENTRALIDAD_ESTRUCTURAL_ALTA,47.68,67.8235,DEFICIT_INFRAESTRUCTURAL,66.99,28,79.86111111111111,32.1765,51.8629,47.5694,ALTO,ALTO,BAJO,MEDIO,MEDIO,MEDIO,PRIORIDAD_ALTA,CENTRALIDAD_DEFICITARIA,DEFICIT,DEMANDA|TERRITORIAL,PERFIL_EQUILIBRADO,30,28,MEJORAR_CONECTIVIDAD,20.138888888888886,48.1371,52.4306,29.0509,49.360524999999996,73.76066055555556,IMPACTO_ALTO,54.00743,MEDIA,66.80121383333334,PRIORIDAD_ALTA,AMPLIAR_INFRAESTRUCTURA,"Demanda 79.9/100 frente a infraestructura 32.2/100, con déficit infrastructural de 67.8 puntos.",30,15,30,"DEFICIT, IMPACTO, DEMANDA",INTERVENCION_SELECTIVA,AMPLIACION_INFRAESTRUCTURA,ESCENARIO_CORTO_PLAZO,2-5 AÑOS,FASE_2,PRIORIDAD_2_ALTA,INTERVENCION_SELECTIVA,INFRAESTRUCTURA | CONECTIVIDAD | INTERMODALIDAD,Incrementar la capacidad y disponibilidad de infraestructura de movilidad en una centralidad con elevada demanda y déficit de soporte físico.,"Centralidad clasificada como CENTRALIDAD_DEFICITARIA, con diagnóstico INTERVENCION_SELECTIVA. Presenta demanda estructural de 79.86, soporte de infraestructura de 32.18, déficit estructural promedio de 49.36 y score de prioridad territorial de 66.80. La intervención recomendada es AMPLIAR_INFRAESTRUCTURA.",65.92606326666667,30,15,2,AMBA-P030,AMBAC-042,ALTA,ALTA,MEDIA,MEDIA,BAJA,DEFICIT_ESTRUCTURAL_MEDIO,5623818.717415004,6151924.210318571,6,AMBA-E002,AMBA-E002 - DEFICIT,56.5789,PRIORIDAD_3_MEDIA,ESCENARIO_DEFICIT,CORTO_PLAZO,ALTA_URGENCIA,"Orientar inversiones hacia deficit, articulando las dimensiones deficit, impacto, demanda.","El escenario presenta un perfil deficit con predominio de deficit. La evaluación combina demanda, déficit, impacto y capacidades de conectividad e integración."
26,3,53,79,124,3,4,6,AUTOBUS|FERROCARRIL,2,1,0,1,0,0,AUTOBUS|FERROCARRIL,2,1,0,1,0,0,AUTOBUS|FERROCARRIL,2,1,0,1,0,0,269.9267834838545,100.58592403407786,39.470425886790046,0.020402892561983473,0.5434253034113294,0.2923416876766772,0.4,1,0,0,0.3677025063030031,36.63,SOPORTE_FISICO_BAJO,27,INTERMODAL,100.0,84.02777777777779,61.80555555555556,23.26388888888889,46.18055555555556,50.34722222222222,34,24,34,10,70.0,INTERMODALIDAD_MEDIA,16,84.02777777777779,84.02777777777779,53.0397,29.2342,40.0,40.8286,56.0238,48.7847,68.4028,60.78,86.81,20,20,CENTRALIDAD_ESTRUCTURAL_ALTA,CENTRALIDAD_ESTRUCTURAL_MUY_ALTA,43.2,59.1714,DEFICIT_INFRAESTRUCTURAL,67.7,27,84.02777777777779,40.8286,56.0238,48.7847,ALTO,MUY_ALTO,MEDIO,MEDIO,MEDIO,MEDIO,PRIORIDAD_ALTA,CENTRALIDAD_DEMANDA,DEFICIT,DEMANDA,ALTA_DEMANDA_BAJO_SOPORTE,20,27,AMPLIAR_INFRAESTRUCTURA,15.972222222222214,43.9762,51.2153,31.5972,46.490025,77.3548938888889,IMPACTO_MUY_ALTO,49.645250000000004,MEDIA,66.89603383333335,PRIORIDAD_ALTA,AMPLIAR_INFRAESTRUCTURA,"Demanda 84.0/100 frente a infraestructura 40.8/100, con déficit infrastructural de 59.2 puntos.",28,14,28,"DEFICIT, IMPACTO, DEMANDA",ALTA_DEMANDA_BAJO_SOPORTE,AMPLIACION_INFRAESTRUCTURA,ESCENARIO_CORTO_PLAZO,2-5 AÑOS,FASE_2,PRIORIDAD_2_ALTA,INTERVENCION_SELECTIVA,INFRAESTRUCTURA | CONECTIVIDAD | INTERMODALIDAD,Incrementar la capacidad y disponibilidad de infraestructura de movilidad en una centralidad con elevada demanda y déficit de soporte físico.,"Centralidad clasificada como CENTRALIDAD_DEMANDA, con diagnóstico ALTA_DEMANDA_BAJO_SOPORTE. Presenta demanda estructural de 84.03, soporte de infraestructura de 40.83, déficit estructural promedio de 46.49 y score de prioridad territorial de 66.90. La intervención recomendada es AMPLIAR_INFRAESTRUCTURA.",65.87724526666668,31,16,2,AMBA-P031,AMBAC-026,ALTA,MEDIA,MEDIA,MEDIA,MEDIA,ALTO_IMPACTO_POTENCIAL,5629450.914036687,6154239.406635852,6,AMBA-E002,AMBA-E002 - DEFICIT,56.5789,PRIORIDAD_3_MEDIA,ESCENARIO_DEFICIT,CORTO_PLAZO,ALTA_URGENCIA,"Orientar inversiones hacia deficit, articulando las dimensiones deficit, impacto, demanda.","El escenario presenta un perfil deficit con predominio de deficit. La evaluación combina demanda, déficit, impacto y capacidades de conectividad e integración."
24,1,15,17,25,1,2,4,AUTOBUS|FERROCARRIL,2,1,0,1,0,0,AUTOBUS|FERROCARRIL,2,1,0,1,0,0,AUTOBUS|FERROCARRIL,2,1,0,1,0,0,76.39437268410977,21.645072260497766,7.957747154594767,0.004390495867768595,0.36690985424200945,0.19955424691458712,0.4,1,0,0,0.3398662740743761,27.9,SOPORTE_FISICO_BAJO,79,MONOMODAL,50.0,75.69444444444444,91.66666666666666,23.26388888888889,46.18055555555556,50.34722222222222,46,36,46,10,70.0,INTERMODALIDAD_MEDIA,16,75.69444444444444,75.69444444444444,34.9848,19.9554,40.0,30.4163,41.2041,45.8333,61.6898,51.6,68.75,46,46,CENTRALIDAD_ESTRUCTURAL_MEDIA,CENTRALIDAD_ESTRUCTURAL_ALTA,45.28,69.5837,DEFICIT_INFRAESTRUCTURAL,63.53,33,75.69444444444444,30.4163,41.2041,45.8333,ALTO,ALTO,BAJO,MEDIO,MEDIO,MEDIO,PRIORIDAD_ALTA,CENTRALIDAD_DEFICITARIA,DEFICIT,DEMANDA,PERFIL_EQUILIBRADO,46,33,MEJORAR_INTERMODALIDAD,24.305555555555557,58.7959,54.1667,38.3102,55.214124999999996,69.51504722222222,IMPACTO_ALTO,59.112325,MEDIA,66.25592083333333,PRIORIDAD_ALTA,AMPLIAR_INFRAESTRUCTURA,"Demanda 75.7/100 frente a infraestructura 30.4/100, con déficit infrastructural de 69.6 puntos.",32,17,32,"DEFICIT, CENTRALIDAD, INTEGRACION",INTERVENCION_SELECTIVA,AMPLIACION_INFRAESTRUCTURA,ESCENARIO_CORTO_PLAZO,2-5 AÑOS,FASE_2,PRIORIDAD_2_ALTA,INTERVENCION_ESTRUCTURAL_MEDIA,INFRAESTRUCTURA | INTERMODALIDAD | CONECTIVIDAD,Incrementar la capacidad y disponibilidad de infraestructura de movilidad en una centralidad con elevada demanda y déficit de soporte físico.,"Centralidad clasificada como CENTRALIDAD_DEFICITARIA, con diagnóstico INTERVENCION_SELECTIVA. Presenta demanda estructural de 75.69, soporte de infraestructura de 30.42, déficit estructural promedio de 55.21 y score de prioridad territorial de 66.26. La intervención recomendada es AMPLIAR_INFRAESTRUCTURA.",65.67325041666666,32,17,4,AMBA-P032,AMBAC-024,ALTA,ALTA,MEDIA,MEDIA,MEDIA,DEFICIT_ESTRUCTURAL_MEDIO,5623000.488420066,6184569.073827378,1,AMBA-E004,AMBA-E004 - INTEGRADO,51.6203,PRIORIDAD_3_MEDIA,ESCENARIO_INTEGRADO,LARGO_PLAZO,INTERVENCION_TERRITORIAL_MEDIA,"Orientar inversiones hacia deficit, articulando las dimensiones deficit, centralidad, integracion.","El escenario presenta un perfil integrado con predominio de deficit. La evaluación combina demanda, déficit, impacto y capacidades de conectividad e integración."
29,1,3,3,3,1,1,1,AUTOBUS|FERROCARRIL,2,1,0,1,0,0,AUTOBUS|FERROCARRIL,2,1,0,1,0,0,AUTOBUS|FERROCARRIL,2,1,0,1,0,0,15.278874536821952,3.819718634205488,0.954929658551372,0.0007747933884297521,0.18495368961100384,0.12590471182995822,0.4,1,0,0,0.3177714135489874,19.63,SOPORTE_FISICO_MUY_BAJO,113,MONOMODAL,50.0,70.13888888888889,85.41666666666666,23.26388888888889,46.18055555555556,50.34722222222222,54,44,54,10,63.0,INTERMODALIDAD_MEDIA,108,70.13888888888889,70.13888888888889,16.7796,12.5905,40.0,20.5945,30.1615,42.8819,59.6065,44.62,52.08,70,70,CENTRALIDAD_ESTRUCTURAL_MEDIA,CENTRALIDAD_ESTRUCTURAL_MEDIA,49.54,79.4055,DEFICIT_INFRAESTRUCTURAL,61.9,38,70.13888888888889,20.5945,30.1615,42.8819,MEDIO,ALTO,BAJO,BAJO,MEDIO,MEDIO,PRIORIDAD_ALTA,CENTRALIDAD_DEFICITARIA,INTEGRACION,DEMANDA,PERFIL_EQUILIBRADO,70,38,MEJORAR_INTERMODALIDAD,29.861111111111114,69.8385,57.1181,40.3935,61.688900000000004,63.03122444444444,IMPACTO_ALTO,66.70447,ALTA,65.73820466666666,PRIORIDAD_ALTA,AMPLIAR_INFRAESTRUCTURA,"Demanda 70.1/100 frente a infraestructura 20.6/100, con déficit infrastructural de 79.4 puntos.",35,20,35,"INTEGRACION, DEFICIT, DEMANDA",INTERVENCION_SELECTIVA,AMPLIACION_INFRAESTRUCTURA,ESCENARIO_CORTO_PLAZO,2-5 AÑOS,FASE_2,PRIORIDAD_2_ALTA,INTERVENCION_ESTRUCTURAL_MEDIA,INFRAESTRUCTURA | INTERMODALIDAD | CONECTIVIDAD,Incrementar la capacidad y disponibilidad de infraestructura de movilidad en una centralidad con elevada demanda y déficit de soporte físico.,"Centralidad clasificada como CENTRALIDAD_DEFICITARIA, con diagnóstico INTERVENCION_SELECTIVA. Presenta demanda estructural de 70.14, soporte de infraestructura de 20.59, déficit estructural promedio de 61.69 y score de prioridad territorial de 65.74. La intervención recomendada es AMPLIAR_INFRAESTRUCTURA.",65.47709743333333,33,18,5,AMBA-P033,AMBAC-029,ALTA,ALTA,ALTA,MEDIA,MEDIA,DEFICIT_ESTRUCTURAL_ALTO,5610905.396000568,6198830.145469859,5,AMBA-E005,AMBA-E005 - INTEGRADO,43.1479,PRIORIDAD_4_BAJA,ESCENARIO_INTEGRADO,LARGO_PLAZO,INTERVENCION_TERRITORIAL_MEDIA,"Orientar inversiones hacia integracion, articulando las dimensiones integracion, deficit, demanda.","El escenario presenta un perfil integrado con predominio de integracion. La evaluación combina demanda, déficit, impacto y capacidades de conectividad e integración."
80,4,49,64,116,4,5,8,AUTOBUS|FERROCARRIL,2,1,0,1,0,0,AUTOBUS|FERROCARRIL,2,1,0,1,0,0,AUTOBUS|FERROCARRIL,2,1,0,1,0,0,249.55495076809189,81.48733086305042,36.92394679731972,0.01652892561983471,0.518933586130455,0.3254589587445453,0.4,1,0,0,0.3776376876233636,36.55,SOPORTE_FISICO_BAJO,29,MONOMODAL,50.0,77.08333333333334,28.47222222222222,23.26388888888889,46.18055555555556,50.34722222222222,76,34,76,42,70.0,INTERMODALIDAD_MEDIA,16,77.08333333333334,77.08333333333334,50.5265,32.5459,40.0,40.9305,44.3518,52.6042,40.625,54.18,76.39,35,35,CENTRALIDAD_ESTRUCTURAL_MEDIA,CENTRALIDAD_ESTRUCTURAL_ALTA,36.15,59.0695,DEFICIT_INFRAESTRUCTURAL,60.71,40,77.08333333333334,40.9305,44.3518,52.6042,MEDIO,ALTO,MEDIO,MEDIO,MEDIO,BAJO,PRIORIDAD_ALTA,CENTRALIDAD_LOCAL,IMPACTO,DEMANDA,PERFIL_EQUILIBRADO,35,40,MEJORAR_INTERMODALIDAD,22.916666666666657,55.6482,47.3958,59.375,55.372125000000004,72.53309166666668,IMPACTO_ALTO,55.92526,MEDIA,65.8521025,PRIORIDAD_ALTA,AMPLIAR_INFRAESTRUCTURA,"Demanda 77.1/100 frente a infraestructura 40.9/100, con déficit infrastructural de 59.1 puntos.",33,18,33,"IMPACTO, DEMANDA, INTEGRACION",INTERVENCION_SELECTIVA,AMPLIACION_INFRAESTRUCTURA,ESCENARIO_CORTO_PLAZO,2-5 AÑOS,FASE_2,PRIORIDAD_2_ALTA,INTERVENCION_ESTRUCTURAL_MEDIA,INTEGRACION_TERRITORIAL | INFRAESTRUCTURA | INTERMODALIDAD,Incrementar la capacidad y disponibilidad de infraestructura de movilidad en una centralidad con elevada demanda y déficit de soporte físico.,"Centralidad clasificada como CENTRALIDAD_LOCAL, con diagnóstico INTERVENCION_SELECTIVA. Presenta demanda estructural de 77.08, soporte de infraestructura de 40.93, déficit estructural promedio de 55.37 y score de prioridad territorial de 65.85. La intervención recomendada es AMPLIAR_INFRAESTRUCTURA.",65.3652245,34,19,1,AMBA-P034,AMBAC-080,ALTA,MEDIA,MEDIA,MEDIA,MEDIA,DEFICIT_ESTRUCTURAL_MEDIO,5652233.221150281,6160718.227916603,4,AMBA-E001,AMBA-E001 - INTEGRADO,57.1597,PRIORIDAD_3_MEDIA,ESCENARIO_INTEGRADO,MEDIANO_PLAZO,INTERVENCION_TERRITORIAL_MEDIA,"Orientar inversiones hacia impacto, articulando las dimensiones impacto, demanda, integracion.","El escenario presenta un perfil integrado con predominio de impacto. La evaluación combina demanda, déficit, impacto y capacidades de conectividad e integración."
25,1,11,14,27,1,1,5,AUTOBUS|FERROCARRIL,2,1,0,1,0,0,AUTOBUS|FERROCARRIL,2,1,0,1,0,0,AUTOBUS|FERROCARRIL|FLUVIAL,3,1,0,1,1,0,56.02253996834716,17.82535362629228,8.594366926962348,0.003615702479338843,0.34518442464383275,0.12590471182995822,0.4,1,0,0,0.3177714135489874,25.28,SOPORTE_FISICO_BAJO,95,MONOMODAL,50.0,75.0,90.97222222222221,69.44444444444444,46.18055555555556,50.34722222222222,29,37,29,8,70.0,INTERMODALIDAD_MEDIA,16,75.0,75.0,32.778,12.5905,40.0,27.0415,39.3629,64.4965,61.4583,52.95,72.92,40,40,CENTRALIDAD_ESTRUCTURAL_MEDIA,CENTRALIDAD_ESTRUCTURAL_ALTA,47.96,72.9585,DEFICIT_INFRAESTRUCTURAL,64.18,32,75.0,27.0415,39.3629,64.4965,ALTO,ALTO,BAJO,BAJO,ALTO,MEDIO,PRIORIDAD_ALTA,CENTRALIDAD_DEFICITARIA,DEFICIT,DEMANDA,PERFIL_EQUILIBRADO,40,32,MEJORAR_INTERMODALIDAD,25.0,60.6371,35.5035,38.5417,51.910199999999996,69.75804000000001,IMPACTO_ALTO,57.224630000000005,MEDIA,65.82850400000001,PRIORIDAD_ALTA,AMPLIAR_INFRAESTRUCTURA,"Demanda 75.0/100 frente a infraestructura 27.0/100, con déficit infrastructural de 73.0 puntos.",34,19,34,"DEFICIT, CENTRALIDAD, INTEGRACION",INTERVENCION_SELECTIVA,AMPLIACION_INFRAESTRUCTURA,ESCENARIO_CORTO_PLAZO,2-5 AÑOS,FASE_2,PRIORIDAD_2_ALTA,INTERVENCION_ESTRUCTURAL_MEDIA,INFRAESTRUCTURA | INTERMODALIDAD | INTEGRACION_TERRITORIAL,Incrementar la capacidad y disponibilidad de infraestructura de movilidad en una centralidad con elevada demanda y déficit de soporte físico.,"Centralidad clasificada como CENTRALIDAD_DEFICITARIA, con diagnóstico INTERVENCION_SELECTIVA. Presenta demanda estructural de 75.00, soporte de infraestructura de 27.04, déficit estructural promedio de 51.91 y score de prioridad territorial de 65.83. La intervención recomendada es AMPLIAR_INFRAESTRUCTURA.",65.1273533,35,20,4,AMBA-P035,AMBAC-025,ALTA,ALTA,ALTA,MEDIA,MEDIA,DEFICIT_ESTRUCTURAL_MEDIO,5631540.966143816,6180771.803824982,1,AMBA-E004,AMBA-E004 - INTEGRADO,51.6203,PRIORIDAD_3_MEDIA,ESCENARIO_INTEGRADO,LARGO_PLAZO,INTERVENCION_TERRITORIAL_MEDIA,"Orientar inversiones hacia deficit, articulando las dimensiones deficit, centralidad, integracion.","El escenario presenta un perfil integrado con predominio de deficit. La evaluación combina demanda, déficit, impacto y capacidades de conectividad e integración."
47,2,7,8,22,1,1,1,AUTOBUS|FERROCARRIL,2,1,0,1,0,0,AUTOBUS|FERROCARRIL,2,1,0,1,0,0,AUTOBUS|FERROCARRIL,2,1,0,1,0,0,35.65070725258456,10.185916357881302,7.002817496043395,0.002066115702479339,0.28396708285127487,0.12590471182995822,0.4,1,0,0,0.3177714135489874,23.12,SOPORTE_FISICO_BAJO,103,INTERMODAL,100.0,74.30555555555556,61.111111111111114,23.26388888888889,46.18055555555556,50.34722222222222,42,38,42,4,68.0,INTERMODALIDAD_MEDIA,99,74.30555555555556,74.30555555555556,26.595,12.5905,40.0,24.5534,44.3976,62.934,68.1713,53.57,75.0,37,37,CENTRALIDAD_ESTRUCTURAL_MEDIA,CENTRALIDAD_ESTRUCTURAL_ALTA,49.75,75.4466,DEFICIT_INFRAESTRUCTURAL,64.48,30,74.30555555555556,24.5534,44.3976,62.934,ALTO,ALTO,BAJO,MEDIO,ALTO,MEDIO,PRIORIDAD_ALTA,CENTRALIDAD_DEFICITARIA,IMPACTO,DEMANDA,PERFIL_EQUILIBRADO,37,30,MEJORAR_INTERMODALIDAD,25.694444444444443,55.6024,37.066,31.828699999999998,49.985925,69.64996277777777,IMPACTO_ALTO,56.266745,MEDIA,65.51910016666666,PRIORIDAD_ALTA,AMPLIAR_INFRAESTRUCTURA,"Demanda 74.3/100 frente a infraestructura 24.6/100, con déficit infrastructural de 75.4 puntos.",36,21,36,"IMPACTO, DEMANDA, INTEGRACION",INTERVENCION_SELECTIVA,AMPLIACION_INFRAESTRUCTURA,ESCENARIO_CORTO_PLAZO,2-5 AÑOS,FASE_2,PRIORIDAD_2_ALTA,INTERVENCION_SELECTIVA,INFRAESTRUCTURA | INTERMODALIDAD | CONECTIVIDAD,Incrementar la capacidad y disponibilidad de infraestructura de movilidad en una centralidad con elevada demanda y déficit de soporte físico.,"Centralidad clasificada como CENTRALIDAD_DEFICITARIA, con diagnóstico INTERVENCION_SELECTIVA. Presenta demanda estructural de 74.31, soporte de infraestructura de 24.55, déficit estructural promedio de 49.99 y score de prioridad territorial de 65.52. La intervención recomendada es AMPLIAR_INFRAESTRUCTURA.",64.75087628333333,36,21,1,AMBA-P036,AMBAC-047,ALTA,ALTA,MEDIA,MEDIA,MEDIA,DEFICIT_ESTRUCTURAL_MEDIO,5647033.041496915,6148434.946062404,4,AMBA-E001,AMBA-E001 - INTEGRADO,57.1597,PRIORIDAD_3_MEDIA,ESCENARIO_INTEGRADO,MEDIANO_PLAZO,INTERVENCION_TERRITORIAL_MEDIA,"Orientar inversiones hacia impacto, articulando las dimensiones impacto, demanda, integracion.","El escenario presenta un perfil integrado con predominio de impacto. La evaluación combina demanda, déficit, impacto y capacidades de conectividad e integración."
27,1,41,56,87,1,2,3,AUTOBUS|FERROCARRIL,2,1,0,1,0,0,AUTOBUS|FERROCARRIL,2,1,0,1,0,0,AUTOBUS|FERROCARRIL,2,1,0,1,0,0,208.8112853365667,71.30141450516912,27.69296009798979,0.014462809917355372,0.503433589674143,0.19955424691458712,0.4,1,0,0,0.3398662740743761,32.83,SOPORTE_FISICO_BAJO,49,MONOMODAL,50.0,72.91666666666666,90.27777777777779,23.26388888888889,46.18055555555556,50.34722222222222,48,40,48,8,70.0,INTERMODALIDAD_MEDIA,16,72.91666666666666,72.91666666666666,48.9368,19.9554,40.0,36.039,41.2041,48.0903,61.2269,52.46,70.83,43,43,CENTRALIDAD_ESTRUCTURAL_MEDIA,CENTRALIDAD_ESTRUCTURAL_ALTA,36.88,63.961,DEFICIT_INFRAESTRUCTURAL,58.5,43,72.91666666666666,36.039,41.2041,48.0903,ALTO,ALTO,BAJO,MEDIO,MEDIO,BAJO,PRIORIDAD_MEDIA,CENTRALIDAD_LOCAL,DEFICIT,DEMANDA,PERFIL_EQUILIBRADO,43,43,MEJORAR_INTERMODALIDAD,27.083333333333343,58.7959,51.9097,38.7731,53.359925000000004,68.37931833333333,IMPACTO_ALTO,56.481280000000005,MEDIA,64.4328085,PRIORIDAD_ALTA,AMPLIAR_INFRAESTRUCTURA,"Demanda 72.9/100 frente a infraestructura 36.0/100, con déficit infrastructural de 64.0 puntos.",37,22,37,"DEFICIT, CENTRALIDAD, INTEGRACION",INTERVENCION_SELECTIVA,AMPLIACION_INFRAESTRUCTURA,ESCENARIO_MEDIANO_PLAZO,5-10 AÑOS,FASE_3,PRIORIDAD_2_ALTA,INTERVENCION_ESTRUCTURAL_MEDIA,INFRAESTRUCTURA | INTERMODALIDAD | CONECTIVIDAD,Incrementar la capacidad y disponibilidad de infraestructura de movilidad en una centralidad con elevada demanda y déficit de soporte físico.,"Centralidad clasificada como CENTRALIDAD_LOCAL, con diagnóstico INTERVENCION_SELECTIVA. Presenta demanda estructural de 72.92, soporte de infraestructura de 36.04, déficit estructural promedio de 53.36 y score de prioridad territorial de 64.43. La intervención recomendada es AMPLIAR_INFRAESTRUCTURA.",63.83205569999999,37,22,4,AMBA-P037,AMBAC-027,ALTA,ALTA,MEDIA,MEDIA,MEDIA,DEFICIT_ESTRUCTURAL_MEDIO,5622027.650340122,6164081.1188417,1,AMBA-E004,AMBA-E004 - INTEGRADO,51.6203,PRIORIDAD_3_MEDIA,ESCENARIO_INTEGRADO,LARGO_PLAZO,INTERVENCION_TERRITORIAL_MEDIA,"Orientar inversiones hacia deficit, articulando las dimensiones deficit, centralidad, integracion.","El escenario presenta un perfil integrado con predominio de deficit. La evaluación combina demanda, déficit, impacto y capacidades de conectividad e integración."
43,1,0,2,11,0,0,0,,0,0,0,0,0,0,AUTOBUS,1,0,0,1,0,0,AUTOBUS,1,0,0,1,0,0,0.0,2.5464790894703255,3.5014087480216975,0.0005165289256198347,0.14887822809865903,0.0,0.2,0,0,0,0.13999999999999999,10.22,SOPORTE_FISICO_MUY_BAJO,142,MONOMODAL,50.0,59.72222222222222,78.47222222222221,23.26388888888889,46.18055555555556,50.34722222222222,68,59,68,9,32.0,INTERMODALIDAD_BAJA,142,59.72222222222222,59.72222222222222,13.2975,0.0,20.0,10.1871,16.2847,41.8403,57.2917,35.73,30.56,101,101,CENTRALIDAD_ESTRUCTURAL_BAJA,CENTRALIDAD_ESTRUCTURAL_BAJA,49.54,89.8129,DEFICIT_INFRAESTRUCTURAL,55.65,48,59.72222222222222,10.1871,16.2847,41.8403,MEDIO,MEDIO,MUY_BAJO,MUY_BAJO,MEDIO,MEDIO,PRIORIDAD_MEDIA,CENTRALIDAD_LOCAL,INTEGRACION,DEMANDA,PERFIL_EQUILIBRADO,101,48,MANTENER_Y_OPTIMIZAR,40.27777777777778,83.7153,58.1597,42.7083,68.59905,52.74892111111111,IMPACTO_MEDIO,74.89217,ALTA,63.260707666666676,PRIORIDAD_ALTA,MEJORAR_CONECTIVIDAD,La conectividad constituye una de las principales restricciones estructurales de la centralidad.,43,1,43,"INTEGRACION, DEFICIT, DEMANDA",INTERVENCION_SELECTIVA,MEJORA_CONECTIVIDAD,ESCENARIO_MEDIANO_PLAZO,5-10 AÑOS,FASE_3,PRIORIDAD_2_ALTA,INTERVENCION_ESTRUCTURAL_MEDIA,INFRAESTRUCTURA | INTERMODALIDAD | CONECTIVIDAD,Mejorar la conectividad territorial y la accesibilidad estructural de la centralidad.,"Centralidad clasificada como CENTRALIDAD_LOCAL, con diagnóstico INTERVENCION_SELECTIVA. Presenta demanda estructural de 59.72, soporte de infraestructura de 10.19, déficit estructural promedio de 68.60 y score de prioridad territorial de 63.26. La intervención recomendada es MEJORAR_CONECTIVIDAD.",63.42865903333334,38,1,5,AMBA-P038,AMBAC-043,MEDIA,ALTA,ALTA,MEDIA,MEDIA,DEFICIT_ESTRUCTURAL_MEDIO,5620142.719089341,6182288.95339497,5,AMBA-E005,AMBA-E005 - INTEGRADO,43.1479,PRIORIDAD_4_BAJA,ESCENARIO_INTEGRADO,LARGO_PLAZO,INTERVENCION_TERRITORIAL_MEDIA,"Orientar inversiones hacia integracion, articulando las dimensiones integracion, deficit, demanda.","El escenario presenta un perfil integrado con predominio de integracion. La evaluación combina demanda, déficit, impacto y capacidades de conectividad e integración."
31,1,7,9,18,0,1,1,AUTOBUS,1,0,0,1,0,0,AUTOBUS|FERROCARRIL,2,1,0,1,0,0,AUTOBUS|FERROCARRIL,2,1,0,1,0,0,35.65070725258456,11.459155902616464,5.729577951308232,0.0023243801652892563,0.29664455240180393,0.12590471182995822,0.4,1,0,0,0.3177714135489874,23.57,SOPORTE_FISICO_BAJO,101,MONOMODAL,50.0,69.44444444444444,84.72222222222221,69.44444444444444,46.18055555555556,50.34722222222222,33,45,33,12,69.0,INTERMODALIDAD_MEDIA,97,69.44444444444444,69.44444444444444,27.8703,12.5905,40.0,25.0673,32.158,64.4965,59.375,49.14,61.81,56,56,CENTRALIDAD_ESTRUCTURAL_MEDIA,CENTRALIDAD_ESTRUCTURAL_ALTA,44.38,74.9327,DEFICIT_INFRAESTRUCTURAL,59.42,42,69.44444444444444,25.0673,32.158,64.4965,MEDIO,ALTO,BAJO,BAJO,ALTO,MEDIO,PRIORIDAD_MEDIA,CENTRALIDAD_LOCAL,DEFICIT,DEMANDA,PERFIL_EQUILIBRADO,56,42,MANTENER_Y_OPTIMIZAR,30.555555555555557,67.842,35.5035,40.625,54.7258,64.21038222222222,IMPACTO_ALTO,60.12803,ALTA,63.79808933333334,PRIORIDAD_ALTA,MEJORAR_INTERMODALIDAD,Existe un déficit relevante de intermodalidad respecto del potencial estructural de la centralidad.,41,2,41,"DEFICIT, CENTRALIDAD, INTEGRACION",INTERVENCION_SELECTIVA,MEJORA_INTERMODAL,ESCENARIO_MEDIANO_PLAZO,5-10 AÑOS,FASE_3,PRIORIDAD_2_ALTA,INTERVENCION_ESTRUCTURAL_MEDIA,INFRAESTRUCTURA | INTERMODALIDAD | INTEGRACION_TERRITORIAL,Mejorar las condiciones de intercambio entre modos de transporte y fortalecer la articulación intermodal.,"Centralidad clasificada como CENTRALIDAD_LOCAL, con diagnóstico INTERVENCION_SELECTIVA. Presenta demanda estructural de 69.44, soporte de infraestructura de 25.07, déficit estructural promedio de 54.73 y score de prioridad territorial de 63.80. La intervención recomendada es MEJORAR_INTERMODALIDAD.",63.30942436666667,39,2,4,AMBA-P039,AMBAC-031,MEDIA,ALTA,ALTA,MEDIA,MEDIA,DEFICIT_ESTRUCTURAL_MEDIO,5627156.3894773815,6183447.932780922,1,AMBA-E004,AMBA-E004 - INTEGRADO,51.6203,PRIORIDAD_3_MEDIA,ESCENARIO_INTEGRADO,LARGO_PLAZO,INTERVENCION_TERRITORIAL_MEDIA,"Orientar inversiones hacia deficit, articulando las dimensiones deficit, centralidad, integracion.","El escenario presenta un perfil integrado con predominio de deficit. La evaluación combina demanda, déficit, impacto y capacidades de conectividad e integración."
67,3,74,118,211,6,11,17,AUTOBUS|FERROCARRIL,2,1,0,1,0,0,AUTOBUS|FERROCARRIL,2,1,0,1,0,0,AUTOBUS|FERROCARRIL|FLUVIAL,3,1,0,1,1,0,376.87890524160815,150.2422662787492,67.16338598477984,0.030475206611570247,0.5902281063005388,0.45136367057450355,0.4,1,0,0,0.415409101172351,42.4,SOPORTE_FISICO_MEDIO,11,INTERMODAL,100.0,80.55555555555556,50.69444444444444,23.26388888888889,46.18055555555556,50.34722222222222,40,29,40,11,70.0,INTERMODALIDAD_MEDIA,16,80.55555555555556,80.55555555555556,57.8461,45.1364,40.0,48.1471,59.9994,52.2569,64.6991,62.51,90.28,15,15,CENTRALIDAD_ESTRUCTURAL_ALTA,CENTRALIDAD_ESTRUCTURAL_MUY_ALTA,32.41,51.8529,DEFICIT_INFRAESTRUCTURAL,61.3,39,80.55555555555556,48.1471,59.9994,52.2569,ALTO,MUY_ALTO,MEDIO,MEDIO,MEDIO,BAJO,PRIORIDAD_MEDIA,CENTRALIDAD_LOCAL,DEFICIT,DEMANDA,ALTA_DEMANDA_BAJO_SOPORTE,15,39,MANTENER_Y_OPTIMIZAR,19.444444444444443,40.0006,47.7431,35.3009,43.724374999999995,76.10665277777777,IMPACTO_MUY_ALTO,45.585065,MEDIA,64.20157916666668,PRIORIDAD_ALTA,AMPLIAR_INFRAESTRUCTURA,"Demanda 80.6/100 frente a infraestructura 48.1/100, con déficit infrastructural de 51.9 puntos.",38,23,38,"DEFICIT, IMPACTO, DEMANDA",ALTA_DEMANDA_BAJO_SOPORTE,AMPLIACION_INFRAESTRUCTURA,ESCENARIO_MEDIANO_PLAZO,5-10 AÑOS,FASE_3,PRIORIDAD_2_ALTA,INTERVENCION_SELECTIVA,INFRAESTRUCTURA | CONECTIVIDAD | INTERMODALIDAD,Incrementar la capacidad y disponibilidad de infraestructura de movilidad en una centralidad con elevada demanda y déficit de soporte físico.,"Centralidad clasificada como CENTRALIDAD_LOCAL, con diagnóstico ALTA_DEMANDA_BAJO_SOPORTE. Presenta demanda estructural de 80.56, soporte de infraestructura de 48.15, déficit estructural promedio de 43.72 y score de prioridad territorial de 64.20. La intervención recomendada es AMPLIAR_INFRAESTRUCTURA.",63.194863083333345,40,23,2,AMBA-P040,AMBAC-067,ALTA,MEDIA,MEDIA,MEDIA,MEDIA,ALTO_IMPACTO_POTENCIAL,5631874.034677555,6170323.888699506,6,AMBA-E002,AMBA-E002 - DEFICIT,56.5789,PRIORIDAD_3_MEDIA,ESCENARIO_DEFICIT,CORTO_PLAZO,ALTA_URGENCIA,"Orientar inversiones hacia deficit, articulando las dimensiones deficit, impacto, demanda.","El escenario presenta un perfil deficit con predominio de deficit. La evaluación combina demanda, déficit, impacto y capacidades de conectividad e integración."
63,3,220,281,302,1,2,5,AUTOBUS|FERROCARRIL,2,1,0,1,0,0,AUTOBUS|FERROCARRIL|FLUVIAL,3,1,0,1,1,0,AUTOBUS|FERROCARRIL|FLUVIAL,3,1,0,1,1,0,1120.450799366943,357.78031207058075,96.12958562750478,0.07257231404958678,0.6918154816838336,0.19955424691458712,0.6,1,0,1,0.4798662740743761,45.29,SOPORTE_FISICO_MEDIO,5,INTERMODAL,100.0,81.94444444444444,55.55555555555556,69.44444444444444,46.18055555555556,50.34722222222222,18,27,18,9,85.0,INTERMODALIDAD_MUY_ALTA,3,81.94444444444444,81.94444444444444,68.2892,19.9554,60.0,48.6813,66.8639,55.816,66.3194,65.13,95.14,8,8,CENTRALIDAD_ESTRUCTURAL_ALTA,CENTRALIDAD_ESTRUCTURAL_MUY_ALTA,33.26,51.3187,DEFICIT_INFRAESTRUCTURAL,62.47,35,81.94444444444444,48.6813,66.8639,55.816,ALTO,MUY_ALTO,MEDIO,ALTO,MEDIO,BAJO,PRIORIDAD_MEDIA,CENTRALIDAD_LOCAL,DEFICIT,DEMANDA,ALTA_DEMANDA_BAJO_SOPORTE,8,35,MANTENER_Y_OPTIMIZAR,18.055555555555557,33.1361,44.184,33.6806,40.57985,77.63019222222222,IMPACTO_MUY_ALTO,42.700395,MEDIA,63.85671533333334,PRIORIDAD_ALTA,AMPLIAR_INFRAESTRUCTURA,"Demanda 81.9/100 frente a infraestructura 48.7/100, con déficit infrastructural de 51.3 puntos.",40,25,40,"DEFICIT, IMPACTO, DEMANDA",ALTA_DEMANDA_BAJO_SOPORTE,AMPLIACION_INFRAESTRUCTURA,ESCENARIO_MEDIANO_PLAZO,5-10 AÑOS,FASE_3,PRIORIDAD_2_ALTA,INTERVENCION_SELECTIVA,INFRAESTRUCTURA | CONECTIVIDAD | INTEGRACION_TERRITORIAL,Incrementar la capacidad y disponibilidad de infraestructura de movilidad en una centralidad con elevada demanda y déficit de soporte físico.,"Centralidad clasificada como CENTRALIDAD_LOCAL, con diagnóstico ALTA_DEMANDA_BAJO_SOPORTE. Presenta demanda estructural de 81.94, soporte de infraestructura de 48.68, déficit estructural promedio de 40.58 y score de prioridad territorial de 63.86. La intervención recomendada es AMPLIAR_INFRAESTRUCTURA.",62.74928881666667,41,24,2,AMBA-P041,AMBAC-063,ALTA,MEDIA,MEDIA,MEDIA,MEDIA,ALTO_IMPACTO_POTENCIAL,5636529.021919156,6184905.793176831,6,AMBA-E002,AMBA-E002 - DEFICIT,56.5789,PRIORIDAD_3_MEDIA,ESCENARIO_DEFICIT,CORTO_PLAZO,ALTA_URGENCIA,"Orientar inversiones hacia deficit, articulando las dimensiones deficit, impacto, demanda.","El escenario presenta un perfil deficit con predominio de deficit. La evaluación combina demanda, déficit, impacto y capacidades de conectividad e integración."
33,1,16,16,17,1,1,2,AUTOBUS|FERROCARRIL,2,1,0,1,0,0,AUTOBUS|FERROCARRIL,2,1,0,1,0,0,AUTOBUS|FERROCARRIL,2,1,0,1,0,0,81.48733086305042,20.371832715762604,5.411268065124442,0.004132231404958678,0.360104439427627,0.12590471182995822,0.4,1,0,0,0.3177714135489874,25.81,SOPORTE_FISICO_BAJO,90,MONOMODAL,50.0,67.36111111111111,84.02777777777779,23.26388888888889,46.18055555555556,50.34722222222222,57,48,57,9,70.0,INTERMODALIDAD_MEDIA,16,67.36111111111111,67.36111111111111,34.293,12.5905,40.0,27.6512,39.3629,43.2292,59.1435,47.39,56.6,63,63,CENTRALIDAD_ESTRUCTURAL_MEDIA,CENTRALIDAD_ESTRUCTURAL_MEDIA,39.71,72.3488,DEFICIT_INFRAESTRUCTURAL,56.3,46,67.36111111111111,27.6512,39.3629,43.2292,MEDIO,ALTO,BAJO,BAJO,MEDIO,BAJO,PRIORIDAD_MEDIA,CENTRALIDAD_LOCAL,INTEGRACION,DEMANDA,PERFIL_EQUILIBRADO,64,46,MANTENER_Y_OPTIMIZAR,32.638888888888886,60.6371,56.7708,40.8565,57.6533,62.19121555555556,IMPACTO_ALTO,61.581430000000005,ALTA,62.83462933333334,PRIORIDAD_ALTA,MEJORAR_INTERMODALIDAD,Existe un déficit relevante de intermodalidad respecto del potencial estructural de la centralidad.,44,3,44,"INTEGRACION, DEFICIT, DEMANDA",INTERVENCION_SELECTIVA,MEJORA_INTERMODAL,ESCENARIO_MEDIANO_PLAZO,5-10 AÑOS,FASE_3,PRIORIDAD_2_ALTA,INTERVENCION_ESTRUCTURAL_MEDIA,INFRAESTRUCTURA | INTERMODALIDAD | CONECTIVIDAD,Mejorar las condiciones de intercambio entre modos de transporte y fortalecer la articulación intermodal.,"Centralidad clasificada como CENTRALIDAD_LOCAL, con diagnóstico INTERVENCION_SELECTIVA. Presenta demanda estructural de 67.36, soporte de infraestructura de 27.65, déficit estructural promedio de 57.65 y score de prioridad territorial de 62.83. La intervención recomendada es MEJORAR_INTERMODALIDAD.",62.55013736666667,42,3,5,AMBA-P042,AMBAC-033,MEDIA,ALTA,ALTA,MEDIA,MEDIA,DEFICIT_ESTRUCTURAL_MEDIO,5606419.657755433,6183196.797940403,5,AMBA-E005,AMBA-E005 - INTEGRADO,43.1479,PRIORIDAD_4_BAJA,ESCENARIO_INTEGRADO,LARGO_PLAZO,INTERVENCION_TERRITORIAL_MEDIA,"Orientar inversiones hacia integracion, articulando las dimensiones integracion, deficit, demanda.","El escenario presenta un perfil integrado con predominio de integracion. La evaluación combina demanda, déficit, impacto y capacidades de conectividad e integración."
54,3,91,141,277,6,9,18,AUTOBUS|FERROCARRIL,2,1,0,1,0,0,AUTOBUS|FERROCARRIL,2,1,0,1,0,0,AUTOBUS|FERROCARRIL,2,1,0,1,0,0,463.45919428359923,179.52677580765794,88.17183847291003,0.036415289256198344,0.611043116456841,0.41824639950663545,0.4,1,0,0,0.4054739198519906,42.39,SOPORTE_FISICO_MEDIO,12,INTERMODAL,100.0,81.25,54.861111111111114,69.44444444444444,46.18055555555556,50.34722222222222,19,28,19,9,70.0,INTERMODALIDAD_MEDIA,16,81.25,81.25,59.9849,41.8246,40.0,47.9006,59.1714,67.4479,66.088,64.91,94.44,9,9,CENTRALIDAD_ESTRUCTURAL_ALTA,CENTRALIDAD_ESTRUCTURAL_MUY_ALTA,33.35,52.0994,DEFICIT_INFRAESTRUCTURAL,62.09,36,81.25,47.9006,59.1714,67.4479,ALTO,MUY_ALTO,MEDIO,MEDIO,ALTO,BAJO,PRIORIDAD_MEDIA,CENTRALIDAD_LOCAL,DEFICIT,DEMANDA,ALTA_DEMANDA_BAJO_SOPORTE,9,36,MANTENER_Y_OPTIMIZAR,18.75,40.8286,32.552099999999996,33.912000000000006,39.848025,76.926605,IMPACTO_MUY_ALTO,42.64413000000001,MEDIA,63.6661405,PRIORIDAD_ALTA,AMPLIAR_INFRAESTRUCTURA,"Demanda 81.2/100 frente a infraestructura 47.9/100, con déficit infrastructural de 52.1 puntos.",42,26,42,"DEFICIT, IMPACTO, DEMANDA",ALTA_DEMANDA_BAJO_SOPORTE,AMPLIACION_INFRAESTRUCTURA,ESCENARIO_MEDIANO_PLAZO,5-10 AÑOS,FASE_3,PRIORIDAD_2_ALTA,INTERVENCION_SELECTIVA,INFRAESTRUCTURA | INTERMODALIDAD | INTEGRACION_TERRITORIAL,Incrementar la capacidad y disponibilidad de infraestructura de movilidad en una centralidad con elevada demanda y déficit de soporte físico.,"Centralidad clasificada como CENTRALIDAD_LOCAL, con diagnóstico ALTA_DEMANDA_BAJO_SOPORTE. Presenta demanda estructural de 81.25, soporte de infraestructura de 47.90, déficit estructural promedio de 39.85 y score de prioridad territorial de 63.67. La intervención recomendada es AMPLIAR_INFRAESTRUCTURA.",62.50190859999999,43,25,2,AMBA-P043,AMBAC-054,ALTA,MEDIA,MEDIA,MEDIA,MEDIA,ALTO_IMPACTO_POTENCIAL,5637789.609019409,6170800.8817267725,6,AMBA-E002,AMBA-E002 - DEFICIT,56.5789,PRIORIDAD_3_MEDIA,ESCENARIO_DEFICIT,CORTO_PLAZO,ALTA_URGENCIA,"Orientar inversiones hacia deficit, articulando las dimensiones deficit, impacto, demanda.","El escenario presenta un perfil deficit con predominio de deficit. La evaluación combina demanda, déficit, impacto y capacidades de conectividad e integración."
6,4,145,223,408,7,9,17,AUTOBUS|FERROCARRIL|FLUVIAL,3,1,0,1,1,0,AUTOBUS|FERROCARRIL|FLUVIAL,3,1,0,1,1,0,AUTOBUS|FERROCARRIL|FLUVIAL|TRANVIA,4,1,0,1,1,1,738.4789359463944,283.9324184759413,129.8704335629866,0.05759297520661157,0.6647132504735409,0.41824639950663545,0.6,1,0,1,0.5454739198519907,49.59,SOPORTE_FISICO_MEDIO,2,INTERMODAL,100.0,99.30555555555556,95.83333333333334,95.83333333333334,95.48611111111111,50.34722222222222,1,2,1,1,85.0,INTERMODALIDAD_MUY_ALTA,3,99.30555555555556,99.30555555555556,65.5021,41.8246,60.0,54.9116,72.3312,83.941,79.7454,78.55,99.31,2,2,CENTRALIDAD_ESTRUCTURAL_ALTA,CENTRALIDAD_ESTRUCTURAL_MUY_ALTA,44.39,45.0884,CENTRALIDAD_ESTRATEGICA,77.34,11,99.30555555555556,54.9116,72.3312,83.941,ALTO,MUY_ALTO,MEDIO,ALTO,MUY_ALTO,MEDIO,PRIORIDAD_ALTA,CENTRALIDAD_ESTRATEGICA,DEFICIT,DEMANDA|CONECTIVIDAD|TERRITORIAL,FUERTE_CONECTIVIDAD,2,11,MANTENER_Y_OPTIMIZAR,0.6944444444444429,27.668800000000005,16.058999999999997,20.254599999999996,27.2677,84.89931777777778,IMPACTO_MUY_ALTO,31.202550000000002,BAJA,63.99945066666667,PRIORIDAD_ALTA,AMPLIAR_INFRAESTRUCTURA,"Demanda 99.3/100 frente a infraestructura 54.9/100, con déficit infrastructural de 45.1 puntos.",39,24,39,"DEFICIT, IMPACTO, DEMANDA",CENTRALIDAD_CONSOLIDADA,AMPLIACION_INFRAESTRUCTURA,ESCENARIO_MEDIANO_PLAZO,5-10 AÑOS,FASE_3,PRIORIDAD_2_ALTA,INTERVENCION_OPTIMIZACION,INFRAESTRUCTURA,Incrementar la capacidad y disponibilidad de infraestructura de movilidad en una centralidad con elevada demanda y déficit de soporte físico.,"Centralidad clasificada como CENTRALIDAD_ESTRATEGICA, con diagnóstico CENTRALIDAD_CONSOLIDADA. Presenta demanda estructural de 99.31, soporte de infraestructura de 54.91, déficit estructural promedio de 27.27 y score de prioridad territorial de 64.00. La intervención recomendada es AMPLIAR_INFRAESTRUCTURA.",62.214895633333335,44,26,2,AMBA-P044,AMBAC-006,ALTA,MEDIA,BAJA,BAJA,BAJA,ALTO_IMPACTO_POTENCIAL,5634531.773529981,6166473.914026101,6,AMBA-E002,AMBA-E002 - DEFICIT,56.5789,PRIORIDAD_3_MEDIA,ESCENARIO_DEFICIT,CORTO_PLAZO,ALTA_URGENCIA,"Orientar inversiones hacia deficit, articulando las dimensiones deficit, impacto, demanda.","El escenario presenta un perfil deficit con predominio de deficit. La evaluación combina demanda, déficit, impacto y capacidades de conectividad e integración."
48,1,8,9,20,0,0,0,AUTOBUS,1,0,0,1,0,0,AUTOBUS,1,0,0,1,0,0,AUTOBUS|FERROCARRIL,2,1,0,1,0,0,40.74366543152521,11.459155902616464,6.366197723675814,0.0023243801652892563,0.29664455240180393,0.0,0.2,0,0,0,0.13999999999999999,15.42,SOPORTE_FISICO_MUY_BAJO,129,MONOMODAL,50.0,56.94444444444444,75.0,23.26388888888889,46.18055555555556,50.34722222222222,72,63,72,9,39.0,INTERMODALIDAD_BAJA,129,56.94444444444444,56.94444444444444,27.8703,0.0,20.0,16.0676,18.3681,31.8576,56.1343,35.17,28.47,104,104,CENTRALIDAD_ESTRUCTURAL_BAJA,CENTRALIDAD_ESTRUCTURAL_BAJA,40.88,83.9324,DEFICIT_INFRAESTRUCTURAL,50.52,53,56.94444444444444,16.0676,18.3681,31.8576,MEDIO,MEDIO,MUY_BAJO,MUY_BAJO,BAJO,MEDIO,PRIORIDAD_MEDIA,CENTRALIDAD_LOCAL,INTEGRACION,DEMANDA,PERFIL_EQUILIBRADO,104,53,MANTENER_Y_OPTIMIZAR,43.05555555555556,81.6319,68.1424,43.8657,69.3931,50.89184222222222,IMPACTO_MEDIO,74.18927,ALTA,61.634585333333334,PRIORIDAD_ALTA,MEJORAR_CONECTIVIDAD,La conectividad constituye una de las principales restricciones estructurales de la centralidad.,48,2,48,"INTEGRACION, DEFICIT, DEMANDA",INTERVENCION_SELECTIVA,MEJORA_CONECTIVIDAD,ESCENARIO_MEDIANO_PLAZO,5-10 AÑOS,FASE_3,PRIORIDAD_2_ALTA,INTERVENCION_ESTRUCTURAL_MEDIA,INFRAESTRUCTURA | INTERMODALIDAD | CONECTIVIDAD,Mejorar la conectividad territorial y la accesibilidad estructural de la centralidad.,"Centralidad clasificada como CENTRALIDAD_LOCAL, con diagnóstico INTERVENCION_SELECTIVA. Presenta demanda estructural de 56.94, soporte de infraestructura de 16.07, déficit estructural promedio de 69.39 y score de prioridad territorial de 61.63. La intervención recomendada es MEJORAR_CONECTIVIDAD.",61.906376566666665,45,2,5,AMBA-P045,AMBAC-048,MEDIA,ALTA,ALTA,ALTA,MEDIA,DEFICIT_ESTRUCTURAL_MEDIO,5618905.229390912,6182557.915837571,5,AMBA-E005,AMBA-E005 - INTEGRADO,43.1479,PRIORIDAD_4_BAJA,ESCENARIO_INTEGRADO,LARGO_PLAZO,INTERVENCION_TERRITORIAL_MEDIA,"Orientar inversiones hacia integracion, articulando las dimensiones integracion, deficit, demanda.","El escenario presenta un perfil integrado con predominio de integracion. La evaluación combina demanda, déficit, impacto y capacidades de conectividad e integración."
41,2,18,26,39,2,3,4,AUTOBUS|FERROCARRIL,2,1,0,1,0,0,AUTOBUS|FERROCARRIL,2,1,0,1,0,0,AUTOBUS|FERROCARRIL,2,1,0,1,0,0,91.67324722093171,33.10422816311423,12.414085561167836,0.006714876033057851,0.41506520603744346,0.25180942365991643,0.4,1,0,0,0.3555428270979749,30.92,SOPORTE_FISICO_BAJO,61,INTERMODAL,100.0,71.52777777777779,59.02777777777778,69.44444444444444,46.18055555555556,50.34722222222222,24,42,24,18,70.0,INTERMODALIDAD_MEDIA,16,71.52777777777779,71.52777777777779,39.8926,25.1809,40.0,34.1547,55.0105,58.4201,67.4769,56.51,79.17,31,31,CENTRALIDAD_ESTRUCTURAL_MEDIA,CENTRALIDAD_ESTRUCTURAL_ALTA,37.37,65.84530000000001,DEFICIT_INFRAESTRUCTURAL,57.86,44,71.52777777777779,34.1547,55.0105,58.4201,ALTO,ALTO,BAJO,MEDIO,MEDIO,BAJO,PRIORIDAD_MEDIA,CENTRALIDAD_LOCAL,IMPACTO,DEMANDA,PERFIL_EQUILIBRADO,31,44,MANTENER_Y_OPTIMIZAR,28.472222222222214,44.9895,41.5799,32.5231,46.23445,68.7617788888889,IMPACTO_ALTO,50.77994,MEDIA,62.33525233333334,PRIORIDAD_ALTA,AMPLIAR_INFRAESTRUCTURA,"Demanda 71.5/100 frente a infraestructura 34.2/100, con déficit infrastructural de 65.8 puntos.",45,27,45,"IMPACTO, DEMANDA, INTEGRACION",INTERVENCION_SELECTIVA,AMPLIACION_INFRAESTRUCTURA,ESCENARIO_MEDIANO_PLAZO,5-10 AÑOS,FASE_3,PRIORIDAD_2_ALTA,INTERVENCION_SELECTIVA,INFRAESTRUCTURA | INTERMODALIDAD | CONECTIVIDAD,Incrementar la capacidad y disponibilidad de infraestructura de movilidad en una centralidad con elevada demanda y déficit de soporte físico.,"Centralidad clasificada como CENTRALIDAD_LOCAL, con diagnóstico INTERVENCION_SELECTIVA. Presenta demanda estructural de 71.53, soporte de infraestructura de 34.15, déficit estructural promedio de 46.23 y score de prioridad territorial de 62.34. La intervención recomendada es AMPLIAR_INFRAESTRUCTURA.",61.56593446666667,46,27,1,AMBA-P046,AMBAC-041,ALTA,ALTA,MEDIA,MEDIA,MEDIA,DEFICIT_ESTRUCTURAL_MEDIO,5657571.797205933,6158335.369212735,4,AMBA-E001,AMBA-E001 - INTEGRADO,57.1597,PRIORIDAD_3_MEDIA,ESCENARIO_INTEGRADO,MEDIANO_PLAZO,INTERVENCION_TERRITORIAL_MEDIA,"Orientar inversiones hacia impacto, articulando las dimensiones impacto, demanda, integracion.","El escenario presenta un perfil integrado con predominio de impacto. La evaluación combina demanda, déficit, impacto y capacidades de conectividad e integración."
35,1,7,10,21,1,2,3,AUTOBUS|FERROCARRIL,2,1,0,1,0,0,AUTOBUS|FERROCARRIL,2,1,0,1,0,0,AUTOBUS|FERROCARRIL,2,1,0,1,0,0,35.65070725258456,12.732395447351628,6.684507609859605,0.0025826446280991736,0.30808740138835516,0.19955424691458712,0.4,1,0,0,0.3398662740743761,25.81,SOPORTE_FISICO_BAJO,90,MONOMODAL,50.0,65.97222222222221,82.63888888888889,23.26388888888889,46.18055555555556,50.34722222222222,59,50,59,9,70.0,INTERMODALIDAD_MEDIA,16,65.97222222222221,65.97222222222221,29.0239,19.9554,40.0,28.0165,41.2041,54.9479,58.6806,49.15,62.5,55,55,CENTRALIDAD_ESTRUCTURAL_MEDIA,CENTRALIDAD_ESTRUCTURAL_ALTA,37.96,71.98349999999999,DEFICIT_INFRAESTRUCTURAL,54.77,50,65.97222222222221,28.0165,41.2041,54.9479,MEDIO,ALTO,BAJO,MEDIO,MEDIO,BAJO,PRIORIDAD_MEDIA,CENTRALIDAD_LOCAL,DEFICIT,DEMANDA,PERFIL_EQUILIBRADO,55,50,MANTENER_Y_OPTIMIZAR,34.027777777777786,58.7959,45.0521,41.3194,54.287725,62.59365611111111,IMPACTO_ALTO,58.700705,MEDIA,61.914686166666655,PRIORIDAD_ALTA,MEJORAR_INTERMODALIDAD,Existe un déficit relevante de intermodalidad respecto del potencial estructural de la centralidad.,46,4,46,"DEFICIT, CENTRALIDAD, INTEGRACION",INTERVENCION_SELECTIVA,MEJORA_INTERMODAL,ESCENARIO_MEDIANO_PLAZO,5-10 AÑOS,FASE_3,PRIORIDAD_2_ALTA,INTERVENCION_ESTRUCTURAL_MEDIA,INFRAESTRUCTURA | INTERMODALIDAD | CONECTIVIDAD,Mejorar las condiciones de intercambio entre modos de transporte y fortalecer la articulación intermodal.,"Centralidad clasificada como CENTRALIDAD_LOCAL, con diagnóstico INTERVENCION_SELECTIVA. Presenta demanda estructural de 65.97, soporte de infraestructura de 28.02, déficit estructural promedio de 54.29 y score de prioridad territorial de 61.91. La intervención recomendada es MEJORAR_INTERMODALIDAD.",61.53443448333333,47,4,4,AMBA-P047,AMBAC-035,MEDIA,ALTA,MEDIA,MEDIA,MEDIA,DEFICIT_ESTRUCTURAL_MEDIO,5624634.773699662,6181596.144695635,1,AMBA-E004,AMBA-E004 - INTEGRADO,51.6203,PRIORIDAD_3_MEDIA,ESCENARIO_INTEGRADO,LARGO_PLAZO,INTERVENCION_TERRITORIAL_MEDIA,"Orientar inversiones hacia deficit, articulando las dimensiones deficit, centralidad, integracion.","El escenario presenta un perfil integrado con predominio de deficit. La evaluación combina demanda, déficit, impacto y capacidades de conectividad e integración."
65,2,22,30,58,0,0,0,AUTOBUS,1,0,0,1,0,0,AUTOBUS,1,0,0,1,0,0,AUTOBUS,1,0,0,1,0,0,112.04507993669432,38.197186342054884,18.46197339865986,0.007747933884297521,0.4314334042643508,0.0,0.2,0,0,0,0.13999999999999999,20.22,SOPORTE_FISICO_BAJO,110,MONOMODAL,50.0,60.416666666666664,50.0,69.44444444444444,95.48611111111111,50.34722222222222,38,58,38,20,40.0,INTERMODALIDAD_BAJA,115,60.416666666666664,60.416666666666664,41.5647,0.0,20.0,21.5807,19.8438,53.2118,47.8009,40.25,38.89,89,89,CENTRALIDAD_ESTRUCTURAL_MEDIA,CENTRALIDAD_ESTRUCTURAL_BAJA,38.84,78.41929999999999,DEFICIT_INFRAESTRUCTURAL,51.79,52,60.416666666666664,21.5807,19.8438,53.2118,MEDIO,ALTO,BAJO,MUY_BAJO,MEDIO,BAJO,PRIORIDAD_MEDIA,CENTRALIDAD_LOCAL,INTERMODALIDAD,DEMANDA,PERFIL_EQUILIBRADO,89,52,MANTENER_Y_OPTIMIZAR,39.583333333333336,80.1562,46.7882,52.1991,64.3907,54.75347333333333,IMPACTO_MEDIO,68.594275,ALTA,61.409079,PRIORIDAD_ALTA,MEJORAR_INTERMODALIDAD,Existe un déficit relevante de intermodalidad respecto del potencial estructural de la centralidad.,50,6,50,"INTERMODALIDAD, CENTRALIDAD, DEMANDA",INTERVENCION_SELECTIVA,MEJORA_INTERMODAL,ESCENARIO_MEDIANO_PLAZO,5-10 AÑOS,FASE_3,PRIORIDAD_2_ALTA,INTERVENCION_ESTRUCTURAL_MEDIA,INTERMODALIDAD | INFRAESTRUCTURA | INTEGRACION_TERRITORIAL,Mejorar las condiciones de intercambio entre modos de transporte y fortalecer la articulación intermodal.,"Centralidad clasificada como CENTRALIDAD_LOCAL, con diagnóstico INTERVENCION_SELECTIVA. Presenta demanda estructural de 60.42, soporte de infraestructura de 21.58, déficit estructural promedio de 64.39 y score de prioridad territorial de 61.41. La intervención recomendada es MEJORAR_INTERMODALIDAD.",61.48851755,48,5,6,AMBA-P048,AMBAC-065,MEDIA,ALTA,ALTA,MEDIA,MEDIA,DEFICIT_ESTRUCTURAL_MEDIO,5652389.40783268,6156885.734499496,2,AMBA-E006,AMBA-E006 - INTEGRADO,39.2859,PRIORIDAD_4_BAJA,ESCENARIO_INTEGRADO,LARGO_PLAZO,INTERVENCION_TERRITORIAL_MEDIA,"Orientar inversiones hacia intermodalidad, articulando las dimensiones intermodalidad, centralidad, demanda.","El escenario presenta un perfil integrado con predominio de intermodalidad. La evaluación combina demanda, déficit, impacto y capacidades de conectividad e integración."
34,1,10,19,41,0,1,5,AUTOBUS,1,0,0,1,0,0,AUTOBUS|FERROCARRIL,2,1,0,1,0,0,AUTOBUS|FERROCARRIL|FLUVIAL,3,1,0,1,1,0,50.92958178940651,24.19155134996809,13.050705333535419,0.00490702479338843,0.3794422222409767,0.12590471182995822,0.4,1,0,0,0.3177714135489874,26.5,SOPORTE_FISICO_BAJO,86,MONOMODAL,50.0,66.66666666666666,83.33333333333334,69.44444444444444,46.18055555555556,50.34722222222222,36,49,36,13,70.0,INTERMODALIDAD_MEDIA,16,66.66666666666666,66.66666666666666,36.2601,12.5905,40.0,28.4432,39.3629,69.6181,58.912,51.32,68.06,47,47,CENTRALIDAD_ESTRUCTURAL_MEDIA,CENTRALIDAD_ESTRUCTURAL_ALTA,38.22,71.5568,DEFICIT_INFRAESTRUCTURAL,55.29,49,66.66666666666666,28.4432,39.3629,69.6181,MEDIO,ALTO,BAJO,BAJO,ALTO,BAJO,PRIORIDAD_MEDIA,CENTRALIDAD_LOCAL,DEFICIT,CONECTIVIDAD,PERFIL_EQUILIBRADO,47,49,MANTENER_Y_OPTIMIZAR,33.33333333333334,60.6371,30.3819,41.088,50.915949999999995,63.93452333333333,IMPACTO_ALTO,56.021575,MEDIA,61.768634,PRIORIDAD_ALTA,MEJORAR_INTERMODALIDAD,Existe un déficit relevante de intermodalidad respecto del potencial estructural de la centralidad.,47,5,47,"DEFICIT, CENTRALIDAD, INTEGRACION",INTERVENCION_SELECTIVA,MEJORA_INTERMODAL,ESCENARIO_MEDIANO_PLAZO,5-10 AÑOS,FASE_3,PRIORIDAD_2_ALTA,INTERVENCION_ESTRUCTURAL_MEDIA,INFRAESTRUCTURA | INTERMODALIDAD | INTEGRACION_TERRITORIAL,Mejorar las condiciones de intercambio entre modos de transporte y fortalecer la articulación intermodal.,"Centralidad clasificada como CENTRALIDAD_LOCAL, con diagnóstico INTERVENCION_SELECTIVA. Presenta demanda estructural de 66.67, soporte de infraestructura de 28.44, déficit estructural promedio de 50.92 y score de prioridad territorial de 61.77. La intervención recomendada es MEJORAR_INTERMODALIDAD.",61.23145855,49,6,4,AMBA-P049,AMBAC-034,MEDIA,ALTA,ALTA,MEDIA,MEDIA,DEFICIT_ESTRUCTURAL_MEDIO,5633332.3931004815,6179444.461077574,1,AMBA-E004,AMBA-E004 - INTEGRADO,51.6203,PRIORIDAD_3_MEDIA,ESCENARIO_INTEGRADO,LARGO_PLAZO,INTERVENCION_TERRITORIAL_MEDIA,"Orientar inversiones hacia deficit, articulando las dimensiones deficit, centralidad, integracion.","El escenario presenta un perfil integrado con predominio de deficit. La evaluación combina demanda, déficit, impacto y capacidades de conectividad e integración."
72,3,97,179,351,2,4,15,AUTOBUS|FERROCARRIL,2,1,0,1,0,0,AUTOBUS|FERROCARRIL,2,1,0,1,0,0,AUTOBUS|FERROCARRIL|TRANVIA,3,1,0,1,0,1,494.0169433572431,227.90987850759413,111.72677005051052,0.046229338842975205,0.6389675043971355,0.2923416876766772,0.4,1,0,0,0.3677025063030031,40.37,SOPORTE_FISICO_MEDIO,16,MONOMODAL,50.0,73.61111111111111,46.52777777777778,95.83333333333334,99.30555555555556,50.34722222222222,20,39,20,19,70.0,INTERMODALIDAD_MEDIA,16,73.61111111111111,73.61111111111111,62.8551,29.2342,40.0,44.8251,43.5238,87.1528,46.6435,59.73,83.33,25,25,CENTRALIDAD_ESTRUCTURAL_MEDIA,CENTRALIDAD_ESTRUCTURAL_MUY_ALTA,28.79,55.1749,DEFICIT_INFRAESTRUCTURAL,55.68,47,73.61111111111111,44.8251,43.5238,87.1528,MEDIO,ALTO,MEDIO,MEDIO,MUY_ALTO,BAJO,PRIORIDAD_MEDIA,CENTRALIDAD_CONECTIVA,DEFICIT,CONECTIVIDAD|DEMANDA,FUERTE_CONECTIVIDAD,25,47,MEJORAR_INTERMODALIDAD,26.388888888888886,56.4762,12.8472,53.3565,44.4637,70.69729555555556,IMPACTO_ALTO,46.761925000000005,MEDIA,61.43096233333333,PRIORIDAD_ALTA,AMPLIAR_INFRAESTRUCTURA,"Demanda 73.6/100 frente a infraestructura 44.8/100, con déficit infrastructural de 55.2 puntos.",49,28,49,"DEFICIT, IMPACTO, DEMANDA",INTERVENCION_SELECTIVA,AMPLIACION_INFRAESTRUCTURA,ESCENARIO_MEDIANO_PLAZO,5-10 AÑOS,FASE_3,PRIORIDAD_2_ALTA,INTERVENCION_SELECTIVA,INTERMODALIDAD | INFRAESTRUCTURA | INTEGRACION_TERRITORIAL,Incrementar la capacidad y disponibilidad de infraestructura de movilidad en una centralidad con elevada demanda y déficit de soporte físico.,"Centralidad clasificada como CENTRALIDAD_CONECTIVA, con diagnóstico INTERVENCION_SELECTIVA. Presenta demanda estructural de 73.61, soporte de infraestructura de 44.83, déficit estructural promedio de 44.46 y score de prioridad territorial de 61.43. La intervención recomendada es AMPLIAR_INFRAESTRUCTURA.",60.62055671666666,50,28,2,AMBA-P050,AMBAC-072,ALTA,MEDIA,MEDIA,BAJA,MEDIA,DEFICIT_ESTRUCTURAL_MEDIO,5634998.995111158,6168961.308850124,6,AMBA-E002,AMBA-E002 - DEFICIT,56.5789,PRIORIDAD_3_MEDIA,ESCENARIO_DEFICIT,CORTO_PLAZO,ALTA_URGENCIA,"Orientar inversiones hacia deficit, articulando las dimensiones deficit, impacto, demanda.","El escenario presenta un perfil deficit con predominio de deficit. La evaluación combina demanda, déficit, impacto y capacidades de conectividad e integración."
58,2,22,32,54,0,1,5,AUTOBUS,1,0,0,1,0,0,AUTOBUS|FERROCARRIL,2,1,0,1,0,0,AUTOBUS|FERROCARRIL,2,1,0,1,0,0,112.04507993669432,40.74366543152521,17.188733853924695,0.008264462809917356,0.43883556491653486,0.12590471182995822,0.4,1,0,0,0.3177714135489874,28.63,SOPORTE_FISICO_BAJO,75,INTERMODAL,100.0,65.27777777777779,52.083333333333336,23.26388888888889,46.18055555555556,50.34722222222222,50,51,50,1,70.0,INTERMODALIDAD_MEDIA,16,65.27777777777779,65.27777777777779,42.3215,12.5905,40.0,30.8842,51.8629,50.0,65.162,51.69,69.44,45,45,CENTRALIDAD_ESTRUCTURAL_MEDIA,CENTRALIDAD_ESTRUCTURAL_ALTA,34.39,69.11580000000001,DEFICIT_INFRAESTRUCTURAL,52.92,51,65.27777777777779,30.8842,51.8629,50.0,ALTO,ALTO,BAJO,MEDIO,MEDIO,BAJO,PRIORIDAD_MEDIA,CENTRALIDAD_LOCAL,DEFICIT,DEMANDA,PERFIL_EQUILIBRADO,45,51,MANTENER_Y_OPTIMIZAR,34.722222222222214,48.1371,50.0,34.837999999999994,50.522725,63.575433888888895,IMPACTO_ALTO,54.906295,MEDIA,60.878612833333335,PRIORIDAD_ALTA,MEJORAR_INTERMODALIDAD,Existe un déficit relevante de intermodalidad respecto del potencial estructural de la centralidad.,52,7,52,"DEFICIT, CENTRALIDAD, INTEGRACION",INTERVENCION_SELECTIVA,MEJORA_INTERMODAL,ESCENARIO_MEDIANO_PLAZO,5-10 AÑOS,FASE_3,PRIORIDAD_2_ALTA,INTERVENCION_ESTRUCTURAL_MEDIA,INFRAESTRUCTURA | CONECTIVIDAD | INTERMODALIDAD,Mejorar las condiciones de intercambio entre modos de transporte y fortalecer la articulación intermodal.,"Centralidad clasificada como CENTRALIDAD_LOCAL, con diagnóstico INTERVENCION_SELECTIVA. Presenta demanda estructural de 65.28, soporte de infraestructura de 30.88, déficit estructural promedio de 50.52 y score de prioridad territorial de 60.88. La intervención recomendada es MEJORAR_INTERMODALIDAD.",60.38728831666667,51,7,4,AMBA-P051,AMBAC-058,MEDIA,ALTA,MEDIA,MEDIA,MEDIA,DEFICIT_ESTRUCTURAL_MEDIO,5630962.234037802,6177909.500255868,1,AMBA-E004,AMBA-E004 - INTEGRADO,51.6203,PRIORIDAD_3_MEDIA,ESCENARIO_INTEGRADO,LARGO_PLAZO,INTERVENCION_TERRITORIAL_MEDIA,"Orientar inversiones hacia deficit, articulando las dimensiones deficit, centralidad, integracion.","El escenario presenta un perfil integrado con predominio de deficit. La evaluación combina demanda, déficit, impacto y capacidades de conectividad e integración."
32,2,54,107,209,2,7,12,AUTOBUS|FERROCARRIL,2,1,0,1,0,0,AUTOBUS|FERROCARRIL|TRANVIA,3,1,0,1,0,1,AUTOBUS|FERROCARRIL|FLUVIAL|TRANVIA,4,1,0,1,1,1,275.0197416627951,136.2366312866624,66.52676621241226,0.02763429752066116,0.578800029727839,0.3777141354898746,0.6,1,0,0,0.5333142406469623,45.12,SOPORTE_FISICO_MEDIO,6,MONOMODAL,50.0,76.38888888888889,63.888888888888886,69.44444444444444,95.48611111111111,50.34722222222222,25,35,25,10,85.0,INTERMODALIDAD_MUY_ALTA,3,76.38888888888889,76.38888888888889,56.6722,37.7714,60.0,49.9347,58.8179,79.4271,52.4306,64.32,93.75,10,10,CENTRALIDAD_ESTRUCTURAL_ALTA,CENTRALIDAD_ESTRUCTURAL_MUY_ALTA,26.45,50.0653,DEFICIT_INFRAESTRUCTURAL,56.41,45,76.38888888888889,49.9347,58.8179,79.4271,MEDIO,ALTO,MEDIO,MEDIO,ALTO,BAJO,PRIORIDAD_MEDIA,CENTRALIDAD_CONECTIVA,DEFICIT,CONECTIVIDAD|DEMANDA,FUERTE_CONECTIVIDAD,10,45,MANTENER_Y_OPTIMIZAR,23.611111111111114,41.1821,20.572900000000004,47.5694,39.847425,74.28892944444445,IMPACTO_ALTO,41.57163500000001,MEDIA,61.214750166666676,PRIORIDAD_ALTA,AMPLIAR_INFRAESTRUCTURA,"Demanda 76.4/100 frente a infraestructura 49.9/100, con déficit infrastructural de 50.1 puntos.",51,29,51,"DEFICIT, IMPACTO, DEMANDA",INTERVENCION_SELECTIVA,AMPLIACION_INFRAESTRUCTURA,ESCENARIO_MEDIANO_PLAZO,5-10 AÑOS,FASE_3,PRIORIDAD_2_ALTA,INTERVENCION_SELECTIVA,INFRAESTRUCTURA | INTEGRACION_TERRITORIAL | INTERMODALIDAD,Incrementar la capacidad y disponibilidad de infraestructura de movilidad en una centralidad con elevada demanda y déficit de soporte físico.,"Centralidad clasificada como CENTRALIDAD_CONECTIVA, con diagnóstico INTERVENCION_SELECTIVA. Presenta demanda estructural de 76.39, soporte de infraestructura de 49.93, déficit estructural promedio de 39.85 y score de prioridad territorial de 61.21. La intervención recomendada es AMPLIAR_INFRAESTRUCTURA.",60.22940978333334,52,29,2,AMBA-P052,AMBAC-032,ALTA,MEDIA,MEDIA,BAJA,MEDIA,INTERVENCION_SELECTIVA,5637219.554252789,6162411.952467128,6,AMBA-E002,AMBA-E002 - DEFICIT,56.5789,PRIORIDAD_3_MEDIA,ESCENARIO_DEFICIT,CORTO_PLAZO,ALTA_URGENCIA,"Orientar inversiones hacia deficit, articulando las dimensiones deficit, impacto, demanda.","El escenario presenta un perfil deficit con predominio de deficit. La evaluación combina demanda, déficit, impacto y capacidades de conectividad e integración."
36,1,35,44,82,1,2,4,AUTOBUS|FERROCARRIL,2,1,0,1,0,0,AUTOBUS|FERROCARRIL,2,1,0,1,0,0,AUTOBUS|FERROCARRIL,2,1,0,1,0,0,178.25353626292278,56.02253996834716,26.101410667070837,0.011363636363636364,0.4755153414270987,0.19955424691458712,0.4,1,0,0,0.3398662740743761,31.8,SOPORTE_FISICO_BAJO,54,MONOMODAL,50.0,63.888888888888886,81.25,23.26388888888889,46.18055555555556,50.34722222222222,62,53,62,9,70.0,INTERMODALIDAD_MEDIA,16,63.888888888888886,63.888888888888886,46.0755,19.9554,40.0,34.8831,41.2041,53.6458,58.2176,50.0,65.28,51,51,CENTRALIDAD_ESTRUCTURAL_MEDIA,CENTRALIDAD_ESTRUCTURAL_ALTA,29.01,65.1169,DEFICIT_INFRAESTRUCTURAL,49.94,54,63.888888888888886,34.8831,41.2041,53.6458,MEDIO,ALTO,BAJO,MEDIO,MEDIO,BAJO,PRIORIDAD_MEDIA,CENTRALIDAD_LOCAL,DEFICIT,DEMANDA,PERFIL_EQUILIBRADO,51,54,MANTENER_Y_OPTIMIZAR,36.111111111111114,58.7959,46.3542,41.7824,53.01235,62.13091444444444,IMPACTO_ALTO,56.283935,MEDIA,60.54461866666667,PRIORIDAD_ALTA,MEJORAR_INTERMODALIDAD,Existe un déficit relevante de intermodalidad respecto del potencial estructural de la centralidad.,53,8,53,"DEFICIT, CENTRALIDAD, INTEGRACION",INTERVENCION_SELECTIVA,MEJORA_INTERMODAL,ESCENARIO_MEDIANO_PLAZO,5-10 AÑOS,FASE_3,PRIORIDAD_2_ALTA,INTERVENCION_ESTRUCTURAL_MEDIA,INFRAESTRUCTURA | INTERMODALIDAD | CONECTIVIDAD,Mejorar las condiciones de intercambio entre modos de transporte y fortalecer la articulación intermodal.,"Centralidad clasificada como CENTRALIDAD_LOCAL, con diagnóstico INTERVENCION_SELECTIVA. Presenta demanda estructural de 63.89, soporte de infraestructura de 34.88, déficit estructural promedio de 53.01 y score de prioridad territorial de 60.54. La intervención recomendada es MEJORAR_INTERMODALIDAD.",60.143460483333335,53,8,4,AMBA-P053,AMBAC-036,MEDIA,ALTA,MEDIA,MEDIA,MEDIA,DEFICIT_ESTRUCTURAL_MEDIO,5624309.382044282,6164828.892328388,1,AMBA-E004,AMBA-E004 - INTEGRADO,51.6203,PRIORIDAD_3_MEDIA,ESCENARIO_INTEGRADO,LARGO_PLAZO,INTERVENCION_TERRITORIAL_MEDIA,"Orientar inversiones hacia deficit, articulando las dimensiones deficit, centralidad, integracion.","El escenario presenta un perfil integrado con predominio de deficit. La evaluación combina demanda, déficit, impacto y capacidades de conectividad e integración."
56,1,1,3,11,0,0,0,AUTOBUS,1,0,0,1,0,0,AUTOBUS,1,0,0,1,0,0,AUTOBUS,1,0,0,1,0,0,5.092958178940651,3.819718634205488,3.5014087480216975,0.0007747933884297521,0.18495368961100384,0.0,0.2,0,0,0,0.13999999999999999,11.49,SOPORTE_FISICO_MUY_BAJO,138,MONOMODAL,50.0,51.388888888888886,70.83333333333334,23.26388888888889,46.18055555555556,50.34722222222222,80,71,80,9,33.0,INTERMODALIDAD_BAJA,138,51.388888888888886,51.388888888888886,16.7796,0.0,20.0,11.5964,16.7188,40.3646,54.7454,33.19,23.61,111,111,CENTRALIDAD_ESTRUCTURAL_BAJA,CENTRALIDAD_ESTRUCTURAL_BAJA,39.79,88.4036,DEFICIT_INFRAESTRUCTURAL,46.75,62,51.388888888888886,11.5964,16.7188,40.3646,MEDIO,MEDIO,MUY_BAJO,MUY_BAJO,MEDIO,BAJO,PRIORIDAD_MEDIA,CENTRALIDAD_LOCAL,INTERMODALIDAD,TERRITORIAL,PERFIL_EQUILIBRADO,111,62,MANTENER_Y_OPTIMIZAR,48.611111111111114,83.2812,59.6354,45.2546,69.1437,46.60618444444444,IMPACTO_MEDIO,74.89701000000001,ALTA,59.448510666666664,PRIORIDAD_MEDIA,MEJORAR_CONECTIVIDAD,La conectividad constituye una de las principales restricciones estructurales de la centralidad.,55,3,1,"INTERMODALIDAD, CENTRALIDAD, DEMANDA",INTERVENCION_SELECTIVA,MEJORA_CONECTIVIDAD,ESCENARIO_MEDIANO_PLAZO,5-10 AÑOS,FASE_3,PRIORIDAD_3_MEDIA,INTERVENCION_ESTRUCTURAL_MEDIA,INFRAESTRUCTURA | INTERMODALIDAD | CONECTIVIDAD,Mejorar la conectividad territorial y la accesibilidad estructural de la centralidad.,"Centralidad clasificada como CENTRALIDAD_LOCAL, con diagnóstico INTERVENCION_SELECTIVA. Presenta demanda estructural de 51.39, soporte de infraestructura de 11.60, déficit estructural promedio de 69.14 y score de prioridad territorial de 59.45. La intervención recomendada es MEJORAR_CONECTIVIDAD.",59.83943663333333,54,3,6,AMBA-P054,AMBAC-056,MEDIA,ALTA,ALTA,MEDIA,MEDIA,DEFICIT_ESTRUCTURAL_MEDIO,5648803.436635318,6128047.378681627,2,AMBA-E006,AMBA-E006 - INTEGRADO,39.2859,PRIORIDAD_4_BAJA,ESCENARIO_INTEGRADO,LARGO_PLAZO,INTERVENCION_TERRITORIAL_MEDIA,"Orientar inversiones hacia intermodalidad, articulando las dimensiones intermodalidad, centralidad, demanda.","El escenario presenta un perfil integrado con predominio de intermodalidad. La evaluación combina demanda, déficit, impacto y capacidades de conectividad e integración."
81,2,17,17,32,0,0,0,AUTOBUS,1,0,0,1,0,0,AUTOBUS,1,0,0,1,0,0,AUTOBUS,1,0,0,1,0,0,86.58028904199107,21.645072260497766,10.185916357881302,0.004390495867768595,0.36690985424200945,0.0,0.2,0,0,0,0.13999999999999999,17.91,SOPORTE_FISICO_MUY_BAJO,122,MONOMODAL,50.0,52.77777777777778,41.66666666666667,69.44444444444444,46.18055555555556,50.34722222222222,63,69,63,6,40.0,INTERMODALIDAD_BAJA,115,52.77777777777778,52.77777777777778,34.9848,0.0,20.0,18.9312,19.8438,38.9757,45.0231,34.88,27.78,105,105,CENTRALIDAD_ESTRUCTURAL_BAJA,CENTRALIDAD_ESTRUCTURAL_BAJA,33.85,81.0688,DEFICIT_INFRAESTRUCTURAL,45.21,64,52.77777777777778,18.9312,19.8438,38.9757,MEDIO,MEDIO,MUY_BAJO,MUY_BAJO,BAJO,BAJO,PRIORIDAD_MEDIA,CENTRALIDAD_LOCAL,INTERMODALIDAD,DEMANDA,PERFIL_EQUILIBRADO,105,64,MANTENER_Y_OPTIMIZAR,47.22222222222222,80.1562,61.0243,54.9769,69.30655,48.58419888888889,IMPACTO_MEDIO,72.917965,ALTA,59.30832933333333,PRIORIDAD_MEDIA,MEJORAR_CONECTIVIDAD,La conectividad constituye una de las principales restricciones estructurales de la centralidad.,56,4,2,"INTERMODALIDAD, CENTRALIDAD, DEMANDA",INTERVENCION_SELECTIVA,MEJORA_CONECTIVIDAD,ESCENARIO_MEDIANO_PLAZO,5-10 AÑOS,FASE_3,PRIORIDAD_3_MEDIA,INTERVENCION_ESTRUCTURAL_MEDIA,INFRAESTRUCTURA | INTERMODALIDAD | CONECTIVIDAD,Mejorar la conectividad territorial y la accesibilidad estructural de la centralidad.,"Centralidad clasificada como CENTRALIDAD_LOCAL, con diagnóstico INTERVENCION_SELECTIVA. Presenta demanda estructural de 52.78, soporte de infraestructura de 18.93, déficit estructural promedio de 69.31 y score de prioridad territorial de 59.31. La intervención recomendada es MEJORAR_CONECTIVIDAD.",59.74115511666666,55,4,6,AMBA-P055,AMBAC-081,MEDIA,ALTA,ALTA,ALTA,MEDIA,DEFICIT_ESTRUCTURAL_MEDIO,5640903.00190782,6150837.844984364,2,AMBA-E006,AMBA-E006 - INTEGRADO,39.2859,PRIORIDAD_4_BAJA,ESCENARIO_INTEGRADO,LARGO_PLAZO,INTERVENCION_TERRITORIAL_MEDIA,"Orientar inversiones hacia intermodalidad, articulando las dimensiones intermodalidad, centralidad, demanda.","El escenario presenta un perfil integrado con predominio de intermodalidad. La evaluación combina demanda, déficit, impacto y capacidades de conectividad e integración."
37,1,35,49,77,3,4,8,AUTOBUS|FERROCARRIL,2,1,0,1,0,0,AUTOBUS|FERROCARRIL,2,1,0,1,0,0,AUTOBUS|FERROCARRIL,2,1,0,1,0,0,178.25353626292278,62.38873769202297,24.50986123615188,0.01265495867768595,0.48796223344540923,0.2923416876766772,0.4,1,0,0,0.3677025063030031,34.58,SOPORTE_FISICO_BAJO,39,MONOMODAL,50.0,63.19444444444444,80.55555555555556,23.26388888888889,46.18055555555556,50.34722222222222,64,54,64,10,70.0,INTERMODALIDAD_MEDIA,16,63.19444444444444,63.19444444444444,47.3508,29.2342,40.0,38.53,43.5238,48.6111,57.9861,50.39,66.67,49,49,CENTRALIDAD_ESTRUCTURAL_MEDIA,CENTRALIDAD_ESTRUCTURAL_ALTA,24.66,61.47,DEFICIT_INFRAESTRUCTURAL,47.78,57,63.19444444444444,38.53,43.5238,48.6111,MEDIO,ALTO,BAJO,MEDIO,MEDIO,BAJO,PRIORIDAD_MEDIA,CENTRALIDAD_LOCAL,DEFICIT,DEMANDA,PERFIL_EQUILIBRADO,49,57,MANTENER_Y_OPTIMIZAR,36.80555555555556,56.4762,51.3889,42.0139,52.837250000000004,62.16567222222222,IMPACTO_ALTO,55.286915,MEDIA,60.02069333333334,PRIORIDAD_ALTA,MEJORAR_INTERMODALIDAD,Existe un déficit relevante de intermodalidad respecto del potencial estructural de la centralidad.,54,9,54,"DEFICIT, CENTRALIDAD, INTEGRACION",INTERVENCION_SELECTIVA,MEJORA_INTERMODAL,ESCENARIO_MEDIANO_PLAZO,5-10 AÑOS,FASE_3,PRIORIDAD_2_ALTA,INTERVENCION_ESTRUCTURAL_MEDIA,INFRAESTRUCTURA | INTERMODALIDAD | CONECTIVIDAD,Mejorar las condiciones de intercambio entre modos de transporte y fortalecer la articulación intermodal.,"Centralidad clasificada como CENTRALIDAD_LOCAL, con diagnóstico INTERVENCION_SELECTIVA. Presenta demanda estructural de 63.19, soporte de infraestructura de 38.53, déficit estructural promedio de 52.84 y score de prioridad territorial de 60.02. La intervención recomendada es MEJORAR_INTERMODALIDAD.",59.63237341666667,56,9,4,AMBA-P056,AMBAC-037,MEDIA,ALTA,MEDIA,MEDIA,MEDIA,DEFICIT_ESTRUCTURAL_MEDIO,5625653.270727279,6171953.585806119,1,AMBA-E004,AMBA-E004 - INTEGRADO,51.6203,PRIORIDAD_3_MEDIA,ESCENARIO_INTEGRADO,LARGO_PLAZO,INTERVENCION_TERRITORIAL_MEDIA,"Orientar inversiones hacia deficit, articulando las dimensiones deficit, centralidad, integracion.","El escenario presenta un perfil integrado con predominio de deficit. La evaluación combina demanda, déficit, impacto y capacidades de conectividad e integración."
62,1,1,5,11,0,0,0,AUTOBUS,1,0,0,1,0,0,AUTOBUS,1,0,0,1,0,0,AUTOBUS,1,0,0,1,0,0,5.092958178940651,6.366197723675814,3.5014087480216975,0.0012913223140495868,0.23483860732538517,0.0,0.2,0,0,0,0.13999999999999999,13.24,SOPORTE_FISICO_MUY_BAJO,135,MONOMODAL,50.0,47.91666666666667,64.58333333333334,23.26388888888889,46.18055555555556,50.34722222222222,87,76,87,11,35.0,INTERMODALIDAD_BAJA,135,47.91666666666667,47.91666666666667,21.6873,0.0,20.0,13.5766,17.5,28.9062,52.662,30.87,18.06,119,119,CENTRALIDAD_ESTRUCTURAL_BAJA,CENTRALIDAD_ESTRUCTURAL_MUY_BAJA,34.34,86.4234,CENTRALIDAD_SECUNDARIA,42.49,65,47.91666666666667,13.5766,17.5,28.9062,MEDIO,MEDIO,MUY_BAJO,MUY_BAJO,BAJO,BAJO,PRIORIDAD_MEDIA,CENTRALIDAD_LOCAL,INTEGRACION,TERRITORIAL,PERFIL_EQUILIBRADO,119,65,MANTENER_Y_OPTIMIZAR,52.08333333333333,82.5,71.0938,47.338,71.8388,43.74409333333334,IMPACTO_MEDIO,76.51382000000001,URGENTE,58.198536000000004,PRIORIDAD_MEDIA,MEJORAR_CONECTIVIDAD,La conectividad constituye una de las principales restricciones estructurales de la centralidad.,63,6,9,"INTEGRACION, DEFICIT, DEMANDA",INTERVENCION_SELECTIVA,MEJORA_CONECTIVIDAD,ESCENARIO_MEDIANO_PLAZO,5-10 AÑOS,FASE_3,PRIORIDAD_3_MEDIA,INTERVENCION_ESTRUCTURAL_MEDIA,INFRAESTRUCTURA | INTERMODALIDAD | CONECTIVIDAD,Mejorar la conectividad territorial y la accesibilidad estructural de la centralidad.,"Centralidad clasificada como CENTRALIDAD_LOCAL, con diagnóstico INTERVENCION_SELECTIVA. Presenta demanda estructural de 47.92, soporte de infraestructura de 13.58, déficit estructural promedio de 71.84 y score de prioridad territorial de 58.20. La intervención recomendada es MEJORAR_CONECTIVIDAD.",58.7776622,57,5,5,AMBA-P057,AMBAC-062,MEDIA,ALTA,ALTA,ALTA,MEDIA,DEFICIT_ESTRUCTURAL_MEDIO,5625482.437836015,6186692.29225829,5,AMBA-E005,AMBA-E005 - INTEGRADO,43.1479,PRIORIDAD_4_BAJA,ESCENARIO_INTEGRADO,LARGO_PLAZO,INTERVENCION_TERRITORIAL_MEDIA,"Orientar inversiones hacia integracion, articulando las dimensiones integracion, deficit, demanda.","El escenario presenta un perfil integrado con predominio de integracion. La evaluación combina demanda, déficit, impacto y capacidades de conectividad e integración."
45,1,16,20,37,1,1,2,AUTOBUS|FERROCARRIL,2,1,0,1,0,0,AUTOBUS|FERROCARRIL,2,1,0,1,0,0,AUTOBUS|FERROCARRIL,2,1,0,1,0,0,81.48733086305042,25.464790894703256,11.777465788800255,0.005165289256198347,0.3852407435141075,0.12590471182995822,0.4,1,0,0,0.3177714135489874,26.71,SOPORTE_FISICO_BAJO,84,MONOMODAL,50.0,59.02777777777778,75.69444444444444,23.26388888888889,46.18055555555556,50.34722222222222,71,60,71,11,70.0,INTERMODALIDAD_MEDIA,16,59.02777777777778,59.02777777777778,36.8507,12.5905,40.0,28.6814,39.3629,52.0833,56.3657,46.2,54.17,67,67,CENTRALIDAD_ESTRUCTURAL_MEDIA,CENTRALIDAD_ESTRUCTURAL_MEDIA,30.35,71.3186,DEFICIT_INFRAESTRUCTURAL,47.56,59,59.02777777777778,28.6814,39.3629,52.0833,MEDIO,MEDIO,BAJO,BAJO,MEDIO,BAJO,PRIORIDAD_MEDIA,CENTRALIDAD_LOCAL,IMPACTO,DEMANDA,PERFIL_EQUILIBRADO,67,59,MANTENER_Y_OPTIMIZAR,40.97222222222222,60.6371,47.9167,43.6343,55.876675,56.940223888888895,IMPACTO_MEDIO,59.8152,MEDIA,58.90913683333333,PRIORIDAD_MEDIA,MEJORAR_CONECTIVIDAD,La conectividad constituye una de las principales restricciones estructurales de la centralidad.,58,5,4,"IMPACTO, DEMANDA, INTEGRACION",INTERVENCION_SELECTIVA,MEJORA_CONECTIVIDAD,ESCENARIO_MEDIANO_PLAZO,5-10 AÑOS,FASE_3,PRIORIDAD_3_MEDIA,INTERVENCION_ESTRUCTURAL_MEDIA,INFRAESTRUCTURA | INTERMODALIDAD | CONECTIVIDAD,Mejorar la conectividad territorial y la accesibilidad estructural de la centralidad.,"Centralidad clasificada como CENTRALIDAD_LOCAL, con diagnóstico INTERVENCION_SELECTIVA. Presenta demanda estructural de 59.03, soporte de infraestructura de 28.68, déficit estructural promedio de 55.88 y score de prioridad territorial de 58.91. La intervención recomendada es MEJORAR_CONECTIVIDAD.",58.749709366666664,58,6,1,AMBA-P058,AMBAC-045,MEDIA,ALTA,ALTA,MEDIA,MEDIA,DEFICIT_ESTRUCTURAL_MEDIO,5647061.44890672,6150981.237879527,4,AMBA-E001,AMBA-E001 - INTEGRADO,57.1597,PRIORIDAD_3_MEDIA,ESCENARIO_INTEGRADO,MEDIANO_PLAZO,INTERVENCION_TERRITORIAL_MEDIA,"Orientar inversiones hacia impacto, articulando las dimensiones impacto, demanda, integracion.","El escenario presenta un perfil integrado con predominio de impacto. La evaluación combina demanda, déficit, impacto y capacidades de conectividad e integración."
51,1,3,3,16,1,1,1,AUTOBUS|FERROCARRIL,2,1,0,1,0,0,AUTOBUS|FERROCARRIL,2,1,0,1,0,0,AUTOBUS|FERROCARRIL,2,1,0,1,0,0,15.278874536821952,3.819718634205488,5.092958178940651,0.0007747933884297521,0.18495368961100384,0.12590471182995822,0.4,1,0,0,0.3177714135489874,19.63,SOPORTE_FISICO_MUY_BAJO,113,MONOMODAL,50.0,56.25,74.30555555555556,23.26388888888889,46.18055555555556,50.34722222222222,73,64,73,9,63.0,INTERMODALIDAD_MEDIA,108,56.25,56.25,16.7796,12.5905,40.0,20.5945,30.1615,67.0139,55.9028,43.7,50.0,73,73,CENTRALIDAD_ESTRUCTURAL_MEDIA,CENTRALIDAD_ESTRUCTURAL_MEDIA,35.66,79.4055,DEFICIT_INFRAESTRUCTURAL,48.01,56,56.25,20.5945,30.1615,67.0139,MEDIO,MEDIO,BAJO,BAJO,ALTO,BAJO,PRIORIDAD_MEDIA,CENTRALIDAD_LOCAL,INTERMODALIDAD,CONECTIVIDAD,PERFIL_EQUILIBRADO,73,56,MANTENER_Y_OPTIMIZAR,43.75,69.8385,32.98609999999999,44.0972,56.581824999999995,54.441365,IMPACTO_MEDIO,62.433625000000006,ALTA,58.866981499999994,PRIORIDAD_MEDIA,MONITOREAR,Prioridad territorial 58.9/100 sin un déficit dominante que justifique una intervención mayor.,60,1,6,"INTERMODALIDAD, CENTRALIDAD, DEMANDA",INTERVENCION_SELECTIVA,MONITOREO,ESCENARIO_MEDIANO_PLAZO,5-10 AÑOS,FASE_3,PRIORIDAD_3_MEDIA,INTERVENCION_ESTRUCTURAL_MEDIA,INFRAESTRUCTURA | INTERMODALIDAD | INTEGRACION_TERRITORIAL,Realizar seguimiento de la evolución territorial antes de promover una intervención física de mayor escala.,"Centralidad clasificada como CENTRALIDAD_LOCAL, con diagnóstico INTERVENCION_SELECTIVA. Presenta demanda estructural de 56.25, soporte de infraestructura de 20.59, déficit estructural promedio de 56.58 y score de prioridad territorial de 58.87. La intervención recomendada es MONITOREAR.",58.73813554999999,59,1,6,AMBA-P059,AMBAC-051,MEDIA,ALTA,ALTA,MEDIA,MEDIA,DEFICIT_ESTRUCTURAL_MEDIO,5650143.669303229,6148982.916451812,2,AMBA-E006,AMBA-E006 - INTEGRADO,39.2859,PRIORIDAD_4_BAJA,ESCENARIO_INTEGRADO,LARGO_PLAZO,INTERVENCION_TERRITORIAL_MEDIA,"Orientar inversiones hacia intermodalidad, articulando las dimensiones intermodalidad, centralidad, demanda.","El escenario presenta un perfil integrado con predominio de intermodalidad. La evaluación combina demanda, déficit, impacto y capacidades de conectividad e integración."
40,1,18,33,76,1,3,4,AUTOBUS|FERROCARRIL,2,1,0,1,0,0,AUTOBUS|FERROCARRIL,2,1,0,1,0,0,AUTOBUS|FERROCARRIL,2,1,0,1,0,0,91.67324722093171,42.01690497626037,24.19155134996809,0.008522727272727272,0.44236895617989846,0.25180942365991643,0.4,1,0,0,0.3555428270979749,31.91,SOPORTE_FISICO_BAJO,53,MONOMODAL,50.0,61.111111111111114,79.16666666666666,23.26388888888889,46.18055555555556,50.34722222222222,67,57,67,10,70.0,INTERMODALIDAD_MEDIA,16,61.111111111111114,61.111111111111114,42.6828,25.1809,40.0,35.2798,42.5105,60.5903,57.5231,50.5,67.36,48,48,CENTRALIDAD_ESTRUCTURAL_MEDIA,CENTRALIDAD_ESTRUCTURAL_ALTA,25.83,64.7202,DEFICIT_INFRAESTRUCTURAL,47.0,61,61.111111111111114,35.2798,42.5105,60.5903,MEDIO,ALTO,BAJO,MEDIO,ALTO,BAJO,PRIORIDAD_MEDIA,CENTRALIDAD_LOCAL,DEFICIT,DEMANDA,PERFIL_EQUILIBRADO,48,61,MANTENER_Y_OPTIMIZAR,38.888888888888886,57.4895,39.4097,42.4769,51.024074999999996,60.96837055555555,IMPACTO_ALTO,54.51393,MEDIA,59.11089483333333,PRIORIDAD_MEDIA,MEJORAR_INTERMODALIDAD,Existe un déficit relevante de intermodalidad respecto del potencial estructural de la centralidad.,57,10,3,"DEFICIT, CENTRALIDAD, INTEGRACION",INTERVENCION_SELECTIVA,MEJORA_INTERMODAL,ESCENARIO_MEDIANO_PLAZO,5-10 AÑOS,FASE_3,PRIORIDAD_3_MEDIA,INTERVENCION_ESTRUCTURAL_MEDIA,INFRAESTRUCTURA | INTERMODALIDAD | INTEGRACION_TERRITORIAL,Mejorar las condiciones de intercambio entre modos de transporte y fortalecer la articulación intermodal.,"Centralidad clasificada como CENTRALIDAD_LOCAL, con diagnóstico INTERVENCION_SELECTIVA. Presenta demanda estructural de 61.11, soporte de infraestructura de 35.28, déficit estructural promedio de 51.02 y score de prioridad territorial de 59.11. La intervención recomendada es MEJORAR_INTERMODALIDAD.",58.69997146666666,60,10,4,AMBA-P060,AMBAC-040,MEDIA,ALTA,MEDIA,MEDIA,MEDIA,DEFICIT_ESTRUCTURAL_MEDIO,5632599.726409772,6176267.047432626,1,AMBA-E004,AMBA-E004 - INTEGRADO,51.6203,PRIORIDAD_3_MEDIA,ESCENARIO_INTEGRADO,LARGO_PLAZO,INTERVENCION_TERRITORIAL_MEDIA,"Orientar inversiones hacia deficit, articulando las dimensiones deficit, centralidad, integracion.","El escenario presenta un perfil integrado con predominio de deficit. La evaluación combina demanda, déficit, impacto y capacidades de conectividad e integración."
55,2,69,117,251,2,5,8,AUTOBUS|FERROCARRIL,2,1,0,1,0,0,AUTOBUS|FERROCARRIL,2,1,0,1,0,0,AUTOBUS|FERROCARRIL,2,1,0,1,0,0,351.4141143469049,148.96902673401405,79.89578143213146,0.03021694214876033,0.5892338822407044,0.3254589587445453,0.4,1,0,0,0.3776376876233636,39.21,SOPORTE_FISICO_BAJO,17,MONOMODAL,50.0,64.58333333333334,51.388888888888886,95.83333333333334,46.18055555555556,50.34722222222222,37,52,37,15,70.0,INTERMODALIDAD_MEDIA,16,64.58333333333334,64.58333333333334,57.744,32.5459,40.0,43.8557,44.3518,76.9965,48.2639,55.59,78.47,32,32,CENTRALIDAD_ESTRUCTURAL_MEDIA,CENTRALIDAD_ESTRUCTURAL_ALTA,20.73,56.1443,DEFICIT_INFRAESTRUCTURAL,47.04,60,64.58333333333334,43.8557,44.3518,76.9965,MEDIO,ALTO,MEDIO,MEDIO,ALTO,BAJO,PRIORIDAD_MEDIA,CENTRALIDAD_CONECTIVA,DEFICIT,CONECTIVIDAD,FUERTE_CONECTIVIDAD,32,60,MANTENER_Y_OPTIMIZAR,35.41666666666666,55.6482,23.003500000000003,51.7361,46.633024999999996,65.15927166666667,IMPACTO_ALTO,48.73088500000001,MEDIA,58.8955055,PRIORIDAD_MEDIA,MEJORAR_INTERMODALIDAD,Existe un déficit relevante de intermodalidad respecto del potencial estructural de la centralidad.,59,11,5,"DEFICIT, IMPACTO, DEMANDA",CENTRALIDAD_CONECTIVA,MEJORA_INTERMODAL,ESCENARIO_MEDIANO_PLAZO,5-10 AÑOS,FASE_3,PRIORIDAD_3_MEDIA,INTERVENCION_SELECTIVA,INFRAESTRUCTURA | INTERMODALIDAD | INTEGRACION_TERRITORIAL,Mejorar las condiciones de intercambio entre modos de transporte y fortalecer la articulación intermodal.,"Centralidad clasificada como CENTRALIDAD_CONECTIVA, con diagnóstico CENTRALIDAD_CONECTIVA. Presenta demanda estructural de 64.58, soporte de infraestructura de 43.86, déficit estructural promedio de 46.63 y score de prioridad territorial de 58.90. La intervención recomendada es MEJORAR_INTERMODALIDAD.",58.310377349999996,61,11,2,AMBA-P061,AMBAC-055,MEDIA,MEDIA,MEDIA,BAJA,MEDIA,DEFICIT_ESTRUCTURAL_MEDIO,5635336.86541723,6164377.876391555,6,AMBA-E002,AMBA-E002 - DEFICIT,56.5789,PRIORIDAD_3_MEDIA,ESCENARIO_DEFICIT,CORTO_PLAZO,ALTA_URGENCIA,"Orientar inversiones hacia deficit, articulando las dimensiones deficit, impacto, demanda.","El escenario presenta un perfil deficit con predominio de deficit. La evaluación combina demanda, déficit, impacto y capacidades de conectividad e integración."
98,3,34,60,126,1,4,7,AUTOBUS|FERROCARRIL,2,1,0,1,0,0,AUTOBUS|FERROCARRIL,2,1,0,1,0,0,AUTOBUS|FERROCARRIL,2,1,0,1,0,0,173.16057808398213,76.39437268410977,40.10704565915763,0.015495867768595042,0.5114387677034817,0.2923416876766772,0.4,1,0,0,0.3677025063030031,35.44,SOPORTE_FISICO_BAJO,34,MONOMODAL,50.0,61.80555555555556,27.083333333333332,69.44444444444444,95.48611111111111,50.34722222222222,45,56,45,11,70.0,INTERMODALIDAD_MEDIA,16,61.80555555555556,61.80555555555556,49.7577,29.2342,40.0,39.5014,43.5238,82.2049,40.162,53.47,74.31,38,38,CENTRALIDAD_ESTRUCTURAL_MEDIA,CENTRALIDAD_ESTRUCTURAL_ALTA,22.3,60.4986,DEFICIT_INFRAESTRUCTURAL,46.0,63,61.80555555555556,39.5014,43.5238,82.2049,MEDIO,ALTO,BAJO,MEDIO,MUY_ALTO,BAJO,PRIORIDAD_MEDIA,CENTRALIDAD_CONECTIVA,DEFICIT,CONECTIVIDAD,FUERTE_CONECTIVIDAD,38,63,MANTENER_Y_OPTIMIZAR,38.19444444444444,56.4762,17.795100000000005,59.838,48.651975,62.92617277777778,IMPACTO_ALTO,50.853210000000004,MEDIA,58.233066166666674,PRIORIDAD_MEDIA,MEJORAR_INTERMODALIDAD,Existe un déficit relevante de intermodalidad respecto del potencial estructural de la centralidad.,62,12,8,"DEFICIT, CENTRALIDAD, INTEGRACION",CENTRALIDAD_CONECTIVA,MEJORA_INTERMODAL,ESCENARIO_MEDIANO_PLAZO,5-10 AÑOS,FASE_3,PRIORIDAD_3_MEDIA,INTERVENCION_SELECTIVA,INFRAESTRUCTURA | INTEGRACION_TERRITORIAL | INTERMODALIDAD,Mejorar las condiciones de intercambio entre modos de transporte y fortalecer la articulación intermodal.,"Centralidad clasificada como CENTRALIDAD_CONECTIVA, con diagnóstico CENTRALIDAD_CONECTIVA. Presenta demanda estructural de 61.81, soporte de infraestructura de 39.50, déficit estructural promedio de 48.65 y score de prioridad territorial de 58.23. La intervención recomendada es MEJORAR_INTERMODALIDAD.",57.83005373333334,62,12,4,AMBA-P062,AMBAC-098,MEDIA,ALTA,MEDIA,BAJA,MEDIA,DEFICIT_ESTRUCTURAL_MEDIO,5636045.078672412,6180011.457839013,1,AMBA-E004,AMBA-E004 - INTEGRADO,51.6203,PRIORIDAD_3_MEDIA,ESCENARIO_INTEGRADO,LARGO_PLAZO,INTERVENCION_TERRITORIAL_MEDIA,"Orientar inversiones hacia deficit, articulando las dimensiones deficit, centralidad, integracion.","El escenario presenta un perfil integrado con predominio de deficit. La evaluación combina demanda, déficit, impacto y capacidades de conectividad e integración."
61,2,53,84,170,7,9,14,AUTOBUS|FERROCARRIL|FLUVIAL,3,1,0,1,1,0,AUTOBUS|FERROCARRIL|FLUVIAL,3,1,0,1,1,0,AUTOBUS|FERROCARRIL|FLUVIAL,3,1,0,1,1,0,269.9267834838545,106.95212175775367,54.11268065124442,0.02169421487603306,0.5505734545902551,0.41824639950663545,0.6,1,0,1,0.5454739198519907,45.05,SOPORTE_FISICO_MEDIO,7,MONOMODAL,50.0,68.75,54.166666666666664,23.26388888888889,95.48611111111111,50.34722222222222,55,46,55,9,85.0,INTERMODALIDAD_MUY_ALTA,3,68.75,68.75,53.7735,41.8246,60.0,50.1256,59.8312,69.184,49.1898,60.42,85.42,22,22,CENTRALIDAD_ESTRUCTURAL_ALTA,CENTRALIDAD_ESTRUCTURAL_MUY_ALTA,18.62,49.8744,CENTRALIDAD_ESTRATEGICA,48.7,55,68.75,50.1256,59.8312,69.184,MEDIO,ALTO,MEDIO,MEDIO,ALTO,MUY_BAJO,PRIORIDAD_MEDIA,CENTRALIDAD_LOCAL,DEFICIT,CONECTIVIDAD,PERFIL_EQUILIBRADO,22,55,MANTENER_Y_OPTIMIZAR,31.25,40.1688,30.816000000000003,50.8102,42.91735,68.58447000000001,IMPACTO_ALTO,43.77669,MEDIA,58.481257,PRIORIDAD_MEDIA,MEJORAR_INTEGRACION_TERRITORIAL,La integración territorial presenta un déficit relevante respecto de las demás dimensiones.,61,1,7,"DEFICIT, IMPACTO, DEMANDA",INTERVENCION_SELECTIVA,INTEGRACION_TERRITORIAL,ESCENARIO_MEDIANO_PLAZO,5-10 AÑOS,FASE_3,PRIORIDAD_3_MEDIA,INTERVENCION_SELECTIVA,INTEGRACION_TERRITORIAL | INFRAESTRUCTURA | INTERMODALIDAD,Reducir déficits de integración territorial y mejorar la articulación de la centralidad con su entorno.,"Centralidad clasificada como CENTRALIDAD_LOCAL, con diagnóstico INTERVENCION_SELECTIVA. Presenta demanda estructural de 68.75, soporte de infraestructura de 50.13, déficit estructural promedio de 42.92 y score de prioridad territorial de 58.48. La intervención recomendada es MEJORAR_INTEGRACION_TERRITORIAL.",57.791053899999994,63,1,2,AMBA-P063,AMBAC-061,MEDIA,MEDIA,MEDIA,MEDIA,MEDIA,DEFICIT_ESTRUCTURAL_MEDIO,5631654.874373695,6171819.941592391,6,AMBA-E002,AMBA-E002 - DEFICIT,56.5789,PRIORIDAD_3_MEDIA,ESCENARIO_DEFICIT,CORTO_PLAZO,ALTA_URGENCIA,"Orientar inversiones hacia deficit, articulando las dimensiones deficit, impacto, demanda.","El escenario presenta un perfil deficit con predominio de deficit. La evaluación combina demanda, déficit, impacto y capacidades de conectividad e integración."
76,3,65,90,160,4,4,9,AUTOBUS|FERROCARRIL|TRANVIA,3,1,0,1,0,1,AUTOBUS|FERROCARRIL|FLUVIAL|TRANVIA,4,1,0,1,1,1,AUTOBUS|FERROCARRIL|FLUVIAL|TRANVIA,4,1,0,1,1,1,331.0422816311423,114.59155902616465,50.92958178940651,0.02324380165289256,0.5586144708196605,0.2923416876766772,0.8,1,0,1,0.6477025063030031,47.21,SOPORTE_FISICO_MEDIO,3,MONOMODAL,50.0,68.05555555555556,34.72222222222222,69.44444444444444,46.18055555555556,50.34722222222222,52,47,52,5,100.0,INTERMODALIDAD_MUY_ALTA,1,68.05555555555556,68.05555555555556,54.5991,29.2342,80.0,50.9614,62.9856,63.4549,42.7083,59.54,81.94,27,27,CENTRALIDAD_ESTRUCTURAL_MEDIA,CENTRALIDAD_ESTRUCTURAL_MUY_ALTA,17.09,49.0386,CENTRALIDAD_ESTRATEGICA,47.67,58,68.05555555555556,50.9614,62.9856,63.4549,MEDIO,ALTO,MEDIO,ALTO,ALTO,MUY_BAJO,PRIORIDAD_MEDIA,CENTRALIDAD_LOCAL,DEFICIT,DEMANDA,PERFIL_EQUILIBRADO,27,58,MANTENER_Y_OPTIMIZAR,31.944444444444443,37.0144,36.5451,57.2917,44.972449999999995,67.60426777777778,IMPACTO_ALTO,44.771815000000004,MEDIA,57.94429066666667,PRIORIDAD_MEDIA,MEJORAR_INTEGRACION_TERRITORIAL,La integración territorial presenta un déficit relevante respecto de las demás dimensiones.,64,2,10,"DEFICIT, IMPACTO, DEMANDA",INTERVENCION_SELECTIVA,INTEGRACION_TERRITORIAL,ESCENARIO_MEDIANO_PLAZO,5-10 AÑOS,FASE_3,PRIORIDAD_3_MEDIA,INTERVENCION_SELECTIVA,INTEGRACION_TERRITORIAL | INFRAESTRUCTURA | INTERMODALIDAD,Reducir déficits de integración territorial y mejorar la articulación de la centralidad con su entorno.,"Centralidad clasificada como CENTRALIDAD_LOCAL, con diagnóstico INTERVENCION_SELECTIVA. Presenta demanda estructural de 68.06, soporte de infraestructura de 50.96, déficit estructural promedio de 44.97 y score de prioridad territorial de 57.94. La intervención recomendada es MEJORAR_INTEGRACION_TERRITORIAL.",57.41741588333333,64,2,2,AMBA-P064,AMBAC-076,MEDIA,MEDIA,MEDIA,MEDIA,MEDIA,DEFICIT_ESTRUCTURAL_MEDIO,5640167.668693067,6161798.40765502,6,AMBA-E002,AMBA-E002 - DEFICIT,56.5789,PRIORIDAD_3_MEDIA,ESCENARIO_DEFICIT,CORTO_PLAZO,ALTA_URGENCIA,"Orientar inversiones hacia deficit, articulando las dimensiones deficit, impacto, demanda.","El escenario presenta un perfil deficit con predominio de deficit. La evaluación combina demanda, déficit, impacto y capacidades de conectividad e integración."
70,2,57,86,172,0,2,10,AUTOBUS|FERROCARRIL,2,1,0,1,0,0,AUTOBUS|FERROCARRIL,2,1,0,1,0,0,AUTOBUS|FERROCARRIL|TRANVIA,3,1,0,1,0,1,290.29861619961713,109.498600847224,54.749300423612,0.02221074380165289,0.5533153388285809,0.19955424691458712,0.4,1,0,0,0.3398662740743761,34.69,SOPORTE_FISICO_BAJO,38,MONOMODAL,50.0,57.638888888888886,47.22222222222222,23.26388888888889,95.48611111111111,50.34722222222222,69,62,69,7,70.0,INTERMODALIDAD_MEDIA,16,57.638888888888886,57.638888888888886,54.055,19.9554,40.0,38.1094,41.2041,68.4028,46.875,50.01,65.97,50,50,CENTRALIDAD_ESTRUCTURAL_MEDIA,CENTRALIDAD_ESTRUCTURAL_ALTA,19.53,61.8906,DEFICIT_INFRAESTRUCTURAL,42.4,67,57.638888888888886,38.1094,41.2041,68.4028,MEDIO,MEDIO,BAJO,MEDIO,ALTO,MUY_BAJO,PRIORIDAD_MEDIA,CENTRALIDAD_LOCAL,DEFICIT,CONECTIVIDAD,PERFIL_EQUILIBRADO,50,67,MANTENER_Y_OPTIMIZAR,42.361111111111114,58.7959,31.5972,53.125,51.352175,58.88087944444444,IMPACTO_MEDIO,53.743405,MEDIA,57.20678516666666,PRIORIDAD_MEDIA,MEJORAR_INTEGRACION_TERRITORIAL,La integración territorial presenta un déficit relevante respecto de las demás dimensiones.,65,3,11,"DEFICIT, CENTRALIDAD, INTEGRACION",INTERVENCION_SELECTIVA,INTEGRACION_TERRITORIAL,ESCENARIO_MEDIANO_PLAZO,5-10 AÑOS,FASE_3,PRIORIDAD_3_MEDIA,INTERVENCION_ESTRUCTURAL_MEDIA,INFRAESTRUCTURA | INTERMODALIDAD | INTEGRACION_TERRITORIAL,Reducir déficits de integración territorial y mejorar la articulación de la centralidad con su entorno.,"Centralidad clasificada como CENTRALIDAD_LOCAL, con diagnóstico INTERVENCION_SELECTIVA. Presenta demanda estructural de 57.64, soporte de infraestructura de 38.11, déficit estructural promedio de 51.35 y score de prioridad territorial de 57.21. La intervención recomendada es MEJORAR_INTEGRACION_TERRITORIAL.",56.93839228333333,65,3,4,AMBA-P065,AMBAC-070,MEDIA,ALTA,MEDIA,MEDIA,MEDIA,DEFICIT_ESTRUCTURAL_MEDIO,5636735.545782427,6173917.934688732,1,AMBA-E004,AMBA-E004 - INTEGRADO,51.6203,PRIORIDAD_3_MEDIA,ESCENARIO_INTEGRADO,LARGO_PLAZO,INTERVENCION_TERRITORIAL_MEDIA,"Orientar inversiones hacia deficit, articulando las dimensiones deficit, centralidad, integracion.","El escenario presenta un perfil integrado con predominio de deficit. La evaluación combina demanda, déficit, impacto y capacidades de conectividad e integración."
68,1,23,27,42,0,0,2,AUTOBUS,1,0,0,1,0,0,AUTOBUS,1,0,0,1,0,0,AUTOBUS|FERROCARRIL|FLUVIAL,3,1,0,1,1,0,117.13803811563497,34.37746770784939,13.36901521971921,0.006973140495867769,0.41937574069677763,0.0,0.2,0,0,0,0.13999999999999999,19.78,SOPORTE_FISICO_MUY_BAJO,112,MONOMODAL,50.0,45.13888888888889,60.416666666666664,69.44444444444444,46.18055555555556,50.34722222222222,60,80,60,20,40.0,INTERMODALIDAD_BAJA,115,45.13888888888889,45.13888888888889,40.3327,0.0,20.0,21.0835,19.8438,34.375,51.2731,33.06,22.92,112,112,CENTRALIDAD_ESTRUCTURAL_BAJA,CENTRALIDAD_ESTRUCTURAL_BAJA,24.06,78.9165,CENTRALIDAD_SECUNDARIA,36.71,76,45.13888888888889,21.0835,19.8438,34.375,MEDIO,MEDIO,BAJO,MUY_BAJO,BAJO,BAJO,PRIORIDAD_BAJA,CENTRALIDAD_LOCAL,INTEGRACION,TERRITORIAL,PERFIL_EQUILIBRADO,112,76,MANTENER_Y_OPTIMIZAR,54.86111111111111,80.1562,65.625,48.7269,68.35615,43.11667444444445,IMPACTO_MEDIO,72.03968499999999,ALTA,55.839964666666674,PRIORIDAD_MEDIA,MEJORAR_CONECTIVIDAD,La conectividad constituye una de las principales restricciones estructurales de la centralidad.,68,7,14,"INTEGRACION, DEFICIT, DEMANDA",INTERVENCION_SELECTIVA,MEJORA_CONECTIVIDAD,ESCENARIO_MEDIANO_PLAZO,5-10 AÑOS,FASE_3,PRIORIDAD_3_MEDIA,INTERVENCION_ESTRUCTURAL_MEDIA,INTERMODALIDAD | INFRAESTRUCTURA | CONECTIVIDAD,Mejorar la conectividad territorial y la accesibilidad estructural de la centralidad.,"Centralidad clasificada como CENTRALIDAD_LOCAL, con diagnóstico INTERVENCION_SELECTIVA. Presenta demanda estructural de 45.14, soporte de infraestructura de 21.08, déficit estructural promedio de 68.36 y score de prioridad territorial de 55.84. La intervención recomendada es MEJORAR_CONECTIVIDAD.",56.36142918333333,66,7,5,AMBA-P066,AMBAC-068,MEDIA,ALTA,ALTA,ALTA,MEDIA,DEFICIT_ESTRUCTURAL_MEDIO,5632956.514958189,6182013.566018732,5,AMBA-E005,AMBA-E005 - INTEGRADO,43.1479,PRIORIDAD_4_BAJA,ESCENARIO_INTEGRADO,LARGO_PLAZO,INTERVENCION_TERRITORIAL_MEDIA,"Orientar inversiones hacia integracion, articulando las dimensiones integracion, deficit, demanda.","El escenario presenta un perfil integrado con predominio de integracion. La evaluación combina demanda, déficit, impacto y capacidades de conectividad e integración."
74,2,53,77,170,4,6,9,AUTOBUS|FERROCARRIL,2,1,0,1,0,0,AUTOBUS|FERROCARRIL,2,1,0,1,0,0,AUTOBUS|FERROCARRIL,2,1,0,1,0,0,269.9267834838545,98.03944494460752,54.11268065124442,0.019886363636363636,0.5404397805333023,0.3534592124660774,0.4,1,0,0,0.3860377637398232,38.05,SOPORTE_FISICO_BAJO,21,MONOMODAL,50.0,58.333333333333336,48.61111111111111,69.44444444444444,46.18055555555556,50.34722222222222,53,61,53,8,70.0,INTERMODALIDAD_MEDIA,16,58.333333333333336,58.333333333333336,52.7333,35.3459,40.0,42.7679,45.0518,71.0938,47.338,52.6,71.53,42,42,CENTRALIDAD_ESTRUCTURAL_MEDIA,CENTRALIDAD_ESTRUCTURAL_ALTA,15.57,57.2321,DEFICIT_INFRAESTRUCTURAL,41.23,68,58.333333333333336,42.7679,45.0518,71.0938,MEDIO,MEDIO,MEDIO,MEDIO,ALTO,MUY_BAJO,PRIORIDAD_MEDIA,CENTRALIDAD_LOCAL,DEFICIT,CONECTIVIDAD,PERFIL_EQUILIBRADO,42,68,MANTENER_Y_OPTIMIZAR,41.666666666666664,54.9482,28.9062,52.662,48.437125,60.313091666666665,IMPACTO_ALTO,50.31043,MEDIA,56.556512500000004,PRIORIDAD_MEDIA,MEJORAR_INTEGRACION_TERRITORIAL,La integración territorial presenta un déficit relevante respecto de las demás dimensiones.,66,4,12,"DEFICIT, CENTRALIDAD, INTEGRACION",CENTRALIDAD_CONECTIVA,INTEGRACION_TERRITORIAL,ESCENARIO_MEDIANO_PLAZO,5-10 AÑOS,FASE_3,PRIORIDAD_3_MEDIA,INTERVENCION_SELECTIVA,INFRAESTRUCTURA | INTERMODALIDAD | INTEGRACION_TERRITORIAL,Reducir déficits de integración territorial y mejorar la articulación de la centralidad con su entorno.,"Centralidad clasificada como CENTRALIDAD_LOCAL, con diagnóstico CENTRALIDAD_CONECTIVA. Presenta demanda estructural de 58.33, soporte de infraestructura de 42.77, déficit estructural promedio de 48.44 y score de prioridad territorial de 56.56. La intervención recomendada es MEJORAR_INTEGRACION_TERRITORIAL.",56.183087,67,4,4,AMBA-P067,AMBAC-074,MEDIA,MEDIA,MEDIA,BAJA,MEDIA,DEFICIT_ESTRUCTURAL_MEDIO,5638511.494265724,6180905.211409297,1,AMBA-E004,AMBA-E004 - INTEGRADO,51.6203,PRIORIDAD_3_MEDIA,ESCENARIO_INTEGRADO,LARGO_PLAZO,INTERVENCION_TERRITORIAL_MEDIA,"Orientar inversiones hacia deficit, articulando las dimensiones deficit, centralidad, integracion.","El escenario presenta un perfil integrado con predominio de deficit. La evaluación combina demanda, déficit, impacto y capacidades de conectividad e integración."
71,2,19,28,74,1,2,3,AUTOBUS|FERROCARRIL,2,1,0,1,0,0,AUTOBUS|FERROCARRIL,2,1,0,1,0,0,AUTOBUS|FERROCARRIL|FLUVIAL,3,1,0,1,1,0,96.76620539987236,35.65070725258456,23.55493157760051,0.007231404958677686,0.42353384867647964,0.19955424691458712,0.4,1,0,0,0.3398662740743761,29.92,SOPORTE_FISICO_BAJO,67,MONOMODAL,50.0,55.55555555555556,45.83333333333333,69.44444444444444,46.18055555555556,50.34722222222222,58,65,58,7,70.0,INTERMODALIDAD_MEDIA,16,55.55555555555556,55.55555555555556,40.7575,19.9554,40.0,32.7397,41.2041,75.434,46.412,49.05,61.11,57,57,CENTRALIDAD_ESTRUCTURAL_MEDIA,CENTRALIDAD_ESTRUCTURAL_ALTA,22.82,67.2603,DEFICIT_INFRAESTRUCTURAL,42.46,66,55.55555555555556,32.7397,41.2041,75.434,MEDIO,MEDIO,BAJO,MEDIO,ALTO,BAJO,PRIORIDAD_MEDIA,CENTRALIDAD_CONECTIVA,DEFICIT,CONECTIVIDAD,FUERTE_CONECTIVIDAD,57,66,MANTENER_Y_OPTIMIZAR,44.44444444444444,58.7959,24.566000000000003,53.588,51.052550000000004,56.321287777777776,IMPACTO_MEDIO,54.554495,MEDIA,56.09496266666667,PRIORIDAD_MEDIA,MEJORAR_INTEGRACION_TERRITORIAL,La integración territorial presenta un déficit relevante respecto de las demás dimensiones.,67,5,13,"DEFICIT, CENTRALIDAD, INTEGRACION",CENTRALIDAD_CONECTIVA,INTEGRACION_TERRITORIAL,ESCENARIO_MEDIANO_PLAZO,5-10 AÑOS,FASE_3,PRIORIDAD_3_MEDIA,INTERVENCION_ESTRUCTURAL_MEDIA,INFRAESTRUCTURA | INTERMODALIDAD | INTEGRACION_TERRITORIAL,Reducir déficits de integración territorial y mejorar la articulación de la centralidad con su entorno.,"Centralidad clasificada como CENTRALIDAD_CONECTIVA, con diagnóstico CENTRALIDAD_CONECTIVA. Presenta demanda estructural de 55.56, soporte de infraestructura de 32.74, déficit estructural promedio de 51.05 y score de prioridad territorial de 56.09. La intervención recomendada es MEJORAR_INTEGRACION_TERRITORIAL.",55.897841283333335,68,5,4,AMBA-P068,AMBAC-071,MEDIA,ALTA,MEDIA,BAJA,MEDIA,DEFICIT_ESTRUCTURAL_MEDIO,5632758.853234146,6187460.560002975,1,AMBA-E004,AMBA-E004 - INTEGRADO,51.6203,PRIORIDAD_3_MEDIA,ESCENARIO_INTEGRADO,LARGO_PLAZO,INTERVENCION_TERRITORIAL_MEDIA,"Orientar inversiones hacia deficit, articulando las dimensiones deficit, centralidad, integracion.","El escenario presenta un perfil integrado con predominio de deficit. La evaluación combina demanda, déficit, impacto y capacidades de conectividad e integración."
60,1,7,11,17,2,2,2,AUTOBUS|FERROCARRIL,2,1,0,1,0,0,AUTOBUS|FERROCARRIL,2,1,0,1,0,0,AUTOBUS|FERROCARRIL,2,1,0,1,0,0,35.65070725258456,14.00563499208679,5.411268065124442,0.002840909090909091,0.3185149047398846,0.19955424691458712,0.4,1,0,0,0.3398662740743761,26.18,SOPORTE_FISICO_BAJO,87,MONOMODAL,50.0,49.30555555555556,67.36111111111111,23.26388888888889,46.18055555555556,50.34722222222222,84,74,84,10,70.0,INTERMODALIDAD_MEDIA,16,49.30555555555556,49.30555555555556,30.0771,19.9554,40.0,28.4406,41.2041,46.2674,53.588,42.44,47.22,77,77,CENTRALIDAD_ESTRUCTURAL_MEDIA,CENTRALIDAD_ESTRUCTURAL_MEDIA,20.86,71.5594,CENTRALIDAD_SECUNDARIA,37.93,73,49.30555555555556,28.4406,41.2041,46.2674,MEDIO,MEDIO,BAJO,MEDIO,MEDIO,BAJO,PRIORIDAD_BAJA,CENTRALIDAD_LOCAL,IMPACTO,TERRITORIAL,PERFIL_EQUILIBRADO,77,73,MANTENER_Y_OPTIMIZAR,50.69444444444444,58.7959,53.7326,46.412,57.624975,50.34377277777777,IMPACTO_MEDIO,61.031054999999995,ALTA,55.26889116666666,PRIORIDAD_MEDIA,MEJORAR_CONECTIVIDAD,La conectividad constituye una de las principales restricciones estructurales de la centralidad.,70,8,16,"IMPACTO, DEMANDA, INTEGRACION",INTERVENCION_SELECTIVA,MEJORA_CONECTIVIDAD,ESCENARIO_MEDIANO_PLAZO,5-10 AÑOS,FASE_3,PRIORIDAD_3_MEDIA,INTERVENCION_ESTRUCTURAL_MEDIA,INFRAESTRUCTURA | INTERMODALIDAD | CONECTIVIDAD,Mejorar la conectividad territorial y la accesibilidad estructural de la centralidad.,"Centralidad clasificada como CENTRALIDAD_LOCAL, con diagnóstico INTERVENCION_SELECTIVA. Presenta demanda estructural de 49.31, soporte de infraestructura de 28.44, déficit estructural promedio de 57.62 y score de prioridad territorial de 55.27. La intervención recomendada es MEJORAR_CONECTIVIDAD.",55.39444798333333,69,8,1,AMBA-P069,AMBAC-060,MEDIA,ALTA,MEDIA,MEDIA,MEDIA,DEFICIT_ESTRUCTURAL_MEDIO,5661428.620666326,6153761.100408112,4,AMBA-E001,AMBA-E001 - INTEGRADO,57.1597,PRIORIDAD_3_MEDIA,ESCENARIO_INTEGRADO,MEDIANO_PLAZO,INTERVENCION_TERRITORIAL_MEDIA,"Orientar inversiones hacia impacto, articulando las dimensiones impacto, demanda, integracion.","El escenario presenta un perfil integrado con predominio de impacto. La evaluación combina demanda, déficit, impacto y capacidades de conectividad e integración."
59,1,41,49,61,1,1,1,AUTOBUS|FERROCARRIL,2,1,0,1,0,0,AUTOBUS|FERROCARRIL,2,1,0,1,0,0,AUTOBUS|FERROCARRIL,2,1,0,1,0,0,208.8112853365667,62.38873769202297,19.416903057211233,0.01265495867768595,0.48796223344540923,0.12590471182995822,0.4,1,0,0,0.3177714135489874,30.42,SOPORTE_FISICO_BAJO,64,MONOMODAL,50.0,50.0,68.75,23.26388888888889,46.18055555555556,50.34722222222222,82,73,82,9,70.0,INTERMODALIDAD_MEDIA,16,50.0,50.0,47.3508,12.5905,40.0,32.9129,39.3629,44.9653,54.0509,43.25,48.61,75,75,CENTRALIDAD_ESTRUCTURAL_MEDIA,CENTRALIDAD_ESTRUCTURAL_MEDIA,17.09,67.08709999999999,DEFICIT_INFRAESTRUCTURAL,36.84,74,50.0,32.9129,39.3629,44.9653,MEDIO,MEDIO,BAJO,BAJO,MEDIO,MUY_BAJO,PRIORIDAD_BAJA,CENTRALIDAD_LOCAL,INTEGRACION,TERRITORIAL,PERFIL_EQUILIBRADO,75,74,MANTENER_Y_OPTIMIZAR,50.0,60.6371,55.0347,45.9491,57.17699999999999,51.0184,IMPACTO_MEDIO,59.89342,MEDIA,55.20725,PRIORIDAD_MEDIA,MEJORAR_CONECTIVIDAD,La conectividad constituye una de las principales restricciones estructurales de la centralidad.,71,9,17,"INTEGRACION, DEFICIT, DEMANDA",INTERVENCION_SELECTIVA,MEJORA_CONECTIVIDAD,ESCENARIO_MEDIANO_PLAZO,5-10 AÑOS,FASE_3,PRIORIDAD_3_MEDIA,INTERVENCION_ESTRUCTURAL_MEDIA,INFRAESTRUCTURA | INTERMODALIDAD | CONECTIVIDAD,Mejorar la conectividad territorial y la accesibilidad estructural de la centralidad.,"Centralidad clasificada como CENTRALIDAD_LOCAL, con diagnóstico INTERVENCION_SELECTIVA. Presenta demanda estructural de 50.00, soporte de infraestructura de 32.91, déficit estructural promedio de 57.18 y score de prioridad territorial de 55.21. La intervención recomendada es MEJORAR_CONECTIVIDAD.",55.281848,70,9,5,AMBA-P070,AMBAC-059,MEDIA,ALTA,ALTA,MEDIA,MEDIA,DEFICIT_ESTRUCTURAL_MEDIO,5596308.734851396,6170458.352932489,5,AMBA-E005,AMBA-E005 - INTEGRADO,43.1479,PRIORIDAD_4_BAJA,ESCENARIO_INTEGRADO,LARGO_PLAZO,INTERVENCION_TERRITORIAL_MEDIA,"Orientar inversiones hacia integracion, articulando las dimensiones integracion, deficit, demanda.","El escenario presenta un perfil integrado con predominio de integracion. La evaluación combina demanda, déficit, impacto y capacidades de conectividad e integración."
52,1,44,79,174,3,4,11,AUTOBUS|FERROCARRIL,2,1,0,1,0,0,AUTOBUS|FERROCARRIL,2,1,0,1,0,0,AUTOBUS|FERROCARRIL,2,1,0,1,0,0,224.09015987338864,100.58592403407786,55.38592019597958,0.020402892561983473,0.5434253034113294,0.2923416876766772,0.4,1,0,0,0.3677025063030031,36.63,SOPORTE_FISICO_BAJO,27,MONOMODAL,50.0,54.861111111111114,73.61111111111111,23.26388888888889,46.18055555555556,50.34722222222222,75,66,75,9,70.0,INTERMODALIDAD_MEDIA,16,54.861111111111114,54.861111111111114,53.0397,29.2342,40.0,40.8286,43.5238,59.375,55.6713,49.84,63.89,53,53,CENTRALIDAD_ESTRUCTURAL_MEDIA,CENTRALIDAD_ESTRUCTURAL_ALTA,14.03,59.1714,DEFICIT_INFRAESTRUCTURAL,38.53,70,54.861111111111114,40.8286,43.5238,59.375,MEDIO,MEDIO,MEDIO,MEDIO,MEDIO,MUY_BAJO,PRIORIDAD_BAJA,CENTRALIDAD_LOCAL,DEFICIT,CONECTIVIDAD,PERFIL_EQUILIBRADO,53,70,MANTENER_Y_OPTIMIZAR,45.138888888888886,56.4762,40.625,44.3287,50.150325,56.62762055555556,IMPACTO_MEDIO,52.561915,MEDIA,55.54618483333333,PRIORIDAD_MEDIA,MONITOREAR,Prioridad territorial 55.5/100 sin un déficit dominante que justifique una intervención mayor.,69,2,15,"DEFICIT, CENTRALIDAD, INTEGRACION",INTERVENCION_SELECTIVA,MONITOREO,ESCENARIO_MEDIANO_PLAZO,5-10 AÑOS,FASE_3,PRIORIDAD_3_MEDIA,INTERVENCION_ESTRUCTURAL_MEDIA,INFRAESTRUCTURA | INTERMODALIDAD | DEMANDA,Realizar seguimiento de la evolución territorial antes de promover una intervención física de mayor escala.,"Centralidad clasificada como CENTRALIDAD_LOCAL, con diagnóstico INTERVENCION_SELECTIVA. Presenta demanda estructural de 54.86, soporte de infraestructura de 40.83, déficit estructural promedio de 50.15 y score de prioridad territorial de 55.55. La intervención recomendada es MONITOREAR.",55.26075971666666,71,2,4,AMBA-P071,AMBAC-052,MEDIA,MEDIA,MEDIA,MEDIA,MEDIA,DEFICIT_ESTRUCTURAL_MEDIO,5636249.157137498,6170417.105608778,1,AMBA-E004,AMBA-E004 - INTEGRADO,51.6203,PRIORIDAD_3_MEDIA,ESCENARIO_INTEGRADO,LARGO_PLAZO,INTERVENCION_TERRITORIAL_MEDIA,"Orientar inversiones hacia deficit, articulando las dimensiones deficit, centralidad, integracion.","El escenario presenta un perfil integrado con predominio de deficit. La evaluación combina demanda, déficit, impacto y capacidades de conectividad e integración."
53,1,37,68,138,1,3,10,AUTOBUS|FERROCARRIL,2,1,0,1,0,0,AUTOBUS|FERROCARRIL,2,1,0,1,0,0,AUTOBUS|FERROCARRIL|TRANVIA,3,1,0,1,0,1,188.43945262080408,86.58028904199107,43.926764293363114,0.01756198347107438,0.5259792377617493,0.25180942365991643,0.4,1,0,0,0.3555428270979749,34.97,SOPORTE_FISICO_BAJO,36,MONOMODAL,50.0,53.47222222222222,72.22222222222221,23.26388888888889,46.18055555555556,50.34722222222222,77,68,77,9,70.0,INTERMODALIDAD_MEDIA,16,53.47222222222222,53.47222222222222,51.2493,25.1809,40.0,38.737,42.5105,56.8576,55.2083,48.28,59.03,60,60,CENTRALIDAD_ESTRUCTURAL_MEDIA,CENTRALIDAD_ESTRUCTURAL_MEDIA,14.74,61.263,DEFICIT_INFRAESTRUCTURAL,37.98,72,53.47222222222222,38.737,42.5105,56.8576,MEDIO,MEDIO,BAJO,MEDIO,MEDIO,MUY_BAJO,PRIORIDAD_BAJA,CENTRALIDAD_LOCAL,DEFICIT,CONECTIVIDAD,PERFIL_EQUILIBRADO,60,72,MANTENER_Y_OPTIMIZAR,46.52777777777778,57.4895,43.1424,44.7917,51.67165,54.77944111111111,IMPACTO_MEDIO,54.224810000000005,MEDIA,55.13034966666667,PRIORIDAD_MEDIA,MONITOREAR,Prioridad territorial 55.1/100 sin un déficit dominante que justifique una intervención mayor.,72,3,18,"DEFICIT, CENTRALIDAD, INTEGRACION",INTERVENCION_SELECTIVA,MONITOREO,ESCENARIO_MEDIANO_PLAZO,5-10 AÑOS,FASE_3,PRIORIDAD_3_MEDIA,INTERVENCION_ESTRUCTURAL_MEDIA,INFRAESTRUCTURA | INTERMODALIDAD | DEMANDA,Realizar seguimiento de la evolución territorial antes de promover una intervención física de mayor escala.,"Centralidad clasificada como CENTRALIDAD_LOCAL, con diagnóstico INTERVENCION_SELECTIVA. Presenta demanda estructural de 53.47, soporte de infraestructura de 38.74, déficit estructural promedio de 51.67 y score de prioridad territorial de 55.13. La intervención recomendada es MONITOREAR.",54.941882433333326,72,3,4,AMBA-P072,AMBAC-053,MEDIA,ALTA,MEDIA,MEDIA,MEDIA,DEFICIT_ESTRUCTURAL_MEDIO,5629297.576529721,6166139.650524452,1,AMBA-E004,AMBA-E004 - INTEGRADO,51.6203,PRIORIDAD_3_MEDIA,ESCENARIO_INTEGRADO,LARGO_PLAZO,INTERVENCION_TERRITORIAL_MEDIA,"Orientar inversiones hacia deficit, articulando las dimensiones deficit, centralidad, integracion.","El escenario presenta un perfil integrado con predominio de deficit. La evaluación combina demanda, déficit, impacto y capacidades de conectividad e integración."
57,1,22,35,59,1,1,2,AUTOBUS|FERROCARRIL,2,1,0,1,0,0,AUTOBUS|FERROCARRIL,2,1,0,1,0,0,AUTOBUS|FERROCARRIL|FLUVIAL,3,1,0,1,1,0,112.04507993669432,44.563384065730695,18.78028328484365,0.009039256198347107,0.44913236307384297,0.12590471182995822,0.4,1,0,0,0.3177714135489874,29.0,SOPORTE_FISICO_BAJO,74,MONOMODAL,50.0,50.69444444444444,70.13888888888889,69.44444444444444,46.18055555555556,50.34722222222222,49,72,49,23,70.0,INTERMODALIDAD_MEDIA,16,50.69444444444444,50.69444444444444,43.3746,12.5905,40.0,31.3083,39.3629,61.7188,54.5139,45.62,53.47,68,68,CENTRALIDAD_ESTRUCTURAL_MEDIA,CENTRALIDAD_ESTRUCTURAL_MEDIA,19.39,68.6917,DEFICIT_INFRAESTRUCTURAL,38.17,71,50.69444444444444,31.3083,39.3629,61.7188,MEDIO,MEDIO,BAJO,BAJO,ALTO,MUY_BAJO,PRIORIDAD_BAJA,CENTRALIDAD_LOCAL,DEFICIT,CONECTIVIDAD,PERFIL_EQUILIBRADO,68,71,MANTENER_Y_OPTIMIZAR,49.30555555555556,60.6371,38.2812,45.4861,53.274025,52.04302722222223,IMPACTO_MEDIO,57.11511000000001,MEDIA,54.83474383333333,PRIORIDAD_MEDIA,MEJORAR_INTEGRACION_TERRITORIAL,La integración territorial presenta un déficit relevante respecto de las demás dimensiones.,73,6,19,"DEFICIT, CENTRALIDAD, INTEGRACION",INTERVENCION_SELECTIVA,INTEGRACION_TERRITORIAL,ESCENARIO_MEDIANO_PLAZO,5-10 AÑOS,FASE_3,PRIORIDAD_3_MEDIA,INTERVENCION_ESTRUCTURAL_MEDIA,INFRAESTRUCTURA | INTERMODALIDAD | DEMANDA,Reducir déficits de integración territorial y mejorar la articulación de la centralidad con su entorno.,"Centralidad clasificada como CENTRALIDAD_LOCAL, con diagnóstico INTERVENCION_SELECTIVA. Presenta demanda estructural de 50.69, soporte de infraestructura de 31.31, déficit estructural promedio de 53.27 y score de prioridad territorial de 54.83. La intervención recomendada es MEJORAR_INTEGRACION_TERRITORIAL.",54.758041266666666,73,6,4,AMBA-P073,AMBAC-057,MEDIA,ALTA,ALTA,MEDIA,MEDIA,DEFICIT_ESTRUCTURAL_MEDIO,5631520.789763241,6189094.603931274,1,AMBA-E004,AMBA-E004 - INTEGRADO,51.6203,PRIORIDAD_3_MEDIA,ESCENARIO_INTEGRADO,LARGO_PLAZO,INTERVENCION_TERRITORIAL_MEDIA,"Orientar inversiones hacia deficit, articulando las dimensiones deficit, centralidad, integracion.","El escenario presenta un perfil integrado con predominio de deficit. La evaluación combina demanda, déficit, impacto y capacidades de conectividad e integración."
86,2,10,14,29,2,4,6,AUTOBUS|FERROCARRIL,2,1,0,1,0,0,AUTOBUS|FERROCARRIL,2,1,0,1,0,0,AUTOBUS|FERROCARRIL,2,1,0,1,0,0,50.92958178940651,17.82535362629228,9.23098669932993,0.003615702479338843,0.34518442464383275,0.2923416876766772,0.4,1,0,0,0.3677025063030031,29.44,SOPORTE_FISICO_BAJO,72,MONOMODAL,50.0,48.61111111111111,31.25,23.26388888888889,46.18055555555556,50.34722222222222,100,75,100,25,70.0,INTERMODALIDAD_MEDIA,16,48.61111111111111,48.61111111111111,32.778,29.2342,40.0,32.6586,43.5238,55.2951,41.5509,43.9,50.69,72,72,CENTRALIDAD_ESTRUCTURAL_MEDIA,CENTRALIDAD_ESTRUCTURAL_MEDIA,15.95,67.3414,CENTRALIDAD_SECUNDARIA,35.55,78,48.61111111111111,32.6586,43.5238,55.2951,MEDIO,MEDIO,BAJO,MEDIO,MEDIO,MUY_BAJO,PRIORIDAD_BAJA,CENTRALIDAD_LOCAL,DEFICIT,CONECTIVIDAD,PERFIL_EQUILIBRADO,72,78,MANTENER_Y_OPTIMIZAR,51.38888888888889,56.4762,44.7049,58.4491,56.742900000000006,50.86113555555555,IMPACTO_MEDIO,58.763955,MEDIA,54.17504633333333,PRIORIDAD_MEDIA,MEJORAR_INTEGRACION_TERRITORIAL,La integración territorial presenta un déficit relevante respecto de las demás dimensiones.,75,7,21,"DEFICIT, CENTRALIDAD, INTEGRACION",INTERVENCION_SELECTIVA,INTEGRACION_TERRITORIAL,ESCENARIO_MEDIANO_PLAZO,5-10 AÑOS,FASE_3,PRIORIDAD_3_MEDIA,INTERVENCION_ESTRUCTURAL_MEDIA,INFRAESTRUCTURA | INTEGRACION_TERRITORIAL | INTERMODALIDAD,Reducir déficits de integración territorial y mejorar la articulación de la centralidad con su entorno.,"Centralidad clasificada como CENTRALIDAD_LOCAL, con diagnóstico INTERVENCION_SELECTIVA. Presenta demanda estructural de 48.61, soporte de infraestructura de 32.66, déficit estructural promedio de 56.74 y score de prioridad territorial de 54.18. La intervención recomendada es MEJORAR_INTEGRACION_TERRITORIAL.",54.36629601666666,74,7,4,AMBA-P074,AMBAC-086,MEDIA,ALTA,MEDIA,MEDIA,MEDIA,DEFICIT_ESTRUCTURAL_MEDIO,5614566.448144839,6172726.836462156,1,AMBA-E004,AMBA-E004 - INTEGRADO,51.6203,PRIORIDAD_3_MEDIA,ESCENARIO_INTEGRADO,LARGO_PLAZO,INTERVENCION_TERRITORIAL_MEDIA,"Orientar inversiones hacia deficit, articulando las dimensiones deficit, centralidad, integracion.","El escenario presenta un perfil integrado con predominio de deficit. La evaluación combina demanda, déficit, impacto y capacidades de conectividad e integración."
64,1,7,11,19,0,1,2,AUTOBUS,1,0,0,1,0,0,AUTOBUS|FERROCARRIL,2,1,0,1,0,0,AUTOBUS|FERROCARRIL,2,1,0,1,0,0,35.65070725258456,14.00563499208679,6.047887837492023,0.002840909090909091,0.3185149047398846,0.12590471182995822,0.4,1,0,0,0.3177714135489874,24.34,SOPORTE_FISICO_BAJO,98,MONOMODAL,50.0,47.22222222222222,63.19444444444444,69.44444444444444,46.18055555555556,50.34722222222222,56,77,56,21,70.0,INTERMODALIDAD_MEDIA,16,47.22222222222222,47.22222222222222,30.0771,12.5905,40.0,25.9551,39.3629,60.6771,52.1991,42.85,47.92,76,76,CENTRALIDAD_ESTRUCTURAL_MEDIA,CENTRALIDAD_ESTRUCTURAL_MEDIA,21.27,74.0449,CENTRALIDAD_SECUNDARIA,36.84,74,47.22222222222222,25.9551,39.3629,60.6771,MEDIO,MEDIO,BAJO,BAJO,ALTO,BAJO,PRIORIDAD_BAJA,CENTRALIDAD_LOCAL,DEFICIT,CONECTIVIDAD,PERFIL_EQUILIBRADO,76,75,MANTENER_Y_OPTIMIZAR,52.77777777777778,60.6371,39.3229,47.8009,55.451449999999994,49.077401111111115,IMPACTO_MEDIO,59.811949999999996,MEDIA,54.12817566666667,PRIORIDAD_MEDIA,MEJORAR_INTEGRACION_TERRITORIAL,La integración territorial presenta un déficit relevante respecto de las demás dimensiones.,76,8,22,"DEFICIT, CONECTIVIDAD, IMPACTO",INTERVENCION_SELECTIVA,INTEGRACION_TERRITORIAL,ESCENARIO_MEDIANO_PLAZO,5-10 AÑOS,FASE_3,PRIORIDAD_3_MEDIA,INTERVENCION_ESTRUCTURAL_MEDIA,INFRAESTRUCTURA | INTERMODALIDAD | DEMANDA,Reducir déficits de integración territorial y mejorar la articulación de la centralidad con su entorno.,"Centralidad clasificada como CENTRALIDAD_LOCAL, con diagnóstico INTERVENCION_SELECTIVA. Presenta demanda estructural de 47.22, soporte de infraestructura de 25.96, déficit estructural promedio de 55.45 y score de prioridad territorial de 54.13. La intervención recomendada es MEJORAR_INTEGRACION_TERRITORIAL.",54.22312563333333,75,8,3,AMBA-P075,AMBAC-064,MEDIA,ALTA,ALTA,MEDIA,MEDIA,DEFICIT_ESTRUCTURAL_MEDIO,5637694.7419211045,6155068.131987473,3,AMBA-E003,AMBA-E003 - INTEGRADO,51.677,PRIORIDAD_3_MEDIA,ESCENARIO_INTEGRADO,LARGO_PLAZO,INTERVENCION_TERRITORIAL_MEDIA,"Orientar inversiones hacia deficit, articulando las dimensiones deficit, conectividad, impacto.","El escenario presenta un perfil integrado con predominio de deficit. La evaluación combina demanda, déficit, impacto y capacidades de conectividad e integración."
77,2,22,34,59,3,5,9,AUTOBUS|FERROCARRIL,2,1,0,1,0,0,AUTOBUS|FERROCARRIL,2,1,0,1,0,0,AUTOBUS|FERROCARRIL,2,1,0,1,0,0,112.04507993669432,43.29014452099553,18.78028328484365,0.00878099173553719,0.4457992744134685,0.3254589587445453,0.4,1,0,0,0.3776376876233636,33.87,SOPORTE_FISICO_BAJO,44,INTERMODAL,100.0,54.166666666666664,43.75,69.44444444444444,46.18055555555556,50.34722222222222,39,67,39,28,70.0,INTERMODALIDAD_MEDIA,16,54.166666666666664,54.166666666666664,43.0337,32.5459,40.0,37.906,56.8518,62.934,62.3843,52.78,72.22,41,41,CENTRALIDAD_ESTRUCTURAL_MEDIA,CENTRALIDAD_ESTRUCTURAL_ALTA,16.26,62.094,DEFICIT_INFRAESTRUCTURAL,39.0,69,54.166666666666664,37.906,56.8518,62.934,ALTO,MEDIO,BAJO,MEDIO,ALTO,MUY_BAJO,PRIORIDAD_BAJA,CENTRALIDAD_LOCAL,IMPACTO,CONECTIVIDAD,PERFIL_EQUILIBRADO,41,69,MANTENER_Y_OPTIMIZAR,45.833333333333336,43.1482,37.066,37.6157,44.980975,57.74552833333333,IMPACTO_MEDIO,48.68020500000001,MEDIA,54.627634500000006,PRIORIDAD_MEDIA,MONITOREAR,Prioridad territorial 54.6/100 sin un déficit dominante que justifique una intervención mayor.,74,4,20,"IMPACTO, DEMANDA, INTEGRACION",INTERVENCION_SELECTIVA,MONITOREO,ESCENARIO_MEDIANO_PLAZO,5-10 AÑOS,FASE_3,PRIORIDAD_3_MEDIA,INTERVENCION_SELECTIVA,INFRAESTRUCTURA | DEMANDA | INTERMODALIDAD,Realizar seguimiento de la evolución territorial antes de promover una intervención física de mayor escala.,"Centralidad clasificada como CENTRALIDAD_LOCAL, con diagnóstico INTERVENCION_SELECTIVA. Presenta demanda estructural de 54.17, soporte de infraestructura de 37.91, déficit estructural promedio de 44.98 y score de prioridad territorial de 54.63. La intervención recomendada es MONITOREAR.",54.203204150000005,76,4,1,AMBA-P076,AMBAC-077,MEDIA,ALTA,MEDIA,MEDIA,MEDIA,DEFICIT_ESTRUCTURAL_MEDIO,5654424.250052886,6159380.667396961,4,AMBA-E001,AMBA-E001 - INTEGRADO,57.1597,PRIORIDAD_3_MEDIA,ESCENARIO_INTEGRADO,MEDIANO_PLAZO,INTERVENCION_TERRITORIAL_MEDIA,"Orientar inversiones hacia impacto, articulando las dimensiones impacto, demanda, integracion.","El escenario presenta un perfil integrado con predominio de impacto. La evaluación combina demanda, déficit, impacto y capacidades de conectividad e integración."
84,1,3,3,10,0,0,0,AUTOBUS,1,0,0,1,0,0,AUTOBUS,1,0,0,1,0,0,AUTOBUS,1,0,0,1,0,0,15.278874536821952,3.819718634205488,3.183098861837907,0.0007747933884297521,0.18495368961100384,0.0,0.2,0,0,0,0.13999999999999999,11.49,SOPORTE_FISICO_MUY_BAJO,138,MONOMODAL,50.0,34.72222222222222,44.44444444444444,23.26388888888889,46.18055555555556,50.34722222222222,109,95,109,14,33.0,INTERMODALIDAD_BAJA,138,34.72222222222222,34.72222222222222,16.7796,0.0,20.0,11.5964,16.7188,38.6285,45.9491,27.05,12.5,127,127,CENTRALIDAD_ESTRUCTURAL_BAJA,CENTRALIDAD_ESTRUCTURAL_MUY_BAJA,23.13,88.4036,CENTRALIDAD_SECUNDARIA,30.09,82,34.72222222222222,11.5964,16.7188,38.6285,MEDIO,BAJO,MUY_BAJO,MUY_BAJO,BAJO,BAJO,PRIORIDAD_BAJA,CENTRALIDAD_LOCAL,INTERMODALIDAD,TERRITORIAL,PERFIL_EQUILIBRADO,127,82,MANTENER_Y_OPTIMIZAR,65.27777777777777,83.2812,61.3715,54.0509,71.7768,35.46647111111111,IMPACTO_BAJO,76.563675,URGENTE,53.11479766666667,PRIORIDAD_MEDIA,MEJORAR_CONECTIVIDAD,La conectividad constituye una de las principales restricciones estructurales de la centralidad.,79,10,25,"INTERMODALIDAD, CENTRALIDAD, DEMANDA",BAJO_DESEMPEÑO_ESTRUCTURAL,MEJORA_CONECTIVIDAD,ESCENARIO_MEDIANO_PLAZO,5-10 AÑOS,FASE_3,PRIORIDAD_3_MEDIA,INTERVENCION_ESTRUCTURAL_MEDIA,INFRAESTRUCTURA | INTERMODALIDAD | DEMANDA,Mejorar la conectividad territorial y la accesibilidad estructural de la centralidad.,"Centralidad clasificada como CENTRALIDAD_LOCAL, con diagnóstico BAJO_DESEMPEÑO_ESTRUCTURAL. Presenta demanda estructural de 34.72, soporte de infraestructura de 11.60, déficit estructural promedio de 71.78 y score de prioridad territorial de 53.11. La intervención recomendada es MEJORAR_CONECTIVIDAD.",53.98488028333334,77,10,6,AMBA-P077,AMBAC-084,BAJA,ALTA,ALTA,ALTA,MEDIA,DEFICIT_ESTRUCTURAL_MEDIO,5642323.027040344,6147932.974556518,2,AMBA-E006,AMBA-E006 - INTEGRADO,39.2859,PRIORIDAD_4_BAJA,ESCENARIO_INTEGRADO,LARGO_PLAZO,INTERVENCION_TERRITORIAL_MEDIA,"Orientar inversiones hacia intermodalidad, articulando las dimensiones intermodalidad, centralidad, demanda.","El escenario presenta un perfil integrado con predominio de intermodalidad. La evaluación combina demanda, déficit, impacto y capacidades de conectividad e integración."
91,2,47,65,126,4,4,11,AUTOBUS|FERROCARRIL,2,1,0,1,0,0,AUTOBUS|FERROCARRIL,2,1,0,1,0,0,AUTOBUS|FERROCARRIL,2,1,0,1,0,0,239.3690344102106,82.76057040778558,40.10704565915763,0.016787190082644628,0.5207349657811249,0.2923416876766772,0.4,1,0,0,0.3677025063030031,35.79,SOPORTE_FISICO_BAJO,32,MONOMODAL,50.0,52.083333333333336,37.5,95.83333333333334,46.18055555555556,50.34722222222222,47,70,47,23,70.0,INTERMODALIDAD_MEDIA,16,52.083333333333336,52.083333333333336,50.7113,29.2342,40.0,39.8877,43.5238,73.0903,43.6343,49.63,63.19,54,54,CENTRALIDAD_ESTRUCTURAL_MEDIA,CENTRALIDAD_ESTRUCTURAL_ALTA,12.2,60.1123,DEFICIT_INFRAESTRUCTURAL,36.13,77,52.083333333333336,39.8877,43.5238,73.0903,MEDIO,MEDIO,BAJO,MEDIO,ALTO,MUY_BAJO,PRIORIDAD_BAJA,CENTRALIDAD_LOCAL,DEFICIT,CONECTIVIDAD,PERFIL_EQUILIBRADO,54,77,MANTENER_Y_OPTIMIZAR,47.916666666666664,56.4762,26.9097,56.3657,49.965975,54.991861666666665,IMPACTO_MEDIO,52.000765,MEDIA,54.001664500000004,PRIORIDAD_MEDIA,MEJORAR_INTEGRACION_TERRITORIAL,La integración territorial presenta un déficit relevante respecto de las demás dimensiones.,77,9,23,"DEFICIT, CENTRALIDAD, INTEGRACION",CENTRALIDAD_CONECTIVA,INTEGRACION_TERRITORIAL,ESCENARIO_MEDIANO_PLAZO,5-10 AÑOS,FASE_3,PRIORIDAD_3_MEDIA,INTERVENCION_SELECTIVA,INFRAESTRUCTURA | INTERMODALIDAD | INTEGRACION_TERRITORIAL,Reducir déficits de integración territorial y mejorar la articulación de la centralidad con su entorno.,"Centralidad clasificada como CENTRALIDAD_LOCAL, con diagnóstico CENTRALIDAD_CONECTIVA. Presenta demanda estructural de 52.08, soporte de infraestructura de 39.89, déficit estructural promedio de 49.97 y score de prioridad territorial de 54.00. La intervención recomendada es MEJORAR_INTEGRACION_TERRITORIAL.",53.85005915,78,9,4,AMBA-P078,AMBAC-091,MEDIA,ALTA,MEDIA,BAJA,MEDIA,DEFICIT_ESTRUCTURAL_MEDIO,5637563.3560030265,6176452.7014205055,1,AMBA-E004,AMBA-E004 - INTEGRADO,51.6203,PRIORIDAD_3_MEDIA,ESCENARIO_INTEGRADO,LARGO_PLAZO,INTERVENCION_TERRITORIAL_MEDIA,"Orientar inversiones hacia deficit, articulando las dimensiones deficit, centralidad, integracion.","El escenario presenta un perfil integrado con predominio de deficit. La evaluación combina demanda, déficit, impacto y capacidades de conectividad e integración."
66,1,6,10,25,2,2,3,AUTOBUS|FERROCARRIL,2,1,0,1,0,0,AUTOBUS|FERROCARRIL,2,1,0,1,0,0,AUTOBUS|FERROCARRIL,2,1,0,1,0,0,30.557749073643905,12.732395447351628,7.957747154594767,0.0025826446280991736,0.30808740138835516,0.19955424691458712,0.4,1,0,0,0.3398662740743761,25.81,SOPORTE_FISICO_BAJO,90,MONOMODAL,50.0,46.52777777777778,62.5,23.26388888888889,46.18055555555556,50.34722222222222,89,78,89,11,70.0,INTERMODALIDAD_MEDIA,16,46.52777777777778,46.52777777777778,29.0239,19.9554,40.0,28.0165,41.2041,61.4583,51.9676,43.62,49.31,74,74,CENTRALIDAD_ESTRUCTURAL_MEDIA,CENTRALIDAD_ESTRUCTURAL_MEDIA,18.51,71.98349999999999,CENTRALIDAD_SECUNDARIA,35.32,79,46.52777777777778,28.0165,41.2041,61.4583,MEDIO,MEDIO,BAJO,MEDIO,ALTO,MUY_BAJO,PRIORIDAD_BAJA,CENTRALIDAD_LOCAL,DEFICIT,CONECTIVIDAD,PERFIL_EQUILIBRADO,74,79,MANTENER_Y_OPTIMIZAR,53.47222222222222,58.7959,38.5417,48.0324,54.338375,48.92456388888889,IMPACTO_MEDIO,58.405575,MEDIA,53.39277583333333,PRIORIDAD_MEDIA,MEJORAR_INTEGRACION_TERRITORIAL,La integración territorial presenta un déficit relevante respecto de las demás dimensiones.,78,10,24,"DEFICIT, CENTRALIDAD, INTEGRACION",INTERVENCION_SELECTIVA,INTEGRACION_TERRITORIAL,ESCENARIO_MEDIANO_PLAZO,5-10 AÑOS,FASE_3,PRIORIDAD_3_MEDIA,INTERVENCION_ESTRUCTURAL_MEDIA,INFRAESTRUCTURA | INTERMODALIDAD | DEMANDA,Reducir déficits de integración territorial y mejorar la articulación de la centralidad con su entorno.,"Centralidad clasificada como CENTRALIDAD_LOCAL, con diagnóstico INTERVENCION_SELECTIVA. Presenta demanda estructural de 46.53, soporte de infraestructura de 28.02, déficit estructural promedio de 54.34 y score de prioridad territorial de 53.39. La intervención recomendada es MEJORAR_INTEGRACION_TERRITORIAL.",53.47446391666666,79,10,4,AMBA-P079,AMBAC-066,MEDIA,ALTA,MEDIA,MEDIA,MEDIA,DEFICIT_ESTRUCTURAL_MEDIO,5620802.4047792535,6175103.102354593,1,AMBA-E004,AMBA-E004 - INTEGRADO,51.6203,PRIORIDAD_3_MEDIA,ESCENARIO_INTEGRADO,LARGO_PLAZO,INTERVENCION_TERRITORIAL_MEDIA,"Orientar inversiones hacia deficit, articulando las dimensiones deficit, centralidad, integracion.","El escenario presenta un perfil integrado con predominio de deficit. La evaluación combina demanda, déficit, impacto y capacidades de conectividad e integración."
100,1,0,0,3,0,0,1,,0,0,0,0,0,0,,0,0,0,0,0,0,AUTOBUS|FERROCARRIL,2,1,0,1,0,0,0.0,0.0,0.954929658551372,0.0,0.0,0.0,0.0,0,0,0,0.0,0.0,SOPORTE_FISICO_MUY_BAJO,143,MONOMODAL,50.0,26.38888888888889,34.02777777777778,23.26388888888889,46.18055555555556,50.34722222222222,122,107,122,15,0.0,SIN_INFRAESTRUCTURA_500M,143,26.38888888888889,26.38888888888889,0.0,0.0,0.0,0.0,11.0243,41.4062,42.4769,20.58,3.47,140,140,CENTRALIDAD_ESTRUCTURAL_BAJA,CENTRALIDAD_ESTRUCTURAL_MUY_BAJA,26.39,100.0,CENTRALIDAD_SECUNDARIA,26.39,89,26.38888888888889,0.0,11.0243,41.4062,MEDIO,BAJO,MUY_BAJO,MUY_BAJO,MEDIO,BAJO,PRIORIDAD_BAJA,CENTRALIDAD_LOCAL,INTEGRACION,TERRITORIAL,PERFIL_EQUILIBRADO,140,89,MANTENER_Y_OPTIMIZAR,73.61111111111111,88.9757,58.5938,57.5231,76.27315,29.490074444444446,IMPACTO_BAJO,82.59115000000001,URGENTE,52.14861966666667,PRIORIDAD_MEDIA,MEJORAR_CONECTIVIDAD,La conectividad constituye una de las principales restricciones estructurales de la centralidad.,80,11,26,"INTEGRACION, DEFICIT, DEMANDA",BAJO_DESEMPEÑO_ESTRUCTURAL,MEJORA_CONECTIVIDAD,ESCENARIO_MEDIANO_PLAZO,5-10 AÑOS,FASE_3,PRIORIDAD_3_MEDIA,INTERVENCION_ESTRUCTURAL_MEDIA,INFRAESTRUCTURA | INTERMODALIDAD | DEMANDA,Mejorar la conectividad territorial y la accesibilidad estructural de la centralidad.,"Centralidad clasificada como CENTRALIDAD_LOCAL, con diagnóstico BAJO_DESEMPEÑO_ESTRUCTURAL. Presenta demanda estructural de 26.39, soporte de infraestructura de 0.00, déficit estructural promedio de 76.27 y score de prioridad territorial de 52.15. La intervención recomendada es MEJORAR_CONECTIVIDAD.",53.31621743333333,80,11,5,AMBA-P080,AMBAC-100,BAJA,ALTA,ALTA,MEDIA,MEDIA,DEFICIT_ESTRUCTURAL_MEDIO,5612235.375327907,6179031.858658845,5,AMBA-E005,AMBA-E005 - INTEGRADO,43.1479,PRIORIDAD_4_BAJA,ESCENARIO_INTEGRADO,LARGO_PLAZO,INTERVENCION_TERRITORIAL_MEDIA,"Orientar inversiones hacia integracion, articulando las dimensiones integracion, deficit, demanda.","El escenario presenta un perfil integrado con predominio de integracion. La evaluación combina demanda, déficit, impacto y capacidades de conectividad e integración."
87,1,12,20,30,0,0,1,AUTOBUS,1,0,0,1,0,0,AUTOBUS,1,0,0,1,0,0,AUTOBUS|FLUVIAL,2,0,0,1,1,0,61.11549814728781,25.464790894703256,9.549296585513721,0.005165289256198347,0.3852407435141075,0.0,0.2,0,0,0,0.13999999999999999,18.56,SOPORTE_FISICO_MUY_BAJO,119,MONOMODAL,50.0,33.33333333333333,43.05555555555556,69.44444444444444,46.18055555555556,50.34722222222222,81,97,81,16,40.0,INTERMODALIDAD_BAJA,115,33.33333333333333,33.33333333333333,36.8507,0.0,20.0,19.6817,19.8438,33.0729,45.4861,28.4,13.19,126,126,CENTRALIDAD_ESTRUCTURAL_BAJA,CENTRALIDAD_ESTRUCTURAL_MUY_BAJA,13.65,80.3183,CENTRALIDAD_SECUNDARIA,25.46,92,33.33333333333333,19.6817,19.8438,33.0729,MEDIO,BAJO,MUY_BAJO,MUY_BAJO,BAJO,MUY_BAJO,PRIORIDAD_BAJA,CENTRALIDAD_LOCAL,INTEGRACION,TERRITORIAL,PERFIL_EQUILIBRADO,126,92,MANTENER_Y_OPTIMIZAR,66.66666666666667,80.1562,66.9271,54.5139,70.47887499999999,34.71944166666666,IMPACTO_BAJO,73.728875,ALTA,51.289272499999996,PRIORIDAD_MEDIA,MEJORAR_CONECTIVIDAD,La conectividad constituye una de las principales restricciones estructurales de la centralidad.,84,12,30,"INTEGRACION, DEFICIT, DEMANDA",BAJO_DESEMPEÑO_ESTRUCTURAL,MEJORA_CONECTIVIDAD,ESCENARIO_MEDIANO_PLAZO,5-10 AÑOS,FASE_3,PRIORIDAD_3_MEDIA,INTERVENCION_ESTRUCTURAL_MEDIA,INFRAESTRUCTURA | INTERMODALIDAD | CONECTIVIDAD,Mejorar la conectividad territorial y la accesibilidad estructural de la centralidad.,"Centralidad clasificada como CENTRALIDAD_LOCAL, con diagnóstico BAJO_DESEMPEÑO_ESTRUCTURAL. Presenta demanda estructural de 33.33, soporte de infraestructura de 19.68, déficit estructural promedio de 70.48 y score de prioridad territorial de 51.29. La intervención recomendada es MEJORAR_CONECTIVIDAD.",52.16973824999999,81,12,5,AMBA-P081,AMBAC-087,BAJA,ALTA,ALTA,ALTA,MEDIA,DEFICIT_ESTRUCTURAL_MEDIO,5631095.138009892,6186543.862300803,5,AMBA-E005,AMBA-E005 - INTEGRADO,43.1479,PRIORIDAD_4_BAJA,ESCENARIO_INTEGRADO,LARGO_PLAZO,INTERVENCION_TERRITORIAL_MEDIA,"Orientar inversiones hacia integracion, articulando las dimensiones integracion, deficit, demanda.","El escenario presenta un perfil integrado con predominio de integracion. La evaluación combina demanda, déficit, impacto y capacidades de conectividad e integración."
118,2,25,51,91,0,1,2,AUTOBUS,1,0,0,1,0,0,AUTOBUS|FERROCARRIL,2,1,0,1,0,0,AUTOBUS|FERROCARRIL,2,1,0,1,0,0,127.32395447351627,64.9352167814933,28.966199642724952,0.013171487603305785,0.49259414321024025,0.12590471182995822,0.4,1,0,0,0.3177714135489874,30.59,SOPORTE_FISICO_BAJO,63,MONOMODAL,50.0,43.05555555555556,18.055555555555554,69.44444444444444,46.18055555555556,50.34722222222222,85,83,85,2,70.0,INTERMODALIDAD_MEDIA,16,43.05555555555556,43.05555555555556,47.8255,12.5905,40.0,33.1046,39.3629,63.1944,37.1528,42.26,46.53,78,78,CENTRALIDAD_ESTRUCTURAL_MEDIA,CENTRALIDAD_ESTRUCTURAL_MEDIA,9.95,66.8954,CENTRALIDAD_SECUNDARIA,29.81,83,43.05555555555556,33.1046,39.3629,63.1944,BAJO,MEDIO,BAJO,BAJO,ALTO,MUY_BAJO,PRIORIDAD_BAJA,CENTRALIDAD_LOCAL,DEFICIT,CONECTIVIDAD,PERFIL_EQUILIBRADO,78,83,MANTENER_Y_OPTIMIZAR,56.94444444444444,60.6371,36.8056,62.8472,56.796324999999996,46.846042777777775,IMPACTO_MEDIO,58.705635,MEDIA,51.72555816666667,PRIORIDAD_MEDIA,MEJORAR_INTEGRACION_TERRITORIAL,La integración territorial presenta un déficit relevante respecto de las demás dimensiones.,82,11,28,"DEFICIT, CONECTIVIDAD, IMPACTO",INTERVENCION_SELECTIVA,INTEGRACION_TERRITORIAL,ESCENARIO_MEDIANO_PLAZO,5-10 AÑOS,FASE_3,PRIORIDAD_3_MEDIA,INTERVENCION_ESTRUCTURAL_MEDIA,INFRAESTRUCTURA | INTEGRACION_TERRITORIAL | INTERMODALIDAD,Reducir déficits de integración territorial y mejorar la articulación de la centralidad con su entorno.,"Centralidad clasificada como CENTRALIDAD_LOCAL, con diagnóstico INTERVENCION_SELECTIVA. Presenta demanda estructural de 43.06, soporte de infraestructura de 33.10, déficit estructural promedio de 56.80 y score de prioridad territorial de 51.73. La intervención recomendada es MEJORAR_INTEGRACION_TERRITORIAL.",52.040642383333335,82,11,3,AMBA-P082,AMBAC-118,MEDIA,ALTA,ALTA,MEDIA,ALTA,DEFICIT_ESTRUCTURAL_MEDIO,5627478.293527013,6155471.382090441,3,AMBA-E003,AMBA-E003 - INTEGRADO,51.677,PRIORIDAD_3_MEDIA,ESCENARIO_INTEGRADO,LARGO_PLAZO,INTERVENCION_TERRITORIAL_MEDIA,"Orientar inversiones hacia deficit, articulando las dimensiones deficit, conectividad, impacto.","El escenario presenta un perfil integrado con predominio de deficit. La evaluación combina demanda, déficit, impacto y capacidades de conectividad e integración."
110,2,8,10,27,1,1,3,AUTOBUS|FERROCARRIL,2,1,0,1,0,0,AUTOBUS|FERROCARRIL,2,1,0,1,0,0,AUTOBUS|FERROCARRIL,2,1,0,1,0,0,40.74366543152521,12.732395447351628,8.594366926962348,0.0025826446280991736,0.30808740138835516,0.12590471182995822,0.4,1,0,0,0.3177714135489874,23.97,SOPORTE_FISICO_BAJO,99,MONOMODAL,50.0,42.36111111111111,17.36111111111111,69.44444444444444,46.18055555555556,50.34722222222222,86,84,86,2,70.0,INTERMODALIDAD_MEDIA,16,42.36111111111111,42.36111111111111,29.0239,12.5905,40.0,25.531,39.3629,74.8264,36.9213,41.88,45.14,80,80,CENTRALIDAD_ESTRUCTURAL_MEDIA,CENTRALIDAD_ESTRUCTURAL_MEDIA,16.83,74.469,CENTRALIDAD_SECUNDARIA,32.15,80,42.36111111111111,25.531,39.3629,74.8264,BAJO,MEDIO,BAJO,BAJO,ALTO,MUY_BAJO,PRIORIDAD_BAJA,CENTRALIDAD_LOCAL,DEFICIT,CONECTIVIDAD,PERFIL_EQUILIBRADO,80,80,MANTENER_Y_OPTIMIZAR,57.63888888888889,60.6371,25.173599999999993,63.0787,55.8396,45.890475555555554,IMPACTO_MEDIO,59.4434,MEDIA,51.610985333333325,PRIORIDAD_MEDIA,MEJORAR_INTEGRACION_TERRITORIAL,La integración territorial presenta un déficit relevante respecto de las demás dimensiones.,83,12,29,"DEFICIT, CONECTIVIDAD, IMPACTO",CENTRALIDAD_CONECTIVA,INTEGRACION_TERRITORIAL,ESCENARIO_MEDIANO_PLAZO,5-10 AÑOS,FASE_3,PRIORIDAD_3_MEDIA,INTERVENCION_ESTRUCTURAL_MEDIA,INFRAESTRUCTURA | INTEGRACION_TERRITORIAL | INTERMODALIDAD,Reducir déficits de integración territorial y mejorar la articulación de la centralidad con su entorno.,"Centralidad clasificada como CENTRALIDAD_LOCAL, con diagnóstico CENTRALIDAD_CONECTIVA. Presenta demanda estructural de 42.36, soporte de infraestructura de 25.53, déficit estructural promedio de 55.84 y score de prioridad territorial de 51.61. La intervención recomendada es MEJORAR_INTEGRACION_TERRITORIAL.",51.927771066666665,83,12,3,AMBA-P083,AMBAC-110,MEDIA,ALTA,ALTA,BAJA,ALTA,DEFICIT_ESTRUCTURAL_MEDIO,5641050.3827247545,6155292.1637460245,3,AMBA-E003,AMBA-E003 - INTEGRADO,51.677,PRIORIDAD_3_MEDIA,ESCENARIO_INTEGRADO,LARGO_PLAZO,INTERVENCION_TERRITORIAL_MEDIA,"Orientar inversiones hacia deficit, articulando las dimensiones deficit, conectividad, impacto.","El escenario presenta un perfil integrado con predominio de deficit. La evaluación combina demanda, déficit, impacto y capacidades de conectividad e integración."
78,1,5,5,10,1,1,2,AUTOBUS|FERROCARRIL,2,1,0,1,0,0,AUTOBUS|FERROCARRIL,2,1,0,1,0,0,AUTOBUS|FERROCARRIL,2,1,0,1,0,0,25.464790894703256,6.366197723675814,3.183098861837907,0.0012913223140495868,0.23483860732538517,0.12590471182995822,0.4,1,0,0,0.3177714135489874,21.39,SOPORTE_FISICO_BAJO,106,MONOMODAL,50.0,37.5,53.47222222222222,23.26388888888889,46.18055555555556,50.34722222222222,101,91,101,10,65.0,INTERMODALIDAD_MEDIA,104,37.5,37.5,21.6873,12.5905,40.0,22.5762,30.7691,50.7812,48.9583,35.56,29.86,102,102,CENTRALIDAD_ESTRUCTURAL_BAJA,CENTRALIDAD_ESTRUCTURAL_BAJA,14.92,77.4238,CENTRALIDAD_SECUNDARIA,28.47,84,37.5,22.5762,30.7691,50.7812,MEDIO,BAJO,BAJO,BAJO,MEDIO,MUY_BAJO,PRIORIDAD_BAJA,CENTRALIDAD_LOCAL,INTERMODALIDAD,CONECTIVIDAD,PERFIL_EQUILIBRADO,102,84,MANTENER_Y_OPTIMIZAR,62.5,69.23089999999999,49.2188,51.0417,61.72879999999999,40.05376,IMPACTO_MEDIO,65.77726,ALTA,51.202735999999994,PRIORIDAD_MEDIA,MEJORAR_CONECTIVIDAD,La conectividad constituye una de las principales restricciones estructurales de la centralidad.,85,13,31,"INTERMODALIDAD, CENTRALIDAD, DEMANDA",BAJO_DESEMPEÑO_ESTRUCTURAL,MEJORA_CONECTIVIDAD,ESCENARIO_MEDIANO_PLAZO,5-10 AÑOS,FASE_3,PRIORIDAD_3_MEDIA,INTERVENCION_ESTRUCTURAL_MEDIA,INFRAESTRUCTURA | INTERMODALIDAD | DEMANDA,Mejorar la conectividad territorial y la accesibilidad estructural de la centralidad.,"Centralidad clasificada como CENTRALIDAD_LOCAL, con diagnóstico BAJO_DESEMPEÑO_ESTRUCTURAL. Presenta demanda estructural de 37.50, soporte de infraestructura de 22.58, déficit estructural promedio de 61.73 y score de prioridad territorial de 51.20. La intervención recomendada es MEJORAR_CONECTIVIDAD.",51.71656819999999,84,13,6,AMBA-P084,AMBAC-078,BAJA,ALTA,ALTA,MEDIA,MEDIA,DEFICIT_ESTRUCTURAL_MEDIO,5665310.605774966,6143453.905677669,2,AMBA-E006,AMBA-E006 - INTEGRADO,39.2859,PRIORIDAD_4_BAJA,ESCENARIO_INTEGRADO,LARGO_PLAZO,INTERVENCION_TERRITORIAL_MEDIA,"Orientar inversiones hacia intermodalidad, articulando las dimensiones intermodalidad, centralidad, demanda.","El escenario presenta un perfil integrado con predominio de intermodalidad. La evaluación combina demanda, déficit, impacto y capacidades de conectividad e integración."
95,2,54,98,213,8,11,18,AUTOBUS|FERROCARRIL,2,1,0,1,0,0,AUTOBUS|FERROCARRIL,2,1,0,1,0,0,AUTOBUS|FERROCARRIL,2,1,0,1,0,0,275.0197416627951,124.77747538404594,67.80000575714742,0.0253099173553719,0.5685460743856711,0.45136367057450355,0.4,1,0,0,0.415409101172351,41.56,SOPORTE_FISICO_MEDIO,13,MONOMODAL,50.0,45.83333333333333,25.0,23.26388888888889,46.18055555555556,50.34722222222222,107,79,107,28,70.0,INTERMODALIDAD_MEDIA,16,45.83333333333333,45.83333333333333,55.619,45.1364,40.0,47.2416,47.4994,59.0278,39.4676,47.86,57.64,62,62,CENTRALIDAD_ESTRUCTURAL_MEDIA,CENTRALIDAD_ESTRUCTURAL_MEDIA,-1.41,52.7584,CENTRALIDAD_SECUNDARIA,27.5,86,45.83333333333333,47.2416,47.4994,59.0278,BAJO,MEDIO,MEDIO,MEDIO,MEDIO,MUY_BAJO,PRIORIDAD_BAJA,CENTRALIDAD_LOCAL,DEFICIT,CONECTIVIDAD,PERFIL_EQUILIBRADO,62,86,MANTENER_Y_OPTIMIZAR,54.16666666666667,52.5006,40.9722,60.5324,51.6909,50.54684666666666,IMPACTO_MEDIO,51.50281,MEDIA,50.709628,PRIORIDAD_MEDIA,MEJORAR_INTEGRACION_TERRITORIAL,La integración territorial presenta un déficit relevante respecto de las demás dimensiones.,86,13,32,"DEFICIT, CENTRALIDAD, INTEGRACION",INTERVENCION_SELECTIVA,INTEGRACION_TERRITORIAL,ESCENARIO_MEDIANO_PLAZO,5-10 AÑOS,FASE_3,PRIORIDAD_3_MEDIA,INTERVENCION_ESTRUCTURAL_MEDIA,INTEGRACION_TERRITORIAL | DEMANDA | INFRAESTRUCTURA,Reducir déficits de integración territorial y mejorar la articulación de la centralidad con su entorno.,"Centralidad clasificada como CENTRALIDAD_LOCAL, con diagnóstico INTERVENCION_SELECTIVA. Presenta demanda estructural de 45.83, soporte de infraestructura de 47.24, déficit estructural promedio de 51.69 y score de prioridad territorial de 50.71. La intervención recomendada es MEJORAR_INTEGRACION_TERRITORIAL.",50.80418809999999,85,13,4,AMBA-P085,AMBAC-095,MEDIA,MEDIA,MEDIA,MEDIA,ALTA,DEFICIT_ESTRUCTURAL_MEDIO,5634800.008032378,6170776.108390271,1,AMBA-E004,AMBA-E004 - INTEGRADO,51.6203,PRIORIDAD_3_MEDIA,ESCENARIO_INTEGRADO,LARGO_PLAZO,INTERVENCION_TERRITORIAL_MEDIA,"Orientar inversiones hacia deficit, articulando las dimensiones deficit, centralidad, integracion.","El escenario presenta un perfil integrado con predominio de deficit. La evaluación combina demanda, déficit, impacto y capacidades de conectividad e integración."
69,1,13,19,37,1,1,1,AUTOBUS|FERROCARRIL|FLUVIAL,3,1,0,1,1,0,AUTOBUS|FERROCARRIL|FLUVIAL,3,1,0,1,1,0,AUTOBUS|FERROCARRIL|FLUVIAL,3,1,0,1,1,0,66.20845632622846,24.19155134996809,11.777465788800255,0.00490702479338843,0.3794422222409767,0.12590471182995822,0.6,1,0,1,0.4577714135489874,31.5,SOPORTE_FISICO_BAJO,59,MONOMODAL,50.0,44.44444444444444,59.72222222222222,69.44444444444444,46.18055555555556,50.34722222222222,61,81,61,20,85.0,INTERMODALIDAD_MUY_ALTA,3,44.44444444444444,44.44444444444444,36.2601,12.5905,60.0,33.1932,52.5226,65.7118,51.0417,47.1,54.86,66,66,CENTRALIDAD_ESTRUCTURAL_MEDIA,CENTRALIDAD_ESTRUCTURAL_MEDIA,11.25,66.80680000000001,CENTRALIDAD_SECUNDARIA,31.17,81,44.44444444444444,33.1932,52.5226,65.7118,MEDIO,MEDIO,BAJO,MEDIO,ALTO,MUY_BAJO,PRIORIDAD_BAJA,CENTRALIDAD_LOCAL,DEFICIT,CONECTIVIDAD,PERFIL_EQUILIBRADO,66,81,MANTENER_Y_OPTIMIZAR,55.55555555555556,47.4774,34.2882,48.9583,49.382675000000006,48.556757222222224,IMPACTO_MEDIO,52.79345500000001,MEDIA,50.555491833333335,PRIORIDAD_MEDIA,MEJORAR_INTEGRACION_TERRITORIAL,La integración territorial presenta un déficit relevante respecto de las demás dimensiones.,87,14,33,"DEFICIT, CENTRALIDAD, INTEGRACION",INTERVENCION_SELECTIVA,INTEGRACION_TERRITORIAL,ESCENARIO_MEDIANO_PLAZO,5-10 AÑOS,FASE_3,PRIORIDAD_3_MEDIA,INTERVENCION_SELECTIVA,INFRAESTRUCTURA | DEMANDA | INTEGRACION_TERRITORIAL,Reducir déficits de integración territorial y mejorar la articulación de la centralidad con su entorno.,"Centralidad clasificada como CENTRALIDAD_LOCAL, con diagnóstico INTERVENCION_SELECTIVA. Presenta demanda estructural de 44.44, soporte de infraestructura de 33.19, déficit estructural promedio de 49.38 y score de prioridad territorial de 50.56. La intervención recomendada es MEJORAR_INTEGRACION_TERRITORIAL.",50.591376116666666,86,14,4,AMBA-P086,AMBAC-069,MEDIA,ALTA,MEDIA,MEDIA,MEDIA,DEFICIT_ESTRUCTURAL_MEDIO,5630530.187112227,6190402.0247305855,1,AMBA-E004,AMBA-E004 - INTEGRADO,51.6203,PRIORIDAD_3_MEDIA,ESCENARIO_INTEGRADO,LARGO_PLAZO,INTERVENCION_TERRITORIAL_MEDIA,"Orientar inversiones hacia deficit, articulando las dimensiones deficit, centralidad, integracion.","El escenario presenta un perfil integrado con predominio de deficit. La evaluación combina demanda, déficit, impacto y capacidades de conectividad e integración."
124,2,7,11,17,1,2,2,AUTOBUS|FERROCARRIL,2,1,0,1,0,0,AUTOBUS|FERROCARRIL,2,1,0,1,0,0,AUTOBUS|FERROCARRIL,2,1,0,1,0,0,35.65070725258456,14.00563499208679,5.411268065124442,0.002840909090909091,0.3185149047398846,0.19955424691458712,0.4,1,0,0,0.3398662740743761,26.18,SOPORTE_FISICO_BAJO,87,MONOMODAL,50.0,38.88888888888889,6.944444444444445,69.44444444444444,46.18055555555556,50.34722222222222,93,89,93,4,70.0,INTERMODALIDAD_MEDIA,16,38.88888888888889,38.88888888888889,30.0771,19.9554,40.0,28.4406,41.2041,57.8125,33.4491,39.03,35.42,94,94,CENTRALIDAD_ESTRUCTURAL_BAJA,CENTRALIDAD_ESTRUCTURAL_BAJA,10.45,71.5594,CENTRALIDAD_SECUNDARIA,27.51,85,38.88888888888889,28.4406,41.2041,57.8125,BAJO,BAJO,BAJO,MEDIO,MEDIO,MUY_BAJO,PRIORIDAD_BAJA,CENTRALIDAD_LOCAL,DEFICIT,CONECTIVIDAD,PERFIL_EQUILIBRADO,94,85,MANTENER_Y_OPTIMIZAR,61.11111111111111,58.7959,42.1875,66.5509,59.773425,42.025129444444445,IMPACTO_MEDIO,61.74287,ALTA,49.915295166666674,PRIORIDAD_MEDIA,MEJORAR_INTEGRACION_TERRITORIAL,La integración territorial presenta un déficit relevante respecto de las demás dimensiones.,90,17,36,"DEFICIT, CENTRALIDAD, INTEGRACION",BAJO_DESEMPEÑO_ESTRUCTURAL,INTEGRACION_TERRITORIAL,ESCENARIO_MEDIANO_PLAZO,5-10 AÑOS,FASE_3,PRIORIDAD_4_BAJA,INTERVENCION_ESTRUCTURAL_MEDIA,INFRAESTRUCTURA | INTEGRACION_TERRITORIAL | DEMANDA,Reducir déficits de integración territorial y mejorar la articulación de la centralidad con su entorno.,"Centralidad clasificada como CENTRALIDAD_LOCAL, con diagnóstico BAJO_DESEMPEÑO_ESTRUCTURAL. Presenta demanda estructural de 38.89, soporte de infraestructura de 28.44, déficit estructural promedio de 59.77 y score de prioridad territorial de 49.92. La intervención recomendada es MEJORAR_INTEGRACION_TERRITORIAL.",50.50590653333333,87,15,4,AMBA-P087,AMBAC-124,BAJA,ALTA,MEDIA,MEDIA,ALTA,DEFICIT_ESTRUCTURAL_MEDIO,5630209.548424172,6183046.7301288545,1,AMBA-E004,AMBA-E004 - INTEGRADO,51.6203,PRIORIDAD_3_MEDIA,ESCENARIO_INTEGRADO,LARGO_PLAZO,INTERVENCION_TERRITORIAL_MEDIA,"Orientar inversiones hacia deficit, articulando las dimensiones deficit, centralidad, integracion.","El escenario presenta un perfil integrado con predominio de deficit. La evaluación combina demanda, déficit, impacto y capacidades de conectividad e integración."
83,1,3,3,12,1,1,1,AUTOBUS|FERROCARRIL,2,1,0,1,0,0,AUTOBUS|FERROCARRIL,2,1,0,1,0,0,AUTOBUS|FERROCARRIL,2,1,0,1,0,0,15.278874536821952,3.819718634205488,3.819718634205488,0.0007747933884297521,0.18495368961100384,0.12590471182995822,0.4,1,0,0,0.3177714135489874,19.63,SOPORTE_FISICO_MUY_BAJO,113,MONOMODAL,50.0,35.41666666666667,47.91666666666667,23.26388888888889,46.18055555555556,50.34722222222222,106,94,106,12,63.0,INTERMODALIDAD_MEDIA,108,35.41666666666667,35.41666666666667,16.7796,12.5905,40.0,20.5945,30.1615,66.4062,47.1065,36.48,32.64,98,98,CENTRALIDAD_ESTRUCTURAL_BAJA,CENTRALIDAD_ESTRUCTURAL_BAJA,14.82,79.4055,CENTRALIDAD_SECUNDARIA,27.18,87,35.41666666666667,20.5945,30.1615,66.4062,MEDIO,BAJO,BAJO,BAJO,ALTO,MUY_BAJO,PRIORIDAD_BAJA,CENTRALIDAD_LOCAL,INTEGRACION,CONECTIVIDAD,PERFIL_EQUILIBRADO,98,87,MANTENER_Y_OPTIMIZAR,64.58333333333333,69.8385,33.5938,52.8935,58.93282500000001,39.28689833333334,IMPACTO_BAJO,63.874610000000004,ALTA,50.039786500000005,PRIORIDAD_MEDIA,MEJORAR_INTEGRACION_TERRITORIAL,La integración territorial presenta un déficit relevante respecto de las demás dimensiones.,88,15,34,"INTEGRACION, DEFICIT, DEMANDA",BAJO_DESEMPEÑO_ESTRUCTURAL,INTEGRACION_TERRITORIAL,ESCENARIO_MEDIANO_PLAZO,5-10 AÑOS,FASE_3,PRIORIDAD_3_MEDIA,INTERVENCION_ESTRUCTURAL_MEDIA,INFRAESTRUCTURA | INTERMODALIDAD | DEMANDA,Reducir déficits de integración territorial y mejorar la articulación de la centralidad con su entorno.,"Centralidad clasificada como CENTRALIDAD_LOCAL, con diagnóstico BAJO_DESEMPEÑO_ESTRUCTURAL. Presenta demanda estructural de 35.42, soporte de infraestructura de 20.59, déficit estructural promedio de 58.93 y score de prioridad territorial de 50.04. La intervención recomendada es MEJORAR_INTEGRACION_TERRITORIAL.",50.502076800000005,88,16,5,AMBA-P088,AMBAC-083,BAJA,ALTA,ALTA,MEDIA,MEDIA,DEFICIT_ESTRUCTURAL_MEDIO,5610616.940091329,6187263.76415154,5,AMBA-E005,AMBA-E005 - INTEGRADO,43.1479,PRIORIDAD_4_BAJA,ESCENARIO_INTEGRADO,LARGO_PLAZO,INTERVENCION_TERRITORIAL_MEDIA,"Orientar inversiones hacia integracion, articulando las dimensiones integracion, deficit, demanda.","El escenario presenta un perfil integrado con predominio de integracion. La evaluación combina demanda, déficit, impacto y capacidades de conectividad e integración."
128,2,33,41,68,1,2,4,AUTOBUS|FERROCARRIL,2,1,0,1,0,0,AUTOBUS|FERROCARRIL,2,1,0,1,0,0,AUTOBUS|FERROCARRIL,2,1,0,1,0,0,168.06761990504148,52.202821334141674,21.645072260497766,0.010588842975206611,0.4673614186927018,0.19955424691458712,0.4,1,0,0,0.3398662740743761,31.51,SOPORTE_FISICO_BAJO,57,MONOMODAL,50.0,39.58333333333333,8.333333333333332,69.44444444444444,46.18055555555556,50.34722222222222,92,88,92,4,70.0,INTERMODALIDAD_MEDIA,16,39.58333333333333,39.58333333333333,45.2405,19.9554,40.0,34.5473,41.2041,61.1979,33.912,41.32,43.06,83,83,CENTRALIDAD_ESTRUCTURAL_MEDIA,CENTRALIDAD_ESTRUCTURAL_MEDIA,5.04,65.4527,CENTRALIDAD_SECUNDARIA,25.77,90,39.58333333333333,34.5473,41.2041,61.1979,BAJO,BAJO,BAJO,MEDIO,ALTO,MUY_BAJO,PRIORIDAD_BAJA,CENTRALIDAD_LOCAL,DEFICIT,CONECTIVIDAD,PERFIL_EQUILIBRADO,83,90,MANTENER_Y_OPTIMIZAR,60.41666666666667,58.7959,38.8021,66.088,57.284675,44.166601666666665,IMPACTO_MEDIO,58.553675,MEDIA,49.866028500000006,PRIORIDAD_MEDIA,MEJORAR_INTEGRACION_TERRITORIAL,La integración territorial presenta un déficit relevante respecto de las demás dimensiones.,91,18,37,"DEFICIT, CONECTIVIDAD, IMPACTO",BAJO_DESEMPEÑO_ESTRUCTURAL,INTEGRACION_TERRITORIAL,ESCENARIO_ESTRUCTURAL,10+ AÑOS,FASE_4,PRIORIDAD_4_BAJA,INTERVENCION_ESTRUCTURAL_MEDIA,INTEGRACION_TERRITORIAL | INFRAESTRUCTURA | DEMANDA,Reducir déficits de integración territorial y mejorar la articulación de la centralidad con su entorno.,"Centralidad clasificada como CENTRALIDAD_LOCAL, con diagnóstico BAJO_DESEMPEÑO_ESTRUCTURAL. Presenta demanda estructural de 39.58, soporte de infraestructura de 34.55, déficit estructural promedio de 57.28 y score de prioridad territorial de 49.87. La intervención recomendada es MEJORAR_INTEGRACION_TERRITORIAL.",50.314261450000004,89,17,3,AMBA-P089,AMBAC-128,BAJA,ALTA,MEDIA,MEDIA,ALTA,DEFICIT_ESTRUCTURAL_MEDIO,5650820.176518559,6151193.015232724,3,AMBA-E003,AMBA-E003 - INTEGRADO,51.677,PRIORIDAD_3_MEDIA,ESCENARIO_INTEGRADO,LARGO_PLAZO,INTERVENCION_TERRITORIAL_MEDIA,"Orientar inversiones hacia deficit, articulando las dimensiones deficit, conectividad, impacto.","El escenario presenta un perfil integrado con predominio de deficit. La evaluación combina demanda, déficit, impacto y capacidades de conectividad e integración."
1,152,3439,3872,4337,214,245,279,AUTOBUS|FERROCARRIL|FLUVIAL|SUBTE|TRANVIA,5,1,1,1,1,1,AUTOBUS|FERROCARRIL|FLUVIAL|SUBTE|TRANVIA,5,1,1,1,1,1,AUTOBUS|FERROCARRIL|FLUVIAL|SUBTE|TRANVIA,5,1,1,1,1,1,17514.683177376897,4929.98351721455,1380.5099763791002,1.0,1.0,1.0,1.0,1,1,1,1.0,100.0,SOPORTE_FISICO_MUY_ALTO,1,INTERMODAL,100.0,100.0,81.94444444444444,100.0,100.0,50.34722222222222,2,1,2,1,100.0,INTERMODALIDAD_MUY_ALTA,1,100.0,100.0,100.0,100.0,100.0,100.0,98.1771,77.2569,75.1157,93.74,100.0,1,1,CENTRALIDAD_ESTRUCTURAL_MUY_ALTA,CENTRALIDAD_ESTRUCTURAL_MUY_ALTA,0.0,0.0,CENTRALIDAD_ESTRATEGICA,60.0,41,100.0,100.0,98.1771,77.2569,ALTO,MUY_ALTO,MUY_ALTO,MUY_ALTO,ALTO,MUY_BAJO,PRIORIDAD_MEDIA,CENTRALIDAD_METROPOLITANA,DEFICIT,DEMANDA|INFRAESTRUCTURA|INTERMODALIDAD,ALTA_DEMANDA_ALTO_SOPORTE,1,41,MANTENER_Y_OPTIMIZAR,0.0,1.8229000000000042,22.7431,24.884299999999996,12.362575,82.472515,IMPACTO_MUY_ALTO,8.73699,BAJA,52.03921150000001,PRIORIDAD_MEDIA,CONSOLIDAR_CENTRALIDAD,Centralidad con condiciones estructurales suficientes para consolidar y optimizar su funcionamiento.,81,1,27,"DEFICIT, IMPACTO, DEMANDA",CENTRALIDAD_CONSOLIDADA,CONSOLIDACION_CENTRALIDAD,ESCENARIO_MEDIANO_PLAZO,5-10 AÑOS,FASE_3,PRIORIDAD_3_MEDIA,INTERVENCION_OPTIMIZACION,INTEGRACION_TERRITORIAL,Consolidar una centralidad de alto desempeño mediante optimización y mantenimiento de sus condiciones actuales.,"Centralidad clasificada como CENTRALIDAD_METROPOLITANA, con diagnóstico CENTRALIDAD_CONSOLIDADA. Presenta demanda estructural de 100.00, soporte de infraestructura de 100.00, déficit estructural promedio de 12.36 y score de prioridad territorial de 52.04. La intervención recomendada es CONSOLIDAR_CENTRALIDAD.",50.108873800000005,90,1,2,AMBA-P090,AMBAC-001,ALTA,BAJA,BAJA,BAJA,BAJA,ALTO_IMPACTO_POTENCIAL,5644309.34862079,6170199.945587769,6,AMBA-E002,AMBA-E002 - DEFICIT,56.5789,PRIORIDAD_3_MEDIA,ESCENARIO_DEFICIT,CORTO_PLAZO,ALTA_URGENCIA,"Orientar inversiones hacia deficit, articulando las dimensiones deficit, impacto, demanda.","El escenario presenta un perfil deficit con predominio de deficit. La evaluación combina demanda, déficit, impacto y capacidades de conectividad e integración."
101,1,5,8,25,0,0,0,AUTOBUS,1,0,0,1,0,0,AUTOBUS,1,0,0,1,0,0,AUTOBUS,1,0,0,1,0,0,25.464790894703256,10.185916357881302,7.957747154594767,0.002066115702479339,0.28396708285127487,0.0,0.2,0,0,0,0.13999999999999999,14.97,SOPORTE_FISICO_MUY_BAJO,132,MONOMODAL,50.0,25.694444444444443,33.33333333333333,23.26388888888889,46.18055555555556,50.34722222222222,123,108,123,15,38.0,INTERMODALIDAD_BAJA,132,25.694444444444443,25.694444444444443,26.595,0.0,20.0,15.5538,17.934,40.625,42.2454,25.5,9.72,131,131,CENTRALIDAD_ESTRUCTURAL_BAJA,CENTRALIDAD_ESTRUCTURAL_MUY_BAJA,10.14,84.4462,CENTRALIDAD_SECUNDARIA,19.47,102,25.694444444444443,15.5538,17.934,40.625,MEDIO,BAJO,MUY_BAJO,MUY_BAJO,MEDIO,MUY_BAJO,PRIORIDAD_BAJA,CENTRALIDAD_LOCAL,INTEGRACION,TERRITORIAL,PERFIL_EQUILIBRADO,131,102,MANTENER_Y_OPTIMIZAR,74.30555555555556,82.066,59.375,57.7546,70.91045,29.94531222222222,IMPACTO_BAJO,74.83317000000001,ALTA,48.90051233333333,PRIORIDAD_MEDIA,MEJORAR_CONECTIVIDAD,La conectividad constituye una de las principales restricciones estructurales de la centralidad.,92,14,38,"INTEGRACION, DEFICIT, DEMANDA",BAJO_DESEMPEÑO_ESTRUCTURAL,MEJORA_CONECTIVIDAD,ESCENARIO_MEDIANO_PLAZO,5-10 AÑOS,FASE_3,PRIORIDAD_4_BAJA,INTERVENCION_ESTRUCTURAL_MEDIA,INFRAESTRUCTURA | INTERMODALIDAD | DEMANDA,Mejorar la conectividad territorial y la accesibilidad estructural de la centralidad.,"Centralidad clasificada como CENTRALIDAD_LOCAL, con diagnóstico BAJO_DESEMPEÑO_ESTRUCTURAL. Presenta demanda estructural de 25.69, soporte de infraestructura de 15.55, déficit estructural promedio de 70.91 y score de prioridad territorial de 48.90. La intervención recomendada es MEJORAR_CONECTIVIDAD.",49.94713096666666,91,14,5,AMBA-P091,AMBAC-101,BAJA,ALTA,ALTA,MEDIA,MEDIA,DEFICIT_ESTRUCTURAL_MEDIO,5617094.989553098,6181293.142563433,5,AMBA-E005,AMBA-E005 - INTEGRADO,43.1479,PRIORIDAD_4_BAJA,ESCENARIO_INTEGRADO,LARGO_PLAZO,INTERVENCION_TERRITORIAL_MEDIA,"Orientar inversiones hacia integracion, articulando las dimensiones integracion, deficit, demanda.","El escenario presenta un perfil integrado con predominio de integracion. La evaluación combina demanda, déficit, impacto y capacidades de conectividad e integración."
73,1,38,62,138,5,7,15,AUTOBUS|FERROCARRIL,2,1,0,1,0,0,AUTOBUS|FERROCARRIL,2,1,0,1,0,0,AUTOBUS|FERROCARRIL,2,1,0,1,0,0,193.53241079974472,78.94085177358009,43.926764293363114,0.016012396694214875,0.515245873014789,0.3777141354898746,0.4,1,0,0,0.39331424064696235,37.72,SOPORTE_FISICO_BAJO,22,MONOMODAL,50.0,43.75,57.638888888888886,69.44444444444444,46.18055555555556,50.34722222222222,65,82,65,17,70.0,INTERMODALIDAD_MEDIA,16,43.75,43.75,50.1482,37.7714,40.0,42.5413,45.6581,71.2674,50.3472,48.62,60.42,58,58,CENTRALIDAD_ESTRUCTURAL_MEDIA,CENTRALIDAD_ESTRUCTURAL_ALTA,1.21,57.4587,CENTRALIDAD_SECUNDARIA,26.73,88,43.75,42.5413,45.6581,71.2674,MEDIO,MEDIO,MEDIO,MEDIO,ALTO,MUY_BAJO,PRIORIDAD_BAJA,CENTRALIDAD_LOCAL,DEFICIT,CONECTIVIDAD,PERFIL_EQUILIBRADO,58,88,MANTENER_Y_OPTIMIZAR,56.25,54.3419,28.732600000000005,49.6528,47.54650000000001,49.51030000000001,IMPACTO_MEDIO,49.763395,MEDIA,49.950455000000005,PRIORIDAD_MEDIA,MEJORAR_INTEGRACION_TERRITORIAL,La integración territorial presenta un déficit relevante respecto de las demás dimensiones.,89,16,35,"DEFICIT, CENTRALIDAD, INTEGRACION",CENTRALIDAD_CONECTIVA,INTEGRACION_TERRITORIAL,ESCENARIO_ESTRUCTURAL,10+ AÑOS,FASE_4,PRIORIDAD_4_BAJA,INTERVENCION_SELECTIVA,INFRAESTRUCTURA | DEMANDA | INTERMODALIDAD,Reducir déficits de integración territorial y mejorar la articulación de la centralidad con su entorno.,"Centralidad clasificada como CENTRALIDAD_LOCAL, con diagnóstico CENTRALIDAD_CONECTIVA. Presenta demanda estructural de 43.75, soporte de infraestructura de 42.54, déficit estructural promedio de 47.55 y score de prioridad territorial de 49.95. La intervención recomendada es MEJORAR_INTEGRACION_TERRITORIAL.",49.856372750000006,92,18,4,AMBA-P092,AMBAC-073,MEDIA,MEDIA,MEDIA,BAJA,MEDIA,DEFICIT_ESTRUCTURAL_MEDIO,5636061.700781705,6171699.786067823,1,AMBA-E004,AMBA-E004 - INTEGRADO,51.6203,PRIORIDAD_3_MEDIA,ESCENARIO_INTEGRADO,LARGO_PLAZO,INTERVENCION_TERRITORIAL_MEDIA,"Orientar inversiones hacia deficit, articulando las dimensiones deficit, centralidad, integracion.","El escenario presenta un perfil integrado con predominio de deficit. La evaluación combina demanda, déficit, impacto y capacidades de conectividad e integración."
102,1,8,11,22,0,0,2,AUTOBUS,1,0,0,1,0,0,AUTOBUS,1,0,0,1,0,0,AUTOBUS|FERROCARRIL,2,1,0,1,0,0,40.74366543152521,14.00563499208679,7.002817496043395,0.002840909090909091,0.3185149047398846,0.0,0.2,0,0,0,0.13999999999999999,16.19,SOPORTE_FISICO_MUY_BAJO,127,MONOMODAL,50.0,25.0,32.63888888888889,69.44444444444444,46.18055555555556,50.34722222222222,94,109,94,15,40.0,INTERMODALIDAD_BAJA,115,25.0,25.0,30.0771,0.0,20.0,16.9555,19.8438,40.4514,42.0139,25.98,11.11,129,129,CENTRALIDAD_ESTRUCTURAL_BAJA,CENTRALIDAD_ESTRUCTURAL_MUY_BAJA,8.04,83.0445,CENTRALIDAD_SECUNDARIA,18.22,105,25.0,16.9555,19.8438,40.4514,MEDIO,BAJO,MUY_BAJO,MUY_BAJO,MEDIO,MUY_BAJO,PRIORIDAD_BAJA,CENTRALIDAD_LOCAL,INTERMODALIDAD,TERRITORIAL,PERFIL_EQUILIBRADO,129,105,MANTENER_Y_OPTIMIZAR,75.0,80.1562,59.5486,57.9861,70.18384999999999,29.86977,IMPACTO_BAJO,73.864485,ALTA,48.38997200000001,PRIORIDAD_MEDIA,MEJORAR_CONECTIVIDAD,La conectividad constituye una de las principales restricciones estructurales de la centralidad.,97,15,43,"INTERMODALIDAD, CENTRALIDAD, DEMANDA",BAJO_DESEMPEÑO_ESTRUCTURAL,MEJORA_CONECTIVIDAD,ESCENARIO_MEDIANO_PLAZO,5-10 AÑOS,FASE_3,PRIORIDAD_4_BAJA,INTERVENCION_ESTRUCTURAL_MEDIA,INFRAESTRUCTURA | INTERMODALIDAD | DEMANDA,Mejorar la conectividad territorial y la accesibilidad estructural de la centralidad.,"Centralidad clasificada como CENTRALIDAD_LOCAL, con diagnóstico BAJO_DESEMPEÑO_ESTRUCTURAL. Presenta demanda estructural de 25.00, soporte de infraestructura de 16.96, déficit estructural promedio de 70.18 y score de prioridad territorial de 48.39. La intervención recomendada es MEJORAR_CONECTIVIDAD.",49.433118650000004,93,15,6,AMBA-P093,AMBAC-102,BAJA,ALTA,ALTA,MEDIA,MEDIA,DEFICIT_ESTRUCTURAL_MEDIO,5652669.591322569,6150821.919134107,2,AMBA-E006,AMBA-E006 - INTEGRADO,39.2859,PRIORIDAD_4_BAJA,ESCENARIO_INTEGRADO,LARGO_PLAZO,INTERVENCION_TERRITORIAL_MEDIA,"Orientar inversiones hacia intermodalidad, articulando las dimensiones intermodalidad, centralidad, demanda.","El escenario presenta un perfil integrado con predominio de intermodalidad. La evaluación combina demanda, déficit, impacto y capacidades de conectividad e integración."
79,1,6,17,44,2,3,6,AUTOBUS|FERROCARRIL,2,1,0,1,0,0,AUTOBUS|FERROCARRIL,2,1,0,1,0,0,AUTOBUS|FERROCARRIL,2,1,0,1,0,0,30.557749073643905,21.645072260497766,14.00563499208679,0.004390495867768595,0.36690985424200945,0.25180942365991643,0.4,1,0,0,0.3555428270979749,29.2,SOPORTE_FISICO_BAJO,73,MONOMODAL,50.0,36.80555555555556,52.77777777777778,23.26388888888889,46.18055555555556,50.34722222222222,102,92,102,10,70.0,INTERMODALIDAD_MEDIA,16,36.80555555555556,36.80555555555556,34.9848,25.1809,40.0,32.179,42.5105,62.934,48.7269,41.9,45.83,79,79,CENTRALIDAD_ESTRUCTURAL_MEDIA,CENTRALIDAD_ESTRUCTURAL_MEDIA,4.63,67.821,CENTRALIDAD_SECUNDARIA,23.94,96,36.80555555555556,32.179,42.5105,62.934,MEDIO,BAJO,BAJO,MEDIO,ALTO,MUY_BAJO,PRIORIDAD_BAJA,CENTRALIDAD_LOCAL,DEFICIT,CONECTIVIDAD,PERFIL_EQUILIBRADO,79,96,MANTENER_Y_OPTIMIZAR,63.19444444444444,57.4895,37.066,51.2731,53.4124,42.83425777777778,IMPACTO_MEDIO,56.60494,MEDIA,48.817194666666666,PRIORIDAD_MEDIA,MEJORAR_INTEGRACION_TERRITORIAL,La integración territorial presenta un déficit relevante respecto de las demás dimensiones.,93,19,39,"DEFICIT, CONECTIVIDAD, IMPACTO",BAJO_DESEMPEÑO_ESTRUCTURAL,INTEGRACION_TERRITORIAL,ESCENARIO_ESTRUCTURAL,10+ AÑOS,FASE_4,PRIORIDAD_4_BAJA,INTERVENCION_ESTRUCTURAL_MEDIA,INFRAESTRUCTURA | DEMANDA | INTERMODALIDAD,Reducir déficits de integración territorial y mejorar la articulación de la centralidad con su entorno.,"Centralidad clasificada como CENTRALIDAD_LOCAL, con diagnóstico BAJO_DESEMPEÑO_ESTRUCTURAL. Presenta demanda estructural de 36.81, soporte de infraestructura de 32.18, déficit estructural promedio de 53.41 y score de prioridad territorial de 48.82. La intervención recomendada es MEJORAR_INTEGRACION_TERRITORIAL.",49.087915933333335,94,19,3,AMBA-P094,AMBAC-079,BAJA,ALTA,MEDIA,MEDIA,MEDIA,DEFICIT_ESTRUCTURAL_MEDIO,5647976.811075416,6161155.764498284,3,AMBA-E003,AMBA-E003 - INTEGRADO,51.677,PRIORIDAD_3_MEDIA,ESCENARIO_INTEGRADO,LARGO_PLAZO,INTERVENCION_TERRITORIAL_MEDIA,"Orientar inversiones hacia deficit, articulando las dimensiones deficit, conectividad, impacto.","El escenario presenta un perfil integrado con predominio de deficit. La evaluación combina demanda, déficit, impacto y capacidades de conectividad e integración."
82,1,8,14,34,0,1,2,AUTOBUS|FERROCARRIL,2,1,0,1,0,0,AUTOBUS|FERROCARRIL,2,1,0,1,0,0,AUTOBUS|FERROCARRIL,2,1,0,1,0,0,40.74366543152521,17.82535362629228,10.822536130248883,0.003615702479338843,0.34518442464383275,0.12590471182995822,0.4,1,0,0,0.3177714135489874,25.28,SOPORTE_FISICO_BAJO,95,MONOMODAL,50.0,36.11111111111111,49.30555555555556,23.26388888888889,46.18055555555556,50.34722222222222,104,93,104,11,70.0,INTERMODALIDAD_MEDIA,16,36.11111111111111,36.11111111111111,32.778,12.5905,40.0,27.0415,39.3629,61.2847,47.5694,39.42,36.11,93,93,CENTRALIDAD_ESTRUCTURAL_BAJA,CENTRALIDAD_ESTRUCTURAL_BAJA,9.07,72.9585,CENTRALIDAD_SECUNDARIA,25.29,93,36.11111111111111,27.0415,39.3629,61.2847,MEDIO,BAJO,BAJO,BAJO,ALTO,MUY_BAJO,PRIORIDAD_BAJA,CENTRALIDAD_LOCAL,DEFICIT,CONECTIVIDAD,PERFIL_EQUILIBRADO,93,93,MANTENER_Y_OPTIMIZAR,63.88888888888889,60.6371,38.7153,52.4306,56.185375,40.12563055555556,IMPACTO_MEDIO,59.950325,MEDIA,48.63716583333333,PRIORIDAD_MEDIA,MEJORAR_INTEGRACION_TERRITORIAL,La integración territorial presenta un déficit relevante respecto de las demás dimensiones.,94,20,40,"DEFICIT, CONECTIVIDAD, IMPACTO",BAJO_DESEMPEÑO_ESTRUCTURAL,INTEGRACION_TERRITORIAL,ESCENARIO_ESTRUCTURAL,10+ AÑOS,FASE_4,PRIORIDAD_4_BAJA,INTERVENCION_ESTRUCTURAL_MEDIA,INFRAESTRUCTURA | DEMANDA | INTERMODALIDAD,Reducir déficits de integración territorial y mejorar la articulación de la centralidad con su entorno.,"Centralidad clasificada como CENTRALIDAD_LOCAL, con diagnóstico BAJO_DESEMPEÑO_ESTRUCTURAL. Presenta demanda estructural de 36.11, soporte de infraestructura de 27.04, déficit estructural promedio de 56.19 y score de prioridad territorial de 48.64. La intervención recomendada es MEJORAR_INTEGRACION_TERRITORIAL.",49.05740941666666,95,20,3,AMBA-P095,AMBAC-082,BAJA,ALTA,ALTA,MEDIA,MEDIA,DEFICIT_ESTRUCTURAL_MEDIO,5647425.912566207,6156706.223141511,3,AMBA-E003,AMBA-E003 - INTEGRADO,51.677,PRIORIDAD_3_MEDIA,ESCENARIO_INTEGRADO,LARGO_PLAZO,INTERVENCION_TERRITORIAL_MEDIA,"Orientar inversiones hacia deficit, articulando las dimensiones deficit, conectividad, impacto.","El escenario presenta un perfil integrado con predominio de deficit. La evaluación combina demanda, déficit, impacto y capacidades de conectividad e integración."
89,1,4,5,10,0,1,1,AUTOBUS,1,0,0,1,0,0,AUTOBUS|FERROCARRIL,2,1,0,1,0,0,AUTOBUS|FERROCARRIL,2,1,0,1,0,0,20.371832715762604,6.366197723675814,3.183098861837907,0.0012913223140495868,0.23483860732538517,0.12590471182995822,0.4,1,0,0,0.3177714135489874,21.39,SOPORTE_FISICO_BAJO,106,MONOMODAL,50.0,31.944444444444443,40.97222222222222,69.44444444444444,46.18055555555556,50.34722222222222,83,99,83,16,65.0,INTERMODALIDAD_MEDIA,104,31.944444444444443,31.944444444444443,21.6873,12.5905,40.0,22.5762,30.7691,62.3264,44.7917,35.21,29.17,103,103,CENTRALIDAD_ESTRUCTURAL_BAJA,CENTRALIDAD_ESTRUCTURAL_BAJA,9.37,77.4238,CENTRALIDAD_SECUNDARIA,22.91,98,31.944444444444443,22.5762,30.7691,62.3264,MEDIO,BAJO,BAJO,BAJO,ALTO,MUY_BAJO,PRIORIDAD_BAJA,CENTRALIDAD_LOCAL,DEFICIT,CONECTIVIDAD,PERFIL_EQUILIBRADO,103,98,MANTENER_Y_OPTIMIZAR,68.05555555555556,69.23089999999999,37.6736,55.2083,59.88415,36.70005222222222,IMPACTO_BAJO,64.09321,ALTA,48.428786333333335,PRIORIDAD_MEDIA,MEJORAR_INTEGRACION_TERRITORIAL,La integración territorial presenta un déficit relevante respecto de las demás dimensiones.,95,21,41,"DEFICIT, CONECTIVIDAD, IMPACTO",BAJO_DESEMPEÑO_ESTRUCTURAL,INTEGRACION_TERRITORIAL,ESCENARIO_MEDIANO_PLAZO,5-10 AÑOS,FASE_3,PRIORIDAD_4_BAJA,INTERVENCION_ESTRUCTURAL_MEDIA,INFRAESTRUCTURA | INTERMODALIDAD | DEMANDA,Reducir déficits de integración territorial y mejorar la articulación de la centralidad con su entorno.,"Centralidad clasificada como CENTRALIDAD_LOCAL, con diagnóstico BAJO_DESEMPEÑO_ESTRUCTURAL. Presenta demanda estructural de 31.94, soporte de infraestructura de 22.58, déficit estructural promedio de 59.88 y score de prioridad territorial de 48.43. La intervención recomendada es MEJORAR_INTEGRACION_TERRITORIAL.",49.01913976666666,96,21,3,AMBA-P096,AMBAC-089,BAJA,ALTA,ALTA,MEDIA,MEDIA,DEFICIT_ESTRUCTURAL_MEDIO,5638682.045682924,6153766.326804982,3,AMBA-E003,AMBA-E003 - INTEGRADO,51.677,PRIORIDAD_3_MEDIA,ESCENARIO_INTEGRADO,LARGO_PLAZO,INTERVENCION_TERRITORIAL_MEDIA,"Orientar inversiones hacia deficit, articulando las dimensiones deficit, conectividad, impacto.","El escenario presenta un perfil integrado con predominio de deficit. La evaluación combina demanda, déficit, impacto y capacidades de conectividad e integración."
111,1,2,3,18,0,0,0,AUTOBUS,1,0,0,1,0,0,AUTOBUS,1,0,0,1,0,0,AUTOBUS|FERROCARRIL,2,1,0,1,0,0,10.185916357881302,3.819718634205488,5.729577951308232,0.0007747933884297521,0.18495368961100384,0.0,0.2,0,0,0,0.13999999999999999,11.49,SOPORTE_FISICO_MUY_BAJO,138,MONOMODAL,50.0,19.444444444444446,24.305555555555554,23.26388888888889,46.18055555555556,50.34722222222222,132,117,132,15,33.0,INTERMODALIDAD_BAJA,138,19.444444444444446,19.444444444444446,16.7796,0.0,20.0,11.5964,16.7188,42.1875,39.2361,22.33,7.64,134,134,CENTRALIDAD_ESTRUCTURAL_BAJA,CENTRALIDAD_ESTRUCTURAL_MUY_BAJA,7.85,88.4036,CENTRALIDAD_SECUNDARIA,14.81,112,19.444444444444446,11.5964,16.7188,42.1875,BAJO,MUY_BAJO,MUY_BAJO,MUY_BAJO,MEDIO,MUY_BAJO,PRIORIDAD_BAJA,CENTRALIDAD_LOCAL,INTERMODALIDAD,CONECTIVIDAD,PERFIL_EQUILIBRADO,134,112,MANTENER_Y_OPTIMIZAR,80.55555555555556,83.2812,57.8125,60.7639,72.5653,26.527282222222222,IMPACTO_BAJO,76.85882500000001,URGENTE,47.65218433333334,PRIORIDAD_MEDIA,MEJORAR_CONECTIVIDAD,La conectividad constituye una de las principales restricciones estructurales de la centralidad.,100,16,46,"INTERMODALIDAD, CENTRALIDAD, DEMANDA",BAJO_DESEMPEÑO_ESTRUCTURAL,MEJORA_CONECTIVIDAD,ESCENARIO_MEDIANO_PLAZO,5-10 AÑOS,FASE_3,PRIORIDAD_4_BAJA,INTERVENCION_ESTRUCTURAL_MEDIA,INFRAESTRUCTURA | INTERMODALIDAD | DEMANDA,Mejorar la conectividad territorial y la accesibilidad estructural de la centralidad.,"Centralidad clasificada como CENTRALIDAD_LOCAL, con diagnóstico BAJO_DESEMPEÑO_ESTRUCTURAL. Presenta demanda estructural de 19.44, soporte de infraestructura de 11.60, déficit estructural promedio de 72.57 y score de prioridad territorial de 47.65. La intervención recomendada es MEJORAR_CONECTIVIDAD.",48.86444511666667,97,16,6,AMBA-P097,AMBAC-111,BAJA,ALTA,ALTA,MEDIA,ALTA,DEFICIT_ESTRUCTURAL_MEDIO,5645338.609695234,6149119.924172441,2,AMBA-E006,AMBA-E006 - INTEGRADO,39.2859,PRIORIDAD_4_BAJA,ESCENARIO_INTEGRADO,LARGO_PLAZO,INTERVENCION_TERRITORIAL_MEDIA,"Orientar inversiones hacia intermodalidad, articulando las dimensiones intermodalidad, centralidad, demanda.","El escenario presenta un perfil integrado con predominio de intermodalidad. La evaluación combina demanda, déficit, impacto y capacidades de conectividad e integración."
96,1,1,5,13,0,0,1,FERROCARRIL,1,1,0,0,0,0,AUTOBUS|FERROCARRIL,2,1,0,1,0,0,AUTOBUS|FERROCARRIL,2,1,0,1,0,0,5.092958178940651,6.366197723675814,4.138028520389279,0.0012913223140495868,0.23483860732538517,0.0,0.4,1,0,0,0.27999999999999997,18.24,SOPORTE_FISICO_MUY_BAJO,120,MONOMODAL,50.0,28.47222222222222,36.11111111111111,23.26388888888889,46.18055555555556,50.34722222222222,120,104,120,16,60.0,INTERMODALIDAD_MEDIA,113,28.47222222222222,28.47222222222222,21.6873,0.0,40.0,18.3266,26.3194,59.2014,43.1713,31.58,20.83,115,115,CENTRALIDAD_ESTRUCTURAL_BAJA,CENTRALIDAD_ESTRUCTURAL_BAJA,10.15,81.6734,CENTRALIDAD_SECUNDARIA,21.14,99,28.47222222222222,18.3266,26.3194,59.2014,MEDIO,BAJO,MUY_BAJO,BAJO,MEDIO,MUY_BAJO,PRIORIDAD_BAJA,CENTRALIDAD_LOCAL,INTERMODALIDAD,CONECTIVIDAD,PERFIL_EQUILIBRADO,115,99,MANTENER_Y_OPTIMIZAR,71.52777777777777,73.6806,40.7986,56.8287,63.245324999999994,33.13417611111111,IMPACTO_BAJO,67.77353500000001,ALTA,47.86403816666666,PRIORIDAD_MEDIA,MEJORAR_INTEGRACION_TERRITORIAL,La integración territorial presenta un déficit relevante respecto de las demás dimensiones.,99,24,45,"INTERMODALIDAD, CENTRALIDAD, DEMANDA",BAJO_DESEMPEÑO_ESTRUCTURAL,INTEGRACION_TERRITORIAL,ESCENARIO_MEDIANO_PLAZO,5-10 AÑOS,FASE_3,PRIORIDAD_4_BAJA,INTERVENCION_ESTRUCTURAL_MEDIA,INFRAESTRUCTURA | INTERMODALIDAD | DEMANDA,Reducir déficits de integración territorial y mejorar la articulación de la centralidad con su entorno.,"Centralidad clasificada como CENTRALIDAD_LOCAL, con diagnóstico BAJO_DESEMPEÑO_ESTRUCTURAL. Presenta demanda estructural de 28.47, soporte de infraestructura de 18.33, déficit estructural promedio de 63.25 y score de prioridad territorial de 47.86. La intervención recomendada es MEJORAR_INTEGRACION_TERRITORIAL.",48.64098338333333,98,22,6,AMBA-P098,AMBAC-096,BAJA,ALTA,ALTA,MEDIA,MEDIA,DEFICIT_ESTRUCTURAL_MEDIO,5655136.409278827,6147566.710776907,2,AMBA-E006,AMBA-E006 - INTEGRADO,39.2859,PRIORIDAD_4_BAJA,ESCENARIO_INTEGRADO,LARGO_PLAZO,INTERVENCION_TERRITORIAL_MEDIA,"Orientar inversiones hacia intermodalidad, articulando las dimensiones intermodalidad, centralidad, demanda.","El escenario presenta un perfil integrado con predominio de intermodalidad. La evaluación combina demanda, déficit, impacto y capacidades de conectividad e integración."
119,2,12,19,41,3,5,6,AUTOBUS|FERROCARRIL|TRANVIA,3,1,0,1,0,1,AUTOBUS|FERROCARRIL|TRANVIA,3,1,0,1,0,1,AUTOBUS|FERROCARRIL|TRANVIA,3,1,0,1,0,1,61.11549814728781,24.19155134996809,13.050705333535419,0.00490702479338843,0.3794422222409767,0.3254589587445453,0.6,1,0,0,0.5176376876233636,36.49,SOPORTE_FISICO_BAJO,30,MONOMODAL,50.0,41.66666666666667,16.666666666666664,69.44444444444444,95.48611111111111,50.34722222222222,70,85,70,15,85.0,INTERMODALIDAD_MUY_ALTA,3,41.66666666666667,41.66666666666667,36.2601,32.5459,60.0,39.9283,57.5115,81.9444,36.6898,49.95,64.58,52,52,CENTRALIDAD_ESTRUCTURAL_MEDIA,CENTRALIDAD_ESTRUCTURAL_ALTA,1.74,60.0717,CENTRALIDAD_SECUNDARIA,25.7,91,41.66666666666667,39.9283,57.5115,81.9444,BAJO,MEDIO,BAJO,MEDIO,MUY_ALTO,MUY_BAJO,PRIORIDAD_BAJA,CENTRALIDAD_LOCAL,DEFICIT,CONECTIVIDAD,FUERTE_CONECTIVIDAD,52,91,MANTENER_Y_OPTIMIZAR,58.33333333333333,42.4885,18.0556,63.3102,45.981500000000004,49.40363333333334,IMPACTO_MEDIO,47.758455000000005,MEDIA,48.402715,PRIORIDAD_MEDIA,MEJORAR_INTEGRACION_TERRITORIAL,La integración territorial presenta un déficit relevante respecto de las demás dimensiones.,96,22,42,"DEFICIT, CONECTIVIDAD, IMPACTO",CENTRALIDAD_CONECTIVA,INTEGRACION_TERRITORIAL,ESCENARIO_ESTRUCTURAL,10+ AÑOS,FASE_4,PRIORIDAD_4_BAJA,INTERVENCION_SELECTIVA,INTEGRACION_TERRITORIAL | INFRAESTRUCTURA | DEMANDA,Reducir déficits de integración territorial y mejorar la articulación de la centralidad con su entorno.,"Centralidad clasificada como CENTRALIDAD_LOCAL, con diagnóstico CENTRALIDAD_CONECTIVA. Presenta demanda estructural de 41.67, soporte de infraestructura de 39.93, déficit estructural promedio de 45.98 y score de prioridad territorial de 48.40. La intervención recomendada es MEJORAR_INTEGRACION_TERRITORIAL.",48.45621375,99,23,3,AMBA-P099,AMBAC-119,MEDIA,ALTA,MEDIA,BAJA,ALTA,DEFICIT_ESTRUCTURAL_MEDIO,5652205.779530942,6154021.515163576,3,AMBA-E003,AMBA-E003 - INTEGRADO,51.677,PRIORIDAD_3_MEDIA,ESCENARIO_INTEGRADO,LARGO_PLAZO,INTERVENCION_TERRITORIAL_MEDIA,"Orientar inversiones hacia deficit, articulando las dimensiones deficit, conectividad, impacto.","El escenario presenta un perfil integrado con predominio de deficit. La evaluación combina demanda, déficit, impacto y capacidades de conectividad e integración."
113,1,3,4,9,0,0,1,AUTOBUS,1,0,0,1,0,0,AUTOBUS,1,0,0,1,0,0,AUTOBUS|FERROCARRIL,2,1,0,1,0,0,15.278874536821952,5.092958178940651,2.864788975654116,0.0010330578512396695,0.2125216136193653,0.0,0.2,0,0,0,0.13999999999999999,12.45,SOPORTE_FISICO_MUY_BAJO,136,MONOMODAL,50.0,18.055555555555554,22.916666666666664,69.44444444444444,46.18055555555556,50.34722222222222,105,119,105,14,34.0,INTERMODALIDAD_BAJA,136,18.055555555555554,18.055555555555554,19.4805,0.0,20.0,12.6857,17.2396,39.4965,38.7731,21.84,6.94,135,135,CENTRALIDAD_ESTRUCTURAL_BAJA,CENTRALIDAD_ESTRUCTURAL_MUY_BAJA,5.37,87.3143,CENTRALIDAD_SECUNDARIA,12.98,116,18.055555555555554,12.6857,17.2396,39.4965,BAJO,MUY_BAJO,MUY_BAJO,MUY_BAJO,BAJO,MUY_BAJO,PRIORIDAD_BAJA,CENTRALIDAD_LOCAL,INTERMODALIDAD,CONECTIVIDAD,PERFIL_EQUILIBRADO,135,116,MANTENER_Y_OPTIMIZAR,81.94444444444444,82.7604,60.5035,61.2269,72.95127500000001,25.70003277777778,IMPACTO_BAJO,76.900555,URGENTE,47.11350716666667,PRIORIDAD_MEDIA,MEJORAR_CONECTIVIDAD,La conectividad constituye una de las principales restricciones estructurales de la centralidad.,103,17,49,"INTERMODALIDAD, CENTRALIDAD, DEMANDA",BAJO_DESEMPEÑO_ESTRUCTURAL,MEJORA_CONECTIVIDAD,ESCENARIO_MEDIANO_PLAZO,5-10 AÑOS,FASE_3,PRIORIDAD_4_BAJA,INTERVENCION_ESTRUCTURAL_MEDIA,INFRAESTRUCTURA | INTERMODALIDAD | DEMANDA,Mejorar la conectividad territorial y la accesibilidad estructural de la centralidad.,"Centralidad clasificada como CENTRALIDAD_LOCAL, con diagnóstico BAJO_DESEMPEÑO_ESTRUCTURAL. Presenta demanda estructural de 18.06, soporte de infraestructura de 12.69, déficit estructural promedio de 72.95 y score de prioridad territorial de 47.11. La intervención recomendada es MEJORAR_CONECTIVIDAD.",48.369543183333334,100,17,6,AMBA-P100,AMBAC-113,BAJA,ALTA,ALTA,ALTA,ALTA,DEFICIT_ESTRUCTURAL_MEDIO,5653285.600569504,6152078.844552351,2,AMBA-E006,AMBA-E006 - INTEGRADO,39.2859,PRIORIDAD_4_BAJA,ESCENARIO_INTEGRADO,LARGO_PLAZO,INTERVENCION_TERRITORIAL_MEDIA,"Orientar inversiones hacia intermodalidad, articulando las dimensiones intermodalidad, centralidad, demanda.","El escenario presenta un perfil integrado con predominio de intermodalidad. La evaluación combina demanda, déficit, impacto y capacidades de conectividad e integración."
75,1,16,36,99,1,3,6,AUTOBUS|FERROCARRIL,2,1,0,1,0,0,AUTOBUS|FERROCARRIL|FLUVIAL,3,1,0,1,1,0,AUTOBUS|FERROCARRIL|FLUVIAL,3,1,0,1,1,0,81.48733086305042,45.83662361046586,31.512678732195276,0.009297520661157025,0.4523735823652385,0.25180942365991643,0.6,1,0,1,0.4955428270979749,37.27,SOPORTE_FISICO_BAJO,26,MONOMODAL,50.0,40.97222222222222,56.25,23.26388888888889,46.18055555555556,50.34722222222222,97,86,97,11,85.0,INTERMODALIDAD_MUY_ALTA,3,40.97222222222222,40.97222222222222,43.7063,25.1809,60.0,40.442,55.6702,64.7569,49.8843,48.24,58.33,61,61,CENTRALIDAD_ESTRUCTURAL_MEDIA,CENTRALIDAD_ESTRUCTURAL_MEDIA,0.53,59.558,CENTRALIDAD_SECUNDARIA,24.8,94,40.97222222222222,40.442,55.6702,64.7569,MEDIO,MEDIO,MEDIO,MEDIO,ALTO,MUY_BAJO,PRIORIDAD_BAJA,CENTRALIDAD_LOCAL,DEFICIT,CONECTIVIDAD,PERFIL_EQUILIBRADO,61,94,MANTENER_Y_OPTIMIZAR,59.02777777777778,44.3298,35.2431,50.1157,47.31165,47.44744111111111,IMPACTO_MEDIO,49.471625,MEDIA,48.32846466666667,PRIORIDAD_MEDIA,MEJORAR_INTEGRACION_TERRITORIAL,La integración territorial presenta un déficit relevante respecto de las demás dimensiones.,98,23,44,"DEFICIT, CENTRALIDAD, INTEGRACION",INTERVENCION_SELECTIVA,INTEGRACION_TERRITORIAL,ESCENARIO_ESTRUCTURAL,10+ AÑOS,FASE_4,PRIORIDAD_4_BAJA,INTERVENCION_SELECTIVA,INFRAESTRUCTURA | DEMANDA | INTEGRACION_TERRITORIAL,Reducir déficits de integración territorial y mejorar la articulación de la centralidad con su entorno.,"Centralidad clasificada como CENTRALIDAD_LOCAL, con diagnóstico INTERVENCION_SELECTIVA. Presenta demanda estructural de 40.97, soporte de infraestructura de 40.44, déficit estructural promedio de 47.31 y score de prioridad territorial de 48.33. La intervención recomendada es MEJORAR_INTEGRACION_TERRITORIAL.",48.36778518333333,101,24,4,AMBA-P101,AMBAC-075,MEDIA,MEDIA,MEDIA,MEDIA,MEDIA,DEFICIT_ESTRUCTURAL_MEDIO,5629652.412592859,6171874.53659875,1,AMBA-E004,AMBA-E004 - INTEGRADO,51.6203,PRIORIDAD_3_MEDIA,ESCENARIO_INTEGRADO,LARGO_PLAZO,INTERVENCION_TERRITORIAL_MEDIA,"Orientar inversiones hacia deficit, articulando las dimensiones deficit, centralidad, integracion.","El escenario presenta un perfil integrado con predominio de deficit. La evaluación combina demanda, déficit, impacto y capacidades de conectividad e integración."
114,1,4,4,11,0,0,1,AUTOBUS,1,0,0,1,0,0,AUTOBUS,1,0,0,1,0,0,AUTOBUS|FERROCARRIL,2,1,0,1,0,0,20.371832715762604,5.092958178940651,3.5014087480216975,0.0010330578512396695,0.2125216136193653,0.0,0.2,0,0,0,0.13999999999999999,12.45,SOPORTE_FISICO_MUY_BAJO,136,MONOMODAL,50.0,17.36111111111111,22.22222222222222,23.26388888888889,46.18055555555556,50.34722222222222,133,120,133,13,34.0,INTERMODALIDAD_BAJA,136,17.36111111111111,17.36111111111111,19.4805,0.0,20.0,12.6857,17.2396,34.8958,38.5417,20.92,4.86,138,138,CENTRALIDAD_ESTRUCTURAL_BAJA,CENTRALIDAD_ESTRUCTURAL_MUY_BAJA,4.68,87.3143,CENTRALIDAD_SECUNDARIA,12.29,118,17.36111111111111,12.6857,17.2396,34.8958,BAJO,MUY_BAJO,MUY_BAJO,MUY_BAJO,BAJO,MUY_BAJO,PRIORIDAD_BAJA,CENTRALIDAD_LOCAL,INTERMODALIDAD,TERRITORIAL,PERFIL_EQUILIBRADO,138,118,MANTENER_Y_OPTIMIZAR,82.63888888888889,82.7604,65.10419999999999,61.4583,74.1593,24.970415555555554,IMPACTO_BAJO,77.855405,URGENTE,47.026574333333336,PRIORIDAD_MEDIA,MEJORAR_CONECTIVIDAD,La conectividad constituye una de las principales restricciones estructurales de la centralidad.,104,18,50,"INTERMODALIDAD, CENTRALIDAD, DEMANDA",BAJO_DESEMPEÑO_ESTRUCTURAL,MEJORA_CONECTIVIDAD,ESCENARIO_MEDIANO_PLAZO,5-10 AÑOS,FASE_3,PRIORIDAD_4_BAJA,INTERVENCION_ESTRUCTURAL_MEDIA,INFRAESTRUCTURA | INTERMODALIDAD | DEMANDA,Mejorar la conectividad territorial y la accesibilidad estructural de la centralidad.,"Centralidad clasificada como CENTRALIDAD_LOCAL, con diagnóstico BAJO_DESEMPEÑO_ESTRUCTURAL. Presenta demanda estructural de 17.36, soporte de infraestructura de 12.69, déficit estructural promedio de 74.16 y score de prioridad territorial de 47.03. La intervención recomendada es MEJORAR_CONECTIVIDAD.",48.34247511666667,102,18,6,AMBA-P102,AMBAC-114,BAJA,ALTA,ALTA,ALTA,ALTA,DEFICIT_ESTRUCTURAL_MEDIO,5656923.968368559,6154525.967810261,2,AMBA-E006,AMBA-E006 - INTEGRADO,39.2859,PRIORIDAD_4_BAJA,ESCENARIO_INTEGRADO,LARGO_PLAZO,INTERVENCION_TERRITORIAL_MEDIA,"Orientar inversiones hacia intermodalidad, articulando las dimensiones intermodalidad, centralidad, demanda.","El escenario presenta un perfil integrado con predominio de intermodalidad. La evaluación combina demanda, déficit, impacto y capacidades de conectividad e integración."
136,2,71,131,264,3,4,13,AUTOBUS|FERROCARRIL,2,1,0,1,0,0,AUTOBUS|FERROCARRIL,2,1,0,1,0,0,AUTOBUS|FERROCARRIL,2,1,0,1,0,0,361.6000307047862,166.79438036030632,84.03380995252074,0.03383264462809917,0.6024417664347088,0.2923416876766772,0.4,1,0,0,0.3677025063030031,38.9,SOPORTE_FISICO_BAJO,18,MONOMODAL,50.0,38.19444444444444,5.555555555555555,95.83333333333334,46.18055555555556,50.34722222222222,78,90,78,12,70.0,INTERMODALIDAD_MEDIA,16,38.19444444444444,38.19444444444444,59.1011,29.2342,40.0,43.2906,43.5238,75.0,32.9861,45.53,52.78,69,69,CENTRALIDAD_ESTRUCTURAL_MEDIA,CENTRALIDAD_ESTRUCTURAL_MEDIA,-5.1,56.7094,CENTRALIDAD_SECUNDARIA,22.92,97,38.19444444444444,43.2906,43.5238,75.0,BAJO,BAJO,MEDIO,MEDIO,ALTO,MUY_BAJO,PRIORIDAD_BAJA,CENTRALIDAD_LOCAL,DEFICIT,CONECTIVIDAD,FUERTE_CONECTIVIDAD,69,97,MANTENER_Y_OPTIMIZAR,61.80555555555556,56.4762,25.0,67.0139,51.299875,45.191197222222215,IMPACTO_MEDIO,51.854895,MEDIA,47.64873583333333,PRIORIDAD_MEDIA,MEJORAR_INTEGRACION_TERRITORIAL,La integración territorial presenta un déficit relevante respecto de las demás dimensiones.,101,25,47,"DEFICIT, CONECTIVIDAD, IMPACTO",CENTRALIDAD_CONECTIVA,INTEGRACION_TERRITORIAL,ESCENARIO_ESTRUCTURAL,10+ AÑOS,FASE_4,PRIORIDAD_4_BAJA,INTERVENCION_ESTRUCTURAL_MEDIA,INTEGRACION_TERRITORIAL | DEMANDA | INFRAESTRUCTURA,Reducir déficits de integración territorial y mejorar la articulación de la centralidad con su entorno.,"Centralidad clasificada como CENTRALIDAD_LOCAL, con diagnóstico CENTRALIDAD_CONECTIVA. Presenta demanda estructural de 38.19, soporte de infraestructura de 43.29, déficit estructural promedio de 51.30 y score de prioridad territorial de 47.65. La intervención recomendada es MEJORAR_INTEGRACION_TERRITORIAL.",47.911028916666666,103,25,3,AMBA-P103,AMBAC-136,BAJA,MEDIA,MEDIA,BAJA,ALTA,DEFICIT_ESTRUCTURAL_MEDIO,5637084.408499176,6168797.690296372,3,AMBA-E003,AMBA-E003 - INTEGRADO,51.677,PRIORIDAD_3_MEDIA,ESCENARIO_INTEGRADO,LARGO_PLAZO,INTERVENCION_TERRITORIAL_MEDIA,"Orientar inversiones hacia deficit, articulando las dimensiones deficit, conectividad, impacto.","El escenario presenta un perfil integrado con predominio de deficit. La evaluación combina demanda, déficit, impacto y capacidades de conectividad e integración."
107,1,6,8,27,0,0,1,AUTOBUS,1,0,0,1,0,0,AUTOBUS,1,0,0,1,0,0,AUTOBUS|FERROCARRIL,2,1,0,1,0,0,30.557749073643905,10.185916357881302,8.594366926962348,0.002066115702479339,0.28396708285127487,0.0,0.2,0,0,0,0.13999999999999999,14.97,SOPORTE_FISICO_MUY_BAJO,132,MONOMODAL,50.0,21.52777777777778,27.77777777777778,69.44444444444444,46.18055555555556,50.34722222222222,99,114,99,15,38.0,INTERMODALIDAD_BAJA,132,21.52777777777778,21.52777777777778,26.595,0.0,20.0,15.5538,17.934,52.9514,40.3935,25.92,10.42,130,130,CENTRALIDAD_ESTRUCTURAL_BAJA,CENTRALIDAD_ESTRUCTURAL_MUY_BAJA,5.97,84.4462,CENTRALIDAD_SECUNDARIA,15.3,111,21.52777777777778,15.5538,17.934,52.9514,MEDIO,BAJO,MUY_BAJO,MUY_BAJO,MEDIO,MUY_BAJO,PRIORIDAD_BAJA,CENTRALIDAD_LOCAL,INTERMODALIDAD,CONECTIVIDAD,PERFIL_EQUILIBRADO,130,111,MANTENER_Y_OPTIMIZAR,78.47222222222223,82.066,47.0486,59.6065,68.291825,27.54825388888889,IMPACTO_BAJO,72.645675,ALTA,46.58409483333333,PRIORIDAD_MEDIA,MEJORAR_CONECTIVIDAD,La conectividad constituye una de las principales restricciones estructurales de la centralidad.,107,20,53,"INTERMODALIDAD, CENTRALIDAD, DEMANDA",BAJO_DESEMPEÑO_ESTRUCTURAL,MEJORA_CONECTIVIDAD,ESCENARIO_MEDIANO_PLAZO,5-10 AÑOS,FASE_3,PRIORIDAD_4_BAJA,INTERVENCION_ESTRUCTURAL_MEDIA,INFRAESTRUCTURA | INTERMODALIDAD | DEMANDA,Mejorar la conectividad territorial y la accesibilidad estructural de la centralidad.,"Centralidad clasificada como CENTRALIDAD_LOCAL, con diagnóstico BAJO_DESEMPEÑO_ESTRUCTURAL. Presenta demanda estructural de 21.53, soporte de infraestructura de 15.55, déficit estructural promedio de 68.29 y score de prioridad territorial de 46.58. La intervención recomendada es MEJORAR_CONECTIVIDAD.",47.63795571666666,104,19,6,AMBA-P104,AMBAC-107,BAJA,ALTA,ALTA,MEDIA,MEDIA,DEFICIT_ESTRUCTURAL_MEDIO,5640523.4186141165,6157537.469341421,2,AMBA-E006,AMBA-E006 - INTEGRADO,39.2859,PRIORIDAD_4_BAJA,ESCENARIO_INTEGRADO,LARGO_PLAZO,INTERVENCION_TERRITORIAL_MEDIA,"Orientar inversiones hacia intermodalidad, articulando las dimensiones intermodalidad, centralidad, demanda.","El escenario presenta un perfil integrado con predominio de intermodalidad. La evaluación combina demanda, déficit, impacto y capacidades de conectividad e integración."
85,1,23,38,74,0,2,2,AUTOBUS,1,0,0,1,0,0,AUTOBUS|FERROCARRIL,2,1,0,1,0,0,AUTOBUS|FERROCARRIL,2,1,0,1,0,0,117.13803811563497,48.38310269993618,23.55493157760051,0.00981404958677686,0.45859974178108265,0.19955424691458712,0.4,1,0,0,0.3398662740743761,31.19,SOPORTE_FISICO_BAJO,60,MONOMODAL,50.0,34.02777777777778,45.13888888888889,69.44444444444444,46.18055555555556,50.34722222222222,79,96,79,17,70.0,INTERMODALIDAD_MEDIA,16,34.02777777777778,34.02777777777778,44.3435,19.9554,40.0,34.1853,41.2041,66.059,46.1806,41.52,43.75,82,82,CENTRALIDAD_ESTRUCTURAL_MEDIA,CENTRALIDAD_ESTRUCTURAL_MEDIA,-0.16,65.8147,CENTRALIDAD_SECUNDARIA,20.42,100,34.02777777777778,34.1853,41.2041,66.059,MEDIO,BAJO,BAJO,MEDIO,ALTO,MUY_BAJO,PRIORIDAD_BAJA,CENTRALIDAD_LOCAL,DEFICIT,CONECTIVIDAD,PERFIL_EQUILIBRADO,82,100,MANTENER_Y_OPTIMIZAR,65.97222222222223,58.7959,33.941,53.8194,53.09275,40.75743888888889,IMPACTO_MEDIO,55.885965000000006,MEDIA,47.212583333333335,PRIORIDAD_MEDIA,MEJORAR_INTEGRACION_TERRITORIAL,La integración territorial presenta un déficit relevante respecto de las demás dimensiones.,102,26,48,"DEFICIT, CONECTIVIDAD, IMPACTO",BAJO_DESEMPEÑO_ESTRUCTURAL,INTEGRACION_TERRITORIAL,ESCENARIO_ESTRUCTURAL,10+ AÑOS,FASE_4,PRIORIDAD_4_BAJA,INTERVENCION_ESTRUCTURAL_MEDIA,DEMANDA | INFRAESTRUCTURA | INTERMODALIDAD,Reducir déficits de integración territorial y mejorar la articulación de la centralidad con su entorno.,"Centralidad clasificada como CENTRALIDAD_LOCAL, con diagnóstico BAJO_DESEMPEÑO_ESTRUCTURAL. Presenta demanda estructural de 34.03, soporte de infraestructura de 34.19, déficit estructural promedio de 53.09 y score de prioridad territorial de 47.21. La intervención recomendada es MEJORAR_INTEGRACION_TERRITORIAL.",47.545318916666666,105,26,3,AMBA-P105,AMBAC-085,BAJA,ALTA,MEDIA,MEDIA,MEDIA,DEFICIT_ESTRUCTURAL_MEDIO,5625823.095976988,6159956.907938495,3,AMBA-E003,AMBA-E003 - INTEGRADO,51.677,PRIORIDAD_3_MEDIA,ESCENARIO_INTEGRADO,LARGO_PLAZO,INTERVENCION_TERRITORIAL_MEDIA,"Orientar inversiones hacia deficit, articulando las dimensiones deficit, conectividad, impacto.","El escenario presenta un perfil integrado con predominio de deficit. La evaluación combina demanda, déficit, impacto y capacidades de conectividad e integración."
97,1,20,34,92,0,0,2,AUTOBUS,1,0,0,1,0,0,AUTOBUS|TRANVIA,2,0,0,1,0,1,AUTOBUS|FERROCARRIL|TRANVIA,3,1,0,1,0,1,101.85916357881302,43.29014452099553,29.284509528908742,0.00878099173553719,0.4457992744134685,0.0,0.4,0,0,0,0.27999999999999997,25.73,SOPORTE_FISICO_BAJO,94,MONOMODAL,50.0,27.77777777777778,36.80555555555556,69.44444444444444,46.18055555555556,50.34722222222222,90,105,90,15,65.0,INTERMODALIDAD_MEDIA,104,27.77777777777778,27.77777777777778,43.0337,0.0,40.0,26.9213,27.6215,50.9549,43.4028,32.57,21.53,114,114,CENTRALIDAD_ESTRUCTURAL_BAJA,CENTRALIDAD_ESTRUCTURAL_BAJA,0.86,73.0787,CENTRALIDAD_SECUNDARIA,17.01,108,27.77777777777778,26.9213,27.6215,50.9549,MEDIO,BAJO,BAJO,BAJO,MEDIO,MUY_BAJO,PRIORIDAD_BAJA,CENTRALIDAD_LOCAL,DEFICIT,CONECTIVIDAD,PERFIL_EQUILIBRADO,114,108,MANTENER_Y_OPTIMIZAR,72.22222222222223,72.3785,49.0451,56.5972,62.774874999999994,32.90286388888889,IMPACTO_BAJO,65.624705,ALTA,46.67111583333333,PRIORIDAD_MEDIA,MEJORAR_CONECTIVIDAD,La conectividad constituye una de las principales restricciones estructurales de la centralidad.,106,19,52,"DEFICIT, CONECTIVIDAD, IMPACTO",BAJO_DESEMPEÑO_ESTRUCTURAL,MEJORA_CONECTIVIDAD,ESCENARIO_MEDIANO_PLAZO,5-10 AÑOS,FASE_3,PRIORIDAD_4_BAJA,INTERVENCION_ESTRUCTURAL_MEDIA,INFRAESTRUCTURA | INTERMODALIDAD | DEMANDA,Mejorar la conectividad territorial y la accesibilidad estructural de la centralidad.,"Centralidad clasificada como CENTRALIDAD_LOCAL, con diagnóstico BAJO_DESEMPEÑO_ESTRUCTURAL. Presenta demanda estructural de 27.78, soporte de infraestructura de 26.92, déficit estructural promedio de 62.77 y score de prioridad territorial de 46.67. La intervención recomendada es MEJORAR_CONECTIVIDAD.",47.44891641666666,106,20,3,AMBA-P106,AMBAC-097,BAJA,ALTA,ALTA,MEDIA,MEDIA,DEFICIT_ESTRUCTURAL_MEDIO,5628824.885394048,6158502.600771226,3,AMBA-E003,AMBA-E003 - INTEGRADO,51.677,PRIORIDAD_3_MEDIA,ESCENARIO_INTEGRADO,LARGO_PLAZO,INTERVENCION_TERRITORIAL_MEDIA,"Orientar inversiones hacia deficit, articulando las dimensiones deficit, conectividad, impacto.","El escenario presenta un perfil integrado con predominio de deficit. La evaluación combina demanda, déficit, impacto y capacidades de conectividad e integración."
117,1,8,9,14,0,0,0,AUTOBUS,1,0,0,1,0,0,AUTOBUS,1,0,0,1,0,0,AUTOBUS,1,0,0,1,0,0,40.74366543152521,11.459155902616464,4.45633840657307,0.0023243801652892563,0.29664455240180393,0.0,0.2,0,0,0,0.13999999999999999,15.42,SOPORTE_FISICO_MUY_BAJO,129,MONOMODAL,50.0,15.277777777777779,20.13888888888889,69.44444444444444,46.18055555555556,50.34722222222222,110,123,110,13,39.0,INTERMODALIDAD_BAJA,129,15.277777777777779,15.277777777777779,27.8703,0.0,20.0,16.0676,18.3681,32.5521,37.8472,20.94,5.56,137,137,CENTRALIDAD_ESTRUCTURAL_BAJA,CENTRALIDAD_ESTRUCTURAL_MUY_BAJA,-0.79,83.9324,CENTRALIDAD_SECUNDARIA,9.17,123,15.277777777777779,16.0676,18.3681,32.5521,BAJO,MUY_BAJO,MUY_BAJO,MUY_BAJO,BAJO,MUY_BAJO,PRIORIDAD_BAJA,CENTRALIDAD_LOCAL,INTEGRACION,TERRITORIAL,PERFIL_EQUILIBRADO,137,123,MANTENER_Y_OPTIMIZAR,84.72222222222223,81.6319,67.4479,62.1528,73.79125,24.06513888888889,IMPACTO_BAJO,76.793435,URGENTE,45.94365333333334,PRIORIDAD_MEDIA,MEJORAR_CONECTIVIDAD,La conectividad constituye una de las principales restricciones estructurales de la centralidad.,110,21,56,"INTEGRACION, DEFICIT, DEMANDA",BAJO_DESEMPEÑO_ESTRUCTURAL,MEJORA_CONECTIVIDAD,ESCENARIO_MEDIANO_PLAZO,5-10 AÑOS,FASE_3,PRIORIDAD_4_BAJA,INTERVENCION_ESTRUCTURAL_MEDIA,DEMANDA | INFRAESTRUCTURA | INTERMODALIDAD,Mejorar la conectividad territorial y la accesibilidad estructural de la centralidad.,"Centralidad clasificada como CENTRALIDAD_LOCAL, con diagnóstico BAJO_DESEMPEÑO_ESTRUCTURAL. Presenta demanda estructural de 15.28, soporte de infraestructura de 16.07, déficit estructural promedio de 73.79 y score de prioridad territorial de 45.94. La intervención recomendada es MEJORAR_CONECTIVIDAD.",47.289343416666675,107,21,5,AMBA-P107,AMBAC-117,BAJA,ALTA,ALTA,ALTA,ALTA,DEFICIT_ESTRUCTURAL_MEDIO,5610424.305093712,6177766.584329415,5,AMBA-E005,AMBA-E005 - INTEGRADO,43.1479,PRIORIDAD_4_BAJA,ESCENARIO_INTEGRADO,LARGO_PLAZO,INTERVENCION_TERRITORIAL_MEDIA,"Orientar inversiones hacia integracion, articulando las dimensiones integracion, deficit, demanda.","El escenario presenta un perfil integrado con predominio de integracion. La evaluación combina demanda, déficit, impacto y capacidades de conectividad e integración."
129,2,57,92,188,5,8,18,AUTOBUS|FERROCARRIL,2,1,0,1,0,0,AUTOBUS|FERROCARRIL|SUBTE,3,1,1,1,0,0,AUTOBUS|FERROCARRIL|FLUVIAL|SUBTE,4,1,1,1,1,0,290.29861619961713,117.13803811563497,59.84225860255265,0.023760330578512397,0.5611771037469505,0.39910849382917424,0.6,1,1,0,0.5397325481487523,44.98,SOPORTE_FISICO_MEDIO,8,MONOMODAL,50.0,40.27777777777778,11.11111111111111,69.44444444444444,95.48611111111111,50.34722222222222,74,87,74,13,85.0,INTERMODALIDAD_MUY_ALTA,3,40.27777777777778,40.27777777777778,54.8622,39.9108,60.0,49.922,59.3527,81.3368,34.838,52.12,70.14,44,44,CENTRALIDAD_ESTRUCTURAL_MEDIA,CENTRALIDAD_ESTRUCTURAL_ALTA,-9.64,50.078,CENTRALIDAD_SECUNDARIA,24.17,95,40.27777777777778,49.922,59.3527,81.3368,BAJO,MEDIO,MEDIO,MEDIO,MUY_ALTO,MUY_BAJO,PRIORIDAD_BAJA,CENTRALIDAD_LOCAL,DEFICIT,CONECTIVIDAD,FUERTE_CONECTIVIDAD,44,95,MANTENER_Y_OPTIMIZAR,59.72222222222222,40.6473,18.663200000000003,65.162,43.637625,49.90841388888889,IMPACTO_MEDIO,43.699965000000006,MEDIA,46.818400833333335,PRIORIDAD_MEDIA,MEJORAR_INTEGRACION_TERRITORIAL,La integración territorial presenta un déficit relevante respecto de las demás dimensiones.,105,27,51,"DEFICIT, CONECTIVIDAD, IMPACTO",CENTRALIDAD_CONECTIVA,INTEGRACION_TERRITORIAL,ESCENARIO_ESTRUCTURAL,10+ AÑOS,FASE_4,PRIORIDAD_4_BAJA,INTERVENCION_SELECTIVA,INTEGRACION_TERRITORIAL | DEMANDA | INFRAESTRUCTURA,Reducir déficits de integración territorial y mejorar la articulación de la centralidad con su entorno.,"Centralidad clasificada como CENTRALIDAD_LOCAL, con diagnóstico CENTRALIDAD_CONECTIVA. Presenta demanda estructural de 40.28, soporte de infraestructura de 49.92, déficit estructural promedio de 43.64 y score de prioridad territorial de 46.82. La intervención recomendada es MEJORAR_INTEGRACION_TERRITORIAL.",46.81413741666667,108,27,3,AMBA-P108,AMBAC-129,MEDIA,MEDIA,MEDIA,BAJA,ALTA,DEFICIT_ESTRUCTURAL_MEDIO,5639742.623539447,6164255.971987652,3,AMBA-E003,AMBA-E003 - INTEGRADO,51.677,PRIORIDAD_3_MEDIA,ESCENARIO_INTEGRADO,LARGO_PLAZO,INTERVENCION_TERRITORIAL_MEDIA,"Orientar inversiones hacia deficit, articulando las dimensiones deficit, conectividad, impacto.","El escenario presenta un perfil integrado con predominio de deficit. La evaluación combina demanda, déficit, impacto y capacidades de conectividad e integración."
115,1,16,25,55,0,0,1,AUTOBUS,1,0,0,1,0,0,AUTOBUS,1,0,0,1,0,0,AUTOBUS|FERROCARRIL,2,1,0,1,0,0,81.48733086305042,31.830988618379067,17.507043740108486,0.006456611570247934,0.4105906428291123,0.0,0.2,0,0,0,0.13999999999999999,19.47,SOPORTE_FISICO_MUY_BAJO,116,MONOMODAL,50.0,16.666666666666664,21.52777777777778,23.26388888888889,46.18055555555556,50.34722222222222,134,121,134,13,40.0,INTERMODALIDAD_BAJA,115,16.666666666666664,16.666666666666664,39.4357,0.0,20.0,20.723,19.8438,33.6806,38.3102,23.03,8.33,133,133,CENTRALIDAD_ESTRUCTURAL_BAJA,CENTRALIDAD_ESTRUCTURAL_MUY_BAJA,-4.06,79.277,CENTRALIDAD_SECUNDARIA,10.0,121,16.666666666666664,20.723,19.8438,33.6806,BAJO,MUY_BAJO,BAJO,MUY_BAJO,BAJO,MUY_BAJO,PRIORIDAD_BAJA,CENTRALIDAD_LOCAL,INTERMODALIDAD,TERRITORIAL,PERFIL_EQUILIBRADO,133,121,MANTENER_Y_OPTIMIZAR,83.33333333333334,80.1562,66.3194,61.6898,71.8606,25.204453333333333,IMPACTO_BAJO,74.2672,ALTA,45.531872,PRIORIDAD_MEDIA,MEJORAR_CONECTIVIDAD,La conectividad constituye una de las principales restricciones estructurales de la centralidad.,111,22,57,"INTERMODALIDAD, CENTRALIDAD, DEMANDA",BAJO_DESEMPEÑO_ESTRUCTURAL,MEJORA_CONECTIVIDAD,ESCENARIO_MEDIANO_PLAZO,5-10 AÑOS,FASE_3,PRIORIDAD_4_BAJA,INTERVENCION_ESTRUCTURAL_MEDIA,DEMANDA | INTERMODALIDAD | INFRAESTRUCTURA,Mejorar la conectividad territorial y la accesibilidad estructural de la centralidad.,"Centralidad clasificada como CENTRALIDAD_LOCAL, con diagnóstico BAJO_DESEMPEÑO_ESTRUCTURAL. Presenta demanda estructural de 16.67, soporte de infraestructura de 20.72, déficit estructural promedio de 71.86 y score de prioridad territorial de 45.53. La intervención recomendada es MEJORAR_CONECTIVIDAD.",46.79305839999999,109,22,6,AMBA-P109,AMBAC-115,BAJA,ALTA,ALTA,ALTA,ALTA,DEFICIT_ESTRUCTURAL_MEDIO,5624477.621142689,6147451.381071343,2,AMBA-E006,AMBA-E006 - INTEGRADO,39.2859,PRIORIDAD_4_BAJA,ESCENARIO_INTEGRADO,LARGO_PLAZO,INTERVENCION_TERRITORIAL_MEDIA,"Orientar inversiones hacia intermodalidad, articulando las dimensiones intermodalidad, centralidad, demanda.","El escenario presenta un perfil integrado con predominio de intermodalidad. La evaluación combina demanda, déficit, impacto y capacidades de conectividad e integración."
88,1,20,39,97,2,3,5,AUTOBUS|FERROCARRIL,2,1,0,1,0,0,AUTOBUS|FERROCARRIL,2,1,0,1,0,0,AUTOBUS|FERROCARRIL,2,1,0,1,0,0,101.85916357881302,49.65634224467134,30.876058959827695,0.010072314049586776,0.46159341995125097,0.25180942365991643,0.4,1,0,0,0.3555428270979749,32.6,SOPORTE_FISICO_BAJO,52,MONOMODAL,50.0,32.63888888888889,42.36111111111111,23.26388888888889,46.18055555555556,50.34722222222222,113,98,113,15,70.0,INTERMODALIDAD_MEDIA,16,32.63888888888889,32.63888888888889,44.6499,25.1809,40.0,36.0718,42.5105,62.6736,45.2546,41.24,42.36,84,84,CENTRALIDAD_ESTRUCTURAL_MEDIA,CENTRALIDAD_ESTRUCTURAL_MEDIA,-3.43,63.9282,CENTRALIDAD_SECUNDARIA,19.58,101,32.63888888888889,36.0718,42.5105,62.6736,MEDIO,BAJO,BAJO,MEDIO,ALTO,MUY_BAJO,PRIORIDAD_BAJA,CENTRALIDAD_LOCAL,DEFICIT,CONECTIVIDAD,PERFIL_EQUILIBRADO,84,101,MANTENER_Y_OPTIMIZAR,67.36111111111111,57.4895,37.3264,54.7454,53.372375,39.70191944444445,IMPACTO_BAJO,55.620745,MEDIA,46.36288916666666,PRIORIDAD_MEDIA,MEJORAR_INTEGRACION_TERRITORIAL,La integración territorial presenta un déficit relevante respecto de las demás dimensiones.,108,28,54,"DEFICIT, CENTRALIDAD, INTEGRACION",BAJO_DESEMPEÑO_ESTRUCTURAL,INTEGRACION_TERRITORIAL,ESCENARIO_ESTRUCTURAL,10+ AÑOS,FASE_4,PRIORIDAD_4_BAJA,INTERVENCION_ESTRUCTURAL_MEDIA,DEMANDA | INFRAESTRUCTURA | INTERMODALIDAD,Reducir déficits de integración territorial y mejorar la articulación de la centralidad con su entorno.,"Centralidad clasificada como CENTRALIDAD_LOCAL, con diagnóstico BAJO_DESEMPEÑO_ESTRUCTURAL. Presenta demanda estructural de 32.64, soporte de infraestructura de 36.07, déficit estructural promedio de 53.37 y score de prioridad territorial de 46.36. La intervención recomendada es MEJORAR_INTEGRACION_TERRITORIAL.",46.75242208333333,110,28,4,AMBA-P110,AMBAC-088,BAJA,ALTA,MEDIA,MEDIA,MEDIA,DEFICIT_ESTRUCTURAL_MEDIO,5635925.60068812,6178095.5742698535,1,AMBA-E004,AMBA-E004 - INTEGRADO,51.6203,PRIORIDAD_3_MEDIA,ESCENARIO_INTEGRADO,LARGO_PLAZO,INTERVENCION_TERRITORIAL_MEDIA,"Orientar inversiones hacia deficit, articulando las dimensiones deficit, centralidad, integracion.","El escenario presenta un perfil integrado con predominio de deficit. La evaluación combina demanda, déficit, impacto y capacidades de conectividad e integración."
125,1,1,3,9,0,0,0,AUTOBUS,1,0,0,1,0,0,AUTOBUS,1,0,0,1,0,0,AUTOBUS,1,0,0,1,0,0,5.092958178940651,3.819718634205488,2.864788975654116,0.0007747933884297521,0.18495368961100384,0.0,0.2,0,0,0,0.13999999999999999,11.49,SOPORTE_FISICO_MUY_BAJO,138,MONOMODAL,50.0,11.805555555555555,14.583333333333334,23.26388888888889,46.18055555555556,50.34722222222222,136,128,136,8,33.0,INTERMODALIDAD_BAJA,138,11.805555555555555,11.805555555555555,16.7796,0.0,20.0,11.5964,16.7188,35.8507,35.9954,18.76,1.39,143,143,CENTRALIDAD_ESTRUCTURAL_MUY_BAJA,CENTRALIDAD_ESTRUCTURAL_MUY_BAJA,0.21,88.4036,CENTRALIDAD_SECUNDARIA,7.17,128,11.805555555555555,11.5964,16.7188,35.8507,BAJO,MUY_BAJO,MUY_BAJO,MUY_BAJO,BAJO,MUY_BAJO,PRIORIDAD_BAJA,CENTRALIDAD_LOCAL,INTEGRACION,TERRITORIAL,PERFIL_EQUILIBRADO,143,128,MANTENER_Y_OPTIMIZAR,88.19444444444444,83.2812,64.1493,64.00460000000001,74.959675,21.311712777777778,IMPACTO_BAJO,78.61229,URGENTE,45.07912016666667,PRIORIDAD_MEDIA,MEJORAR_CONECTIVIDAD,La conectividad constituye una de las principales restricciones estructurales de la centralidad.,113,23,59,"INTEGRACION, DEFICIT, DEMANDA",BAJO_DESEMPEÑO_ESTRUCTURAL,MEJORA_CONECTIVIDAD,ESCENARIO_MEDIANO_PLAZO,5-10 AÑOS,FASE_3,PRIORIDAD_4_BAJA,INTERVENCION_ESTRUCTURAL_MEDIA,INFRAESTRUCTURA | DEMANDA | INTERMODALIDAD,Mejorar la conectividad territorial y la accesibilidad estructural de la centralidad.,"Centralidad clasificada como CENTRALIDAD_LOCAL, con diagnóstico BAJO_DESEMPEÑO_ESTRUCTURAL. Presenta demanda estructural de 11.81, soporte de infraestructura de 11.60, déficit estructural promedio de 74.96 y score de prioridad territorial de 45.08. La intervención recomendada es MEJORAR_CONECTIVIDAD.",46.54398453333333,111,23,5,AMBA-P111,AMBAC-125,BAJA,ALTA,ALTA,ALTA,ALTA,DEFICIT_ESTRUCTURAL_MEDIO,5615477.323510218,6184132.315644922,5,AMBA-E005,AMBA-E005 - INTEGRADO,43.1479,PRIORIDAD_4_BAJA,ESCENARIO_INTEGRADO,LARGO_PLAZO,INTERVENCION_TERRITORIAL_MEDIA,"Orientar inversiones hacia integracion, articulando las dimensiones integracion, deficit, demanda.","El escenario presenta un perfil integrado con predominio de integracion. La evaluación combina demanda, déficit, impacto y capacidades de conectividad e integración."
92,1,6,25,71,0,1,5,AUTOBUS,1,0,0,1,0,0,AUTOBUS|FERROCARRIL,2,1,0,1,0,0,AUTOBUS|FERROCARRIL,2,1,0,1,0,0,30.557749073643905,31.830988618379067,22.600001919049138,0.006456611570247934,0.4105906428291123,0.12590471182995822,0.4,1,0,0,0.3177714135489874,27.62,SOPORTE_FISICO_BAJO,81,MONOMODAL,50.0,30.555555555555557,39.58333333333333,23.26388888888889,46.18055555555556,50.34722222222222,116,101,116,15,70.0,INTERMODALIDAD_MEDIA,16,30.555555555555557,30.555555555555557,39.4357,12.5905,40.0,29.7227,39.3629,65.1042,44.3287,38.67,34.72,95,95,CENTRALIDAD_ESTRUCTURAL_BAJA,CENTRALIDAD_ESTRUCTURAL_BAJA,0.83,70.2773,CENTRALIDAD_SECUNDARIA,18.67,104,30.555555555555557,29.7227,39.3629,65.1042,MEDIO,BAJO,BAJO,BAJO,ALTO,MUY_BAJO,PRIORIDAD_BAJA,CENTRALIDAD_LOCAL,DEFICIT,CONECTIVIDAD,PERFIL_EQUILIBRADO,95,104,MANTENER_Y_OPTIMIZAR,69.44444444444444,60.6371,34.895799999999994,55.6713,55.370375,36.767852777777776,IMPACTO_BAJO,58.60005,MEDIA,45.94784416666666,PRIORIDAD_MEDIA,MEJORAR_INTEGRACION_TERRITORIAL,La integración territorial presenta un déficit relevante respecto de las demás dimensiones.,109,29,55,"DEFICIT, CENTRALIDAD, INTEGRACION",BAJO_DESEMPEÑO_ESTRUCTURAL,INTEGRACION_TERRITORIAL,ESCENARIO_ESTRUCTURAL,10+ AÑOS,FASE_4,PRIORIDAD_4_BAJA,INTERVENCION_ESTRUCTURAL_MEDIA,INFRAESTRUCTURA | DEMANDA | INTERMODALIDAD,Reducir déficits de integración territorial y mejorar la articulación de la centralidad con su entorno.,"Centralidad clasificada como CENTRALIDAD_LOCAL, con diagnóstico BAJO_DESEMPEÑO_ESTRUCTURAL. Presenta demanda estructural de 30.56, soporte de infraestructura de 29.72, déficit estructural promedio de 55.37 y score de prioridad territorial de 45.95. La intervención recomendada es MEJORAR_INTEGRACION_TERRITORIAL.",46.46867633333333,112,29,4,AMBA-P112,AMBAC-092,BAJA,ALTA,ALTA,MEDIA,MEDIA,DEFICIT_ESTRUCTURAL_MEDIO,5625265.071756615,6169170.9077589065,1,AMBA-E004,AMBA-E004 - INTEGRADO,51.6203,PRIORIDAD_3_MEDIA,ESCENARIO_INTEGRADO,LARGO_PLAZO,INTERVENCION_TERRITORIAL_MEDIA,"Orientar inversiones hacia deficit, articulando las dimensiones deficit, centralidad, integracion.","El escenario presenta un perfil integrado con predominio de deficit. La evaluación combina demanda, déficit, impacto y capacidades de conectividad e integración."
93,1,29,43,103,1,2,6,AUTOBUS|FERROCARRIL,2,1,0,1,0,0,AUTOBUS|FERROCARRIL,2,1,0,1,0,0,AUTOBUS|FERROCARRIL,2,1,0,1,0,0,147.6957871892789,54.749300423612,32.78591827693044,0.011105371900826446,0.47285969214745543,0.19955424691458712,0.4,1,0,0,0.3398662740743761,31.71,SOPORTE_FISICO_BAJO,56,MONOMODAL,50.0,29.86111111111111,38.88888888888889,23.26388888888889,46.18055555555556,50.34722222222222,117,102,117,15,70.0,INTERMODALIDAD_MEDIA,16,29.86111111111111,29.86111111111111,45.8035,19.9554,40.0,34.7744,41.2041,61.9792,44.0972,39.6,37.5,91,91,CENTRALIDAD_ESTRUCTURAL_BAJA,CENTRALIDAD_ESTRUCTURAL_BAJA,-4.91,65.2256,CENTRALIDAD_SECUNDARIA,17.92,106,29.86111111111111,34.7744,41.2041,61.9792,MEDIO,BAJO,BAJO,MEDIO,ALTO,MUY_BAJO,PRIORIDAD_BAJA,CENTRALIDAD_LOCAL,DEFICIT,CONECTIVIDAD,PERFIL_EQUILIBRADO,91,106,MANTENER_Y_OPTIMIZAR,70.13888888888889,58.7959,38.0208,55.9028,54.486275000000006,37.07781055555556,IMPACTO_BAJO,56.778795,MEDIA,45.259783833333344,PRIORIDAD_MEDIA,MEJORAR_INTEGRACION_TERRITORIAL,La integración territorial presenta un déficit relevante respecto de las demás dimensiones.,112,30,58,"DEFICIT, CONECTIVIDAD, IMPACTO",BAJO_DESEMPEÑO_ESTRUCTURAL,INTEGRACION_TERRITORIAL,ESCENARIO_ESTRUCTURAL,10+ AÑOS,FASE_4,PRIORIDAD_4_BAJA,INTERVENCION_ESTRUCTURAL_MEDIA,DEMANDA | INFRAESTRUCTURA | INTERMODALIDAD,Reducir déficits de integración territorial y mejorar la articulación de la centralidad con su entorno.,"Centralidad clasificada como CENTRALIDAD_LOCAL, con diagnóstico BAJO_DESEMPEÑO_ESTRUCTURAL. Presenta demanda estructural de 29.86, soporte de infraestructura de 34.77, déficit estructural promedio de 54.49 y score de prioridad territorial de 45.26. La intervención recomendada es MEJORAR_INTEGRACION_TERRITORIAL.",45.760339516666676,113,30,3,AMBA-P113,AMBAC-093,BAJA,ALTA,MEDIA,MEDIA,MEDIA,DEFICIT_ESTRUCTURAL_MEDIO,5638360.978538524,6161423.453944233,3,AMBA-E003,AMBA-E003 - INTEGRADO,51.677,PRIORIDAD_3_MEDIA,ESCENARIO_INTEGRADO,LARGO_PLAZO,INTERVENCION_TERRITORIAL_MEDIA,"Orientar inversiones hacia deficit, articulando las dimensiones deficit, conectividad, impacto.","El escenario presenta un perfil integrado con predominio de deficit. La evaluación combina demanda, déficit, impacto y capacidades de conectividad e integración."
104,1,0,1,11,0,1,1,,0,0,0,0,0,0,AUTOBUS|FERROCARRIL,2,1,0,1,0,0,AUTOBUS|FERROCARRIL,2,1,0,1,0,0,0.0,1.2732395447351628,3.5014087480216975,0.00025826446280991736,0.096575039169877,0.12590471182995822,0.4,1,0,0,0.3177714135489874,16.53,SOPORTE_FISICO_MUY_BAJO,124,MONOMODAL,50.0,23.61111111111111,29.86111111111111,69.44444444444444,46.18055555555556,50.34722222222222,96,111,96,15,61.0,INTERMODALIDAD_MEDIA,111,23.61111111111111,23.61111111111111,8.3898,12.5905,40.0,17.1931,29.7275,78.9062,41.088,33.27,24.31,110,110,CENTRALIDAD_ESTRUCTURAL_BAJA,CENTRALIDAD_ESTRUCTURAL_BAJA,6.42,82.8069,CENTRALIDAD_SECUNDARIA,16.73,109,23.61111111111111,17.1931,29.7275,78.9062,MEDIO,BAJO,MUY_BAJO,BAJO,ALTO,MUY_BAJO,PRIORIDAD_BAJA,CENTRALIDAD_LOCAL,INTERMODALIDAD,CONECTIVIDAD,FUERTE_CONECTIVIDAD,110,109,MANTENER_Y_OPTIMIZAR,76.38888888888889,70.27250000000001,21.0938,58.912,58.271300000000004,30.752815555555557,IMPACTO_BAJO,63.74644500000001,ALTA,44.78179433333333,PRIORIDAD_MEDIA,MEJORAR_INTEGRACION_TERRITORIAL,La integración territorial presenta un déficit relevante respecto de las demás dimensiones.,114,31,60,"INTERMODALIDAD, CENTRALIDAD, DEMANDA",CENTRALIDAD_CONECTIVA,INTEGRACION_TERRITORIAL,ESCENARIO_MEDIANO_PLAZO,5-10 AÑOS,FASE_3,PRIORIDAD_4_BAJA,INTERVENCION_ESTRUCTURAL_MEDIA,INFRAESTRUCTURA | DEMANDA | INTERMODALIDAD,Reducir déficits de integración territorial y mejorar la articulación de la centralidad con su entorno.,"Centralidad clasificada como CENTRALIDAD_LOCAL, con diagnóstico CENTRALIDAD_CONECTIVA. Presenta demanda estructural de 23.61, soporte de infraestructura de 17.19, déficit estructural promedio de 58.27 y score de prioridad territorial de 44.78. La intervención recomendada es MEJORAR_INTEGRACION_TERRITORIAL.",45.522145116666664,114,31,6,AMBA-P114,AMBAC-104,BAJA,ALTA,ALTA,BAJA,MEDIA,DEFICIT_ESTRUCTURAL_MEDIO,5655074.113284288,6150753.604569596,2,AMBA-E006,AMBA-E006 - INTEGRADO,39.2859,PRIORIDAD_4_BAJA,ESCENARIO_INTEGRADO,LARGO_PLAZO,INTERVENCION_TERRITORIAL_MEDIA,"Orientar inversiones hacia intermodalidad, articulando las dimensiones intermodalidad, centralidad, demanda.","El escenario presenta un perfil integrado con predominio de intermodalidad. La evaluación combina demanda, déficit, impacto y capacidades de conectividad e integración."
90,1,17,37,88,0,3,6,AUTOBUS|FERROCARRIL,2,1,0,1,0,0,AUTOBUS|FERROCARRIL|TRANVIA,3,1,0,1,0,1,AUTOBUS|FERROCARRIL|TRANVIA,3,1,0,1,0,1,86.58028904199107,47.10986315520102,28.01126998417358,0.009555785123966942,0.4555278610995459,0.25180942365991643,0.6,1,0,0,0.4955428270979749,37.38,SOPORTE_FISICO_BAJO,24,MONOMODAL,50.0,31.25,40.27777777777778,23.26388888888889,46.18055555555556,50.34722222222222,114,100,114,14,85.0,INTERMODALIDAD_MUY_ALTA,3,31.25,31.25,44.0291,25.1809,60.0,40.5715,55.6702,61.8056,44.5602,44.38,51.39,71,71,CENTRALIDAD_ESTRUCTURAL_MEDIA,CENTRALIDAD_ESTRUCTURAL_MEDIA,-9.32,59.4285,CENTRALIDAD_SECUNDARIA,18.75,103,31.25,40.5715,55.6702,61.8056,MEDIO,BAJO,MEDIO,MEDIO,ALTO,MUY_BAJO,PRIORIDAD_BAJA,CENTRALIDAD_LOCAL,DEFICIT,CONECTIVIDAD,PERFIL_EQUILIBRADO,71,103,MANTENER_Y_OPTIMIZAR,68.75,44.3298,38.1944,55.4398,49.348124999999996,40.911625,IMPACTO_MEDIO,50.8087,MEDIA,44.73876250000001,PRIORIDAD_MEDIA,MEJORAR_INTEGRACION_TERRITORIAL,La integración territorial presenta un déficit relevante respecto de las demás dimensiones.,115,32,61,"DEFICIT, CONECTIVIDAD, IMPACTO",INTERVENCION_SELECTIVA,INTEGRACION_TERRITORIAL,ESCENARIO_ESTRUCTURAL,10+ AÑOS,FASE_4,PRIORIDAD_4_BAJA,INTERVENCION_SELECTIVA,DEMANDA | INFRAESTRUCTURA | INTEGRACION_TERRITORIAL,Reducir déficits de integración territorial y mejorar la articulación de la centralidad con su entorno.,"Centralidad clasificada como CENTRALIDAD_LOCAL, con diagnóstico INTERVENCION_SELECTIVA. Presenta demanda estructural de 31.25, soporte de infraestructura de 40.57, déficit estructural promedio de 49.35 y score de prioridad territorial de 44.74. La intervención recomendada es MEJORAR_INTEGRACION_TERRITORIAL.",45.075182500000004,115,32,3,AMBA-P115,AMBAC-090,BAJA,MEDIA,MEDIA,MEDIA,MEDIA,DEFICIT_ESTRUCTURAL_MEDIO,5637440.389242267,6159536.184948254,3,AMBA-E003,AMBA-E003 - INTEGRADO,51.677,PRIORIDAD_3_MEDIA,ESCENARIO_INTEGRADO,LARGO_PLAZO,INTERVENCION_TERRITORIAL_MEDIA,"Orientar inversiones hacia deficit, articulando las dimensiones deficit, conectividad, impacto.","El escenario presenta un perfil integrado con predominio de deficit. La evaluación combina demanda, déficit, impacto y capacidades de conectividad e integración."
137,1,6,11,16,0,0,0,AUTOBUS,1,0,0,1,0,0,AUTOBUS,1,0,0,1,0,0,AUTOBUS|FERROCARRIL,2,1,0,1,0,0,30.557749073643905,14.00563499208679,5.092958178940651,0.002840909090909091,0.3185149047398846,0.0,0.2,0,0,0,0.13999999999999999,16.19,SOPORTE_FISICO_MUY_BAJO,127,MONOMODAL,50.0,5.555555555555555,6.25,23.26388888888889,46.18055555555556,50.34722222222222,141,137,141,4,40.0,INTERMODALIDAD_BAJA,115,5.555555555555555,5.555555555555555,30.0771,0.0,20.0,16.9555,19.8438,20.4861,33.2176,16.27,0.69,144,144,CENTRALIDAD_ESTRUCTURAL_MUY_BAJA,CENTRALIDAD_ESTRUCTURAL_MUY_BAJA,-11.4,83.0445,CENTRALIDAD_SECUNDARIA,3.33,137,5.555555555555555,16.9555,19.8438,20.4861,BAJO,MUY_BAJO,MUY_BAJO,MUY_BAJO,BAJO,MUY_BAJO,PRIORIDAD_BAJA,CENTRALIDAD_LOCAL,INTERMODALIDAD,TERRITORIAL,PERFIL_EQUILIBRADO,144,137,MANTENER_Y_OPTIMIZAR,94.44444444444444,80.1562,79.5139,66.7824,77.37424999999999,18.459627777777776,IMPACTO_BAJO,79.17699,URGENTE,43.26119166666667,PRIORIDAD_MEDIA,MEJORAR_CONECTIVIDAD,La conectividad constituye una de las principales restricciones estructurales de la centralidad.,117,25,63,"INTERMODALIDAD, CENTRALIDAD, DEMANDA",BAJO_DESEMPEÑO_ESTRUCTURAL,MEJORA_CONECTIVIDAD,ESCENARIO_MEDIANO_PLAZO,5-10 AÑOS,FASE_3,PRIORIDAD_4_BAJA,INTERVENCION_ESTRUCTURAL_MEDIA,DEMANDA | INFRAESTRUCTURA | INTERMODALIDAD,Mejorar la conectividad territorial y la accesibilidad estructural de la centralidad.,"Centralidad clasificada como CENTRALIDAD_LOCAL, con diagnóstico BAJO_DESEMPEÑO_ESTRUCTURAL. Presenta demanda estructural de 5.56, soporte de infraestructura de 16.96, déficit estructural promedio de 77.37 y score de prioridad territorial de 43.26. La intervención recomendada es MEJORAR_CONECTIVIDAD.",44.92832683333333,116,24,6,AMBA-P116,AMBAC-137,BAJA,ALTA,ALTA,ALTA,ALTA,DEFICIT_ESTRUCTURAL_MEDIO,5643430.388661805,6148537.7912346935,2,AMBA-E006,AMBA-E006 - INTEGRADO,39.2859,PRIORIDAD_4_BAJA,ESCENARIO_INTEGRADO,LARGO_PLAZO,INTERVENCION_TERRITORIAL_MEDIA,"Orientar inversiones hacia intermodalidad, articulando las dimensiones intermodalidad, centralidad, demanda.","El escenario presenta un perfil integrado con predominio de intermodalidad. La evaluación combina demanda, déficit, impacto y capacidades de conectividad e integración."
121,1,24,30,62,0,0,1,AUTOBUS,1,0,0,1,0,0,AUTOBUS,1,0,0,1,0,0,AUTOBUS|FERROCARRIL,2,1,0,1,0,0,122.23099629457562,38.197186342054884,19.735212943395023,0.007747933884297521,0.4314334042643508,0.0,0.2,0,0,0,0.13999999999999999,20.22,SOPORTE_FISICO_BAJO,110,MONOMODAL,50.0,13.88888888888889,18.75,69.44444444444444,46.18055555555556,50.34722222222222,112,125,112,13,40.0,INTERMODALIDAD_BAJA,115,13.88888888888889,13.88888888888889,41.5647,0.0,20.0,21.5807,19.8438,43.4028,37.3843,23.78,9.03,132,132,CENTRALIDAD_ESTRUCTURAL_BAJA,CENTRALIDAD_ESTRUCTURAL_MUY_BAJA,-7.69,78.41929999999999,CENTRALIDAD_SECUNDARIA,8.33,125,13.88888888888889,21.5807,19.8438,43.4028,BAJO,MUY_BAJO,BAJO,MUY_BAJO,MEDIO,MUY_BAJO,PRIORIDAD_BAJA,CENTRALIDAD_LOCAL,INTERMODALIDAD,CONECTIVIDAD,PERFIL_EQUILIBRADO,132,125,MANTENER_Y_OPTIMIZAR,86.11111111111111,80.1562,56.5972,62.6157,69.44709999999999,23.542864444444444,IMPACTO_BAJO,72.11856499999999,ALTA,43.678803666666674,PRIORIDAD_MEDIA,MEJORAR_CONECTIVIDAD,La conectividad constituye una de las principales restricciones estructurales de la centralidad.,116,24,62,"INTERMODALIDAD, CENTRALIDAD, DEMANDA",BAJO_DESEMPEÑO_ESTRUCTURAL,MEJORA_CONECTIVIDAD,ESCENARIO_MEDIANO_PLAZO,5-10 AÑOS,FASE_3,PRIORIDAD_4_BAJA,INTERVENCION_ESTRUCTURAL_MEDIA,DEMANDA | INTERMODALIDAD | INFRAESTRUCTURA,Mejorar la conectividad territorial y la accesibilidad estructural de la centralidad.,"Centralidad clasificada como CENTRALIDAD_LOCAL, con diagnóstico BAJO_DESEMPEÑO_ESTRUCTURAL. Presenta demanda estructural de 13.89, soporte de infraestructura de 21.58, déficit estructural promedio de 69.45 y score de prioridad territorial de 43.68. La intervención recomendada es MEJORAR_CONECTIVIDAD.",44.92437698333333,117,25,6,AMBA-P117,AMBAC-121,BAJA,ALTA,ALTA,MEDIA,ALTA,DEFICIT_ESTRUCTURAL_MEDIO,5643606.401151472,6155538.747080024,2,AMBA-E006,AMBA-E006 - INTEGRADO,39.2859,PRIORIDAD_4_BAJA,ESCENARIO_INTEGRADO,LARGO_PLAZO,INTERVENCION_TERRITORIAL_MEDIA,"Orientar inversiones hacia intermodalidad, articulando las dimensiones intermodalidad, centralidad, demanda.","El escenario presenta un perfil integrado con predominio de intermodalidad. La evaluación combina demanda, déficit, impacto y capacidades de conectividad e integración."
127,1,5,6,20,0,0,1,AUTOBUS,1,0,0,1,0,0,AUTOBUS,1,0,0,1,0,0,AUTOBUS|FERROCARRIL|FLUVIAL,3,1,0,1,1,0,25.464790894703256,7.639437268410976,6.366197723675814,0.0015495867768595042,0.25358849344279244,0.0,0.2,0,0,0,0.13999999999999999,13.9,SOPORTE_FISICO_MUY_BAJO,134,MONOMODAL,50.0,10.416666666666668,13.194444444444445,69.44444444444444,46.18055555555556,50.34722222222222,118,130,118,12,36.0,INTERMODALIDAD_BAJA,134,10.416666666666668,10.416666666666668,23.5531,0.0,20.0,14.3286,17.6736,52.5174,35.5324,21.67,6.25,136,136,CENTRALIDAD_ESTRUCTURAL_BAJA,CENTRALIDAD_ESTRUCTURAL_MUY_BAJA,-3.91,85.6714,CENTRALIDAD_SECUNDARIA,6.25,130,10.416666666666668,14.3286,17.6736,52.5174,BAJO,MUY_BAJO,MUY_BAJO,MUY_BAJO,MEDIO,MUY_BAJO,PRIORIDAD_BAJA,CENTRALIDAD_LOCAL,INTEGRACION,CONECTIVIDAD,PERFIL_EQUILIBRADO,136,130,MANTENER_Y_OPTIMIZAR,89.58333333333333,82.3264,47.4826,64.4676,69.987,21.080733333333335,IMPACTO_BAJO,74.01682000000001,ALTA,43.10462,PRIORIDAD_MEDIA,MEJORAR_CONECTIVIDAD,La conectividad constituye una de las principales restricciones estructurales de la centralidad.,119,26,65,"INTEGRACION, DEFICIT, DEMANDA",BAJO_DESEMPEÑO_ESTRUCTURAL,MEJORA_CONECTIVIDAD,ESCENARIO_MEDIANO_PLAZO,5-10 AÑOS,FASE_3,PRIORIDAD_4_BAJA,INTERVENCION_ESTRUCTURAL_MEDIA,DEMANDA | INFRAESTRUCTURA | INTERMODALIDAD,Mejorar la conectividad territorial y la accesibilidad estructural de la centralidad.,"Centralidad clasificada como CENTRALIDAD_LOCAL, con diagnóstico BAJO_DESEMPEÑO_ESTRUCTURAL. Presenta demanda estructural de 10.42, soporte de infraestructura de 14.33, déficit estructural promedio de 69.99 y score de prioridad territorial de 43.10. La intervención recomendada es MEJORAR_CONECTIVIDAD.",44.437867,118,26,5,AMBA-P118,AMBAC-127,BAJA,ALTA,ALTA,MEDIA,ALTA,DEFICIT_ESTRUCTURAL_MEDIO,5630411.636318102,6188483.210864391,5,AMBA-E005,AMBA-E005 - INTEGRADO,43.1479,PRIORIDAD_4_BAJA,ESCENARIO_INTEGRADO,LARGO_PLAZO,INTERVENCION_TERRITORIAL_MEDIA,"Orientar inversiones hacia integracion, articulando las dimensiones integracion, deficit, demanda.","El escenario presenta un perfil integrado con predominio de integracion. La evaluación combina demanda, déficit, impacto y capacidades de conectividad e integración."
99,1,287,357,376,2,3,6,AUTOBUS|FERROCARRIL,2,1,0,1,0,0,AUTOBUS|FERROCARRIL,2,1,0,1,0,0,AUTOBUS|FERROCARRIL,2,1,0,1,0,0,1461.6789973559669,454.5465174704531,119.6845172051053,0.0922004132231405,0.7198972562974655,0.25180942365991643,0.4,1,0,0,0.3555428270979749,42.87,SOPORTE_FISICO_MEDIO,10,MONOMODAL,50.0,27.083333333333332,35.41666666666667,69.44444444444444,46.18055555555556,50.34722222222222,91,106,91,15,70.0,INTERMODALIDAD_MEDIA,16,27.083333333333332,27.083333333333332,71.1775,25.1809,40.0,46.8969,42.5105,55.2951,42.9398,40.94,41.67,85,85,CENTRALIDAD_ESTRUCTURAL_MEDIA,CENTRALIDAD_ESTRUCTURAL_MEDIA,-19.81,53.1031,CENTRALIDAD_SECUNDARIA,16.25,110,27.083333333333332,46.8969,42.5105,55.2951,MEDIO,BAJO,MEDIO,MEDIO,MEDIO,MUY_BAJO,PRIORIDAD_BAJA,CENTRALIDAD_LOCAL,DEFICIT,CONECTIVIDAD,PERFIL_EQUILIBRADO,85,110,MANTENER_Y_OPTIMIZAR,72.91666666666667,57.4895,44.7049,57.0602,53.089425000000006,36.66055166666666,IMPACTO_BAJO,53.113625000000006,MEDIA,43.25493350000001,PRIORIDAD_MEDIA,MEJORAR_INTEGRACION_TERRITORIAL,La integración territorial presenta un déficit relevante respecto de las demás dimensiones.,118,33,64,"DEFICIT, CENTRALIDAD, INTEGRACION",INTERVENCION_SELECTIVA,INTEGRACION_TERRITORIAL,ESCENARIO_ESTRUCTURAL,10+ AÑOS,FASE_4,PRIORIDAD_4_BAJA,INTERVENCION_ESTRUCTURAL_MEDIA,DEMANDA | INTERMODALIDAD | INTEGRACION_TERRITORIAL,Reducir déficits de integración territorial y mejorar la articulación de la centralidad con su entorno.,"Centralidad clasificada como CENTRALIDAD_LOCAL, con diagnóstico INTERVENCION_SELECTIVA. Presenta demanda estructural de 27.08, soporte de infraestructura de 46.90, déficit estructural promedio de 53.09 y score de prioridad territorial de 43.25. La intervención recomendada es MEJORAR_INTEGRACION_TERRITORIAL.",43.74457995,119,33,4,AMBA-P119,AMBAC-099,BAJA,MEDIA,MEDIA,MEDIA,MEDIA,DEFICIT_ESTRUCTURAL_MEDIO,5637581.60201718,6183170.355558134,1,AMBA-E004,AMBA-E004 - INTEGRADO,51.6203,PRIORIDAD_3_MEDIA,ESCENARIO_INTEGRADO,LARGO_PLAZO,INTERVENCION_TERRITORIAL_MEDIA,"Orientar inversiones hacia deficit, articulando las dimensiones deficit, centralidad, integracion.","El escenario presenta un perfil integrado con predominio de deficit. La evaluación combina demanda, déficit, impacto y capacidades de conectividad e integración."
108,1,5,14,29,0,2,5,AUTOBUS,1,0,0,1,0,0,AUTOBUS|FERROCARRIL,2,1,0,1,0,0,AUTOBUS|FERROCARRIL,2,1,0,1,0,0,25.464790894703256,17.82535362629228,9.23098669932993,0.003615702479338843,0.34518442464383275,0.19955424691458712,0.4,1,0,0,0.3398662740743761,27.12,SOPORTE_FISICO_BAJO,83,MONOMODAL,50.0,20.833333333333336,26.38888888888889,23.26388888888889,46.18055555555556,50.34722222222222,127,115,127,12,70.0,INTERMODALIDAD_MEDIA,16,20.833333333333336,20.833333333333336,32.778,19.9554,40.0,29.5269,41.2041,55.2951,39.9306,34.16,27.08,106,106,CENTRALIDAD_ESTRUCTURAL_BAJA,CENTRALIDAD_ESTRUCTURAL_BAJA,-8.69,70.4731,CENTRALIDAD_SECUNDARIA,12.5,117,20.833333333333336,29.5269,41.2041,55.2951,BAJO,BAJO,BAJO,MEDIO,MEDIO,MUY_BAJO,PRIORIDAD_BAJA,CENTRALIDAD_LOCAL,DEFICIT,CONECTIVIDAD,PERFIL_EQUILIBRADO,106,117,MANTENER_Y_OPTIMIZAR,79.16666666666666,58.7959,44.7049,60.0694,58.510825000000004,30.242831666666667,IMPACTO_BAJO,60.839605000000006,ALTA,42.6825815,PRIORIDAD_MEDIA,MEJORAR_INTEGRACION_TERRITORIAL,La integración territorial presenta un déficit relevante respecto de las demás dimensiones.,120,34,66,"DEFICIT, CENTRALIDAD, INTEGRACION",BAJO_DESEMPEÑO_ESTRUCTURAL,INTEGRACION_TERRITORIAL,ESCENARIO_MEDIANO_PLAZO,5-10 AÑOS,FASE_3,PRIORIDAD_4_BAJA,INTERVENCION_ESTRUCTURAL_MEDIA,DEMANDA | INFRAESTRUCTURA | INTEGRACION_TERRITORIAL,Reducir déficits de integración territorial y mejorar la articulación de la centralidad con su entorno.,"Centralidad clasificada como CENTRALIDAD_LOCAL, con diagnóstico BAJO_DESEMPEÑO_ESTRUCTURAL. Presenta demanda estructural de 20.83, soporte de infraestructura de 29.53, déficit estructural promedio de 58.51 y score de prioridad territorial de 42.68. La intervención recomendada es MEJORAR_INTEGRACION_TERRITORIAL.",43.54017255,120,34,4,AMBA-P120,AMBAC-108,BAJA,ALTA,MEDIA,MEDIA,ALTA,DEFICIT_ESTRUCTURAL_MEDIO,5615281.599459912,6174642.641507769,1,AMBA-E004,AMBA-E004 - INTEGRADO,51.6203,PRIORIDAD_3_MEDIA,ESCENARIO_INTEGRADO,LARGO_PLAZO,INTERVENCION_TERRITORIAL_MEDIA,"Orientar inversiones hacia deficit, articulando las dimensiones deficit, centralidad, integracion.","El escenario presenta un perfil integrado con predominio de deficit. La evaluación combina demanda, déficit, impacto y capacidades de conectividad e integración."
103,1,18,26,60,1,2,2,AUTOBUS|FERROCARRIL,2,1,0,1,0,0,AUTOBUS|FERROCARRIL,2,1,0,1,0,0,AUTOBUS|FERROCARRIL,2,1,0,1,0,0,91.67324722093171,33.10422816311423,19.098593171027442,0.006714876033057851,0.41506520603744346,0.19955424691458712,0.4,1,0,0,0.3398662740743761,29.62,SOPORTE_FISICO_BAJO,70,MONOMODAL,50.0,24.305555555555554,31.944444444444443,69.44444444444444,46.18055555555556,50.34722222222222,95,110,95,15,70.0,INTERMODALIDAD_MEDIA,16,24.305555555555554,24.305555555555554,39.8926,19.9554,40.0,32.392,41.2041,71.7882,41.7824,38.58,34.03,96,96,CENTRALIDAD_ESTRUCTURAL_BAJA,CENTRALIDAD_ESTRUCTURAL_BAJA,-8.09,67.608,CENTRALIDAD_SECUNDARIA,14.58,113,24.305555555555554,32.392,41.2041,71.7882,MEDIO,BAJO,BAJO,MEDIO,ALTO,MUY_BAJO,PRIORIDAD_BAJA,CENTRALIDAD_LOCAL,DEFICIT,CONECTIVIDAD,PERFIL_EQUILIBRADO,96,113,MANTENER_Y_OPTIMIZAR,75.69444444444444,58.7959,28.211799999999997,58.2176,53.208325,33.00344277777778,IMPACTO_BAJO,56.117175,MEDIA,42.55427816666666,PRIORIDAD_MEDIA,MEJORAR_INTEGRACION_TERRITORIAL,La integración territorial presenta un déficit relevante respecto de las demás dimensiones.,121,35,67,"DEFICIT, CONECTIVIDAD, IMPACTO",CENTRALIDAD_CONECTIVA,INTEGRACION_TERRITORIAL,ESCENARIO_ESTRUCTURAL,10+ AÑOS,FASE_4,PRIORIDAD_4_BAJA,INTERVENCION_ESTRUCTURAL_MEDIA,DEMANDA | INFRAESTRUCTURA | INTERMODALIDAD,Reducir déficits de integración territorial y mejorar la articulación de la centralidad con su entorno.,"Centralidad clasificada como CENTRALIDAD_LOCAL, con diagnóstico CENTRALIDAD_CONECTIVA. Presenta demanda estructural de 24.31, soporte de infraestructura de 32.39, déficit estructural promedio de 53.21 y score de prioridad territorial de 42.55. La intervención recomendada es MEJORAR_INTEGRACION_TERRITORIAL.",43.15608738333333,121,35,3,AMBA-P121,AMBAC-103,BAJA,ALTA,MEDIA,BAJA,MEDIA,DEFICIT_ESTRUCTURAL_MEDIO,5642618.959512776,6156841.237452078,3,AMBA-E003,AMBA-E003 - INTEGRADO,51.677,PRIORIDAD_3_MEDIA,ESCENARIO_INTEGRADO,LARGO_PLAZO,INTERVENCION_TERRITORIAL_MEDIA,"Orientar inversiones hacia deficit, articulando las dimensiones deficit, conectividad, impacto.","El escenario presenta un perfil integrado con predominio de deficit. La evaluación combina demanda, déficit, impacto y capacidades de conectividad e integración."
138,1,13,25,53,0,0,2,AUTOBUS,1,0,0,1,0,0,AUTOBUS,1,0,0,1,0,0,AUTOBUS|FERROCARRIL,2,1,0,1,0,0,66.20845632622846,31.830988618379067,16.870423967740905,0.006456611570247934,0.4105906428291123,0.0,0.2,0,0,0,0.13999999999999999,19.47,SOPORTE_FISICO_MUY_BAJO,116,MONOMODAL,50.0,4.861111111111112,4.861111111111112,23.26388888888889,46.18055555555556,50.34722222222222,142,138,142,4,40.0,INTERMODALIDAD_BAJA,115,4.861111111111112,4.861111111111112,39.4357,0.0,20.0,20.723,19.8438,32.6389,32.7546,18.78,2.08,142,142,CENTRALIDAD_ESTRUCTURAL_MUY_BAJA,CENTRALIDAD_ESTRUCTURAL_MUY_BAJA,-15.86,79.277,CENTRALIDAD_SECUNDARIA,2.92,138,4.861111111111112,20.723,19.8438,32.6389,BAJO,MUY_BAJO,BAJO,MUY_BAJO,BAJO,MUY_BAJO,PRIORIDAD_BAJA,CENTRALIDAD_LOCAL,INTEGRACION,TERRITORIAL,PERFIL_EQUILIBRADO,142,138,MANTENER_Y_OPTIMIZAR,95.13888888888889,80.1562,67.3611,67.24539999999999,73.509925,17.756540555555556,IMPACTO_BAJO,75.30888,URGENTE,41.28014183333333,PRIORIDAD_MEDIA,MEJORAR_CONECTIVIDAD,La conectividad constituye una de las principales restricciones estructurales de la centralidad.,124,27,70,"INTEGRACION, DEFICIT, DEMANDA",BAJO_DESEMPEÑO_ESTRUCTURAL,MEJORA_CONECTIVIDAD,ESCENARIO_MEDIANO_PLAZO,5-10 AÑOS,FASE_3,PRIORIDAD_4_BAJA,INTERVENCION_ESTRUCTURAL_MEDIA,DEMANDA | INTERMODALIDAD | INFRAESTRUCTURA,Mejorar la conectividad territorial y la accesibilidad estructural de la centralidad.,"Centralidad clasificada como CENTRALIDAD_LOCAL, con diagnóstico BAJO_DESEMPEÑO_ESTRUCTURAL. Presenta demanda estructural de 4.86, soporte de infraestructura de 20.72, déficit estructural promedio de 73.51 y score de prioridad territorial de 41.28. La intervención recomendada es MEJORAR_CONECTIVIDAD.",42.855912366666665,122,27,5,AMBA-P122,AMBAC-138,BAJA,ALTA,ALTA,ALTA,ALTA,DEFICIT_ESTRUCTURAL_MEDIO,5620123.276561032,6160771.683373784,5,AMBA-E005,AMBA-E005 - INTEGRADO,43.1479,PRIORIDAD_4_BAJA,ESCENARIO_INTEGRADO,LARGO_PLAZO,INTERVENCION_TERRITORIAL_MEDIA,"Orientar inversiones hacia integracion, articulando las dimensiones integracion, deficit, demanda.","El escenario presenta un perfil integrado con predominio de integracion. La evaluación combina demanda, déficit, impacto y capacidades de conectividad e integración."
109,1,13,18,57,1,2,6,AUTOBUS|FERROCARRIL,2,1,0,1,0,0,AUTOBUS|FERROCARRIL,2,1,0,1,0,0,AUTOBUS|FERROCARRIL,2,1,0,1,0,0,66.20845632622846,22.91831180523293,18.14366351247607,0.0046487603305785125,0.3733429004851337,0.19955424691458712,0.4,1,0,0,0.3398662740743761,28.13,SOPORTE_FISICO_BAJO,78,MONOMODAL,50.0,20.13888888888889,25.694444444444443,23.26388888888889,46.18055555555556,50.34722222222222,129,116,129,13,70.0,INTERMODALIDAD_MEDIA,16,20.13888888888889,20.13888888888889,35.6393,19.9554,40.0,30.6799,41.2041,66.4062,39.6991,35.88,31.25,100,100,CENTRALIDAD_ESTRUCTURAL_BAJA,CENTRALIDAD_ESTRUCTURAL_BAJA,-10.54,69.3201,CENTRALIDAD_SECUNDARIA,12.08,119,20.13888888888889,30.6799,41.2041,66.4062,BAJO,BAJO,BAJO,MEDIO,ALTO,MUY_BAJO,PRIORIDAD_BAJA,CENTRALIDAD_LOCAL,DEFICIT,CONECTIVIDAD,PERFIL_EQUILIBRADO,100,119,MANTENER_Y_OPTIMIZAR,79.86111111111111,58.7959,33.5938,60.3009,55.502674999999996,30.544979444444444,IMPACTO_BAJO,58.19091,MEDIA,41.834550166666666,PRIORIDAD_MEDIA,MEJORAR_INTEGRACION_TERRITORIAL,La integración territorial presenta un déficit relevante respecto de las demás dimensiones.,123,37,69,"DEFICIT, CENTRALIDAD, INTEGRACION",BAJO_DESEMPEÑO_ESTRUCTURAL,INTEGRACION_TERRITORIAL,ESCENARIO_ESTRUCTURAL,10+ AÑOS,FASE_4,PRIORIDAD_4_BAJA,INTERVENCION_ESTRUCTURAL_MEDIA,DEMANDA | INFRAESTRUCTURA | INTEGRACION_TERRITORIAL,Reducir déficits de integración territorial y mejorar la articulación de la centralidad con su entorno.,"Centralidad clasificada como CENTRALIDAD_LOCAL, con diagnóstico BAJO_DESEMPEÑO_ESTRUCTURAL. Presenta demanda estructural de 20.14, soporte de infraestructura de 30.68, déficit estructural promedio de 55.50 y score de prioridad territorial de 41.83. La intervención recomendada es MEJORAR_INTEGRACION_TERRITORIAL.",42.59456853333333,123,36,4,AMBA-P123,AMBAC-109,BAJA,ALTA,MEDIA,MEDIA,ALTA,DEFICIT_ESTRUCTURAL_MEDIO,5624699.521404314,6173016.8851523725,1,AMBA-E004,AMBA-E004 - INTEGRADO,51.6203,PRIORIDAD_3_MEDIA,ESCENARIO_INTEGRADO,LARGO_PLAZO,INTERVENCION_TERRITORIAL_MEDIA,"Orientar inversiones hacia deficit, articulando las dimensiones deficit, centralidad, integracion.","El escenario presenta un perfil integrado con predominio de deficit. La evaluación combina demanda, déficit, impacto y capacidades de conectividad e integración."
94,1,31,46,106,5,7,19,AUTOBUS|FERROCARRIL|TRANVIA,3,1,0,1,0,1,AUTOBUS|FERROCARRIL|TRANVIA,3,1,0,1,0,1,AUTOBUS|FERROCARRIL|FLUVIAL|TRANVIA,4,1,0,1,1,1,157.88170354716019,58.569019057817485,33.74084793548181,0.011880165289256199,0.4806532324681198,0.3777141354898746,0.6,1,0,0,0.5333142406469623,41.44,SOPORTE_FISICO_MEDIO,14,MONOMODAL,50.0,29.166666666666668,38.19444444444444,69.44444444444444,46.18055555555556,50.34722222222222,88,103,88,15,85.0,INTERMODALIDAD_MUY_ALTA,3,29.166666666666668,29.166666666666668,46.6019,37.7714,60.0,45.8581,58.8179,72.6562,43.8657,47.26,55.56,65,65,CENTRALIDAD_ESTRUCTURAL_MEDIA,CENTRALIDAD_ESTRUCTURAL_MEDIA,-16.69,54.1419,CENTRALIDAD_SECUNDARIA,17.5,107,29.166666666666668,45.8581,58.8179,72.6562,MEDIO,BAJO,MEDIO,MEDIO,ALTO,MUY_BAJO,PRIORIDAD_BAJA,CENTRALIDAD_LOCAL,DEFICIT,CONECTIVIDAD,PERFIL_EQUILIBRADO,65,107,MANTENER_Y_OPTIMIZAR,70.83333333333333,41.1821,27.3438,56.1343,44.700525,40.19143833333334,IMPACTO_MEDIO,45.841190000000005,MEDIA,42.1916005,PRIORIDAD_MEDIA,MEJORAR_INTEGRACION_TERRITORIAL,La integración territorial presenta un déficit relevante respecto de las demás dimensiones.,122,36,68,"DEFICIT, CONECTIVIDAD, IMPACTO",CENTRALIDAD_CONECTIVA,INTEGRACION_TERRITORIAL,ESCENARIO_ESTRUCTURAL,10+ AÑOS,FASE_4,PRIORIDAD_4_BAJA,INTERVENCION_SELECTIVA,DEMANDA | INTEGRACION_TERRITORIAL | INFRAESTRUCTURA,Reducir déficits de integración territorial y mejorar la articulación de la centralidad con su entorno.,"Centralidad clasificada como CENTRALIDAD_LOCAL, con diagnóstico CENTRALIDAD_CONECTIVA. Presenta demanda estructural de 29.17, soporte de infraestructura de 45.86, déficit estructural promedio de 44.70 y score de prioridad territorial de 42.19. La intervención recomendada es MEJORAR_INTEGRACION_TERRITORIAL.",42.4390146,124,37,3,AMBA-P124,AMBAC-094,BAJA,MEDIA,MEDIA,BAJA,MEDIA,DEFICIT_ESTRUCTURAL_MEDIO,5642794.371907458,6163852.340288072,3,AMBA-E003,AMBA-E003 - INTEGRADO,51.677,PRIORIDAD_3_MEDIA,ESCENARIO_INTEGRADO,LARGO_PLAZO,INTERVENCION_TERRITORIAL_MEDIA,"Orientar inversiones hacia deficit, articulando las dimensiones deficit, conectividad, impacto.","El escenario presenta un perfil integrado con predominio de deficit. La evaluación combina demanda, déficit, impacto y capacidades de conectividad e integración."
112,1,7,15,40,1,2,3,AUTOBUS|FERROCARRIL,2,1,0,1,0,0,AUTOBUS|FERROCARRIL,2,1,0,1,0,0,AUTOBUS|FERROCARRIL,2,1,0,1,0,0,35.65070725258456,19.098593171027442,12.732395447351628,0.0038739669421487604,0.35288088494021963,0.19955424691458712,0.4,1,0,0,0.3398662740743761,27.4,SOPORTE_FISICO_BAJO,82,MONOMODAL,50.0,18.75,23.61111111111111,69.44444444444444,46.18055555555556,50.34722222222222,103,118,103,15,70.0,INTERMODALIDAD_MEDIA,16,18.75,18.75,33.5592,19.9554,40.0,29.8423,41.2041,75.1736,39.0046,36.5,33.33,97,97,CENTRALIDAD_ESTRUCTURAL_BAJA,CENTRALIDAD_ESTRUCTURAL_BAJA,-11.09,70.1577,CENTRALIDAD_SECUNDARIA,11.25,120,18.75,29.8423,41.2041,75.1736,BAJO,MUY_BAJO,BAJO,MEDIO,ALTO,MUY_BAJO,PRIORIDAD_BAJA,CENTRALIDAD_LOCAL,DEFICIT,CONECTIVIDAD,FUERTE_CONECTIVIDAD,97,120,MANTENER_Y_OPTIMIZAR,81.25,58.7959,24.826400000000007,60.9954,53.69385,30.112769999999998,IMPACTO_BAJO,56.876645,MEDIA,41.081612,PRIORIDAD_MEDIA,MEJORAR_INTEGRACION_TERRITORIAL,La integración territorial presenta un déficit relevante respecto de las demás dimensiones.,125,38,71,"DEFICIT, CENTRALIDAD, INTEGRACION",CENTRALIDAD_CONECTIVA,INTEGRACION_TERRITORIAL,ESCENARIO_ESTRUCTURAL,10+ AÑOS,FASE_4,PRIORIDAD_4_BAJA,INTERVENCION_ESTRUCTURAL_MEDIA,DEMANDA | INFRAESTRUCTURA | INTEGRACION_TERRITORIAL,Reducir déficits de integración territorial y mejorar la articulación de la centralidad con su entorno.,"Centralidad clasificada como CENTRALIDAD_LOCAL, con diagnóstico CENTRALIDAD_CONECTIVA. Presenta demanda estructural de 18.75, soporte de infraestructura de 29.84, déficit estructural promedio de 53.69 y score de prioridad territorial de 41.08. La intervención recomendada es MEJORAR_INTEGRACION_TERRITORIAL.",41.80554065,125,38,4,AMBA-P125,AMBAC-112,BAJA,ALTA,MEDIA,BAJA,ALTA,DEFICIT_ESTRUCTURAL_MEDIO,5623463.781315908,6173284.555035204,1,AMBA-E004,AMBA-E004 - INTEGRADO,51.6203,PRIORIDAD_3_MEDIA,ESCENARIO_INTEGRADO,LARGO_PLAZO,INTERVENCION_TERRITORIAL_MEDIA,"Orientar inversiones hacia deficit, articulando las dimensiones deficit, centralidad, integracion.","El escenario presenta un perfil integrado con predominio de deficit. La evaluación combina demanda, déficit, impacto y capacidades de conectividad e integración."
105,1,14,29,81,1,3,5,AUTOBUS|FERROCARRIL|TRANVIA,3,1,0,1,0,1,AUTOBUS|FERROCARRIL|TRANVIA,3,1,0,1,0,1,AUTOBUS|FERROCARRIL|TRANVIA,3,1,0,1,0,1,71.30141450516912,36.92394679731972,25.783100780887047,0.0074896694214876035,0.42754994286110287,0.25180942365991643,0.6,1,0,0,0.4955428270979749,36.37,SOPORTE_FISICO_BAJO,31,MONOMODAL,50.0,22.916666666666664,30.555555555555557,23.26388888888889,46.18055555555556,50.34722222222222,125,112,125,13,85.0,INTERMODALIDAD_MUY_ALTA,3,22.916666666666664,22.916666666666664,41.1678,25.1809,60.0,39.4185,55.6702,64.9306,41.3194,41.74,44.44,81,81,CENTRALIDAD_ESTRUCTURAL_MEDIA,CENTRALIDAD_ESTRUCTURAL_MEDIA,-16.5,60.5815,CENTRALIDAD_SECUNDARIA,13.75,114,22.916666666666664,39.4185,55.6702,64.9306,MEDIO,BAJO,BAJO,MEDIO,ALTO,MUY_BAJO,PRIORIDAD_BAJA,CENTRALIDAD_LOCAL,DEFICIT,CONECTIVIDAD,PERFIL_EQUILIBRADO,81,114,MANTENER_Y_OPTIMIZAR,77.08333333333334,44.3298,35.0694,58.6806,49.665325,34.72339833333333,IMPACTO_BAJO,51.13102,MEDIA,41.0742465,PRIORIDAD_MEDIA,MEJORAR_INTEGRACION_TERRITORIAL,La integración territorial presenta un déficit relevante respecto de las demás dimensiones.,126,39,72,"DEFICIT, CONECTIVIDAD, IMPACTO",BAJO_DESEMPEÑO_ESTRUCTURAL,INTEGRACION_TERRITORIAL,ESCENARIO_ESTRUCTURAL,10+ AÑOS,FASE_4,PRIORIDAD_4_BAJA,INTERVENCION_SELECTIVA,DEMANDA | INFRAESTRUCTURA | INTEGRACION_TERRITORIAL,Reducir déficits de integración territorial y mejorar la articulación de la centralidad con su entorno.,"Centralidad clasificada como CENTRALIDAD_LOCAL, con diagnóstico BAJO_DESEMPEÑO_ESTRUCTURAL. Presenta demanda estructural de 22.92, soporte de infraestructura de 39.42, déficit estructural promedio de 49.67 y score de prioridad territorial de 41.07. La intervención recomendada es MEJORAR_INTEGRACION_TERRITORIAL.",41.63013529999999,126,39,3,AMBA-P126,AMBAC-105,BAJA,ALTA,MEDIA,MEDIA,MEDIA,DEFICIT_ESTRUCTURAL_MEDIO,5636826.881907174,6158278.4701357,3,AMBA-E003,AMBA-E003 - INTEGRADO,51.677,PRIORIDAD_3_MEDIA,ESCENARIO_INTEGRADO,LARGO_PLAZO,INTERVENCION_TERRITORIAL_MEDIA,"Orientar inversiones hacia deficit, articulando las dimensiones deficit, conectividad, impacto.","El escenario presenta un perfil integrado con predominio de deficit. La evaluación combina demanda, déficit, impacto y capacidades de conectividad e integración."
106,1,31,51,139,3,4,16,AUTOBUS|FERROCARRIL,2,1,0,1,0,0,AUTOBUS|FERROCARRIL,2,1,0,1,0,0,AUTOBUS|FERROCARRIL,2,1,0,1,0,0,157.88170354716019,64.9352167814933,44.245074179546904,0.013171487603305785,0.49259414321024025,0.2923416876766772,0.4,1,0,0,0.3677025063030031,34.75,SOPORTE_FISICO_BAJO,37,MONOMODAL,50.0,22.22222222222222,29.166666666666668,69.44444444444444,46.18055555555556,50.34722222222222,98,113,98,15,70.0,INTERMODALIDAD_MEDIA,16,22.22222222222222,22.22222222222222,47.8255,29.2342,40.0,38.7217,43.5238,76.1285,40.8565,40.56,39.58,88,88,CENTRALIDAD_ESTRUCTURAL_MEDIA,CENTRALIDAD_ESTRUCTURAL_BAJA,-16.5,61.2783,CENTRALIDAD_SECUNDARIA,13.33,115,22.22222222222222,38.7217,43.5238,76.1285,MEDIO,BAJO,BAJO,MEDIO,ALTO,MUY_BAJO,PRIORIDAD_BAJA,CENTRALIDAD_LOCAL,DEFICIT,CONECTIVIDAD,FUERTE_CONECTIVIDAD,88,115,MANTENER_Y_OPTIMIZAR,77.77777777777777,56.4762,23.871499999999997,59.1435,50.192375,33.02358611111111,IMPACTO_BAJO,52.276194999999994,MEDIA,40.86632916666666,PRIORIDAD_MEDIA,MEJORAR_INTEGRACION_TERRITORIAL,La integración territorial presenta un déficit relevante respecto de las demás dimensiones.,127,40,73,"DEFICIT, CONECTIVIDAD, IMPACTO",CENTRALIDAD_CONECTIVA,INTEGRACION_TERRITORIAL,ESCENARIO_ESTRUCTURAL,10+ AÑOS,FASE_4,PRIORIDAD_4_BAJA,INTERVENCION_ESTRUCTURAL_MEDIA,DEMANDA | INFRAESTRUCTURA | INTEGRACION_TERRITORIAL,Reducir déficits de integración territorial y mejorar la articulación de la centralidad con su entorno.,"Centralidad clasificada como CENTRALIDAD_LOCAL, con diagnóstico CENTRALIDAD_CONECTIVA. Presenta demanda estructural de 22.22, soporte de infraestructura de 38.72, déficit estructural promedio de 50.19 y score de prioridad territorial de 40.87. La intervención recomendada es MEJORAR_INTEGRACION_TERRITORIAL.",41.40139758333333,127,40,3,AMBA-P127,AMBAC-106,BAJA,ALTA,MEDIA,BAJA,MEDIA,DEFICIT_ESTRUCTURAL_MEDIO,5633350.957501702,6171134.980012671,3,AMBA-E003,AMBA-E003 - INTEGRADO,51.677,PRIORIDAD_3_MEDIA,ESCENARIO_INTEGRADO,LARGO_PLAZO,INTERVENCION_TERRITORIAL_MEDIA,"Orientar inversiones hacia deficit, articulando las dimensiones deficit, conectividad, impacto.","El escenario presenta un perfil integrado con predominio de deficit. La evaluación combina demanda, déficit, impacto y capacidades de conectividad e integración."
140,1,9,18,42,0,0,3,AUTOBUS,1,0,0,1,0,0,AUTOBUS,1,0,0,1,0,0,AUTOBUS|FERROCARRIL,2,1,0,1,0,0,45.83662361046586,22.91831180523293,13.36901521971921,0.0046487603305785125,0.3733429004851337,0.0,0.2,0,0,0,0.13999999999999999,18.14,SOPORTE_FISICO_MUY_BAJO,121,MONOMODAL,50.0,3.4722222222222223,3.4722222222222223,69.44444444444444,46.18055555555556,50.34722222222222,126,140,126,14,40.0,INTERMODALIDAD_BAJA,115,3.4722222222222223,3.4722222222222223,35.6393,0.0,20.0,19.1947,19.8438,46.6146,32.2917,20.03,2.78,141,141,CENTRALIDAD_ESTRUCTURAL_BAJA,CENTRALIDAD_ESTRUCTURAL_MUY_BAJA,-15.72,80.8053,CENTRALIDAD_SECUNDARIA,2.08,140,3.4722222222222223,19.1947,19.8438,46.6146,BAJO,MUY_BAJO,MUY_BAJO,MUY_BAJO,MEDIO,MUY_BAJO,PRIORIDAD_BAJA,CENTRALIDAD_LOCAL,INTEGRACION,CONECTIVIDAD,PERFIL_EQUILIBRADO,141,140,MANTENER_Y_OPTIMIZAR,96.52777777777777,80.1562,53.3854,67.70830000000001,70.5138,16.672871111111114,IMPACTO_BAJO,73.194495,ALTA,39.86078766666668,PRIORIDAD_BAJA,MEJORAR_CONECTIVIDAD,La conectividad constituye una de las principales restricciones estructurales de la centralidad.,129,28,1,"INTEGRACION, DEFICIT, DEMANDA",BAJO_DESEMPEÑO_ESTRUCTURAL,MEJORA_CONECTIVIDAD,ESCENARIO_MEDIANO_PLAZO,5-10 AÑOS,FASE_3,PRIORIDAD_4_BAJA,INTERVENCION_ESTRUCTURAL_MEDIA,DEMANDA | INFRAESTRUCTURA | INTERMODALIDAD,Mejorar la conectividad territorial y la accesibilidad estructural de la centralidad.,"Centralidad clasificada como CENTRALIDAD_LOCAL, con diagnóstico BAJO_DESEMPEÑO_ESTRUCTURAL. Presenta demanda estructural de 3.47, soporte de infraestructura de 19.19, déficit estructural promedio de 70.51 y score de prioridad territorial de 39.86. La intervención recomendada es MEJORAR_CONECTIVIDAD.",41.38265628333334,128,28,5,AMBA-P128,AMBAC-140,BAJA,ALTA,ALTA,MEDIA,ALTA,DEFICIT_ESTRUCTURAL_MEDIO,5611183.804046083,6167248.265226025,5,AMBA-E005,AMBA-E005 - INTEGRADO,43.1479,PRIORIDAD_4_BAJA,ESCENARIO_INTEGRADO,LARGO_PLAZO,INTERVENCION_TERRITORIAL_MEDIA,"Orientar inversiones hacia integracion, articulando las dimensiones integracion, deficit, demanda.","El escenario presenta un perfil integrado con predominio de integracion. La evaluación combina demanda, déficit, impacto y capacidades de conectividad e integración."
122,1,3,9,28,0,1,5,AUTOBUS,1,0,0,1,0,0,AUTOBUS|FERROCARRIL,2,1,0,1,0,0,AUTOBUS|FERROCARRIL|TRANVIA,3,1,0,1,0,1,15.278874536821952,11.459155902616464,8.91267681314614,0.0023243801652892563,0.29664455240180393,0.12590471182995822,0.4,1,0,0,0.3177714135489874,23.57,SOPORTE_FISICO_BAJO,101,MONOMODAL,50.0,13.194444444444445,15.972222222222221,23.26388888888889,46.18055555555556,50.34722222222222,135,126,135,9,69.0,INTERMODALIDAD_MEDIA,97,13.194444444444445,13.194444444444445,27.8703,12.5905,40.0,25.0673,32.158,65.7986,36.4583,30.17,17.36,120,120,CENTRALIDAD_ESTRUCTURAL_BAJA,CENTRALIDAD_ESTRUCTURAL_MUY_BAJA,-11.87,74.9327,CENTRALIDAD_SECUNDARIA,7.92,126,13.194444444444445,25.0673,32.158,65.7986,BAJO,MUY_BAJO,BAJO,BAJO,ALTO,MUY_BAJO,PRIORIDAD_BAJA,CENTRALIDAD_LOCAL,DEFICIT,CONECTIVIDAD,PERFIL_EQUILIBRADO,120,126,MANTENER_Y_OPTIMIZAR,86.80555555555556,67.842,34.20140000000001,63.5417,60.12945,23.831112222222224,IMPACTO_BAJO,63.305115,ALTA,40.04578733333334,PRIORIDAD_MEDIA,MEJORAR_INTEGRACION_TERRITORIAL,La integración territorial presenta un déficit relevante respecto de las demás dimensiones.,128,41,74,"DEFICIT, CONECTIVIDAD, IMPACTO",BAJO_DESEMPEÑO_ESTRUCTURAL,INTEGRACION_TERRITORIAL,ESCENARIO_MEDIANO_PLAZO,5-10 AÑOS,FASE_3,PRIORIDAD_4_BAJA,INTERVENCION_ESTRUCTURAL_MEDIA,DEMANDA | INFRAESTRUCTURA | INTERMODALIDAD,Reducir déficits de integración territorial y mejorar la articulación de la centralidad con su entorno.,"Centralidad clasificada como CENTRALIDAD_LOCAL, con diagnóstico BAJO_DESEMPEÑO_ESTRUCTURAL. Presenta demanda estructural de 13.19, soporte de infraestructura de 25.07, déficit estructural promedio de 60.13 y score de prioridad territorial de 40.05. La intervención recomendada es MEJORAR_INTEGRACION_TERRITORIAL.",41.102485216666665,129,41,3,AMBA-P129,AMBAC-122,BAJA,ALTA,ALTA,MEDIA,ALTA,DEFICIT_ESTRUCTURAL_MEDIO,5639535.774468407,6158840.075426189,3,AMBA-E003,AMBA-E003 - INTEGRADO,51.677,PRIORIDAD_3_MEDIA,ESCENARIO_INTEGRADO,LARGO_PLAZO,INTERVENCION_TERRITORIAL_MEDIA,"Orientar inversiones hacia deficit, articulando las dimensiones deficit, conectividad, impacto.","El escenario presenta un perfil integrado con predominio de deficit. La evaluación combina demanda, déficit, impacto y capacidades de conectividad e integración."
141,1,1,1,1,1,1,1,AUTOBUS|FERROCARRIL,2,1,0,1,0,0,AUTOBUS|FERROCARRIL,2,1,0,1,0,0,AUTOBUS|FERROCARRIL,2,1,0,1,0,0,5.092958178940651,1.2732395447351628,0.3183098861837907,0.00025826446280991736,0.096575039169877,0.12590471182995822,0.4,1,0,0,0.3177714135489874,16.53,SOPORTE_FISICO_MUY_BAJO,124,MONOMODAL,50.0,2.7777777777777777,2.7777777777777777,23.26388888888889,46.18055555555556,50.34722222222222,144,141,144,3,61.0,INTERMODALIDAD_MEDIA,111,2.7777777777777777,2.7777777777777777,8.3898,12.5905,40.0,17.1931,29.7275,42.7083,32.0602,20.69,4.17,139,139,CENTRALIDAD_ESTRUCTURAL_BAJA,CENTRALIDAD_ESTRUCTURAL_MUY_BAJA,-14.42,82.8069,CENTRALIDAD_SECUNDARIA,1.67,141,2.7777777777777777,17.1931,29.7275,42.7083,BAJO,MUY_BAJO,MUY_BAJO,BAJO,MEDIO,MUY_BAJO,PRIORIDAD_BAJA,CENTRALIDAD_LOCAL,INTEGRACION,CONECTIVIDAD,PERFIL_EQUILIBRADO,139,141,MANTENER_Y_OPTIMIZAR,97.22222222222223,70.27250000000001,57.2917,67.93979999999999,69.577725,16.555433888888892,IMPACTO_BAJO,72.340195,ALTA,39.20390283333333,PRIORIDAD_BAJA,MEJORAR_CONECTIVIDAD,La conectividad constituye una de las principales restricciones estructurales de la centralidad.,131,29,3,"INTEGRACION, DEFICIT, DEMANDA",BAJO_DESEMPEÑO_ESTRUCTURAL,MEJORA_CONECTIVIDAD,ESCENARIO_MEDIANO_PLAZO,5-10 AÑOS,FASE_3,PRIORIDAD_4_BAJA,INTERVENCION_ESTRUCTURAL_MEDIA,DEMANDA | INFRAESTRUCTURA | INTERMODALIDAD,Mejorar la conectividad territorial y la accesibilidad estructural de la centralidad.,"Centralidad clasificada como CENTRALIDAD_LOCAL, con diagnóstico BAJO_DESEMPEÑO_ESTRUCTURAL. Presenta demanda estructural de 2.78, soporte de infraestructura de 17.19, déficit estructural promedio de 69.58 y score de prioridad territorial de 39.20. La intervención recomendada es MEJORAR_CONECTIVIDAD.",40.77707631666666,130,29,5,AMBA-P130,AMBAC-141,BAJA,ALTA,ALTA,MEDIA,ALTA,DEFICIT_ESTRUCTURAL_MEDIO,5610615.824876352,6181870.902192405,5,AMBA-E005,AMBA-E005 - INTEGRADO,43.1479,PRIORIDAD_4_BAJA,ESCENARIO_INTEGRADO,LARGO_PLAZO,INTERVENCION_TERRITORIAL_MEDIA,"Orientar inversiones hacia integracion, articulando las dimensiones integracion, deficit, demanda.","El escenario presenta un perfil integrado con predominio de integracion. La evaluación combina demanda, déficit, impacto y capacidades de conectividad e integración."
131,1,6,6,14,1,1,3,AUTOBUS|FERROCARRIL,2,1,0,1,0,0,AUTOBUS|FERROCARRIL,2,1,0,1,0,0,AUTOBUS|FERROCARRIL,2,1,0,1,0,0,30.557749073643905,7.639437268410976,4.45633840657307,0.0015495867768595042,0.25358849344279244,0.12590471182995822,0.4,1,0,0,0.3177714135489874,22.05,SOPORTE_FISICO_BAJO,105,MONOMODAL,50.0,9.027777777777777,11.805555555555555,23.26388888888889,46.18055555555556,50.34722222222222,138,132,138,6,66.0,INTERMODALIDAD_MEDIA,102,9.027777777777777,9.027777777777777,23.5531,12.5905,40.0,23.3282,31.29,56.8576,35.0694,26.83,11.81,128,128,CENTRALIDAD_ESTRUCTURAL_BAJA,CENTRALIDAD_ESTRUCTURAL_MUY_BAJA,-14.3,76.6718,CENTRALIDAD_SECUNDARIA,5.42,132,9.027777777777777,23.3282,31.29,56.8576,BAJO,MUY_BAJO,BAJO,BAJO,MEDIO,MUY_BAJO,PRIORIDAD_BAJA,CENTRALIDAD_LOCAL,INTERMODALIDAD,CONECTIVIDAD,PERFIL_EQUILIBRADO,128,132,MANTENER_Y_OPTIMIZAR,90.97222222222223,68.71000000000001,43.1424,64.9306,63.3637,20.72962888888889,IMPACTO_BAJO,66.21429,ALTA,39.303037333333336,PRIORIDAD_BAJA,MEJORAR_INTEGRACION_TERRITORIAL,La integración territorial presenta un déficit relevante respecto de las demás dimensiones.,130,42,2,"INTERMODALIDAD, CENTRALIDAD, DEMANDA",BAJO_DESEMPEÑO_ESTRUCTURAL,INTEGRACION_TERRITORIAL,ESCENARIO_MEDIANO_PLAZO,5-10 AÑOS,FASE_3,PRIORIDAD_4_BAJA,INTERVENCION_ESTRUCTURAL_MEDIA,DEMANDA | INFRAESTRUCTURA | INTERMODALIDAD,Reducir déficits de integración territorial y mejorar la articulación de la centralidad con su entorno.,"Centralidad clasificada como CENTRALIDAD_LOCAL, con diagnóstico BAJO_DESEMPEÑO_ESTRUCTURAL. Presenta demanda estructural de 9.03, soporte de infraestructura de 23.33, déficit estructural promedio de 63.36 y score de prioridad territorial de 39.30. La intervención recomendada es MEJORAR_INTEGRACION_TERRITORIAL.",40.55371396666667,131,42,6,AMBA-P131,AMBAC-131,BAJA,ALTA,ALTA,MEDIA,ALTA,DEFICIT_ESTRUCTURAL_MEDIO,5659637.452136362,6146801.061270497,2,AMBA-E006,AMBA-E006 - INTEGRADO,39.2859,PRIORIDAD_4_BAJA,ESCENARIO_INTEGRADO,LARGO_PLAZO,INTERVENCION_TERRITORIAL_MEDIA,"Orientar inversiones hacia intermodalidad, articulando las dimensiones intermodalidad, centralidad, demanda.","El escenario presenta un perfil integrado con predominio de intermodalidad. La evaluación combina demanda, déficit, impacto y capacidades de conectividad e integración."
123,1,12,17,29,1,1,2,AUTOBUS|FERROCARRIL,2,1,0,1,0,0,AUTOBUS|FERROCARRIL,2,1,0,1,0,0,AUTOBUS|FERROCARRIL,2,1,0,1,0,0,61.11549814728781,21.645072260497766,9.23098669932993,0.004390495867768595,0.36690985424200945,0.12590471182995822,0.4,1,0,0,0.3177714135489874,26.06,SOPORTE_FISICO_BAJO,89,MONOMODAL,50.0,12.5,15.277777777777779,69.44444444444444,46.18055555555556,50.34722222222222,115,127,115,12,70.0,INTERMODALIDAD_MEDIA,16,12.5,12.5,34.9848,12.5905,40.0,27.9308,39.3629,61.0243,36.2269,31.38,20.14,116,116,CENTRALIDAD_ESTRUCTURAL_BAJA,CENTRALIDAD_ESTRUCTURAL_BAJA,-15.43,72.0692,CENTRALIDAD_SECUNDARIA,7.5,127,12.5,27.9308,39.3629,61.0243,BAJO,MUY_BAJO,BAJO,BAJO,ALTO,MUY_BAJO,PRIORIDAD_BAJA,CENTRALIDAD_LOCAL,DEFICIT,CONECTIVIDAD,PERFIL_EQUILIBRADO,116,127,MANTENER_Y_OPTIMIZAR,87.5,60.6371,38.9757,63.7731,58.863775000000004,24.064755,IMPACTO_BAJO,61.348060000000004,ALTA,39.1481055,PRIORIDAD_BAJA,MEJORAR_INTEGRACION_TERRITORIAL,La integración territorial presenta un déficit relevante respecto de las demás dimensiones.,132,43,4,"DEFICIT, CONECTIVIDAD, IMPACTO",BAJO_DESEMPEÑO_ESTRUCTURAL,INTEGRACION_TERRITORIAL,ESCENARIO_MEDIANO_PLAZO,5-10 AÑOS,FASE_3,PRIORIDAD_4_BAJA,INTERVENCION_ESTRUCTURAL_MEDIA,DEMANDA | INFRAESTRUCTURA | INTEGRACION_TERRITORIAL,Reducir déficits de integración territorial y mejorar la articulación de la centralidad con su entorno.,"Centralidad clasificada como CENTRALIDAD_LOCAL, con diagnóstico BAJO_DESEMPEÑO_ESTRUCTURAL. Presenta demanda estructural de 12.50, soporte de infraestructura de 27.93, déficit estructural promedio de 58.86 y score de prioridad territorial de 39.15. La intervención recomendada es MEJORAR_INTEGRACION_TERRITORIAL.",40.2155961,132,43,3,AMBA-P132,AMBAC-123,BAJA,ALTA,ALTA,MEDIA,ALTA,DEFICIT_ESTRUCTURAL_MEDIO,5621547.366091102,6159225.398441309,3,AMBA-E003,AMBA-E003 - INTEGRADO,51.677,PRIORIDAD_3_MEDIA,ESCENARIO_INTEGRADO,LARGO_PLAZO,INTERVENCION_TERRITORIAL_MEDIA,"Orientar inversiones hacia deficit, articulando las dimensiones deficit, conectividad, impacto.","El escenario presenta un perfil integrado con predominio de deficit. La evaluación combina demanda, déficit, impacto y capacidades de conectividad e integración."
120,1,35,60,121,3,3,8,AUTOBUS|FERROCARRIL,2,1,0,1,0,0,AUTOBUS|FERROCARRIL,2,1,0,1,0,0,AUTOBUS|FERROCARRIL,2,1,0,1,0,0,178.25353626292278,76.39437268410977,38.515496228238675,0.015495867768595042,0.5114387677034817,0.25180942365991643,0.4,1,0,0,0.3555428270979749,34.43,SOPORTE_FISICO_BAJO,41,MONOMODAL,50.0,14.583333333333334,19.444444444444446,69.44444444444444,46.18055555555556,50.34722222222222,111,124,111,13,70.0,INTERMODALIDAD_MEDIA,16,14.583333333333334,14.583333333333334,49.7577,25.1809,40.0,38.134,42.5105,67.7951,37.6157,36.34,31.94,99,99,CENTRALIDAD_ESTRUCTURAL_BAJA,CENTRALIDAD_ESTRUCTURAL_BAJA,-23.55,61.866,CENTRALIDAD_SECUNDARIA,8.75,124,14.583333333333334,38.134,42.5105,67.7951,BAJO,MUY_BAJO,BAJO,MEDIO,ALTO,MUY_BAJO,PRIORIDAD_BAJA,CENTRALIDAD_LOCAL,DEFICIT,CONECTIVIDAD,PERFIL_EQUILIBRADO,99,124,MANTENER_Y_OPTIMIZAR,85.41666666666667,57.4895,32.204899999999995,62.3843,53.486175,27.57090166666667,IMPACTO_BAJO,54.917399999999994,MEDIA,38.53025349999999,PRIORIDAD_BAJA,MEJORAR_INTEGRACION_TERRITORIAL,La integración territorial presenta un déficit relevante respecto de las demás dimensiones.,133,44,5,"DEFICIT, CONECTIVIDAD, IMPACTO",BAJO_DESEMPEÑO_ESTRUCTURAL,INTEGRACION_TERRITORIAL,ESCENARIO_ESTRUCTURAL,10+ AÑOS,FASE_4,PRIORIDAD_4_BAJA,INTERVENCION_ESTRUCTURAL_MEDIA,DEMANDA | INTEGRACION_TERRITORIAL | INFRAESTRUCTURA,Reducir déficits de integración territorial y mejorar la articulación de la centralidad con su entorno.,"Centralidad clasificada como CENTRALIDAD_LOCAL, con diagnóstico BAJO_DESEMPEÑO_ESTRUCTURAL. Presenta demanda estructural de 14.58, soporte de infraestructura de 38.13, déficit estructural promedio de 53.49 y score de prioridad territorial de 38.53. La intervención recomendada es MEJORAR_INTEGRACION_TERRITORIAL.",39.344422699999996,133,44,3,AMBA-P133,AMBAC-120,BAJA,ALTA,MEDIA,MEDIA,ALTA,DEFICIT_ESTRUCTURAL_MEDIO,5638706.27075403,6175462.643535665,3,AMBA-E003,AMBA-E003 - INTEGRADO,51.677,PRIORIDAD_3_MEDIA,ESCENARIO_INTEGRADO,LARGO_PLAZO,INTERVENCION_TERRITORIAL_MEDIA,"Orientar inversiones hacia deficit, articulando las dimensiones deficit, conectividad, impacto.","El escenario presenta un perfil integrado con predominio de deficit. La evaluación combina demanda, déficit, impacto y capacidades de conectividad e integración."
116,1,27,50,122,1,1,3,AUTOBUS|TRANVIA,2,0,0,1,0,1,AUTOBUS|FERROCARRIL|TRANVIA,3,1,0,1,0,1,AUTOBUS|FERROCARRIL|TRANVIA,3,1,0,1,0,1,137.50987083139756,63.66197723675813,38.833806114422465,0.012913223140495868,0.490300991187029,0.12590471182995822,0.6,1,0,0,0.4577714135489874,35.5,SOPORTE_FISICO_BAJO,33,MONOMODAL,50.0,15.972222222222221,20.833333333333336,69.44444444444444,46.18055555555556,50.34722222222222,108,122,108,14,85.0,INTERMODALIDAD_MUY_ALTA,3,15.972222222222221,15.972222222222221,47.5905,12.5905,60.0,37.7588,52.5226,73.8715,38.0787,39.62,38.19,90,90,CENTRALIDAD_ESTRUCTURAL_BAJA,CENTRALIDAD_ESTRUCTURAL_BAJA,-21.79,62.2412,CENTRALIDAD_SECUNDARIA,9.58,122,15.972222222222221,37.7588,52.5226,73.8715,BAJO,MUY_BAJO,BAJO,MEDIO,ALTO,MUY_BAJO,PRIORIDAD_BAJA,CENTRALIDAD_LOCAL,DEFICIT,CONECTIVIDAD,PERFIL_EQUILIBRADO,90,122,MANTENER_Y_OPTIMIZAR,84.02777777777777,47.4774,26.128500000000003,61.9213,49.4421,29.33153111111111,IMPACTO_BAJO,51.279725000000006,MEDIA,37.933473666666664,PRIORIDAD_BAJA,MEJORAR_INTEGRACION_TERRITORIAL,La integración territorial presenta un déficit relevante respecto de las demás dimensiones.,134,45,6,"DEFICIT, CONECTIVIDAD, IMPACTO",CENTRALIDAD_CONECTIVA,INTEGRACION_TERRITORIAL,ESCENARIO_ESTRUCTURAL,10+ AÑOS,FASE_4,PRIORIDAD_4_BAJA,INTERVENCION_SELECTIVA,DEMANDA | INFRAESTRUCTURA | INTEGRACION_TERRITORIAL,Reducir déficits de integración territorial y mejorar la articulación de la centralidad con su entorno.,"Centralidad clasificada como CENTRALIDAD_LOCAL, con diagnóstico CENTRALIDAD_CONECTIVA. Presenta demanda estructural de 15.97, soporte de infraestructura de 37.76, déficit estructural promedio de 49.44 y score de prioridad territorial de 37.93. La intervención recomendada es MEJORAR_INTEGRACION_TERRITORIAL.",38.64511998333333,134,45,3,AMBA-P134,AMBAC-116,BAJA,ALTA,MEDIA,BAJA,ALTA,DEFICIT_ESTRUCTURAL_MEDIO,5630918.576513318,6157806.850818804,3,AMBA-E003,AMBA-E003 - INTEGRADO,51.677,PRIORIDAD_3_MEDIA,ESCENARIO_INTEGRADO,LARGO_PLAZO,INTERVENCION_TERRITORIAL_MEDIA,"Orientar inversiones hacia deficit, articulando las dimensiones deficit, conectividad, impacto.","El escenario presenta un perfil integrado con predominio de deficit. La evaluación combina demanda, déficit, impacto y capacidades de conectividad e integración."
126,1,22,40,84,2,4,6,AUTOBUS|FERROCARRIL,2,1,0,1,0,0,AUTOBUS|FERROCARRIL,2,1,0,1,0,0,AUTOBUS|FERROCARRIL|FLUVIAL,3,1,0,1,1,0,112.04507993669432,50.92958178940651,26.73803043943842,0.010330578512396695,0.4645127786483475,0.2923416876766772,0.4,1,0,0,0.3677025063030031,33.72,SOPORTE_FISICO_BAJO,45,MONOMODAL,50.0,11.11111111111111,13.88888888888889,23.26388888888889,46.18055555555556,50.34722222222222,137,129,137,8,70.0,INTERMODALIDAD_MEDIA,16,11.11111111111111,11.11111111111111,44.9488,29.2342,40.0,37.5603,43.5238,57.8125,35.7639,33.68,25.69,108,108,CENTRALIDAD_ESTRUCTURAL_BAJA,CENTRALIDAD_ESTRUCTURAL_BAJA,-26.45,62.4397,CENTRALIDAD_SECUNDARIA,6.67,129,11.11111111111111,37.5603,43.5238,57.8125,BAJO,MUY_BAJO,BAJO,MEDIO,MEDIO,MUY_BAJO,PRIORIDAD_BAJA,CENTRALIDAD_LOCAL,DEFICIT,CONECTIVIDAD,PERFIL_EQUILIBRADO,108,129,MANTENER_Y_OPTIMIZAR,88.88888888888889,56.4762,42.1875,64.2361,56.334875,24.529530555555553,IMPACTO_BAJO,57.167845,MEDIA,37.47415583333333,PRIORIDAD_BAJA,MEJORAR_INTEGRACION_TERRITORIAL,La integración territorial presenta un déficit relevante respecto de las demás dimensiones.,135,46,7,"DEFICIT, CENTRALIDAD, INTEGRACION",BAJO_DESEMPEÑO_ESTRUCTURAL,INTEGRACION_TERRITORIAL,ESCENARIO_ESTRUCTURAL,10+ AÑOS,FASE_4,PRIORIDAD_4_BAJA,INTERVENCION_ESTRUCTURAL_MEDIA,DEMANDA | INTEGRACION_TERRITORIAL | INFRAESTRUCTURA,Reducir déficits de integración territorial y mejorar la articulación de la centralidad con su entorno.,"Centralidad clasificada como CENTRALIDAD_LOCAL, con diagnóstico BAJO_DESEMPEÑO_ESTRUCTURAL. Presenta demanda estructural de 11.11, soporte de infraestructura de 37.56, déficit estructural promedio de 56.33 y score de prioridad territorial de 37.47. La intervención recomendada es MEJORAR_INTEGRACION_TERRITORIAL.",38.486515416666656,135,46,4,AMBA-P135,AMBAC-126,BAJA,ALTA,MEDIA,MEDIA,ALTA,DEFICIT_ESTRUCTURAL_MEDIO,5634628.98074642,6178770.028444677,1,AMBA-E004,AMBA-E004 - INTEGRADO,51.6203,PRIORIDAD_3_MEDIA,ESCENARIO_INTEGRADO,LARGO_PLAZO,INTERVENCION_TERRITORIAL_MEDIA,"Orientar inversiones hacia deficit, articulando las dimensiones deficit, centralidad, integracion.","El escenario presenta un perfil integrado con predominio de deficit. La evaluación combina demanda, déficit, impacto y capacidades de conectividad e integración."
133,1,4,7,18,1,2,3,AUTOBUS|FERROCARRIL,2,1,0,1,0,0,AUTOBUS|FERROCARRIL,2,1,0,1,0,0,AUTOBUS|FERROCARRIL,2,1,0,1,0,0,20.371832715762604,8.91267681314614,5.729577951308232,0.0018078512396694215,0.26975599025240704,0.19955424691458712,0.4,1,0,0,0.3398662740743761,24.46,SOPORTE_FISICO_BAJO,97,MONOMODAL,50.0,7.638888888888889,10.416666666666668,69.44444444444444,46.18055555555556,50.34722222222222,121,134,121,13,67.0,INTERMODALIDAD_MEDIA,100,7.638888888888889,7.638888888888889,25.1694,19.9554,40.0,26.4649,33.4784,72.3958,34.6065,29.92,16.67,121,121,CENTRALIDAD_ESTRUCTURAL_BAJA,CENTRALIDAD_ESTRUCTURAL_MUY_BAJA,-18.83,73.5351,CENTRALIDAD_SECUNDARIA,4.58,134,7.638888888888889,26.4649,33.4784,72.3958,BAJO,MUY_BAJO,BAJO,BAJO,ALTO,MUY_BAJO,PRIORIDAD_BAJA,CENTRALIDAD_LOCAL,DEFICIT,CONECTIVIDAD,PERFIL_EQUILIBRADO,121,134,MANTENER_Y_OPTIMIZAR,92.36111111111111,66.5216,27.604200000000006,65.3935,58.26360000000001,20.473164444444446,IMPACTO_BAJO,61.374305,ALTA,37.172893666666674,PRIORIDAD_BAJA,MEJORAR_INTEGRACION_TERRITORIAL,La integración territorial presenta un déficit relevante respecto de las demás dimensiones.,136,47,8,"DEFICIT, CONECTIVIDAD, IMPACTO",CENTRALIDAD_CONECTIVA,INTEGRACION_TERRITORIAL,ESCENARIO_MEDIANO_PLAZO,5-10 AÑOS,FASE_3,PRIORIDAD_4_BAJA,INTERVENCION_ESTRUCTURAL_MEDIA,DEMANDA | INFRAESTRUCTURA | INTERMODALIDAD,Reducir déficits de integración territorial y mejorar la articulación de la centralidad con su entorno.,"Centralidad clasificada como CENTRALIDAD_LOCAL, con diagnóstico CENTRALIDAD_CONECTIVA. Presenta demanda estructural de 7.64, soporte de infraestructura de 26.46, déficit estructural promedio de 58.26 y score de prioridad territorial de 37.17. La intervención recomendada es MEJORAR_INTEGRACION_TERRITORIAL.",38.298145983333335,136,47,3,AMBA-P136,AMBAC-133,BAJA,ALTA,ALTA,BAJA,ALTA,DEFICIT_ESTRUCTURAL_MEDIO,5639909.452479203,6156280.050246238,3,AMBA-E003,AMBA-E003 - INTEGRADO,51.677,PRIORIDAD_3_MEDIA,ESCENARIO_INTEGRADO,LARGO_PLAZO,INTERVENCION_TERRITORIAL_MEDIA,"Orientar inversiones hacia deficit, articulando las dimensiones deficit, conectividad, impacto.","El escenario presenta un perfil integrado con predominio de deficit. La evaluación combina demanda, déficit, impacto y capacidades de conectividad e integración."
134,1,5,7,22,0,1,3,AUTOBUS,1,0,0,1,0,0,AUTOBUS|FERROCARRIL,2,1,0,1,0,0,AUTOBUS|FERROCARRIL,2,1,0,1,0,0,25.464790894703256,8.91267681314614,7.002817496043395,0.0018078512396694215,0.26975599025240704,0.12590471182995822,0.4,1,0,0,0.3177714135489874,22.62,SOPORTE_FISICO_BAJO,104,MONOMODAL,50.0,6.944444444444445,9.027777777777777,69.44444444444444,46.18055555555556,50.34722222222222,124,135,124,11,67.0,INTERMODALIDAD_MEDIA,100,6.944444444444445,6.944444444444445,25.1694,12.5905,40.0,23.9794,31.6372,76.9097,34.1435,29.36,15.62,122,122,CENTRALIDAD_ESTRUCTURAL_BAJA,CENTRALIDAD_ESTRUCTURAL_MUY_BAJA,-17.03,76.0206,CENTRALIDAD_SECUNDARIA,4.17,135,6.944444444444445,23.9794,31.6372,76.9097,BAJO,MUY_BAJO,BAJO,BAJO,ALTO,MUY_BAJO,PRIORIDAD_BAJA,CENTRALIDAD_LOCAL,DEFICIT,CONECTIVIDAD,FUERTE_CONECTIVIDAD,123,135,MANTENER_Y_OPTIMIZAR,93.05555555555556,68.3628,23.0903,65.8565,58.33255,19.824732222222224,IMPACTO_BAJO,61.995475000000006,ALTA,37.12197933333334,PRIORIDAD_BAJA,MEJORAR_INTEGRACION_TERRITORIAL,La integración territorial presenta un déficit relevante respecto de las demás dimensiones.,137,48,9,"DEFICIT, CONECTIVIDAD, IMPACTO",CENTRALIDAD_CONECTIVA,INTEGRACION_TERRITORIAL,ESCENARIO_MEDIANO_PLAZO,5-10 AÑOS,FASE_3,PRIORIDAD_4_BAJA,INTERVENCION_ESTRUCTURAL_MEDIA,DEMANDA | INFRAESTRUCTURA | INTERMODALIDAD,Reducir déficits de integración territorial y mejorar la articulación de la centralidad con su entorno.,"Centralidad clasificada como CENTRALIDAD_LOCAL, con diagnóstico CENTRALIDAD_CONECTIVA. Presenta demanda estructural de 6.94, soporte de infraestructura de 23.98, déficit estructural promedio de 58.33 y score de prioridad territorial de 37.12. La intervención recomendada es MEJORAR_INTEGRACION_TERRITORIAL.",38.25841661666667,137,48,3,AMBA-P137,AMBAC-134,BAJA,ALTA,ALTA,BAJA,ALTA,DEFICIT_ESTRUCTURAL_MEDIO,5638801.968686852,6155674.019691315,3,AMBA-E003,AMBA-E003 - INTEGRADO,51.677,PRIORIDAD_3_MEDIA,ESCENARIO_INTEGRADO,LARGO_PLAZO,INTERVENCION_TERRITORIAL_MEDIA,"Orientar inversiones hacia deficit, articulando las dimensiones deficit, conectividad, impacto.","El escenario presenta un perfil integrado con predominio de deficit. La evaluación combina demanda, déficit, impacto y capacidades de conectividad e integración."
132,1,12,16,41,2,2,3,AUTOBUS|FERROCARRIL,2,1,0,1,0,0,AUTOBUS|FERROCARRIL,2,1,0,1,0,0,AUTOBUS|FERROCARRIL|FLUVIAL,3,1,0,1,1,0,61.11549814728781,20.371832715762604,13.050705333535419,0.004132231404958678,0.360104439427627,0.19955424691458712,0.4,1,0,0,0.3398662740743761,27.65,SOPORTE_FISICO_BAJO,80,MONOMODAL,50.0,8.333333333333332,9.722222222222223,23.26388888888889,46.18055555555556,50.34722222222222,139,133,139,6,70.0,INTERMODALIDAD_MEDIA,16,8.333333333333332,8.333333333333332,34.293,19.9554,40.0,30.1367,41.2041,62.5,34.375,31.09,18.75,118,118,CENTRALIDAD_ESTRUCTURAL_BAJA,CENTRALIDAD_ESTRUCTURAL_MUY_BAJA,-21.8,69.8633,CENTRALIDAD_SECUNDARIA,5.0,133,8.333333333333332,30.1367,41.2041,62.5,BAJO,MUY_BAJO,BAJO,MEDIO,ALTO,MUY_BAJO,PRIORIDAD_BAJA,CENTRALIDAD_LOCAL,DEFICIT,CONECTIVIDAD,PERFIL_EQUILIBRADO,118,133,MANTENER_Y_OPTIMIZAR,91.66666666666667,58.7959,37.5,65.625,57.94605,21.380876666666666,IMPACTO_BAJO,59.988045,MEDIA,36.857215999999994,PRIORIDAD_BAJA,MEJORAR_INTEGRACION_TERRITORIAL,La integración territorial presenta un déficit relevante respecto de las demás dimensiones.,138,49,10,"DEFICIT, CENTRALIDAD, INTEGRACION",BAJO_DESEMPEÑO_ESTRUCTURAL,INTEGRACION_TERRITORIAL,ESCENARIO_ESTRUCTURAL,10+ AÑOS,FASE_4,PRIORIDAD_4_BAJA,INTERVENCION_ESTRUCTURAL_MEDIA,DEMANDA | INFRAESTRUCTURA | INTEGRACION_TERRITORIAL,Reducir déficits de integración territorial y mejorar la articulación de la centralidad con su entorno.,"Centralidad clasificada como CENTRALIDAD_LOCAL, con diagnóstico BAJO_DESEMPEÑO_ESTRUCTURAL. Presenta demanda estructural de 8.33, soporte de infraestructura de 30.14, déficit estructural promedio de 57.95 y score de prioridad territorial de 36.86. La intervención recomendada es MEJORAR_INTEGRACION_TERRITORIAL.",38.005389449999996,138,49,4,AMBA-P138,AMBAC-132,BAJA,ALTA,MEDIA,MEDIA,ALTA,DEFICIT_ESTRUCTURAL_MEDIO,5635106.29113788,6186437.774734921,1,AMBA-E004,AMBA-E004 - INTEGRADO,51.6203,PRIORIDAD_3_MEDIA,ESCENARIO_INTEGRADO,LARGO_PLAZO,INTERVENCION_TERRITORIAL_MEDIA,"Orientar inversiones hacia deficit, articulando las dimensiones deficit, centralidad, integracion.","El escenario presenta un perfil integrado con predominio de deficit. La evaluación combina demanda, déficit, impacto y capacidades de conectividad e integración."
130,1,19,35,83,1,2,4,AUTOBUS|FERROCARRIL,2,1,0,1,0,0,AUTOBUS|FERROCARRIL,2,1,0,1,0,0,AUTOBUS|FERROCARRIL,2,1,0,1,0,0,96.76620539987236,44.563384065730695,26.419720553254628,0.009039256198347107,0.44913236307384297,0.19955424691458712,0.4,1,0,0,0.3398662740743761,30.84,SOPORTE_FISICO_BAJO,62,MONOMODAL,50.0,9.722222222222223,12.5,69.44444444444444,46.18055555555556,50.34722222222222,119,131,119,12,70.0,INTERMODALIDAD_MEDIA,16,9.722222222222223,9.722222222222223,43.3746,19.9554,40.0,33.7937,41.2041,73.1771,35.3009,34.11,26.39,107,107,CENTRALIDAD_ESTRUCTURAL_BAJA,CENTRALIDAD_ESTRUCTURAL_BAJA,-24.07,66.2063,CENTRALIDAD_SECUNDARIA,5.83,131,9.722222222222223,33.7937,41.2041,73.1771,BAJO,MUY_BAJO,BAJO,MEDIO,ALTO,MUY_BAJO,PRIORIDAD_BAJA,CENTRALIDAD_LOCAL,DEFICIT,CONECTIVIDAD,PERFIL_EQUILIBRADO,107,131,MANTENER_Y_OPTIMIZAR,90.27777777777777,58.7959,26.822900000000004,64.6991,54.13105,23.604321111111112,IMPACTO_BAJO,56.25094,MEDIA,36.72737766666667,PRIORIDAD_BAJA,MEJORAR_INTEGRACION_TERRITORIAL,La integración territorial presenta un déficit relevante respecto de las demás dimensiones.,139,50,11,"DEFICIT, CONECTIVIDAD, IMPACTO",CENTRALIDAD_CONECTIVA,INTEGRACION_TERRITORIAL,ESCENARIO_ESTRUCTURAL,10+ AÑOS,FASE_4,PRIORIDAD_4_BAJA,INTERVENCION_ESTRUCTURAL_MEDIA,DEMANDA | INFRAESTRUCTURA | INTEGRACION_TERRITORIAL,Reducir déficits de integración territorial y mejorar la articulación de la centralidad con su entorno.,"Centralidad clasificada como CENTRALIDAD_LOCAL, con diagnóstico CENTRALIDAD_CONECTIVA. Presenta demanda estructural de 9.72, soporte de infraestructura de 33.79, déficit estructural promedio de 54.13 y score de prioridad territorial de 36.73. La intervención recomendada es MEJORAR_INTEGRACION_TERRITORIAL.",37.68745353333333,139,50,3,AMBA-P139,AMBAC-130,BAJA,ALTA,MEDIA,BAJA,ALTA,DEFICIT_ESTRUCTURAL_MEDIO,5625927.9338341,6167373.382764467,3,AMBA-E003,AMBA-E003 - INTEGRADO,51.677,PRIORIDAD_3_MEDIA,ESCENARIO_INTEGRADO,LARGO_PLAZO,INTERVENCION_TERRITORIAL_MEDIA,"Orientar inversiones hacia deficit, articulando las dimensiones deficit, conectividad, impacto.","El escenario presenta un perfil integrado con predominio de deficit. La evaluación combina demanda, déficit, impacto y capacidades de conectividad e integración."
139,1,6,10,27,1,2,6,AUTOBUS|FERROCARRIL,2,1,0,1,0,0,AUTOBUS|FERROCARRIL,2,1,0,1,0,0,AUTOBUS|FERROCARRIL,2,1,0,1,0,0,30.557749073643905,12.732395447351628,8.594366926962348,0.0025826446280991736,0.30808740138835516,0.19955424691458712,0.4,1,0,0,0.3398662740743761,25.81,SOPORTE_FISICO_BAJO,90,MONOMODAL,50.0,4.166666666666666,4.166666666666666,23.26388888888889,46.18055555555556,50.34722222222222,143,139,143,4,70.0,INTERMODALIDAD_MEDIA,16,4.166666666666666,4.166666666666666,29.0239,19.9554,40.0,28.0165,41.2041,63.2812,32.5231,29.24,14.58,124,124,CENTRALIDAD_ESTRUCTURAL_BAJA,CENTRALIDAD_ESTRUCTURAL_MUY_BAJA,-23.85,71.98349999999999,CENTRALIDAD_SECUNDARIA,2.5,139,4.166666666666666,28.0165,41.2041,63.2812,BAJO,MUY_BAJO,BAJO,MEDIO,ALTO,MUY_BAJO,PRIORIDAD_BAJA,CENTRALIDAD_LOCAL,DEFICIT,CONECTIVIDAD,PERFIL_EQUILIBRADO,124,139,MANTENER_Y_OPTIMIZAR,95.83333333333333,58.7959,36.7188,67.4769,58.743775,18.206088333333334,IMPACTO_BAJO,60.95767,ALTA,35.3110855,PRIORIDAD_BAJA,MEJORAR_INTEGRACION_TERRITORIAL,La integración territorial presenta un déficit relevante respecto de las demás dimensiones.,140,51,12,"DEFICIT, CONECTIVIDAD, IMPACTO",BAJO_DESEMPEÑO_ESTRUCTURAL,INTEGRACION_TERRITORIAL,ESCENARIO_MEDIANO_PLAZO,5-10 AÑOS,FASE_3,PRIORIDAD_4_BAJA,INTERVENCION_ESTRUCTURAL_MEDIA,DEMANDA | INFRAESTRUCTURA | INTEGRACION_TERRITORIAL,Reducir déficits de integración territorial y mejorar la articulación de la centralidad con su entorno.,"Centralidad clasificada como CENTRALIDAD_LOCAL, con diagnóstico BAJO_DESEMPEÑO_ESTRUCTURAL. Presenta demanda estructural de 4.17, soporte de infraestructura de 28.02, déficit estructural promedio de 58.74 y score de prioridad territorial de 35.31. La intervención recomendada es MEJORAR_INTEGRACION_TERRITORIAL.",36.5923236,140,51,3,AMBA-P140,AMBAC-139,BAJA,ALTA,MEDIA,MEDIA,ALTA,DEFICIT_ESTRUCTURAL_MEDIO,5655874.477126381,6159021.012972866,3,AMBA-E003,AMBA-E003 - INTEGRADO,51.677,PRIORIDAD_3_MEDIA,ESCENARIO_INTEGRADO,LARGO_PLAZO,INTERVENCION_TERRITORIAL_MEDIA,"Orientar inversiones hacia deficit, articulando las dimensiones deficit, conectividad, impacto.","El escenario presenta un perfil integrado con predominio de deficit. La evaluación combina demanda, déficit, impacto y capacidades de conectividad e integración."
135,1,30,47,125,0,3,8,AUTOBUS,1,0,0,1,0,0,AUTOBUS|FERROCARRIL,2,1,0,1,0,0,AUTOBUS|FERROCARRIL|TRANVIA,3,1,0,1,0,1,152.78874536821954,59.84225860255265,39.78873577297384,0.012138429752066115,0.4831403823338039,0.25180942365991643,0.4,1,0,0,0.3555428270979749,33.39,SOPORTE_FISICO_BAJO,46,MONOMODAL,50.0,6.25,7.638888888888889,23.26388888888889,46.18055555555556,50.34722222222222,140,136,140,4,70.0,INTERMODALIDAD_MEDIA,16,6.25,6.25,46.8567,25.1809,40.0,36.9626,42.5105,64.0625,33.6806,32.6,22.22,113,113,CENTRALIDAD_ESTRUCTURAL_BAJA,CENTRALIDAD_ESTRUCTURAL_BAJA,-30.71,63.0374,CENTRALIDAD_SECUNDARIA,3.75,136,6.25,36.9626,42.5105,64.0625,BAJO,MUY_BAJO,BAJO,MEDIO,ALTO,MUY_BAJO,PRIORIDAD_BAJA,CENTRALIDAD_LOCAL,DEFICIT,CONECTIVIDAD,PERFIL_EQUILIBRADO,113,136,MANTENER_Y_OPTIMIZAR,93.75,57.4895,35.9375,66.3194,55.69595,20.930190000000003,IMPACTO_BAJO,56.722745,MEDIA,35.129144,PRIORIDAD_BAJA,MEJORAR_INTEGRACION_TERRITORIAL,La integración territorial presenta un déficit relevante respecto de las demás dimensiones.,141,52,13,"DEFICIT, CONECTIVIDAD, IMPACTO",BAJO_DESEMPEÑO_ESTRUCTURAL,INTEGRACION_TERRITORIAL,ESCENARIO_ESTRUCTURAL,10+ AÑOS,FASE_4,PRIORIDAD_4_BAJA,INTERVENCION_ESTRUCTURAL_MEDIA,DEMANDA | INTEGRACION_TERRITORIAL | INFRAESTRUCTURA,Reducir déficits de integración territorial y mejorar la articulación de la centralidad con su entorno.,"Centralidad clasificada como CENTRALIDAD_LOCAL, con diagnóstico BAJO_DESEMPEÑO_ESTRUCTURAL. Presenta demanda estructural de 6.25, soporte de infraestructura de 36.96, déficit estructural promedio de 55.70 y score de prioridad territorial de 35.13. La intervención recomendada es MEJORAR_INTEGRACION_TERRITORIAL.",36.238341049999995,141,52,3,AMBA-P141,AMBAC-135,BAJA,ALTA,MEDIA,MEDIA,ALTA,DEFICIT_ESTRUCTURAL_MEDIO,5630710.736763807,6167376.833909633,3,AMBA-E003,AMBA-E003 - INTEGRADO,51.677,PRIORIDAD_3_MEDIA,ESCENARIO_INTEGRADO,LARGO_PLAZO,INTERVENCION_TERRITORIAL_MEDIA,"Orientar inversiones hacia deficit, articulando las dimensiones deficit, conectividad, impacto.","El escenario presenta un perfil integrado con predominio de deficit. La evaluación combina demanda, déficit, impacto y capacidades de conectividad e integración."
143,1,10,20,40,1,1,2,AUTOBUS|FERROCARRIL,2,1,0,1,0,0,AUTOBUS|FERROCARRIL,2,1,0,1,0,0,AUTOBUS|FERROCARRIL,2,1,0,1,0,0,50.92958178940651,25.464790894703256,12.732395447351628,0.005165289256198347,0.3852407435141075,0.12590471182995822,0.4,1,0,0,0.3177714135489874,26.71,SOPORTE_FISICO_BAJO,84,MONOMODAL,50.0,1.3888888888888888,1.3888888888888888,69.44444444444444,46.18055555555556,50.34722222222222,130,143,130,13,70.0,INTERMODALIDAD_MEDIA,16,1.3888888888888888,1.3888888888888888,36.8507,12.5905,40.0,28.6814,39.3629,66.2326,31.5972,28.55,13.89,125,125,CENTRALIDAD_ESTRUCTURAL_BAJA,CENTRALIDAD_ESTRUCTURAL_MUY_BAJA,-27.29,71.3186,CENTRALIDAD_SECUNDARIA,0.83,143,1.3888888888888888,28.6814,39.3629,66.2326,BAJO,MUY_BAJO,BAJO,BAJO,ALTO,MUY_BAJO,PRIORIDAD_BAJA,CENTRALIDAD_LOCAL,DEFICIT,CONECTIVIDAD,PERFIL_EQUILIBRADO,125,143,MANTENER_Y_OPTIMIZAR,98.61111111111111,60.6371,33.767399999999995,68.4028,58.531475,16.567739444444445,IMPACTO_BAJO,60.700615,ALTA,34.24366116666666,PRIORIDAD_BAJA,MEJORAR_INTEGRACION_TERRITORIAL,La integración territorial presenta un déficit relevante respecto de las demás dimensiones.,142,53,14,"DEFICIT, CENTRALIDAD, INTEGRACION",BAJO_DESEMPEÑO_ESTRUCTURAL,INTEGRACION_TERRITORIAL,ESCENARIO_MEDIANO_PLAZO,5-10 AÑOS,FASE_3,PRIORIDAD_4_BAJA,INTERVENCION_ESTRUCTURAL_MEDIA,DEMANDA | INFRAESTRUCTURA | INTEGRACION_TERRITORIAL,Reducir déficits de integración territorial y mejorar la articulación de la centralidad con su entorno.,"Centralidad clasificada como CENTRALIDAD_LOCAL, con diagnóstico BAJO_DESEMPEÑO_ESTRUCTURAL. Presenta demanda estructural de 1.39, soporte de infraestructura de 28.68, déficit estructural promedio de 58.53 y score de prioridad territorial de 34.24. La intervención recomendada es MEJORAR_INTEGRACION_TERRITORIAL.",35.56081598333333,142,53,4,AMBA-P142,AMBAC-143,BAJA,ALTA,ALTA,MEDIA,ALTA,DEFICIT_ESTRUCTURAL_MEDIO,5634253.371744917,6181339.034429313,1,AMBA-E004,AMBA-E004 - INTEGRADO,51.6203,PRIORIDAD_3_MEDIA,ESCENARIO_INTEGRADO,LARGO_PLAZO,INTERVENCION_TERRITORIAL_MEDIA,"Orientar inversiones hacia deficit, articulando las dimensiones deficit, centralidad, integracion.","El escenario presenta un perfil integrado con predominio de deficit. La evaluación combina demanda, déficit, impacto y capacidades de conectividad e integración."
144,1,12,30,69,0,3,6,AUTOBUS|FERROCARRIL,2,1,0,1,0,0,AUTOBUS|FERROCARRIL,2,1,0,1,0,0,AUTOBUS|FERROCARRIL|TRANVIA,3,1,0,1,0,1,61.11549814728781,38.197186342054884,21.963382146681557,0.007747933884297521,0.4314334042643508,0.25180942365991643,0.4,1,0,0,0.3555428270979749,31.51,SOPORTE_FISICO_BAJO,57,MONOMODAL,50.0,0.6944444444444444,0.6944444444444444,69.44444444444444,46.18055555555556,50.34722222222222,131,144,131,13,70.0,INTERMODALIDAD_MEDIA,16,0.6944444444444444,0.6944444444444444,41.5647,25.1809,40.0,34.8284,42.5105,71.9618,31.3657,31.35,19.44,117,117,CENTRALIDAD_ESTRUCTURAL_BAJA,CENTRALIDAD_ESTRUCTURAL_MUY_BAJA,-34.13,65.1716,CENTRALIDAD_SECUNDARIA,0.42,144,0.6944444444444444,34.8284,42.5105,71.9618,BAJO,MUY_BAJO,BAJO,MEDIO,ALTO,MUY_BAJO,PRIORIDAD_BAJA,CENTRALIDAD_LOCAL,DEFICIT,CONECTIVIDAD,PERFIL_EQUILIBRADO,117,144,MANTENER_Y_OPTIMIZAR,99.30555555555556,57.4895,28.038200000000003,68.6343,54.8334,17.145902222222222,IMPACTO_BAJO,56.3438,MEDIA,32.697481333333336,PRIORIDAD_BAJA,MEJORAR_INTEGRACION_TERRITORIAL,La integración territorial presenta un déficit relevante respecto de las demás dimensiones.,144,55,16,"DEFICIT, CONECTIVIDAD, IMPACTO",CENTRALIDAD_CONECTIVA,INTEGRACION_TERRITORIAL,ESCENARIO_ESTRUCTURAL,10+ AÑOS,FASE_4,PRIORIDAD_4_BAJA,INTERVENCION_ESTRUCTURAL_MEDIA,DEMANDA | INTEGRACION_TERRITORIAL | INFRAESTRUCTURA,Reducir déficits de integración territorial y mejorar la articulación de la centralidad con su entorno.,"Centralidad clasificada como CENTRALIDAD_LOCAL, con diagnóstico CENTRALIDAD_CONECTIVA. Presenta demanda estructural de 0.69, soporte de infraestructura de 34.83, déficit estructural promedio de 54.83 y score de prioridad territorial de 32.70. La intervención recomendada es MEJORAR_INTEGRACION_TERRITORIAL.",33.91169226666667,143,54,3,AMBA-P143,AMBAC-144,BAJA,ALTA,MEDIA,BAJA,ALTA,DEFICIT_ESTRUCTURAL_MEDIO,5640149.802242976,6160098.133159452,3,AMBA-E003,AMBA-E003 - INTEGRADO,51.677,PRIORIDAD_3_MEDIA,ESCENARIO_INTEGRADO,LARGO_PLAZO,INTERVENCION_TERRITORIAL_MEDIA,"Orientar inversiones hacia deficit, articulando las dimensiones deficit, conectividad, impacto.","El escenario presenta un perfil integrado con predominio de deficit. La evaluación combina demanda, déficit, impacto y capacidades de conectividad e integración."
142,1,25,48,128,3,4,11,AUTOBUS|FERROCARRIL,2,1,0,1,0,0,AUTOBUS|FERROCARRIL,2,1,0,1,0,0,AUTOBUS|FERROCARRIL|FLUVIAL|TRANVIA,4,1,0,1,1,1,127.32395447351627,61.11549814728781,40.74366543152521,0.012396694214876033,0.4855760191199227,0.2923416876766772,0.4,1,0,0,0.3677025063030031,34.49,SOPORTE_FISICO_BAJO,40,MONOMODAL,50.0,2.083333333333333,2.083333333333333,69.44444444444444,46.18055555555556,50.34722222222222,128,142,128,14,70.0,INTERMODALIDAD_MEDIA,16,2.083333333333333,2.083333333333333,47.1063,29.2342,40.0,38.431,43.5238,75.7812,31.8287,33.49,25.0,109,109,CENTRALIDAD_ESTRUCTURAL_BAJA,CENTRALIDAD_ESTRUCTURAL_BAJA,-36.35,61.569,CENTRALIDAD_SECUNDARIA,1.25,142,2.083333333333333,38.431,43.5238,75.7812,BAJO,MUY_BAJO,BAJO,MEDIO,ALTO,MUY_BAJO,PRIORIDAD_BAJA,CENTRALIDAD_LOCAL,DEFICIT,CONECTIVIDAD,FUERTE_CONECTIVIDAD,109,142,MANTENER_Y_OPTIMIZAR,97.91666666666667,56.4762,24.2188,68.1713,52.608825,19.063431666666666,IMPACTO_BAJO,53.81610500000001,MEDIA,32.792851500000005,PRIORIDAD_BAJA,MEJORAR_INTEGRACION_TERRITORIAL,La integración territorial presenta un déficit relevante respecto de las demás dimensiones.,143,54,15,"DEFICIT, CONECTIVIDAD, IMPACTO",CENTRALIDAD_CONECTIVA,INTEGRACION_TERRITORIAL,ESCENARIO_ESTRUCTURAL,10+ AÑOS,FASE_4,PRIORIDAD_4_BAJA,INTERVENCION_ESTRUCTURAL_MEDIA,DEMANDA | INTEGRACION_TERRITORIAL | INFRAESTRUCTURA,Reducir déficits de integración territorial y mejorar la articulación de la centralidad con su entorno.,"Centralidad clasificada como CENTRALIDAD_LOCAL, con diagnóstico CENTRALIDAD_CONECTIVA. Presenta demanda estructural de 2.08, soporte de infraestructura de 38.43, déficit estructural promedio de 52.61 y score de prioridad territorial de 32.79. La intervención recomendada es MEJORAR_INTEGRACION_TERRITORIAL.",33.886926550000005,144,55,3,AMBA-P144,AMBAC-142,BAJA,ALTA,MEDIA,BAJA,ALTA,DEFICIT_ESTRUCTURAL_MEDIO,5637492.68187868,6164637.238109569,3,AMBA-E003,AMBA-E003 - INTEGRADO,51.677,PRIORIDAD_3_MEDIA,ESCENARIO_INTEGRADO,LARGO_PLAZO,INTERVENCION_TERRITORIAL_MEDIA,"Orientar inversiones hacia deficit, articulando las dimensiones deficit, conectividad, impacto.","El escenario presenta un perfil integrado con predominio de deficit. La evaluación combina demanda, déficit, impacto y capacidades de conectividad e integración."
