nodo_id,h3,instalaciones_250m,instalaciones_500m,instalaciones_1000m,intercambiadores_250m,intercambiadores_500m,intercambiadores_1000m,modos_250m,cantidad_modos_250m,ferrocarril_250m,subte_250m,autobus_250m,fluvial_250m,tranvia_250m,modos_500m,cantidad_modos_500m,ferrocarril_500m,subte_500m,autobus_500m,fluvial_500m,tranvia_500m,modos_1000m,cantidad_modos_1000m,ferrocarril_1000m,subte_1000m,autobus_1000m,fluvial_1000m,tranvia_1000m,densidad_instalaciones_250m,densidad_instalaciones_500m,densidad_instalaciones_1000m,instalaciones_500m_normalizadas,densidad_instalaciones_500m_normalizada,intercambiadores_500m_normalizados,diversidad_modal_500m_normalizada,modo_ferroviario_estructurante,modo_subterraneo_estructurante,modo_fluvial_estructurante,conectividad_modal_500m,soporte_fisico_preliminar,categoria_soporte_fisico,ranking_soporte_fisico,tipo_intermodalidad,score_intermodalidad,score_demanda,score_densidad,score_conectividad,score_alcance,score_integracion,ranking_centralidad,ranking_operaciones_validacion,ranking_centralidad_validacion,diferencia_ranking_abs,score_intermodalidad_500m,categoria_intermodalidad_500m,ranking_intermodalidad,geometry,demanda_base_23,indice_demanda_estructural,infraestructura_instalaciones,infraestructura_intercambiadores,infraestructura_diversidad_modal,indice_infraestructura_estructural,indice_intermodalidad_estructural,indice_conectividad_estructural,indice_integracion_territorial,indice_centralidad_estructural,indice_centralidad_estructural_robusto,ranking_centralidad_estructural,ranking_centralidad_estructural_robusto,categoria_centralidad_estructural,categoria_centralidad_estructural_robusta,brecha_demanda_infraestructura,deficit_infraestructura,diagnostico_demanda_infraestructura,prioridad_intervencion,ranking_prioridad_intervencion,nivel_demanda_estructural,nivel_infraestructura_estructural,nivel_intermodalidad_estructural,nivel_conectividad_estructural,nivel_integracion_territorial,nivel_demanda,nivel_infraestructura,nivel_intermodalidad,nivel_conectividad,nivel_deficit_infraestructura,categoria_prioridad_intervencion,tipologia_centralidad,dimension_dominante,perfil_multidimensional,diagnostico_tipologico,ranking_tipologia_estructural,ranking_tipologia_prioridad,perfil_intervencion,deficit_demanda,deficit_intermodalidad,deficit_conectividad,deficit_integracion,deficit_estructural_promedio,impacto_potencial,categoria_impacto,urgencia_intervencion,nivel_urgencia,score_prioridad_territorial,nivel_prioridad_territorial,tipo_intervencion_recomendada,justificacion_intervencion,ranking_prioridad_territorial,ranking_intervencion,ranking_nivel_prioridad,dimensiones_prioritarias,diagnostico_territorial,tipo_proyecto,escenario_intervencion,horizonte_intervencion,fase_intervencion,prioridad_cartera,nivel_intervencion,dimensiones_prioritarias_cartera,objetivo_proyecto,justificacion_cartera,score_cartera,ranking_cartera,ranking_tipo_proyecto,ranking_escenario,proyecto_id,centralidad_id,prioridad_demanda,prioridad_infraestructura,prioridad_intermodalidad,prioridad_conectividad,prioridad_integracion,diagnostico_cartera,score_necesidad,score_estrategico,score_proyecto,dimension_dominante_proyecto,escenario_id,score_escenario,tipo_escenario,prioridad_escenario,v4_original_tipo_escenario,v4_original_dimension_dominante,v4_original_prioridad_escenario,ranking_territorial_v4,score_priorizacion_v4,prioridad_territorial_v4,prioridad_operativa_v4,coherencia_perfil_v4
7,2,62,76,118,2,2,4,AUTOBUS|FERROCARRIL,2,1,0,1,0,0,AUTOBUS|FERROCARRIL,2,1,0,1,0,0,AUTOBUS|FERROCARRIL,2,1,0,1,0,0,315.76340709432037,96.76620539987236,37.5605665696873,0.01962809917355372,0.5389181072043098,0.19955424691458712,0.4,1,0,0,0.3398662740743761,34.15,SOPORTE_FISICO_BAJO,42,MONOMODAL,50.0,98.61111111111111,98.61111111111111,69.44444444444444,46.18055555555556,50.34722222222222,12,3,12,9,70.0,INTERMODALIDAD_MEDIA,16,"POLYGON ((-58.78446780887181 -34.64991332389174, -58.78372079415767 -34.6537582471014, -58.787484969059676 -34.656846165004836, -58.791996439050564 -34.65608920854962, -58.79274341093828 -34.652244155894735, -58.797255114117824 -34.651486774045566, -58.79800203884836 -34.64764124714102, -58.79423730326817 -34.644553231551576, -58.7897259232609 -34.64531079170171, -58.78897895567422 -34.649156189132974, -58.78446780887181 -34.64991332389174))",98.61111111111111,98.61111111111111,52.5771,19.9554,40.0,37.5111,41.2041,59.809,64.0046,62.57,90.97,14,14,CENTRALIDAD_ESTRUCTURAL_ALTA,CENTRALIDAD_ESTRUCTURAL_MUY_ALTA,61.1,62.4889,DEFICIT_INFRAESTRUCTURAL,83.61,2,98.61111111111111,37.5111,41.2041,59.809,ALTO,MUY_ALTO,BAJO,MEDIO,MEDIO,ALTO,PRIORIDAD_CRITICA,CENTRALIDAD_DEMANDA,IMPACTO,DEMANDA,ALTA_DEMANDA_BAJO_SOPORTE,14,2,AMPLIAR_INFRAESTRUCTURA,1.3888888888888857,58.7959,40.191,35.995400000000004,49.3678,86.47011555555555,IMPACTO_MUY_ALTO,53.132045000000005,MEDIA,74.08132433333333,PRIORIDAD_ALTA,INTERVENCION_INTEGRAL,Demanda elevada combinada con déficit infraestructural significativo y alta prioridad territorial.,1,1,1,INFRAESTRUCTURA|INTERMODALIDAD|CONECTIVIDAD,ALTA_DEMANDA_BAJO_SOPORTE,PROYECTO_INTEGRAL_CENTRALIDAD,ESCENARIO_CORTO_PLAZO,2-5 AÑOS,FASE_2,PRIORIDAD_1_MUY_ALTA,INTERVENCION_ESTRUCTURAL_ALTA,INFRAESTRUCTURA | INTERMODALIDAD | CONECTIVIDAD,"Reducir simultáneamente los principales déficits estructurales de la centralidad mediante una intervención integral sobre infraestructura, accesibilidad e integración.","Centralidad clasificada como CENTRALIDAD_DEMANDA, con diagnóstico ALTA_DEMANDA_BAJO_SOPORTE. Presenta demanda estructural de 98.61, soporte de infraestructura de 37.51, déficit estructural promedio de 49.37 y score de prioridad territorial de 74.08. La intervención recomendada es INTERVENCION_INTEGRAL.",72.79725111666666,1,1,1,AMBA-P001,AMBAC-007,ALTA,ALTA,MEDIA,MEDIA,MEDIA,ALTA_DEMANDA_BAJO_SOPORTE,0.7653286830430566,0.6903581454383149,0.7203463604802116,IMPACTO,AMBA-E003,53.74391081151112,ESCENARIO_DE_NECESIDAD,PRIORIDAD_3_MEDIA,ESCENARIO_DE_NECESIDAD,IMPACTO,PRIORIDAD_3_MEDIA,4,52.19918466555358,PRIORIDAD_3_MEDIA,INTERVENCION_PROGRAMADA,62.99172403916424
17,9,81,101,148,0,0,0,AUTOBUS|FERROCARRIL,2,1,0,1,0,0,AUTOBUS|FERROCARRIL,2,1,0,1,0,0,AUTOBUS|FERROCARRIL,2,1,0,1,0,0,412.52961249419275,128.59719401825143,47.10986315520102,0.026084710743801653,0.5720643411019338,0.0,0.4,1,0,0,0.27999999999999997,30.41,SOPORTE_FISICO_BAJO,65,INTERMODAL,100.0,96.52777777777779,66.66666666666666,69.44444444444444,46.18055555555556,50.34722222222222,10,6,10,4,65.0,INTERMODALIDAD_MEDIA,104,"POLYGON ((-57.93499552104498 -34.92587699491457, -57.939011873745294 -34.92775917454628, -57.943786663670004 -34.92581384505009, -57.94780271693862 -34.92769566116919, -57.952577076408495 -34.92575006725018, -57.95659283009226 -34.92763151991492, -57.96136675893765 -34.92568566167358, -57.96212503833477 -34.92185835092174, -57.95810951985754 -34.91997679926585, -57.95333548677243 -34.921922657361904, -57.9493196686209 -34.92004074228936, -57.950078118718245 -34.91621287012592, -57.95485225601368 -34.91426701218746, -57.958867838997264 -34.91614902626378, -57.96364154564427 -34.91420290411231, -57.964399773557254 -34.91037476806776, -57.96038442579245 -34.90849265493728, -57.961142693448544 -34.904664056625926, -57.95712728116394 -34.902781481029315, -57.957885588558845 -34.89895242043039, -57.95387011177953 -34.897069382334614, -57.94909609245947 -34.899015503926016, -57.948337654117914 -34.90284466380331, -57.943563308490056 -34.904790521389586, -57.94280477893885 -34.90861931816565, -57.94682072595053 -34.91050215815307, -57.9460622361241 -34.914330492612464, -57.941287668349865 -34.916276086237445, -57.94052908731147 -34.92010405752009, -57.93575419329278 -34.92204938687988, -57.93499552104498 -34.92587699491457))",96.52777777777779,96.52777777777779,55.9803,0.0,40.0,32.1546,40.1215,58.5938,70.0231,60.81,87.5,19,19,CENTRALIDAD_ESTRUCTURAL_ALTA,CENTRALIDAD_ESTRUCTURAL_MUY_ALTA,64.37,67.8454,DEFICIT_INFRAESTRUCTURAL,83.66,1,96.52777777777779,32.1546,40.1215,58.5938,ALTO,MUY_ALTO,BAJO,MEDIO,MEDIO,ALTO,PRIORIDAD_CRITICA,CENTRALIDAD_DEMANDA,DEFICIT,DEMANDA|TERRITORIAL,ALTA_DEMANDA_BAJO_SOPORTE,19,1,AMPLIAR_INFRAESTRUCTURA,3.4722222222222143,59.8785,41.4062,29.9769,49.77675,84.46923888888888,IMPACTO_MUY_ALTO,54.885560000000005,MEDIA,73.89418833333333,PRIORIDAD_ALTA,INTERVENCION_INTEGRAL,Demanda elevada combinada con déficit infraestructural significativo y alta prioridad territorial.,2,2,2,INFRAESTRUCTURA|INTERMODALIDAD|CONECTIVIDAD,ALTA_DEMANDA_BAJO_SOPORTE,PROYECTO_INTEGRAL_CENTRALIDAD,ESCENARIO_CORTO_PLAZO,2-5 AÑOS,FASE_2,PRIORIDAD_1_MUY_ALTA,INTERVENCION_ESTRUCTURAL_ALTA,INFRAESTRUCTURA | INTERMODALIDAD | CONECTIVIDAD,"Reducir simultáneamente los principales déficits estructurales de la centralidad mediante una intervención integral sobre infraestructura, accesibilidad e integración.","Centralidad clasificada como CENTRALIDAD_DEMANDA, con diagnóstico ALTA_DEMANDA_BAJO_SOPORTE. Presenta demanda estructural de 96.53, soporte de infraestructura de 32.15, déficit estructural promedio de 49.78 y score de prioridad territorial de 73.89. La intervención recomendada es INTERVENCION_INTEGRAL.",72.62915166666666,2,2,2,AMBA-P002,AMBAC-017,ALTA,ALTA,MEDIA,MEDIA,BAJA,ALTA_DEMANDA_BAJO_SOPORTE,0.7899816197995264,0.6740930670852944,0.7204484881709872,IMPACTO,AMBA-E004,51.30732598678722,ESCENARIO_DE_NECESIDAD,PRIORIDAD_3_MEDIA,ESCENARIO_DE_NECESIDAD,DEFICIT,PRIORIDAD_3_MEDIA,5,51.25180617171997,PRIORIDAD_3_MEDIA,INTERVENCION_PROGRAMADA,72.7040020791035
2,1,79,120,174,2,4,7,AUTOBUS|FERROCARRIL,2,1,0,1,0,0,AUTOBUS|FERROCARRIL,2,1,0,1,0,0,AUTOBUS|FERROCARRIL,2,1,0,1,0,0,402.34369613631145,152.78874536821954,55.38592019597958,0.030991735537190084,0.5921916882107421,0.2923416876766772,0.4,1,0,0,0.3677025063030031,38.5,SOPORTE_FISICO_BAJO,19,MONOMODAL,50.0,97.22222222222221,100.0,69.44444444444444,46.18055555555556,50.34722222222222,13,5,13,8,70.0,INTERMODALIDAD_MEDIA,16,"POLYGON ((-58.61847611205346 -34.65165006305307, -58.614485600993724 -34.64978047675364, -58.61523366529172 -34.645940828442576, -58.61997210864863 -34.643970870677485, -58.62372500421771 -34.6470603544517, -58.62297702683343 -34.650900015553525, -58.61847611205346 -34.65165006305307))",97.22222222222221,97.22222222222221,58.0479,29.2342,40.0,42.862,43.5238,58.2465,64.4676,63.77,93.06,11,11,CENTRALIDAD_ESTRUCTURAL_ALTA,CENTRALIDAD_ESTRUCTURAL_MUY_ALTA,54.36,57.138,DEFICIT_INFRAESTRUCTURAL,80.08,5,97.22222222222221,42.862,43.5238,58.2465,ALTO,MUY_ALTO,MEDIO,MEDIO,MEDIO,MEDIO,PRIORIDAD_CRITICA,CENTRALIDAD_DEMANDA,IMPACTO,DEMANDA,ALTA_DEMANDA_BAJO_SOPORTE,11,5,AMPLIAR_INFRAESTRUCTURA,2.7777777777777857,56.4762,41.7535,35.532399999999996,47.725025,86.07411611111111,IMPACTO_MUY_ALTO,50.65481,MEDIA,72.72296716666668,PRIORIDAD_ALTA,INTERVENCION_INTEGRAL,Demanda elevada combinada con déficit infraestructural significativo y alta prioridad territorial.,3,3,3,INFRAESTRUCTURA|INTERMODALIDAD|CONECTIVIDAD,ALTA_DEMANDA_BAJO_SOPORTE,PROYECTO_INTEGRAL_CENTRALIDAD,ESCENARIO_CORTO_PLAZO,2-5 AÑOS,FASE_2,PRIORIDAD_1_MUY_ALTA,INTERVENCION_SELECTIVA,INFRAESTRUCTURA | INTERMODALIDAD | CONECTIVIDAD,"Reducir simultáneamente los principales déficits estructurales de la centralidad mediante una intervención integral sobre infraestructura, accesibilidad e integración.","Centralidad clasificada como CENTRALIDAD_DEMANDA, con diagnóstico ALTA_DEMANDA_BAJO_SOPORTE. Presenta demanda estructural de 97.22, soporte de infraestructura de 42.86, déficit estructural promedio de 47.73 y score de prioridad territorial de 72.72. La intervención recomendada es INTERVENCION_INTEGRAL.",71.41541593333334,3,3,3,AMBA-P003,AMBAC-002,ALTA,MEDIA,MEDIA,MEDIA,MEDIA,ALTO_IMPACTO_POTENCIAL,0.7381437559775331,0.6833235413407244,0.7052516271954479,IMPACTO,AMBA-E003,53.74391081151112,ESCENARIO_DE_NECESIDAD,PRIORIDAD_3_MEDIA,ESCENARIO_DE_NECESIDAD,IMPACTO,PRIORIDAD_3_MEDIA,4,52.19918466555358,PRIORIDAD_3_MEDIA,INTERVENCION_PROGRAMADA,62.99172403916424
4,1,72,85,125,1,1,2,AUTOBUS|FERROCARRIL,2,1,0,1,0,0,AUTOBUS|FERROCARRIL,2,1,0,1,0,0,AUTOBUS|FERROCARRIL,2,1,0,1,0,0,366.69298888372685,108.22536130248884,39.78873577297384,0.021952479338842975,0.5519523874234499,0.12590471182995822,0.4,1,0,0,0.3177714135489874,32.8,SOPORTE_FISICO_BAJO,50,MONOMODAL,50.0,94.44444444444444,99.30555555555556,69.44444444444444,46.18055555555556,50.34722222222222,15,9,15,6,70.0,INTERMODALIDAD_MEDIA,16,"POLYGON ((-58.729607215470054 -34.66282397739179, -58.73336787041011 -34.66591216834438, -58.732620492573716 -34.669754332618645, -58.72811241730835 -34.670508176495915, -58.72435204315344 -34.66742003465737, -58.7250994634661 -34.66357799983482, -58.729607215470054 -34.66282397739179))",94.44444444444444,94.44444444444444,53.9151,12.5905,40.0,35.5674,39.3629,58.7674,64.2361,60.34,84.72,23,23,CENTRALIDAD_ESTRUCTURAL_ALTA,CENTRALIDAD_ESTRUCTURAL_MUY_ALTA,58.88,64.43260000000001,DEFICIT_INFRAESTRUCTURAL,80.22,4,94.44444444444444,35.5674,39.3629,58.7674,ALTO,MUY_ALTO,BAJO,BAJO,MEDIO,MEDIO,PRIORIDAD_CRITICA,CENTRALIDAD_DEMANDA,IMPACTO,DEMANDA,ALTA_DEMANDA_BAJO_SOPORTE,23,4,AMPLIAR_INFRAESTRUCTURA,5.555555555555557,60.6371,41.2326,35.76390000000001,50.51655,82.74153222222222,IMPACTO_MUY_ALTO,54.543420000000005,MEDIA,72.48680433333334,PRIORIDAD_ALTA,INTERVENCION_INTEGRAL,Demanda elevada combinada con déficit infraestructural significativo y alta prioridad territorial.,4,4,4,INFRAESTRUCTURA|INTERMODALIDAD|CONECTIVIDAD,ALTA_DEMANDA_BAJO_SOPORTE,PROYECTO_INTEGRAL_CENTRALIDAD,ESCENARIO_CORTO_PLAZO,2-5 AÑOS,FASE_2,PRIORIDAD_1_MUY_ALTA,INTERVENCION_ESTRUCTURAL_ALTA,INFRAESTRUCTURA | INTERMODALIDAD | CONECTIVIDAD,"Reducir simultáneamente los principales déficits estructurales de la centralidad mediante una intervención integral sobre infraestructura, accesibilidad e integración.","Centralidad clasificada como CENTRALIDAD_DEMANDA, con diagnóstico ALTA_DEMANDA_BAJO_SOPORTE. Presenta demanda estructural de 94.44, soporte de infraestructura de 35.57, déficit estructural promedio de 50.52 y score de prioridad territorial de 72.49. La intervención recomendada es INTERVENCION_INTEGRAL.",71.33350586666667,4,4,4,AMBA-P004,AMBAC-004,ALTA,ALTA,ALTA,MEDIA,MEDIA,ALTA_DEMANDA_BAJO_SOPORTE,0.7585505515493373,0.6618415674661237,0.7005251610994092,DEMANDA,AMBA-E003,53.74391081151112,ESCENARIO_DE_NECESIDAD,PRIORIDAD_3_MEDIA,ESCENARIO_DE_NECESIDAD,IMPACTO,PRIORIDAD_3_MEDIA,4,52.19918466555358,PRIORIDAD_3_MEDIA,INTERVENCION_PROGRAMADA,62.99172403916424
20,2,2,3,7,0,0,0,AUTOBUS|FERROCARRIL,2,1,0,1,0,0,AUTOBUS|FERROCARRIL,2,1,0,1,0,0,AUTOBUS|FERROCARRIL,2,1,0,1,0,0,10.185916357881302,3.819718634205488,2.228169203286535,0.0007747933884297521,0.18495368961100384,0.0,0.4,1,0,0,0.27999999999999997,16.49,SOPORTE_FISICO_MUY_BAJO,126,INTERMODAL,100.0,86.11111111111111,87.5,23.26388888888889,46.18055555555556,50.34722222222222,26,21,26,5,58.0,INTERMODALIDAD_MEDIA,114,"POLYGON ((-58.38493204431044 -34.86458561603381, -58.388932379958256 -34.86645250422329, -58.3936843249162 -34.864492785537045, -58.39443604198601 -34.86066617916314, -58.39043594582449 -34.85879918984832, -58.391187703069264 -34.85497212235673, -58.38718753931039 -34.85310467140555, -58.38243537885414 -34.85506438909245, -58.38168348989542 -34.858891558228024, -58.38568389310294 -34.86075890804153, -58.38493204431044 -34.86458561603381))",86.11111111111111,86.11111111111111,16.7796,0.0,40.0,16.3464,38.6458,51.6493,76.9676,53.09,73.61,39,39,CENTRALIDAD_ESTRUCTURAL_MEDIA,CENTRALIDAD_ESTRUCTURAL_ALTA,69.76,83.6536,DEFICIT_INFRAESTRUCTURAL,79.57,8,86.11111111111111,16.3464,38.6458,51.6493,ALTO,MUY_ALTO,MUY_BAJO,BAJO,MEDIO,ALTO,PRIORIDAD_CRITICA,CENTRALIDAD_DEMANDA,INTEGRACION,DEMANDA|TERRITORIAL,ALTA_DEMANDA_BAJO_SOPORTE,39,8,AMPLIAR_INFRAESTRUCTURA,13.888888888888886,61.3542,48.3507,23.032399999999996,54.097725,75.95810055555556,IMPACTO_MUY_ALTO,61.92499,ALTA,72.08562783333333,PRIORIDAD_ALTA,INTERVENCION_INTEGRAL,Demanda elevada combinada con déficit infraestructural significativo y alta prioridad territorial.,6,6,6,INFRAESTRUCTURA|INTERMODALIDAD|CONECTIVIDAD,ALTA_DEMANDA_BAJO_SOPORTE,PROYECTO_INTEGRAL_CENTRALIDAD,ESCENARIO_URGENTE,0-2 AÑOS,FASE_1,PRIORIDAD_1_MUY_ALTA,INTERVENCION_ESTRUCTURAL_ALTA,INFRAESTRUCTURA | INTERMODALIDAD | CONECTIVIDAD,"Reducir simultáneamente los principales déficits estructurales de la centralidad mediante una intervención integral sobre infraestructura, accesibilidad e integración.","Centralidad clasificada como CENTRALIDAD_DEMANDA, con diagnóstico ALTA_DEMANDA_BAJO_SOPORTE. Presenta demanda estructural de 86.11, soporte de infraestructura de 16.35, déficit estructural promedio de 54.10 y score de prioridad territorial de 72.09. La intervención recomendada es INTERVENCION_INTEGRAL.",71.14240306666666,5,5,1,AMBA-P005,AMBAC-020,ALTA,ALTA,ALTA,MEDIA,BAJA,ALTA_DEMANDA_BAJO_SOPORTE,0.828177062889843,0.6000183148510064,0.6912818140665411,INTEGRACION,AMBA-E001,55.751448155260405,ESCENARIO_DE_NECESIDAD,PRIORIDAD_3_MEDIA,ESCENARIO_DE_NECESIDAD,INTEGRACION,PRIORIDAD_3_MEDIA,1,78.9423286344931,PRIORIDAD_2_ALTA,INTERVENCION_PRIORITARIA,75.93742375877676
8,4,43,44,48,2,2,3,AUTOBUS|FERROCARRIL,2,1,0,1,0,0,AUTOBUS|FERROCARRIL,2,1,0,1,0,0,AUTOBUS|FERROCARRIL,2,1,0,1,0,0,218.997201694448,56.02253996834716,15.278874536821952,0.011363636363636364,0.4755153414270987,0.19955424691458712,0.4,1,0,0,0.3398662740743761,31.8,SOPORTE_FISICO_BAJO,54,MONOMODAL,50.0,93.75,88.88888888888889,95.83333333333334,46.18055555555556,50.34722222222222,8,10,8,2,70.0,INTERMODALIDAD_MEDIA,16,"POLYGON ((-58.76476930011443 -34.52665106493252, -58.76551601443706 -34.52279860801262, -58.76175553685481 -34.5197077998852, -58.757248625160315 -34.52046949733342, -58.75348874625707 -34.51737857359041, -58.754235498809905 -34.51352590376373, -58.75047593833745 -34.51043481588992, -58.74596990557371 -34.51119644651809, -58.745223110476616 -34.51504898564229, -58.740717311082896 -34.51581019082525, -58.73997046906568 -34.519662255833495, -58.743729468944125 -34.5227532463404, -58.74823559117226 -34.52199222053064, -58.75199518980403 -34.525083095599996, -58.75650186822255 -34.524321823653175, -58.76026206558174 -34.52741258313215, -58.76476930011443 -34.52665106493252))",93.75,93.75,46.0755,19.9554,40.0,34.8831,41.2041,62.2396,60.7639,60.5,86.11,21,21,CENTRALIDAD_ESTRUCTURAL_ALTA,CENTRALIDAD_ESTRUCTURAL_MUY_ALTA,58.87,65.1169,DEFICIT_INFRAESTRUCTURAL,79.8,7,93.75,34.8831,41.2041,62.2396,ALTO,MUY_ALTO,BAJO,MEDIO,ALTO,MEDIO,PRIORIDAD_CRITICA,CENTRALIDAD_DEMANDA,DEFICIT,DEMANDA,ALTA_DEMANDA_BAJO_SOPORTE,21,7,AMPLIAR_INFRAESTRUCTURA,6.25,58.7959,37.7604,39.2361,50.227325,82.753465,IMPACTO_MUY_ALTO,54.18323,MEDIA,72.2099565,PRIORIDAD_ALTA,INTERVENCION_INTEGRAL,Demanda elevada combinada con déficit infraestructural significativo y alta prioridad territorial.,5,5,5,INFRAESTRUCTURA|INTERMODALIDAD,ALTA_DEMANDA_BAJO_SOPORTE,PROYECTO_INTEGRAL_CENTRALIDAD,ESCENARIO_CORTO_PLAZO,2-5 AÑOS,FASE_2,PRIORIDAD_1_MUY_ALTA,INTERVENCION_ESTRUCTURAL_ALTA,INFRAESTRUCTURA | INTERMODALIDAD | INTEGRACION_TERRITORIAL,"Reducir simultáneamente los principales déficits estructurales de la centralidad mediante una intervención integral sobre infraestructura, accesibilidad e integración.","Centralidad clasificada como CENTRALIDAD_DEMANDA, con diagnóstico ALTA_DEMANDA_BAJO_SOPORTE. Presenta demanda estructural de 93.75, soporte de infraestructura de 34.88, déficit estructural promedio de 50.23 y score de prioridad territorial de 72.21. La intervención recomendada es INTERVENCION_INTEGRAL.",71.0874738,6,6,5,AMBA-P006,AMBAC-008,ALTA,ALTA,MEDIA,MEDIA,MEDIA,ALTA_DEMANDA_BAJO_SOPORTE,0.7497197640462224,0.6800999443427813,0.7079478722241578,IMPACTO,AMBA-E006,47.97071742899471,ESCENARIO_DE_NECESIDAD,PRIORIDAD_4_MEDIA_BAJA,ESCENARIO_DE_NECESIDAD,DEFICIT,PRIORIDAD_4_MEDIA_BAJA,6,49.90764715705244,PRIORIDAD_3_MEDIA,INTERVENCION_PROGRAMADA,31.39553317201036
11,3,45,47,59,1,1,1,AUTOBUS|FERROCARRIL,2,1,0,1,0,0,AUTOBUS|FERROCARRIL,2,1,0,1,0,0,AUTOBUS|FERROCARRIL,2,1,0,1,0,0,229.1831180523293,59.84225860255265,18.78028328484365,0.012138429752066115,0.4831403823338039,0.12590471182995822,0.4,1,0,0,0.3177714135489874,30.24,SOPORTE_FISICO_BAJO,66,MONOMODAL,50.0,93.05555555555556,89.58333333333334,95.83333333333334,46.18055555555556,50.34722222222222,9,11,9,2,70.0,INTERMODALIDAD_MEDIA,16,"POLYGON ((-58.25440480328717 -34.72815076218793, -58.25840858405378 -34.730030905893805, -58.26316572713412 -34.7280727571808, -58.263919196084125 -34.72423446555742, -58.268676009660176 -34.722276058304445, -58.2694293872067 -34.71843740696745, -58.26542608260597 -34.71655706082899, -58.260669162347064 -34.71851546727761, -58.25666555301085 -34.71663475980907, -58.251908196678954 -34.71859290693542, -58.25115455629853 -34.722431762321484, -58.25515840365512 -34.7243123685866, -58.25440480328717 -34.72815076218793))",93.05555555555556,93.05555555555556,46.8567,12.5905,40.0,32.713,39.3629,63.2813,60.9954,59.56,82.64,26,26,CENTRALIDAD_ESTRUCTURAL_MEDIA,CENTRALIDAD_ESTRUCTURAL_MUY_ALTA,60.34,67.287,DEFICIT_INFRAESTRUCTURAL,79.97,6,93.05555555555556,32.713,39.3629,63.2813,ALTO,MUY_ALTO,BAJO,BAJO,ALTO,ALTO,PRIORIDAD_CRITICA,CENTRALIDAD_DEMANDA,DEFICIT,DEMANDA,ALTA_DEMANDA_BAJO_SOPORTE,26,6,AMPLIAR_INFRAESTRUCTURA,6.944444444444443,60.6371,36.7187,39.0046,50.91185000000001,81.50214777777778,IMPACTO_MUY_ALTO,55.268505000000005,MEDIA,71.98516866666667,PRIORIDAD_ALTA,INTERVENCION_INTEGRAL,Demanda elevada combinada con déficit infraestructural significativo y alta prioridad territorial.,8,8,8,INFRAESTRUCTURA|INTERMODALIDAD,ALTA_DEMANDA_BAJO_SOPORTE,PROYECTO_INTEGRAL_CENTRALIDAD,ESCENARIO_URGENTE,0-2 AÑOS,FASE_1,PRIORIDAD_1_MUY_ALTA,INTERVENCION_ESTRUCTURAL_ALTA,INFRAESTRUCTURA | INTERMODALIDAD | INTEGRACION_TERRITORIAL,"Reducir simultáneamente los principales déficits estructurales de la centralidad mediante una intervención integral sobre infraestructura, accesibilidad e integración.","Centralidad clasificada como CENTRALIDAD_DEMANDA, con diagnóstico ALTA_DEMANDA_BAJO_SOPORTE. Presenta demanda estructural de 93.06, soporte de infraestructura de 32.71, déficit estructural promedio de 50.91 y score de prioridad territorial de 71.99. La intervención recomendada es INTERVENCION_INTEGRAL.",70.90521598333333,7,7,2,AMBA-P007,AMBAC-011,ALTA,ALTA,ALTA,MEDIA,MEDIA,ALTA_DEMANDA_BAJO_SOPORTE,0.7567524749152876,0.6749349219668475,0.7076619431462234,DEMANDA,AMBA-E004,51.30732598678722,ESCENARIO_DE_NECESIDAD,PRIORIDAD_3_MEDIA,ESCENARIO_DE_NECESIDAD,DEFICIT,PRIORIDAD_3_MEDIA,5,51.25180617171997,PRIORIDAD_3_MEDIA,INTERVENCION_PROGRAMADA,72.7040020791035
18,2,28,38,65,0,0,0,AUTOBUS,1,0,0,1,0,0,AUTOBUS,1,0,0,1,0,0,AUTOBUS|FERROCARRIL,2,1,0,1,0,0,142.60282901033824,48.38310269993618,20.690142601946395,0.00981404958677686,0.45859974178108265,0.0,0.2,0,0,0,0.13999999999999999,21.2,SOPORTE_FISICO_BAJO,108,INTERMODAL,100.0,83.33333333333334,77.77777777777779,23.26388888888889,46.18055555555556,50.34722222222222,32,25,32,7,40.0,INTERMODALIDAD_BAJA,115,"POLYGON ((-58.51838734125607 -34.851651848793225, -58.51364177961957 -34.85361543797309, -58.51289186797219 -34.85744107804883, -58.516887649899346 -34.859303026681204, -58.52163310273789 -34.857339436938226, -58.52562857539525 -34.85920102597316, -58.530373586936555 -34.857237178943116, -58.53112323468519 -34.853411743453684, -58.52712800285324 -34.85155005267149, -58.522382882443395 -34.85351389913473, -58.51838734125607 -34.851651848793225))",83.33333333333334,83.33333333333334,44.3435,0.0,20.0,22.7002,32.3438,25.7812,73.7269,48.38,59.72,59,59,CENTRALIDAD_ESTRUCTURAL_MEDIA,CENTRALIDAD_ESTRUCTURAL_MEDIA,60.63,77.2998,DEFICIT_INFRAESTRUCTURAL,74.25,17,83.33333333333334,22.7002,32.3438,25.7812,ALTO,MUY_ALTO,BAJO,BAJO,BAJO,ALTO,PRIORIDAD_ALTA,CENTRALIDAD_DEMANDA,INTEGRACION,DEMANDA|TERRITORIAL,ALTA_DEMANDA_BAJO_SOPORTE,59,17,AMPLIAR_INFRAESTRUCTURA,16.666666666666657,67.6562,74.2188,26.2731,61.361975,71.85506166666667,IMPACTO_ALTO,66.61869500000002,ALTA,71.32076450000001,PRIORIDAD_ALTA,AMPLIAR_INFRAESTRUCTURA,"Demanda 83.3/100 frente a infraestructura 22.7/100, con déficit infrastructural de 77.3 puntos.",10,1,10,INFRAESTRUCTURA|CONECTIVIDAD|INTERMODALIDAD,ALTA_DEMANDA_BAJO_SOPORTE,AMPLIACION_INFRAESTRUCTURA,ESCENARIO_URGENTE,0-2 AÑOS,FASE_1,PRIORIDAD_1_MUY_ALTA,INTERVENCION_ESTRUCTURAL_ALTA,INFRAESTRUCTURA | CONECTIVIDAD | INTERMODALIDAD,Incrementar la capacidad y disponibilidad de infraestructura de movilidad en una centralidad con elevada demanda y déficit de soporte físico.,"Centralidad clasificada como CENTRALIDAD_DEMANDA, con diagnóstico ALTA_DEMANDA_BAJO_SOPORTE. Presenta demanda estructural de 83.33, soporte de infraestructura de 22.70, déficit estructural promedio de 61.36 y score de prioridad territorial de 71.32. La intervención recomendada es AMPLIAR_INFRAESTRUCTURA.",70.69559865000001,8,1,3,AMBA-P008,AMBAC-018,ALTA,ALTA,ALTA,ALTA,BAJA,ALTA_DEMANDA_BAJO_SOPORTE,0.8035576387766314,0.45390774198652273,0.5937677007025662,INTEGRACION,AMBA-E001,55.751448155260405,ESCENARIO_DE_NECESIDAD,PRIORIDAD_3_MEDIA,ESCENARIO_DE_NECESIDAD,INTEGRACION,PRIORIDAD_3_MEDIA,1,78.9423286344931,PRIORIDAD_2_ALTA,INTERVENCION_PRIORITARIA,75.93742375877676
3,3,110,124,147,6,7,7,AUTOBUS|FERROCARRIL,2,1,0,1,0,0,AUTOBUS|FERROCARRIL,2,1,0,1,0,0,AUTOBUS|FERROCARRIL,2,1,0,1,0,0,560.2253996834716,157.88170354716019,46.79155326901723,0.03202479338842975,0.5960231500081437,0.3777141354898746,0.4,1,0,0,0.39331424064696235,40.78,SOPORTE_FISICO_MEDIO,15,MONOMODAL,50.0,97.91666666666666,97.22222222222221,95.83333333333334,46.18055555555556,50.34722222222222,6,4,6,2,70.0,INTERMODALIDAD_MEDIA,16,"POLYGON ((-58.38799555138213 -34.715404190249444, -58.391994573983304 -34.71727948397287, -58.39674493332966 -34.71531719985884, -58.39749637779442 -34.71147962291235, -58.39349759456548 -34.70960422736558, -58.39424907918406 -34.705766189027905, -58.398999215380236 -34.70380364900167, -58.399750608501925 -34.69996525205193, -58.39575199707794 -34.69808929232066, -58.39100175314493 -34.70005183143339, -58.39025022837669 -34.703890331182144, -58.385499653612165 -34.70585261351823, -58.38474803735362 -34.709690754587065, -58.3887471274956 -34.711566510597414, -58.38799555138213 -34.715404190249444))",97.91666666666666,97.91666666666666,58.4415,37.7714,40.0,45.903,45.6581,62.934,63.5417,65.78,95.83,7,7,CENTRALIDAD_ESTRUCTURAL_ALTA,CENTRALIDAD_ESTRUCTURAL_MUY_ALTA,52.01,54.097,DEFICIT_INFRAESTRUCTURAL,79.55,9,97.91666666666666,45.903,45.6581,62.934,ALTO,MUY_ALTO,MEDIO,MEDIO,ALTO,MEDIO,PRIORIDAD_CRITICA,CENTRALIDAD_DEMANDA,CONECTIVIDAD,DEMANDA,ALTA_DEMANDA_BAJO_SOPORTE,7,9,MEJORAR_INTERMODALIDAD,2.083333333333343,54.3419,37.066,36.4583,45.49080000000001,86.80549333333333,IMPACTO_MUY_ALTO,48.10622000000001,MEDIA,72.03441600000001,PRIORIDAD_ALTA,INTERVENCION_INTEGRAL,Demanda elevada combinada con déficit infraestructural significativo y alta prioridad territorial.,7,7,7,INTERMODALIDAD|INFRAESTRUCTURA,ALTA_DEMANDA_BAJO_SOPORTE,PROYECTO_INTEGRAL_CENTRALIDAD,ESCENARIO_CORTO_PLAZO,2-5 AÑOS,FASE_2,PRIORIDAD_1_MUY_ALTA,INTERVENCION_SELECTIVA,INTERMODALIDAD | INFRAESTRUCTURA | CONECTIVIDAD,"Reducir simultáneamente los principales déficits estructurales de la centralidad mediante una intervención integral sobre infraestructura, accesibilidad e integración.","Centralidad clasificada como CENTRALIDAD_DEMANDA, con diagnóstico ALTA_DEMANDA_BAJO_SOPORTE. Presenta demanda estructural de 97.92, soporte de infraestructura de 45.90, déficit estructural promedio de 45.49 y score de prioridad territorial de 72.03. La intervención recomendada es INTERVENCION_INTEGRAL.",70.6608482,9,8,6,AMBA-P009,AMBAC-003,ALTA,MEDIA,MEDIA,MEDIA,MEDIA,ALTO_IMPACTO_POTENCIAL,0.7232360289844294,0.7099958554049706,0.7152919248367542,IMPACTO,AMBA-E007,47.93763362098484,ESCENARIO_DE_NECESIDAD,PRIORIDAD_4_MEDIA_BAJA,ESCENARIO_DE_NECESIDAD,CONECTIVIDAD,PRIORIDAD_4_MEDIA_BAJA,7,30.086574651033622,PRIORIDAD_4_MEDIA_BAJA,SEGUIMIENTO_TERRITORIAL,4.019084362637915
23,1,6,9,15,0,0,0,AUTOBUS,1,0,0,1,0,0,AUTOBUS,1,0,0,1,0,0,AUTOBUS|FERROCARRIL,2,1,0,1,0,0,30.557749073643905,11.459155902616464,4.7746482927568605,0.0023243801652892563,0.29664455240180393,0.0,0.2,0,0,0,0.13999999999999999,15.42,SOPORTE_FISICO_MUY_BAJO,129,MONOMODAL,50.0,77.77777777777779,93.05555555555556,23.26388888888889,46.18055555555556,50.34722222222222,44,33,44,11,39.0,INTERMODALIDAD_BAJA,129,"POLYGON ((-58.72491441108667 -34.48494108776486, -58.72867181916214 -34.488032896982986, -58.72792499489293 -34.49188633505379, -58.72342072015353 -34.49264783294122, -58.71966359245668 -34.48955607242402, -58.720410459107974 -34.48570276532574, -58.72491441108667 -34.48494108776486))",77.77777777777779,77.77777777777779,27.8703,0.0,20.0,16.0676,18.3681,22.8299,62.1528,40.66,40.97,86,86,CENTRALIDAD_ESTRUCTURAL_MEDIA,CENTRALIDAD_ESTRUCTURAL_MEDIA,61.71,83.9324,DEFICIT_INFRAESTRUCTURAL,71.35,23,77.77777777777779,16.0676,18.3681,22.8299,ALTO,ALTO,MUY_BAJO,MUY_BAJO,BAJO,ALTO,PRIORIDAD_ALTA,CENTRALIDAD_DEFICITARIA,DEFICIT,DEMANDA,PERFIL_EQUILIBRADO,86,23,MEJORAR_INTERMODALIDAD,22.222222222222214,81.6319,77.1701,37.8472,70.1454,65.20896888888889,IMPACTO_ALTO,75.09203500000001,URGENTE,70.75147633333333,PRIORIDAD_ALTA,AMPLIAR_INFRAESTRUCTURA,"Demanda 77.8/100 frente a infraestructura 16.1/100, con déficit infrastructural de 83.9 puntos.",12,2,12,INFRAESTRUCTURA|INTERMODALIDAD|CONECTIVIDAD,INTERVENCION_SELECTIVA,AMPLIACION_INFRAESTRUCTURA,ESCENARIO_URGENTE,0-2 AÑOS,FASE_1,PRIORIDAD_1_MUY_ALTA,INTERVENCION_ESTRUCTURAL_MEDIA,INFRAESTRUCTURA | INTERMODALIDAD | CONECTIVIDAD,Incrementar la capacidad y disponibilidad de infraestructura de movilidad en una centralidad con elevada demanda y déficit de soporte físico.,"Centralidad clasificada como CENTRALIDAD_DEFICITARIA, con diagnóstico INTERVENCION_SELECTIVA. Presenta demanda estructural de 77.78, soporte de infraestructura de 16.07, déficit estructural promedio de 70.15 y score de prioridad territorial de 70.75. La intervención recomendada es AMPLIAR_INFRAESTRUCTURA.",70.57118401666666,10,2,4,AMBA-P010,AMBAC-023,ALTA,ALTA,ALTA,ALTA,MEDIA,DEFICIT_ESTRUCTURAL_ALTO,0.7994681639649279,0.37934006162241674,0.5473913025594213,URGENCIA,AMBA-E006,47.97071742899471,ESCENARIO_DE_NECESIDAD,PRIORIDAD_4_MEDIA_BAJA,ESCENARIO_DE_NECESIDAD,DEFICIT,PRIORIDAD_4_MEDIA_BAJA,6,49.90764715705244,PRIORIDAD_3_MEDIA,INTERVENCION_PROGRAMADA,31.39553317201036
16,4,78,93,139,3,4,9,AUTOBUS|FERROCARRIL,2,1,0,1,0,0,AUTOBUS|FERROCARRIL,2,1,0,1,0,0,AUTOBUS|FERROCARRIL,2,1,0,1,0,0,397.25073795737075,118.41127766037013,44.245074179546904,0.024018595041322314,0.5624377792314506,0.2923416876766772,0.4,1,0,0,0.3677025063030031,37.35,SOPORTE_FISICO_BAJO,25,MONOMODAL,50.0,92.36111111111111,76.38888888888889,69.44444444444444,46.18055555555556,50.34722222222222,22,12,22,10,70.0,INTERMODALIDAD_MEDIA,16,"POLYGON ((-58.45872023276527 -34.710854111390034, -58.463467186135226 -34.70888976945238, -58.46421761708402 -34.70505255448423, -58.4602212264287 -34.70317957837612, -58.45547416479667 -34.705143919384746, -58.451477466103384 -34.70327058326799, -58.44672996475734 -34.70523466729881, -58.44273295817415 -34.70336097111373, -58.43798501727746 -34.70532479806489, -58.437234191088244 -34.70916232211323, -58.44123143752346 -34.71103591623457, -58.44597927029975 -34.70907208836259, -58.44997620893113 -34.71094532237756, -58.44922555467967 -34.71478228220409, -58.45322242533463 -34.716655054082565, -58.45796971026933 -34.714690968215535, -58.45872023276527 -34.710854111390034))",92.36111111111111,92.36111111111111,54.9917,29.2342,40.0,41.6198,43.5238,58.941,56.5972,61.32,88.89,17,17,CENTRALIDAD_ESTRUCTURAL_ALTA,CENTRALIDAD_ESTRUCTURAL_MUY_ALTA,50.74,58.3802,DEFICIT_INFRAESTRUCTURAL,75.71,14,92.36111111111111,41.6198,43.5238,58.941,MEDIO,MUY_ALTO,MEDIO,MEDIO,MEDIO,MEDIO,PRIORIDAD_CRITICA,CENTRALIDAD_DEMANDA,CONECTIVIDAD,DEMANDA,ALTA_DEMANDA_BAJO_SOPORTE,17,14,AMPLIAR_INFRAESTRUCTURA,7.638888888888886,56.4762,41.059,43.4028,49.82955,82.81346555555555,IMPACTO_MUY_ALTO,52.193349999999995,MEDIA,71.12863433333334,PRIORIDAD_ALTA,INTERVENCION_INTEGRAL,Demanda elevada combinada con déficit infraestructural significativo y alta prioridad territorial.,11,10,11,INFRAESTRUCTURA|INTERMODALIDAD|INTEGRACION|CONECTIVIDAD,ALTA_DEMANDA_BAJO_SOPORTE,PROYECTO_INTEGRAL_CENTRALIDAD,ESCENARIO_CORTO_PLAZO,2-5 AÑOS,FASE_2,PRIORIDAD_1_MUY_ALTA,INTERVENCION_SELECTIVA,INFRAESTRUCTURA | INTERMODALIDAD | INTEGRACION_TERRITORIAL,"Reducir simultáneamente los principales déficits estructurales de la centralidad mediante una intervención integral sobre infraestructura, accesibilidad e integración.","Centralidad clasificada como CENTRALIDAD_DEMANDA, con diagnóstico ALTA_DEMANDA_BAJO_SOPORTE. Presenta demanda estructural de 92.36, soporte de infraestructura de 41.62, déficit estructural promedio de 49.83 y score de prioridad territorial de 71.13. La intervención recomendada es INTERVENCION_INTEGRAL.",70.04106636666667,11,9,7,AMBA-P011,AMBAC-016,ALTA,MEDIA,MEDIA,MEDIA,MEDIA,ALTO_IMPACTO_POTENCIAL,0.7101303547021461,0.6675460987823032,0.6845798011502404,IMPACTO,AMBA-E007,47.93763362098484,ESCENARIO_DE_NECESIDAD,PRIORIDAD_4_MEDIA_BAJA,ESCENARIO_DE_NECESIDAD,CONECTIVIDAD,PRIORIDAD_4_MEDIA_BAJA,7,30.086574651033622,PRIORIDAD_4_MEDIA_BAJA,SEGUIMIENTO_TERRITORIAL,4.019084362637915
5,3,70,72,112,2,2,4,AUTOBUS|FERROCARRIL,2,1,0,1,0,0,AUTOBUS|FERROCARRIL,2,1,0,1,0,0,AUTOBUS|FERROCARRIL|FLUVIAL,3,1,0,1,1,0,356.50707252584556,91.67324722093171,35.65070725258456,0.01859504132231405,0.5326265294694258,0.19955424691458712,0.4,1,0,0,0.3398662740743761,33.91,SOPORTE_FISICO_BAJO,43,INTERMODAL,100.0,95.83333333333334,96.52777777777779,69.44444444444444,46.18055555555556,50.34722222222222,4,7,4,3,70.0,INTERMODALIDAD_MEDIA,16,"POLYGON ((-58.39097405789324 -34.767053312731186, -58.394973393232014 -34.768925528486236, -58.3997240988331 -34.76696401085854, -58.40047557686168 -34.763130278232865, -58.40522595144617 -34.76116850331668, -58.40597733795195 -34.75733441181988, -58.40197848156514 -34.75546199281427, -58.39722799916826 -34.757423766964635, -58.393228835667315 -34.75555098754818, -58.38847791455472 -34.75751250366587, -58.38772626468832 -34.76134679995296, -58.39172566760323 -34.76321947775705, -58.39097405789324 -34.767053312731186))",95.83333333333334,95.83333333333334,51.9314,19.9554,40.0,37.2491,53.7041,59.9826,79.9769,65.8,96.53,6,6,CENTRALIDAD_ESTRUCTURAL_ALTA,CENTRALIDAD_ESTRUCTURAL_MUY_ALTA,58.58,62.7509,DEFICIT_INFRAESTRUCTURAL,80.93,3,95.83333333333334,37.2491,53.7041,59.9826,ALTO,MUY_ALTO,BAJO,MEDIO,MEDIO,MEDIO,PRIORIDAD_CRITICA,CENTRALIDAD_DEMANDA,INTEGRACION,DEMANDA|TERRITORIAL,ALTA_DEMANDA_BAJO_SOPORTE,6,3,AMPLIAR_INFRAESTRUCTURA,4.166666666666657,46.2959,40.0174,20.0231,42.271825,85.33003166666667,IMPACTO_MUY_ALTO,47.68128,MEDIA,71.46829650000001,PRIORIDAD_ALTA,INTERVENCION_INTEGRAL,Demanda elevada combinada con déficit infraestructural significativo y alta prioridad territorial.,9,9,9,INFRAESTRUCTURA|INTERMODALIDAD|CONECTIVIDAD,ALTA_DEMANDA_BAJO_SOPORTE,PROYECTO_INTEGRAL_CENTRALIDAD,ESCENARIO_CORTO_PLAZO,2-5 AÑOS,FASE_2,PRIORIDAD_1_MUY_ALTA,INTERVENCION_ESTRUCTURAL_ALTA,INFRAESTRUCTURA | INTERMODALIDAD | CONECTIVIDAD,"Reducir simultáneamente los principales déficits estructurales de la centralidad mediante una intervención integral sobre infraestructura, accesibilidad e integración.","Centralidad clasificada como CENTRALIDAD_DEMANDA, con diagnóstico ALTA_DEMANDA_BAJO_SOPORTE. Presenta demanda estructural de 95.83, soporte de infraestructura de 37.25, déficit estructural promedio de 42.27 y score de prioridad territorial de 71.47. La intervención recomendada es INTERVENCION_INTEGRAL.",69.9795043,12,10,8,AMBA-P012,AMBAC-005,ALTA,ALTA,MEDIA,MEDIA,BAJA,ALTA_DEMANDA_BAJO_SOPORTE,0.773502283777404,0.7091278853523829,0.7348776447223915,INTEGRACION,AMBA-E001,55.751448155260405,ESCENARIO_DE_NECESIDAD,PRIORIDAD_3_MEDIA,ESCENARIO_DE_NECESIDAD,INTEGRACION,PRIORIDAD_3_MEDIA,1,78.9423286344931,PRIORIDAD_2_ALTA,INTERVENCION_PRIORITARIA,75.93742375877676
15,2,5,6,6,2,2,2,AUTOBUS|FERROCARRIL,2,1,0,1,0,0,AUTOBUS|FERROCARRIL,2,1,0,1,0,0,AUTOBUS|FERROCARRIL,2,1,0,1,0,0,25.464790894703256,7.639437268410976,1.909859317102744,0.0015495867768595042,0.25358849344279244,0.19955424691458712,0.4,1,0,0,0.3398662740743761,23.89,SOPORTE_FISICO_BAJO,100,INTERMODAL,100.0,85.41666666666666,86.11111111111111,23.26388888888889,46.18055555555556,50.34722222222222,28,22,28,6,66.0,INTERMODALIDAD_MEDIA,102,"POLYGON ((-58.38366935993705 -34.89323048743762, -58.38766997180948 -34.895095788935144, -58.3924222555698 -34.893136585967675, -58.3931740352196 -34.8893120819305, -58.3891736628488 -34.88744667944571, -58.389925482676986 -34.883621714344116, -58.38592504270995 -34.88175585035028, -58.38117254344686 -34.88371505246651, -58.380420591891664 -34.88754011900003, -58.384421271322644 -34.889405881994186, -58.38366935993705 -34.89323048743762))",85.41666666666666,85.41666666666666,23.5531,19.9554,40.0,25.8137,45.6312,43.0556,76.5046,55.31,77.78,33,33,CENTRALIDAD_ESTRUCTURAL_MEDIA,CENTRALIDAD_ESTRUCTURAL_ALTA,59.6,74.1863,DEFICIT_INFRAESTRUCTURAL,75.09,15,85.41666666666666,25.8137,45.6312,43.0556,ALTO,MUY_ALTO,BAJO,MEDIO,MEDIO,MEDIO,PRIORIDAD_CRITICA,CENTRALIDAD_DEMANDA,INTEGRACION,DEMANDA|TERRITORIAL,ALTA_DEMANDA_BAJO_SOPORTE,33,15,AMPLIAR_INFRAESTRUCTURA,14.583333333333343,54.3688,56.9444,23.495400000000004,52.24872500000001,76.49207833333334,IMPACTO_MUY_ALTO,58.17991,MEDIA,70.5321645,PRIORIDAD_ALTA,INTERVENCION_INTEGRAL,Demanda elevada combinada con déficit infraestructural significativo y alta prioridad territorial.,14,12,14,INFRAESTRUCTURA|CONECTIVIDAD|INTERMODALIDAD,ALTA_DEMANDA_BAJO_SOPORTE,PROYECTO_INTEGRAL_CENTRALIDAD,ESCENARIO_URGENTE,0-2 AÑOS,FASE_1,PRIORIDAD_1_MUY_ALTA,INTERVENCION_ESTRUCTURAL_ALTA,INFRAESTRUCTURA | CONECTIVIDAD | INTERMODALIDAD,"Reducir simultáneamente los principales déficits estructurales de la centralidad mediante una intervención integral sobre infraestructura, accesibilidad e integración.","Centralidad clasificada como CENTRALIDAD_DEMANDA, con diagnóstico ALTA_DEMANDA_BAJO_SOPORTE. Presenta demanda estructural de 85.42, soporte de infraestructura de 25.81, déficit estructural promedio de 52.25 y score de prioridad territorial de 70.53. La intervención recomendada es INTERVENCION_INTEGRAL.",69.57331339999999,13,11,5,AMBA-P013,AMBAC-015,ALTA,ALTA,MEDIA,MEDIA,BAJA,ALTA_DEMANDA_BAJO_SOPORTE,0.7862135142629456,0.5763898163058057,0.6603192954886616,INTEGRACION,AMBA-E001,55.751448155260405,ESCENARIO_DE_NECESIDAD,PRIORIDAD_3_MEDIA,ESCENARIO_DE_NECESIDAD,INTEGRACION,PRIORIDAD_3_MEDIA,1,78.9423286344931,PRIORIDAD_2_ALTA,INTERVENCION_PRIORITARIA,75.93742375877676
12,2,52,57,64,0,2,2,AUTOBUS,1,0,0,1,0,0,AUTOBUS|FERROCARRIL,2,1,0,1,0,0,AUTOBUS|FERROCARRIL,2,1,0,1,0,0,264.83382530491383,72.57465404990428,20.371832715762604,0.014721074380165289,0.5054865469479658,0.19955424691458712,0.4,1,0,0,0.3398662740743761,32.9,SOPORTE_FISICO_BAJO,48,MONOMODAL,50.0,90.27777777777779,94.44444444444444,69.44444444444444,46.18055555555556,50.34722222222222,17,15,17,2,70.0,INTERMODALIDAD_MEDIA,16,"POLYGON ((-58.268868134681725 -34.810326586936554, -58.268114608959586 -34.814158462139225, -58.272118609006036 -34.81603311616163, -58.27687589650101 -34.81407599582869, -58.27762929073493 -34.81024422205391, -58.282386248463766 -34.808286842496514, -58.28313955125175 -34.804454708658454, -58.27913602780991 -34.80257985287344, -58.27437896324911 -34.80453723184178, -58.2736255289661 -34.80836946717536, -58.268868134681725 -34.810326586936554))",90.27777777777779,90.27777777777779,49.1473,19.9554,40.0,36.1232,41.2041,55.9896,62.6157,59.01,81.25,28,28,CENTRALIDAD_ESTRUCTURAL_MEDIA,CENTRALIDAD_ESTRUCTURAL_MUY_ALTA,54.15,63.8768,DEFICIT_INFRAESTRUCTURAL,75.83,13,90.27777777777779,36.1232,41.2041,55.9896,ALTO,MUY_ALTO,BAJO,MEDIO,MEDIO,MEDIO,PRIORIDAD_CRITICA,CENTRALIDAD_DEMANDA,DEFICIT,DEMANDA,ALTA_DEMANDA_BAJO_SOPORTE,28,13,AMPLIAR_INFRAESTRUCTURA,9.722222222222214,58.7959,44.0104,37.3843,51.01685,79.71725888888889,IMPACTO_MUY_ALTO,54.659420000000004,MEDIA,70.59367033333334,PRIORIDAD_ALTA,INTERVENCION_INTEGRAL,Demanda elevada combinada con déficit infraestructural significativo y alta prioridad territorial.,13,11,13,INFRAESTRUCTURA|INTERMODALIDAD|CONECTIVIDAD,ALTA_DEMANDA_BAJO_SOPORTE,PROYECTO_INTEGRAL_CENTRALIDAD,ESCENARIO_CORTO_PLAZO,2-5 AÑOS,FASE_2,PRIORIDAD_1_MUY_ALTA,INTERVENCION_ESTRUCTURAL_ALTA,INFRAESTRUCTURA | INTERMODALIDAD | CONECTIVIDAD,"Reducir simultáneamente los principales déficits estructurales de la centralidad mediante una intervención integral sobre infraestructura, accesibilidad e integración.","Centralidad clasificada como CENTRALIDAD_DEMANDA, con diagnóstico ALTA_DEMANDA_BAJO_SOPORTE. Presenta demanda estructural de 90.28, soporte de infraestructura de 36.12, déficit estructural promedio de 51.02 y score de prioridad territorial de 70.59. La intervención recomendada es INTERVENCION_INTEGRAL.",69.57207106666667,14,12,9,AMBA-P014,AMBAC-012,ALTA,ALTA,MEDIA,MEDIA,MEDIA,ALTA_DEMANDA_BAJO_SOPORTE,0.7370704628845292,0.6360101022472429,0.6764342465021573,DEMANDA,AMBA-E004,51.30732598678722,ESCENARIO_DE_NECESIDAD,PRIORIDAD_3_MEDIA,ESCENARIO_DE_NECESIDAD,DEFICIT,PRIORIDAD_3_MEDIA,5,51.25180617171997,PRIORIDAD_3_MEDIA,INTERVENCION_PROGRAMADA,72.7040020791035
30,3,38,40,42,1,1,1,AUTOBUS|FERROCARRIL,2,1,0,1,0,0,AUTOBUS|FERROCARRIL,2,1,0,1,0,0,AUTOBUS|FERROCARRIL,2,1,0,1,0,0,193.53241079974472,50.92958178940651,13.36901521971921,0.010330578512396695,0.4645127786483475,0.12590471182995822,0.4,1,0,0,0.3177714135489874,29.56,SOPORTE_FISICO_BAJO,71,MONOMODAL,50.0,84.72222222222221,68.05555555555556,69.44444444444444,46.18055555555556,50.34722222222222,30,23,30,7,70.0,INTERMODALIDAD_MEDIA,16,"POLYGON ((-58.906820209615454 -34.46896485572677, -58.91058966764952 -34.4720554564066, -58.91510506196183 -34.471285142251716, -58.915850675639255 -34.467424048721895, -58.91208093851063 -34.46433340009092, -58.91282654820279 -34.46047196260525, -58.91734185151298 -34.459701042964, -58.91808741370994 -34.45583913075216, -58.91431771611201 -34.452748269018805, -58.90980273535581 -34.45351936741888, -58.909057129656276 -34.45738114878617, -58.904542380502654 -34.4581518204054, -58.90379672733768 -34.46201312707446, -58.90756586678643 -34.465103892948264, -58.906820209615454 -34.46896485572677))",84.72222222222221,84.72222222222221,44.9488,12.5905,40.0,31.9432,39.3629,54.9479,53.8194,54.9,77.08,34,34,CENTRALIDAD_ESTRUCTURAL_MEDIA,CENTRALIDAD_ESTRUCTURAL_ALTA,52.78,68.0568,DEFICIT_INFRAESTRUCTURAL,71.95,21,84.72222222222221,31.9432,39.3629,54.9479,MEDIO,MUY_ALTO,BAJO,BAJO,MEDIO,MEDIO,PRIORIDAD_ALTA,CENTRALIDAD_DEMANDA,DEFICIT,DEMANDA,ALTA_DEMANDA_BAJO_SOPORTE,34,21,AMPLIAR_INFRAESTRUCTURA,15.277777777777786,60.6371,45.0521,46.1806,54.981649999999995,76.48144111111111,IMPACTO_MUY_ALTO,58.319505,MEDIA,69.91186466666666,PRIORIDAD_ALTA,AMPLIAR_INFRAESTRUCTURA,"Demanda 84.7/100 frente a infraestructura 31.9/100, con déficit infrastructural de 68.1 puntos.",16,3,16,INFRAESTRUCTURA|INTERMODALIDAD|INTEGRACION|CONECTIVIDAD,ALTA_DEMANDA_BAJO_SOPORTE,AMPLIACION_INFRAESTRUCTURA,ESCENARIO_CORTO_PLAZO,2-5 AÑOS,FASE_2,PRIORIDAD_2_ALTA,INTERVENCION_ESTRUCTURAL_ALTA,INFRAESTRUCTURA | INTERMODALIDAD | INTEGRACION_TERRITORIAL,Incrementar la capacidad y disponibilidad de infraestructura de movilidad en una centralidad con elevada demanda y déficit de soporte físico.,"Centralidad clasificada como CENTRALIDAD_DEMANDA, con diagnóstico ALTA_DEMANDA_BAJO_SOPORTE. Presenta demanda estructural de 84.72, soporte de infraestructura de 31.94, déficit estructural promedio de 54.98 y score de prioridad territorial de 69.91. La intervención recomendada es AMPLIAR_INFRAESTRUCTURA.",69.15844718333332,15,3,10,AMBA-P015,AMBAC-030,ALTA,ALTA,ALTA,MEDIA,MEDIA,ALTA_DEMANDA_BAJO_SOPORTE,0.7187269341140907,0.6103027911230364,0.6536724483194581,IMPACTO,AMBA-E006,47.97071742899471,ESCENARIO_DE_NECESIDAD,PRIORIDAD_4_MEDIA_BAJA,ESCENARIO_DE_NECESIDAD,DEFICIT,PRIORIDAD_4_MEDIA_BAJA,6,49.90764715705244,PRIORIDAD_3_MEDIA,INTERVENCION_PROGRAMADA,31.39553317201036
10,2,16,19,27,2,2,2,AUTOBUS|FERROCARRIL,2,1,0,1,0,0,AUTOBUS|FERROCARRIL,2,1,0,1,0,0,AUTOBUS|FERROCARRIL,2,1,0,1,0,0,81.48733086305042,24.19155134996809,8.594366926962348,0.00490702479338843,0.3794422222409767,0.19955424691458712,0.4,1,0,0,0.3398662740743761,28.34,SOPORTE_FISICO_BAJO,77,INTERMODAL,100.0,89.58333333333334,95.13888888888889,23.26388888888889,46.18055555555556,50.34722222222222,21,16,21,5,70.0,INTERMODALIDAD_MEDIA,16,"POLYGON ((-58.45918981264398 -34.819859433226114, -58.458439131894295 -34.823688247572, -58.46243655837201 -34.8255544042149, -58.46718442543135 -34.823591848133496, -58.46793497435148 -34.819763136047236, -58.47268250960255 -34.81780032292609, -58.47343296692835 -34.81397125218711, -58.469436020842984 -34.81210489223317, -58.464688377207516 -34.81406770470767, -58.4639377880457 -34.81789687777399, -58.45918981264398 -34.819859433226114))",89.58333333333334,89.58333333333334,36.2601,19.9554,40.0,30.9287,53.7041,45.6597,79.5139,60.15,84.03,24,24,CENTRALIDAD_ESTRUCTURAL_ALTA,CENTRALIDAD_ESTRUCTURAL_MUY_ALTA,58.65,69.07130000000001,DEFICIT_INFRAESTRUCTURAL,77.21,12,89.58333333333334,30.9287,53.7041,45.6597,ALTO,MUY_ALTO,BAJO,MEDIO,MEDIO,MEDIO,PRIORIDAD_CRITICA,CENTRALIDAD_DEMANDA,INTEGRACION,DEMANDA|TERRITORIAL,ALTA_DEMANDA_BAJO_SOPORTE,24,12,AMPLIAR_INFRAESTRUCTURA,10.416666666666657,46.2959,54.3403,20.486099999999993,47.5484,79.51034666666668,IMPACTO_MUY_ALTO,53.14347000000001,MEDIA,70.16834800000001,PRIORIDAD_ALTA,INTERVENCION_INTEGRAL,Demanda elevada combinada con déficit infraestructural significativo y alta prioridad territorial.,15,13,15,INFRAESTRUCTURA|CONECTIVIDAD|INTERMODALIDAD,ALTA_DEMANDA_BAJO_SOPORTE,PROYECTO_INTEGRAL_CENTRALIDAD,ESCENARIO_CORTO_PLAZO,2-5 AÑOS,FASE_2,PRIORIDAD_1_MUY_ALTA,INTERVENCION_ESTRUCTURAL_ALTA,INFRAESTRUCTURA | CONECTIVIDAD | INTERMODALIDAD,"Reducir simultáneamente los principales déficits estructurales de la centralidad mediante una intervención integral sobre infraestructura, accesibilidad e integración.","Centralidad clasificada como CENTRALIDAD_DEMANDA, con diagnóstico ALTA_DEMANDA_BAJO_SOPORTE. Presenta demanda estructural de 89.58, soporte de infraestructura de 30.93, déficit estructural promedio de 47.55 y score de prioridad territorial de 70.17. La intervención recomendada es INTERVENCION_INTEGRAL.",69.0159161,16,13,11,AMBA-P016,AMBAC-010,ALTA,ALTA,MEDIA,MEDIA,BAJA,ALTA_DEMANDA_BAJO_SOPORTE,0.7806469671899705,0.6190883501482953,0.6837117969649654,INTEGRACION,AMBA-E001,55.751448155260405,ESCENARIO_DE_NECESIDAD,PRIORIDAD_3_MEDIA,ESCENARIO_DE_NECESIDAD,INTEGRACION,PRIORIDAD_3_MEDIA,1,78.9423286344931,PRIORIDAD_2_ALTA,INTERVENCION_PRIORITARIA,75.93742375877676
39,2,12,13,33,0,0,1,AUTOBUS,1,0,0,1,0,0,AUTOBUS,1,0,0,1,0,0,AUTOBUS|FERROCARRIL,2,1,0,1,0,0,61.11549814728781,16.552114081557114,10.504226244065093,0.0033574380165289257,0.3369487741528316,0.0,0.2,0,0,0,0.13999999999999999,16.84,SOPORTE_FISICO_MUY_BAJO,123,MONOMODAL,50.0,78.47222222222221,65.97222222222221,95.83333333333334,95.48611111111111,50.34722222222222,14,32,14,18,40.0,INTERMODALIDAD_BAJA,115,"POLYGON ((-58.30842594582177 -34.78699883720445, -58.307673048915426 -34.7908319490559, -58.31167548460518 -34.79270628463503, -58.31643057855637 -34.79074760948708, -58.31718334391613 -34.7869145994183, -58.321938107708 -34.784955665748925, -58.322690781599775 -34.78112229604302, -58.31868882325698 -34.77924775814738, -58.31393395232036 -34.781206691149784, -58.31318114687526 -34.78504016270602, -58.30842594582177 -34.78699883720445))",78.47222222222221,78.47222222222221,31.9429,0.0,20.0,17.706,19.8438,67.6215,53.125,47.39,56.6,63,63,CENTRALIDAD_ESTRUCTURAL_MEDIA,CENTRALIDAD_ESTRUCTURAL_MEDIA,60.77,82.294,DEFICIT_INFRAESTRUCTURAL,71.39,22,78.47222222222221,17.706,19.8438,67.6215,MEDIO,ALTO,MUY_BAJO,MUY_BAJO,ALTO,ALTO,PRIORIDAD_ALTA,CENTRALIDAD_DEFICITARIA,DEFICIT,DEMANDA,PERFIL_EQUILIBRADO,63,22,MEJORAR_INTERMODALIDAD,21.527777777777786,80.1562,32.3785,46.875,60.425925,68.3012961111111,IMPACTO_ALTO,66.4636,ALTA,69.00201516666667,PRIORIDAD_ALTA,AMPLIAR_INFRAESTRUCTURA,"Demanda 78.5/100 frente a infraestructura 17.7/100, con déficit infrastructural de 82.3 puntos.",18,4,18,INFRAESTRUCTURA|INTERMODALIDAD|INTEGRACION,INTERVENCION_SELECTIVA,AMPLIACION_INFRAESTRUCTURA,ESCENARIO_CORTO_PLAZO,2-5 AÑOS,FASE_2,PRIORIDAD_2_ALTA,INTERVENCION_ESTRUCTURAL_MEDIA,INFRAESTRUCTURA | INTERMODALIDAD | INTEGRACION_TERRITORIAL,Incrementar la capacidad y disponibilidad de infraestructura de movilidad en una centralidad con elevada demanda y déficit de soporte físico.,"Centralidad clasificada como CENTRALIDAD_DEFICITARIA, con diagnóstico INTERVENCION_SELECTIVA. Presenta demanda estructural de 78.47, soporte de infraestructura de 17.71, déficit estructural promedio de 60.43 y score de prioridad territorial de 69.00. La intervención recomendada es AMPLIAR_INFRAESTRUCTURA.",68.51614503333333,17,4,12,AMBA-P017,AMBAC-039,ALTA,ALTA,ALTA,MEDIA,MEDIA,DEFICIT_ESTRUCTURAL_ALTO,0.7561725012995288,0.5848143029534921,0.6533575822919069,DEFICIT,AMBA-E004,51.30732598678722,ESCENARIO_DE_NECESIDAD,PRIORIDAD_3_MEDIA,ESCENARIO_DE_NECESIDAD,DEFICIT,PRIORIDAD_3_MEDIA,5,51.25180617171997,PRIORIDAD_3_MEDIA,INTERVENCION_PROGRAMADA,72.7040020791035
14,5,38,54,91,2,4,5,AUTOBUS|FERROCARRIL,2,1,0,1,0,0,AUTOBUS|FERROCARRIL,2,1,0,1,0,0,AUTOBUS|FERROCARRIL,2,1,0,1,0,0,193.53241079974472,68.75493541569878,28.966199642724952,0.013946280991735538,0.49921692756703323,0.2923416876766772,0.4,1,0,0,0.3677025063030031,34.99,SOPORTE_FISICO_BAJO,35,INTERMODAL,100.0,95.13888888888889,86.80555555555556,69.44444444444444,95.48611111111111,50.34722222222222,3,8,3,5,70.0,INTERMODALIDAD_MEDIA,16,"POLYGON ((-58.70845854043483 -34.54732299015177, -58.71221585743636 -34.55041368781486, -58.71672057823846 -34.54965521362572, -58.71746765909641 -34.545805862391475, -58.72197261362439 -34.54504696305942, -58.722719647630676 -34.541197137800246, -58.71896176948787 -34.53810634239876, -58.71445713787399 -34.53886542111751, -58.71069985870307 -34.53577451053232, -58.71144693058295 -34.531924472387665, -58.707689969810836 -34.52883339789823, -58.70318621774476 -34.52959241043405, -58.699429855947294 -34.52650122104112, -58.694926660608424 -34.52725998806358, -58.69417950418781 -34.53110976490102, -58.697935585338705 -34.534200905395366, -58.70243910356943 -34.533442317943575, -58.70619578374298 -34.53653334355968, -58.70544866505445 -34.54038290771602, -58.70920566362935 -34.54347376942218, -58.70845854043483 -34.54732299015177))",95.13888888888889,95.13888888888889,48.5044,29.2342,40.0,38.9953,56.0238,74.2188,76.7361,68.3,98.61,3,3,CENTRALIDAD_ESTRUCTURAL_ALTA,CENTRALIDAD_ESTRUCTURAL_MUY_ALTA,56.14,61.0047,DEFICIT_INFRAESTRUCTURAL,79.54,10,95.13888888888889,38.9953,56.0238,74.2188,ALTO,MUY_ALTO,BAJO,MEDIO,ALTO,MEDIO,PRIORIDAD_CRITICA,CENTRALIDAD_DEMANDA,DEFICIT,DEMANDA|TERRITORIAL|CONECTIVIDAD,ALTA_DEMANDA_BAJO_SOPORTE,3,10,AMPLIAR_INFRAESTRUCTURA,4.861111111111114,43.9762,25.7812,23.263900000000007,38.506499999999996,84.85374444444444,IMPACTO_MUY_ALTO,44.041755,MEDIA,69.60028166666666,PRIORIDAD_ALTA,INTERVENCION_INTEGRAL,Demanda elevada combinada con déficit infraestructural significativo y alta prioridad territorial.,17,14,17,INFRAESTRUCTURA|INTERMODALIDAD,ALTA_DEMANDA_BAJO_SOPORTE,PROYECTO_INTEGRAL_CENTRALIDAD,ESCENARIO_CORTO_PLAZO,2-5 AÑOS,FASE_2,PRIORIDAD_2_ALTA,INTERVENCION_ESTRUCTURAL_ALTA,INFRAESTRUCTURA | INTERMODALIDAD,"Reducir simultáneamente los principales déficits estructurales de la centralidad mediante una intervención integral sobre infraestructura, accesibilidad e integración.","Centralidad clasificada como CENTRALIDAD_DEMANDA, con diagnóstico ALTA_DEMANDA_BAJO_SOPORTE. Presenta demanda estructural de 95.14, soporte de infraestructura de 39.00, déficit estructural promedio de 38.51 y score de prioridad territorial de 69.60. La intervención recomendada es INTERVENCION_INTEGRAL.",68.05452208333332,18,14,13,AMBA-P018,AMBAC-014,ALTA,ALTA,MEDIA,BAJA,BAJA,ALTA_DEMANDA_BAJO_SOPORTE,0.7492642649121322,0.7697273031385085,0.761542087847958,IMPACTO,AMBA-E006,47.97071742899471,ESCENARIO_DE_NECESIDAD,PRIORIDAD_4_MEDIA_BAJA,ESCENARIO_DE_NECESIDAD,DEFICIT,PRIORIDAD_4_MEDIA_BAJA,6,49.90764715705244,PRIORIDAD_3_MEDIA,INTERVENCION_PROGRAMADA,31.39553317201036
28,1,21,21,23,0,0,0,AUTOBUS,1,0,0,1,0,0,AUTOBUS,1,0,0,1,0,0,AUTOBUS,1,0,0,1,0,0,106.95212175775367,26.73803043943842,7.321127382227186,0.005423553719008265,0.39076674425743785,0.0,0.2,0,0,0,0.13999999999999999,18.76,SOPORTE_FISICO_MUY_BAJO,118,MONOMODAL,50.0,72.22222222222221,88.19444444444444,23.26388888888889,46.18055555555556,50.34722222222222,51,41,51,10,40.0,INTERMODALIDAD_BAJA,115,"POLYGON ((-58.3356874888542 -34.80394653668381, -58.331685799013485 -34.80207384715094, -58.33243835261022 -34.798241861769846, -58.33719246445635 -34.79628266772868, -58.34119391539883 -34.79815545844619, -58.34044149339737 -34.801987342011394, -58.3356874888542 -34.80394653668381))",72.22222222222221,72.22222222222221,37.4137,0.0,20.0,19.9088,19.8438,18.5764,60.5324,39.45,36.81,92,92,CENTRALIDAD_ESTRUCTURAL_BAJA,CENTRALIDAD_ESTRUCTURAL_BAJA,52.31,80.0912,DEFICIT_INFRAESTRUCTURAL,64.26,31,72.22222222222221,19.9088,19.8438,18.5764,ALTO,ALTO,MUY_BAJO,MUY_BAJO,MUY_BAJO,MEDIO,PRIORIDAD_ALTA,CENTRALIDAD_DEFICITARIA,INTEGRACION,DEMANDA,PERFIL_EQUILIBRADO,92,31,MEJORAR_INTERMODALIDAD,27.777777777777786,80.1562,81.4236,39.4676,70.28465,61.21104111111111,IMPACTO_ALTO,74.28039000000001,ALTA,67.85556966666667,PRIORIDAD_ALTA,AMPLIAR_INFRAESTRUCTURA,"Demanda 72.2/100 frente a infraestructura 19.9/100, con déficit infrastructural de 80.1 puntos.",25,11,25,CONECTIVIDAD|INTERMODALIDAD|INFRAESTRUCTURA,INTERVENCION_SELECTIVA,AMPLIACION_INFRAESTRUCTURA,ESCENARIO_CORTO_PLAZO,2-5 AÑOS,FASE_2,PRIORIDAD_2_ALTA,INTERVENCION_ESTRUCTURAL_MEDIA,CONECTIVIDAD | INTERMODALIDAD | INFRAESTRUCTURA,Incrementar la capacidad y disponibilidad de infraestructura de movilidad en una centralidad con elevada demanda y déficit de soporte físico.,"Centralidad clasificada como CENTRALIDAD_DEFICITARIA, con diagnóstico INTERVENCION_SELECTIVA. Presenta demanda estructural de 72.22, soporte de infraestructura de 19.91, déficit estructural promedio de 70.28 y score de prioridad territorial de 67.86. La intervención recomendada es AMPLIAR_INFRAESTRUCTURA.",67.82261343333333,19,5,14,AMBA-P019,AMBAC-028,ALTA,ALTA,ALTA,ALTA,MEDIA,DEFICIT_ESTRUCTURAL_ALTO,0.760107069324142,0.33939018826007267,0.5076769406857004,URGENCIA,AMBA-E001,55.751448155260405,ESCENARIO_DE_NECESIDAD,PRIORIDAD_3_MEDIA,ESCENARIO_DE_NECESIDAD,INTEGRACION,PRIORIDAD_3_MEDIA,1,78.9423286344931,PRIORIDAD_2_ALTA,INTERVENCION_PRIORITARIA,75.93742375877676
9,1,52,79,168,3,5,11,AUTOBUS|FERROCARRIL,2,1,0,1,0,0,AUTOBUS|FERROCARRIL,2,1,0,1,0,0,AUTOBUS|FERROCARRIL|TRANVIA,3,1,0,1,0,1,264.83382530491383,100.58592403407786,53.47606087887684,0.020402892561983473,0.5434253034113294,0.3254589587445453,0.4,1,0,0,0.3776376876233636,37.46,SOPORTE_FISICO_BAJO,23,MONOMODAL,50.0,88.88888888888889,97.91666666666666,69.44444444444444,46.18055555555556,50.34722222222222,16,17,16,1,70.0,INTERMODALIDAD_MEDIA,16,"POLYGON ((-58.56284558074423 -34.646529547363265, -58.558853139678654 -34.64465734434431, -58.559602036001564 -34.64081661037086, -58.56434324148658 -34.63884818343564, -58.568335441569616 -34.64072048933564, -58.56758667715399 -34.64456111928113, -58.56284558074423 -34.646529547363265))",88.88888888888889,88.88888888888889,53.0397,32.5459,40.0,41.9467,44.3518,70.0521,63.7731,62.91,91.67,13,13,CENTRALIDAD_ESTRUCTURAL_ALTA,CENTRALIDAD_ESTRUCTURAL_MUY_ALTA,46.94,58.0533,DEFICIT_INFRAESTRUCTURAL,72.11,20,88.88888888888889,41.9467,44.3518,70.0521,ALTO,MUY_ALTO,MEDIO,MEDIO,ALTO,MEDIO,PRIORIDAD_ALTA,CENTRALIDAD_DEMANDA,CONECTIVIDAD,DEMANDA|CONECTIVIDAD,ALTA_DEMANDA_BAJO_SOPORTE,13,20,AMPLIAR_INFRAESTRUCTURA,11.111111111111114,55.6482,29.947900000000004,36.2269,44.969075000000004,80.93925944444445,IMPACTO_MUY_ALTO,48.556985000000005,MEDIA,68.83067316666667,PRIORIDAD_ALTA,AMPLIAR_INFRAESTRUCTURA,"Demanda 88.9/100 frente a infraestructura 41.9/100, con déficit infrastructural de 58.1 puntos.",19,5,19,INFRAESTRUCTURA|INTERMODALIDAD,ALTA_DEMANDA_BAJO_SOPORTE,AMPLIACION_INFRAESTRUCTURA,ESCENARIO_CORTO_PLAZO,2-5 AÑOS,FASE_2,PRIORIDAD_2_ALTA,INTERVENCION_SELECTIVA,INFRAESTRUCTURA | INTERMODALIDAD | INTEGRACION_TERRITORIAL,Incrementar la capacidad y disponibilidad de infraestructura de movilidad en una centralidad con elevada demanda y déficit de soporte físico.,"Centralidad clasificada como CENTRALIDAD_DEMANDA, con diagnóstico ALTA_DEMANDA_BAJO_SOPORTE. Presenta demanda estructural de 88.89, soporte de infraestructura de 41.95, déficit estructural promedio de 44.97 y score de prioridad territorial de 68.83. La intervención recomendada es AMPLIAR_INFRAESTRUCTURA.",67.60590788333333,20,6,15,AMBA-P020,AMBAC-009,ALTA,MEDIA,MEDIA,BAJA,MEDIA,ALTO_IMPACTO_POTENCIAL,0.7003983045637822,0.7038864086199366,0.7024911669974748,IMPACTO,AMBA-E002,54.190890610285415,ESCENARIO_ESTRATEGICO,PRIORIDAD_3_MEDIA,ESCENARIO_ESTRATEGICO,CONECTIVIDAD,PRIORIDAD_3_MEDIA,3,53.952995705743206,PRIORIDAD_3_MEDIA,INTERVENCION_PROGRAMADA,37.849913208420595
19,3,40,43,74,1,1,2,AUTOBUS|FERROCARRIL,2,1,0,1,0,0,AUTOBUS|FERROCARRIL,2,1,0,1,0,0,AUTOBUS|FERROCARRIL,2,1,0,1,0,0,203.71832715762605,54.749300423612,23.55493157760051,0.011105371900826446,0.47285969214745543,0.12590471182995822,0.4,1,0,0,0.3177714135489874,29.86,SOPORTE_FISICO_BAJO,68,INTERMODAL,100.0,86.80555555555556,72.91666666666666,69.44444444444444,46.18055555555556,50.34722222222222,11,20,11,9,70.0,INTERMODALIDAD_MEDIA,16,"POLYGON ((-58.3899811629321 -34.74984309081625, -58.39398039402211 -34.751716332327625, -58.39873098420248 -34.74975455895658, -58.39948245104359 -34.74591954487575, -58.40423271024096 -34.74395751437477, -58.404984085566376 -34.74012214150693, -58.40098533337542 -34.73824869659606, -58.396234966381236 -34.740210726286634, -58.39223590711439 -34.73833692095992, -58.38748510145361 -34.74029869273186, -58.38673346278936 -34.74413427062805, -58.39073276144372 -34.74600797426797, -58.3899811629321 -34.74984309081625))",86.80555555555556,86.80555555555556,45.8035,12.5905,40.0,32.2874,51.8629,62.7604,72.1065,61.11,88.19,18,18,CENTRALIDAD_ESTRUCTURAL_ALTA,CENTRALIDAD_ESTRUCTURAL_MUY_ALTA,54.52,67.71260000000001,DEFICIT_INFRAESTRUCTURAL,73.89,18,86.80555555555556,32.2874,51.8629,62.7604,ALTO,MUY_ALTO,BAJO,MEDIO,ALTO,MEDIO,PRIORIDAD_ALTA,CENTRALIDAD_DEMANDA,INTEGRACION,DEMANDA|TERRITORIAL,ALTA_DEMANDA_BAJO_SOPORTE,18,18,AMPLIAR_INFRAESTRUCTURA,13.194444444444443,48.1371,37.2396,27.893500000000003,45.2457,78.90891777777777,IMPACTO_MUY_ALTO,50.75126000000001,MEDIA,68.70250066666667,PRIORIDAD_ALTA,AMPLIAR_INFRAESTRUCTURA,"Demanda 86.8/100 frente a infraestructura 32.3/100, con déficit infrastructural de 67.7 puntos.",20,6,20,INFRAESTRUCTURA|INTERMODALIDAD,ALTA_DEMANDA_BAJO_SOPORTE,AMPLIACION_INFRAESTRUCTURA,ESCENARIO_CORTO_PLAZO,2-5 AÑOS,FASE_2,PRIORIDAD_2_ALTA,INTERVENCION_ESTRUCTURAL_ALTA,INFRAESTRUCTURA | INTERMODALIDAD | CONECTIVIDAD,Incrementar la capacidad y disponibilidad de infraestructura de movilidad en una centralidad con elevada demanda y déficit de soporte físico.,"Centralidad clasificada como CENTRALIDAD_DEMANDA, con diagnóstico ALTA_DEMANDA_BAJO_SOPORTE. Presenta demanda estructural de 86.81, soporte de infraestructura de 32.29, déficit estructural promedio de 45.25 y score de prioridad territorial de 68.70. La intervención recomendada es AMPLIAR_INFRAESTRUCTURA.",67.54077713333334,21,7,16,AMBA-P021,AMBAC-019,ALTA,ALTA,MEDIA,MEDIA,BAJA,ALTA_DEMANDA_BAJO_SOPORTE,0.7438764897871184,0.6815462230064183,0.7064783297186984,IMPACTO,AMBA-E001,55.751448155260405,ESCENARIO_DE_NECESIDAD,PRIORIDAD_3_MEDIA,ESCENARIO_DE_NECESIDAD,INTEGRACION,PRIORIDAD_3_MEDIA,1,78.9423286344931,PRIORIDAD_2_ALTA,INTERVENCION_PRIORITARIA,75.93742375877676
44,6,66,91,150,3,5,7,AUTOBUS|FERROCARRIL,2,1,0,1,0,0,AUTOBUS|FERROCARRIL,2,1,0,1,0,0,AUTOBUS|FERROCARRIL,2,1,0,1,0,0,336.13523981008296,115.86479857089981,47.7464829275686,0.02350206611570248,0.5599027673794839,0.3254589587445453,0.4,1,0,0,0.3776376876233636,38.09,SOPORTE_FISICO_BAJO,20,INTERMODAL,100.0,91.66666666666666,58.333333333333336,99.30555555555556,46.18055555555556,50.34722222222222,5,13,5,8,70.0,INTERMODALIDAD_MEDIA,16,"POLYGON ((-58.360510828255585 -34.67735276015405, -58.36526237910886 -34.67539074027017, -58.36601423615013 -34.67154983028427, -58.37076545647607 -34.66958755360698, -58.371517222054486 -34.665746284976045, -58.37626811180218 -34.66378375162921, -58.38026712840396 -34.66566248592717, -58.38501757991673 -34.66369969502178, -58.38576912242956 -34.65985817084001, -58.381770345034255 -34.65797933453445, -58.3770197859157 -34.659942124427005, -58.373020701870715 -34.65806292758484, -58.368269704588315 -34.66002545992318, -58.36427031404249 -34.658145902485195, -58.359518878760476 -34.66010817716775, -58.358766941491794 -34.66395001028368, -58.354015175766975 -34.66591202820867, -58.3532631470467 -34.66975350261757, -58.357263015610535 -34.67163285624245, -58.356511026997275 -34.6754738690706, -58.360510828255585 -34.67735276015405))",91.66666666666666,91.66666666666666,54.7314,32.5459,40.0,42.6333,56.8518,68.8368,67.2454,66.58,97.92,4,4,CENTRALIDAD_ESTRUCTURAL_ALTA,CENTRALIDAD_ESTRUCTURAL_MUY_ALTA,49.03,57.3667,DEFICIT_INFRAESTRUCTURAL,74.61,16,91.66666666666666,42.6333,56.8518,68.8368,ALTO,MUY_ALTO,MEDIO,MEDIO,ALTO,MEDIO,PRIORIDAD_ALTA,CENTRALIDAD_DEMANDA,CONECTIVIDAD,DEMANDA,ALTA_DEMANDA_BAJO_SOPORTE,4,16,AMPLIAR_INFRAESTRUCTURA,8.333333333333343,43.1482,31.163200000000003,32.754599999999996,41.108175,83.43096833333333,IMPACTO_MUY_ALTO,44.879560000000005,MEDIA,68.6473835,PRIORIDAD_ALTA,AMPLIAR_INFRAESTRUCTURA,"Demanda 91.7/100 frente a infraestructura 42.6/100, con déficit infrastructural de 57.4 puntos.",21,7,21,INFRAESTRUCTURA|INTERMODALIDAD,ALTA_DEMANDA_BAJO_SOPORTE,AMPLIACION_INFRAESTRUCTURA,ESCENARIO_CORTO_PLAZO,2-5 AÑOS,FASE_2,PRIORIDAD_2_ALTA,INTERVENCION_SELECTIVA,INFRAESTRUCTURA | INTERMODALIDAD | INTEGRACION_TERRITORIAL,Incrementar la capacidad y disponibilidad de infraestructura de movilidad en una centralidad con elevada demanda y déficit de soporte físico.,"Centralidad clasificada como CENTRALIDAD_DEMANDA, con diagnóstico ALTA_DEMANDA_BAJO_SOPORTE. Presenta demanda estructural de 91.67, soporte de infraestructura de 42.63, déficit estructural promedio de 41.11 y score de prioridad territorial de 68.65. La intervención recomendada es AMPLIAR_INFRAESTRUCTURA.",67.2997477,22,8,17,AMBA-P022,AMBAC-044,ALTA,MEDIA,MEDIA,MEDIA,MEDIA,ALTO_IMPACTO_POTENCIAL,0.7070355833526493,0.7381873363052103,0.7257266351241858,IMPACTO,AMBA-E007,47.93763362098484,ESCENARIO_DE_NECESIDAD,PRIORIDAD_4_MEDIA_BAJA,ESCENARIO_DE_NECESIDAD,CONECTIVIDAD,PRIORIDAD_4_MEDIA_BAJA,7,30.086574651033622,PRIORIDAD_4_MEDIA_BAJA,SEGUIMIENTO_TERRITORIAL,4.019084362637915
38,1,0,0,0,0,0,0,,0,0,0,0,0,0,,0,0,0,0,0,0,,0,0,0,0,0,0,0.0,0.0,0.0,0.0,0.0,0.0,0.0,0,0,0,0.0,0.0,SOPORTE_FISICO_MUY_BAJO,143,MONOMODAL,50.0,62.5,79.86111111111111,23.26388888888889,46.18055555555556,50.34722222222222,66,55,66,11,0.0,SIN_INFRAESTRUCTURA_500M,143,"POLYGON ((-58.377653452202985 -34.92381748101807, -58.37365225708417 -34.921953404995094, -58.37440436280543 -34.918130801103, -58.37915753191596 -34.91617237437754, -58.38315848760444 -34.918036551211365, -58.38240651361665 -34.921859053951, -58.377653452202985 -34.92381748101807))",62.5,62.5,0.0,0.0,0.0,0.0,11.0243,17.5347,57.7546,29.36,15.62,122,122,CENTRALIDAD_ESTRUCTURAL_BAJA,CENTRALIDAD_ESTRUCTURAL_MUY_BAJA,62.5,100.0,DEFICIT_INFRAESTRUCTURAL,62.5,34,62.5,0.0,11.0243,17.5347,MEDIO,ALTO,MUY_BAJO,MUY_BAJO,MUY_BAJO,ALTO,PRIORIDAD_ALTA,CENTRALIDAD_LOCAL,INTEGRACION,DEMANDA,PERFIL_EQUILIBRADO,122,34,MANTENER_Y_OPTIMIZAR,37.5,88.9757,82.4653,42.2454,78.42160000000001,51.62032000000001,IMPACTO_MEDIO,85.073795,URGENTE,66.835187,PRIORIDAD_ALTA,MEJORAR_INTERMODALIDAD,Existe un déficit relevante de intermodalidad respecto del potencial estructural de la centralidad.,29,1,29,INFRAESTRUCTURA|INTERMODALIDAD|CONECTIVIDAD|INTEGRACION,INTERVENCION_SELECTIVA,MEJORA_INTERMODAL,ESCENARIO_CORTO_PLAZO,2-5 AÑOS,FASE_2,PRIORIDAD_2_ALTA,INTERVENCION_ESTRUCTURAL_MEDIA,INFRAESTRUCTURA | INTERMODALIDAD | CONECTIVIDAD,Mejorar las condiciones de intercambio entre modos de transporte y fortalecer la articulación intermodal.,"Centralidad clasificada como CENTRALIDAD_LOCAL, con diagnóstico INTERVENCION_SELECTIVA. Presenta demanda estructural de 62.50, soporte de infraestructura de 0.00, déficit estructural promedio de 78.42 y score de prioridad territorial de 66.84. La intervención recomendada es MEJORAR_INTERMODALIDAD.",67.28874815,23,1,18,AMBA-P023,AMBAC-038,MEDIA,ALTA,ALTA,ALTA,MEDIA,DEFICIT_ESTRUCTURAL_MEDIO,0.8032366868287397,0.27190303738706034,0.48443649716373216,DEFICIT,AMBA-E001,55.751448155260405,ESCENARIO_DE_NECESIDAD,PRIORIDAD_3_MEDIA,ESCENARIO_DE_NECESIDAD,INTEGRACION,PRIORIDAD_3_MEDIA,1,78.9423286344931,PRIORIDAD_2_ALTA,INTERVENCION_PRIORITARIA,75.93742375877676
13,2,53,58,62,2,2,2,AUTOBUS|FERROCARRIL,2,1,0,1,0,0,AUTOBUS|FERROCARRIL,2,1,0,1,0,0,AUTOBUS|FERROCARRIL,2,1,0,1,0,0,269.9267834838545,73.84789359463944,19.735212943395023,0.014979338842975207,0.5075042799813676,0.19955424691458712,0.4,1,0,0,0.3398662740743761,32.98,SOPORTE_FISICO_BAJO,47,INTERMODAL,100.0,87.5,92.36111111111111,69.44444444444444,46.18055555555556,50.34722222222222,7,19,7,12,70.0,INTERMODALIDAD_MEDIA,16,"POLYGON ((-58.38369805232855 -34.82639742093091, -58.38294622595713 -34.83022669250829, -58.3869463529753 -34.83209562979812, -58.391698066935426 -34.83013539677716, -58.39244976160594 -34.82630622705592, -58.39720114455034 -34.82434573602611, -58.397952747680726 -34.82051620703793, -58.39395309957814 -34.818647067147005, -58.38920160885904 -34.82060755757874, -58.38844987402114 -34.82443718849073, -58.38369805232855 -34.82639742093091))",87.5,87.5,49.3542,19.9554,40.0,36.2076,53.7041,55.4688,78.588,62.22,89.58,16,16,CENTRALIDAD_ESTRUCTURAL_ALTA,CENTRALIDAD_ESTRUCTURAL_MUY_ALTA,51.29,63.7924,DEFICIT_INFRAESTRUCTURAL,73.02,19,87.5,36.2076,53.7041,55.4688,ALTO,MUY_ALTO,BAJO,MEDIO,MEDIO,MEDIO,PRIORIDAD_ALTA,CENTRALIDAD_DEMANDA,INTEGRACION,DEMANDA|TERRITORIAL,ALTA_DEMANDA_BAJO_SOPORTE,16,19,AMPLIAR_INFRAESTRUCTURA,12.5,46.2959,44.5312,21.412000000000006,44.007875000000006,79.425575,IMPACTO_MUY_ALTO,49.208975,MEDIA,68.4811425,PRIORIDAD_ALTA,AMPLIAR_INFRAESTRUCTURA,"Demanda 87.5/100 frente a infraestructura 36.2/100, con déficit infrastructural de 63.8 puntos.",22,8,22,INFRAESTRUCTURA|INTERMODALIDAD|CONECTIVIDAD,ALTA_DEMANDA_BAJO_SOPORTE,AMPLIACION_INFRAESTRUCTURA,ESCENARIO_CORTO_PLAZO,2-5 AÑOS,FASE_2,PRIORIDAD_2_ALTA,INTERVENCION_ESTRUCTURAL_ALTA,INFRAESTRUCTURA | INTERMODALIDAD | CONECTIVIDAD,Incrementar la capacidad y disponibilidad de infraestructura de movilidad en una centralidad con elevada demanda y déficit de soporte físico.,"Centralidad clasificada como CENTRALIDAD_DEMANDA, con diagnóstico ALTA_DEMANDA_BAJO_SOPORTE. Presenta demanda estructural de 87.50, soporte de infraestructura de 36.21, déficit estructural promedio de 44.01 y score de prioridad territorial de 68.48. La intervención recomendada es AMPLIAR_INFRAESTRUCTURA.",67.23198225,24,9,19,AMBA-P024,AMBAC-013,ALTA,ALTA,MEDIA,MEDIA,BAJA,ALTA_DEMANDA_BAJO_SOPORTE,0.7442057020086938,0.6560154944959499,0.6912915775010474,INTEGRACION,AMBA-E001,55.751448155260405,ESCENARIO_DE_NECESIDAD,PRIORIDAD_3_MEDIA,ESCENARIO_DE_NECESIDAD,INTEGRACION,PRIORIDAD_3_MEDIA,1,78.9423286344931,PRIORIDAD_2_ALTA,INTERVENCION_PRIORITARIA,75.93742375877676
21,1,13,20,35,0,2,3,AUTOBUS,1,0,0,1,0,0,AUTOBUS|FERROCARRIL,2,1,0,1,0,0,AUTOBUS|FERROCARRIL,2,1,0,1,0,0,66.20845632622846,25.464790894703256,11.140846016432674,0.005165289256198347,0.3852407435141075,0.19955424691458712,0.4,1,0,0,0.3398662740743761,28.55,SOPORTE_FISICO_BAJO,76,MONOMODAL,50.0,79.16666666666666,93.75,23.26388888888889,46.18055555555556,50.34722222222222,43,31,43,12,70.0,INTERMODALIDAD_MEDIA,16,"POLYGON ((-58.207805811296694 -34.76494952620735, -58.20379999529701 -34.763069265270985, -58.20455440670485 -34.75923282887604, -58.20931450277131 -34.757276754896, -58.213320081184705 -34.75915711664711, -58.212565801122004 -34.762993451554706, -58.207805811296694 -34.76494952620735))",79.16666666666666,79.16666666666666,36.8507,19.9554,40.0,31.1669,41.2041,50.7812,62.3843,53.64,75.69,36,36,CENTRALIDAD_ESTRUCTURAL_MEDIA,CENTRALIDAD_ESTRUCTURAL_ALTA,48.0,68.8331,DEFICIT_INFRAESTRUCTURAL,66.7,29,79.16666666666666,31.1669,41.2041,50.7812,ALTO,ALTO,BAJO,MEDIO,MEDIO,MEDIO,PRIORIDAD_ALTA,CENTRALIDAD_DEFICITARIA,DEFICIT,DEMANDA,PERFIL_EQUILIBRADO,36,29,MEJORAR_INTERMODALIDAD,20.833333333333343,58.7959,49.2188,37.6157,53.615875,73.01350833333332,IMPACTO_ALTO,57.71833000000001,MEDIA,67.8351875,PRIORIDAD_ALTA,AMPLIAR_INFRAESTRUCTURA,"Demanda 79.2/100 frente a infraestructura 31.2/100, con déficit infrastructural de 68.8 puntos.",26,12,26,INFRAESTRUCTURA|INTERMODALIDAD|CONECTIVIDAD,INTERVENCION_SELECTIVA,AMPLIACION_INFRAESTRUCTURA,ESCENARIO_CORTO_PLAZO,2-5 AÑOS,FASE_2,PRIORIDAD_2_ALTA,INTERVENCION_ESTRUCTURAL_MEDIA,INFRAESTRUCTURA | INTERMODALIDAD | CONECTIVIDAD,Incrementar la capacidad y disponibilidad de infraestructura de movilidad en una centralidad con elevada demanda y déficit de soporte físico.,"Centralidad clasificada como CENTRALIDAD_DEFICITARIA, con diagnóstico INTERVENCION_SELECTIVA. Presenta demanda estructural de 79.17, soporte de infraestructura de 31.17, déficit estructural promedio de 53.62 y score de prioridad territorial de 67.84. La intervención recomendada es AMPLIAR_INFRAESTRUCTURA.",67.094407,25,10,20,AMBA-P025,AMBAC-021,ALTA,ALTA,MEDIA,MEDIA,MEDIA,DEFICIT_ESTRUCTURAL_MEDIO,0.7147223430055464,0.576119067120411,0.6315603774744651,IMPACTO,AMBA-E004,51.30732598678722,ESCENARIO_DE_NECESIDAD,PRIORIDAD_3_MEDIA,ESCENARIO_DE_NECESIDAD,DEFICIT,PRIORIDAD_3_MEDIA,5,51.25180617171997,PRIORIDAD_3_MEDIA,INTERVENCION_PROGRAMADA,72.7040020791035
22,3,128,185,293,4,10,18,AUTOBUS|FERROCARRIL,2,1,0,1,0,0,AUTOBUS|FERROCARRIL,2,1,0,1,0,0,AUTOBUS|FERROCARRIL,2,1,0,1,0,0,651.8986469044033,235.5493157760051,93.26479665185067,0.04777892561983471,0.6428281645235828,0.43555874103997483,0.4,1,0,0,0.4106676223119924,44.1,SOPORTE_FISICO_MEDIO,9,MONOMODAL,50.0,88.19444444444444,77.08333333333334,69.44444444444444,46.18055555555556,50.34722222222222,23,18,23,5,70.0,INTERMODALIDAD_MEDIA,16,"POLYGON ((-58.53190732287941 -34.58166804054065, -58.535900209577505 -34.583544969783965, -58.54064206324119 -34.58157629993172, -58.541391139033266 -34.57773070215021, -58.54613266043833 -34.57576177855285, -58.546881644671544 -34.571915823995454, -58.54288923933751 -34.57003868860404, -58.538147609060395 -34.57200761087767, -58.53415489445651 -34.57013011605547, -58.52941282316088 -34.57209878328295, -58.528663575274585 -34.57594494664333, -58.532656530499196 -34.57782233840466, -58.53190732287941 -34.58166804054065))",88.19444444444444,88.19444444444444,63.252,43.5559,40.0,49.82,47.1042,60.5035,56.8287,63.09,92.36,12,12,CENTRALIDAD_ESTRUCTURAL_ALTA,CENTRALIDAD_ESTRUCTURAL_MUY_ALTA,38.37,50.18,DEFICIT_INFRAESTRUCTURAL,68.26,26,88.19444444444444,49.82,47.1042,60.5035,MEDIO,MUY_ALTO,MEDIO,MEDIO,ALTO,BAJO,PRIORIDAD_ALTA,CENTRALIDAD_DEMANDA,CONECTIVIDAD,DEMANDA,ALTA_DEMANDA_BAJO_SOPORTE,12,26,MEJORAR_INTERMODALIDAD,11.805555555555557,52.8958,39.4965,43.1713,46.4359,81.09240222222223,IMPACTO_MUY_ALTO,47.670945,MEDIA,68.09043633333334,PRIORIDAD_ALTA,AMPLIAR_INFRAESTRUCTURA,"Demanda 88.2/100 frente a infraestructura 49.8/100, con déficit infrastructural de 50.2 puntos.",23,9,23,INTERMODALIDAD|INFRAESTRUCTURA|INTEGRACION,ALTA_DEMANDA_BAJO_SOPORTE,AMPLIACION_INFRAESTRUCTURA,ESCENARIO_CORTO_PLAZO,2-5 AÑOS,FASE_2,PRIORIDAD_2_ALTA,INTERVENCION_SELECTIVA,INTERMODALIDAD | INFRAESTRUCTURA | INTEGRACION_TERRITORIAL,Incrementar la capacidad y disponibilidad de infraestructura de movilidad en una centralidad con elevada demanda y déficit de soporte físico.,"Centralidad clasificada como CENTRALIDAD_DEMANDA, con diagnóstico ALTA_DEMANDA_BAJO_SOPORTE. Presenta demanda estructural de 88.19, soporte de infraestructura de 49.82, déficit estructural promedio de 46.44 y score de prioridad territorial de 68.09. La intervención recomendada es AMPLIAR_INFRAESTRUCTURA.",66.97780751666667,26,11,21,AMBA-P026,AMBAC-022,ALTA,MEDIA,MEDIA,MEDIA,MEDIA,ALTO_IMPACTO_POTENCIAL,0.657374208426193,0.6665026795924336,0.6628512911259373,IMPACTO,AMBA-E002,54.190890610285415,ESCENARIO_ESTRATEGICO,PRIORIDAD_3_MEDIA,ESCENARIO_ESTRATEGICO,CONECTIVIDAD,PRIORIDAD_3_MEDIA,3,53.952995705743206,PRIORIDAD_3_MEDIA,INTERVENCION_PROGRAMADA,37.849913208420595
46,2,34,54,100,2,2,4,AUTOBUS|FERROCARRIL,2,1,0,1,0,0,AUTOBUS|FERROCARRIL,2,1,0,1,0,0,AUTOBUS|FERROCARRIL,2,1,0,1,0,0,173.16057808398213,68.75493541569878,31.830988618379067,0.013946280991735538,0.49921692756703323,0.19955424691458712,0.4,1,0,0,0.3398662740743761,32.67,SOPORTE_FISICO_BAJO,51,MONOMODAL,50.0,82.63888888888889,71.52777777777779,69.44444444444444,46.18055555555556,50.34722222222222,31,26,31,5,70.0,INTERMODALIDAD_MEDIA,16,"POLYGON ((-58.61403673768641 -34.76372971321663, -58.617791204833715 -34.76681681658254, -58.622294355718395 -34.7660718841792, -58.62304271585075 -34.76223966980318, -58.61928796696335 -34.75915251668025, -58.62003632236567 -34.75531995759677, -58.61628189232013 -34.75223263844529, -58.61177938860198 -34.752977928136886, -58.61103099136787 -34.75681035829847, -58.61478513967106 -34.75989762769768, -58.61403673768641 -34.76372971321663))",82.63888888888889,82.63888888888889,48.5044,19.9554,40.0,35.8637,41.2041,64.8438,54.9769,57.22,80.56,29,29,CENTRALIDAD_ESTRUCTURAL_MEDIA,CENTRALIDAD_ESTRUCTURAL_MUY_ALTA,46.78,64.1363,DEFICIT_INFRAESTRUCTURAL,68.3,25,82.63888888888889,35.8637,41.2041,64.8438,MEDIO,MUY_ALTO,BAJO,MEDIO,ALTO,MEDIO,PRIORIDAD_ALTA,CENTRALIDAD_DEMANDA,IMPACTO,DEMANDA,ALTA_DEMANDA_BAJO_SOPORTE,29,25,AMPLIAR_INFRAESTRUCTURA,17.361111111111114,58.7959,35.1562,45.0231,50.777875,75.64301944444443,IMPACTO_MUY_ALTO,54.138200000000005,MEDIA,67.72144416666666,PRIORIDAD_ALTA,AMPLIAR_INFRAESTRUCTURA,"Demanda 82.6/100 frente a infraestructura 35.9/100, con déficit infrastructural de 64.1 puntos.",27,13,27,INFRAESTRUCTURA|INTERMODALIDAD|INTEGRACION,ALTA_DEMANDA_BAJO_SOPORTE,AMPLIACION_INFRAESTRUCTURA,ESCENARIO_CORTO_PLAZO,2-5 AÑOS,FASE_2,PRIORIDAD_2_ALTA,INTERVENCION_ESTRUCTURAL_ALTA,INFRAESTRUCTURA | INTERMODALIDAD | INTEGRACION_TERRITORIAL,Incrementar la capacidad y disponibilidad de infraestructura de movilidad en una centralidad con elevada demanda y déficit de soporte físico.,"Centralidad clasificada como CENTRALIDAD_DEMANDA, con diagnóstico ALTA_DEMANDA_BAJO_SOPORTE. Presenta demanda estructural de 82.64, soporte de infraestructura de 35.86, déficit estructural promedio de 50.78 y score de prioridad territorial de 67.72. La intervención recomendada es AMPLIAR_INFRAESTRUCTURA.",66.87219383333333,27,12,22,AMBA-P027,AMBAC-046,ALTA,ALTA,MEDIA,MEDIA,MEDIA,ALTA_DEMANDA_BAJO_SOPORTE,0.6900000781781122,0.6481221073234069,0.664873295665289,IMPACTO,AMBA-E003,53.74391081151112,ESCENARIO_DE_NECESIDAD,PRIORIDAD_3_MEDIA,ESCENARIO_DE_NECESIDAD,IMPACTO,PRIORIDAD_3_MEDIA,4,52.19918466555358,PRIORIDAD_3_MEDIA,INTERVENCION_PROGRAMADA,62.99172403916424
49,5,114,166,269,6,6,11,AUTOBUS|FERROCARRIL|TRANVIA,3,1,0,1,0,1,AUTOBUS|FERROCARRIL|TRANVIA,3,1,0,1,0,1,AUTOBUS|FERROCARRIL|TRANVIA,3,1,0,1,0,1,580.5972323992343,211.35776442603702,85.6253593834397,0.042871900826446284,0.630140811547512,0.3534592124660774,0.6,1,0,0,0.5260377637398232,46.53,SOPORTE_FISICO_MEDIO,4,MONOMODAL,50.0,90.97222222222221,65.27777777777779,69.44444444444444,46.18055555555556,50.34722222222222,27,14,27,13,85.0,INTERMODALIDAD_MUY_ALTA,3,"POLYGON ((-58.54737009487693 -34.68117909108791, -58.54662095307198 -34.68501701332316, -58.550614151683284 -34.68688741914841, -58.55535625120109 -34.68492000537485, -58.55934914018907 -34.686790051844255, -58.564090798090405 -34.68482238243111, -58.564839676064764 -34.680984667594274, -58.56958100132289 -34.67901674368474, -58.570329787683235 -34.675178671686204, -58.566337380718316 -34.67330841980021, -58.567086207398106 -34.66946988685769, -58.563093731637586 -34.66759917294684, -58.55835218819516 -34.66956709473247, -58.5576032295949 -34.67340573148918, -58.55286135359265 -34.67537339881436, -58.552112303389116 -34.67921167834735, -58.54737009487693 -34.68117909108791))",90.97222222222221,90.97222222222221,61.9478,35.3459,60.0,51.265,58.2115,60.8507,52.8935,66.17,97.22,5,5,CENTRALIDAD_ESTRUCTURAL_ALTA,CENTRALIDAD_ESTRUCTURAL_MUY_ALTA,39.71,48.735,CENTRALIDAD_ESTRATEGICA,70.47,24,90.97222222222221,51.265,58.2115,60.8507,MEDIO,MUY_ALTO,MEDIO,MEDIO,ALTO,BAJO,PRIORIDAD_ALTA,CENTRALIDAD_ESTRATEGICA,IMPACTO,DEMANDA,PERFIL_EQUILIBRADO,5,24,MANTENER_Y_OPTIMIZAR,9.027777777777786,41.7885,39.1493,47.1065,44.194824999999994,83.49107611111111,IMPACTO_MUY_ALTO,44.83696,MEDIA,67.96069316666667,PRIORIDAD_ALTA,AMPLIAR_INFRAESTRUCTURA,"Demanda 91.0/100 frente a infraestructura 51.3/100, con déficit infrastructural de 48.7 puntos.",24,10,24,INFRAESTRUCTURA|INTEGRACION|INTERMODALIDAD,INTERVENCION_SELECTIVA,AMPLIACION_INFRAESTRUCTURA,ESCENARIO_CORTO_PLAZO,2-5 AÑOS,FASE_2,PRIORIDAD_2_ALTA,INTERVENCION_SELECTIVA,INFRAESTRUCTURA | INTEGRACION_TERRITORIAL | INTERMODALIDAD,Incrementar la capacidad y disponibilidad de infraestructura de movilidad en una centralidad con elevada demanda y déficit de soporte físico.,"Centralidad clasificada como CENTRALIDAD_ESTRATEGICA, con diagnóstico INTERVENCION_SELECTIVA. Presenta demanda estructural de 90.97, soporte de infraestructura de 51.27, déficit estructural promedio de 44.19 y score de prioridad territorial de 67.96. La intervención recomendada es AMPLIAR_INFRAESTRUCTURA.",66.82169063333333,28,13,23,AMBA-P028,AMBAC-049,ALTA,MEDIA,MEDIA,MEDIA,MEDIA,ALTO_IMPACTO_POTENCIAL,0.6487078153260619,0.7037709714465048,0.6817457089983276,IMPACTO,AMBA-E003,53.74391081151112,ESCENARIO_DE_NECESIDAD,PRIORIDAD_3_MEDIA,ESCENARIO_DE_NECESIDAD,IMPACTO,PRIORIDAD_3_MEDIA,4,52.19918466555358,PRIORIDAD_3_MEDIA,INTERVENCION_PROGRAMADA,62.99172403916424
50,2,27,35,47,0,0,3,AUTOBUS,1,0,0,1,0,0,AUTOBUS,1,0,0,1,0,0,AUTOBUS|FERROCARRIL,2,1,0,1,0,0,137.50987083139756,44.563384065730695,14.960564650638162,0.009039256198347107,0.44913236307384297,0.0,0.2,0,0,0,0.13999999999999999,20.86,SOPORTE_FISICO_BAJO,109,MONOMODAL,50.0,70.83333333333334,56.94444444444444,69.44444444444444,46.18055555555556,50.34722222222222,41,43,41,2,40.0,INTERMODALIDAD_BAJA,115,"POLYGON ((-58.25261536340645 -34.781780083814276, -58.25186163752527 -34.7856142671417, -58.25586597087999 -34.787491232217675, -58.26062379203175 -34.78553411487491, -58.261377386469036 -34.78170003310248, -58.266134878067405 -34.77974265662206, -58.26688838108204 -34.77590821481184, -58.262884523952984 -34.774031047850606, -58.25812692566778 -34.77598842367614, -58.25737329120246 -34.77982296710898, -58.25261536340645 -34.781780083814276))",70.83333333333334,70.83333333333334,43.3746,0.0,20.0,22.3101,19.8438,31.8576,50.1157,40.59,40.28,87,87,CENTRALIDAD_ESTRUCTURAL_MEDIA,CENTRALIDAD_ESTRUCTURAL_MEDIA,48.52,77.6899,DEFICIT_INFRAESTRUCTURAL,61.91,37,70.83333333333334,22.3101,19.8438,31.8576,MEDIO,ALTO,BAJO,MUY_BAJO,BAJO,MEDIO,PRIORIDAD_ALTA,CENTRALIDAD_DEFICITARIA,DEFICIT,DEMANDA,PERFIL_EQUILIBRADO,87,37,MEJORAR_INTERMODALIDAD,29.166666666666657,80.1562,68.1424,49.8843,68.9682,61.29430666666667,IMPACTO_ALTO,72.226135,ALTA,66.749629,PRIORIDAD_ALTA,AMPLIAR_INFRAESTRUCTURA,"Demanda 70.8/100 frente a infraestructura 22.3/100, con déficit infrastructural de 77.7 puntos.",31,16,31,INTERMODALIDAD|INFRAESTRUCTURA|CONECTIVIDAD|INTEGRACION,INTERVENCION_SELECTIVA,AMPLIACION_INFRAESTRUCTURA,ESCENARIO_CORTO_PLAZO,2-5 AÑOS,FASE_2,PRIORIDAD_2_ALTA,INTERVENCION_ESTRUCTURAL_MEDIA,INTERMODALIDAD | INFRAESTRUCTURA | CONECTIVIDAD,Incrementar la capacidad y disponibilidad de infraestructura de movilidad en una centralidad con elevada demanda y déficit de soporte físico.,"Centralidad clasificada como CENTRALIDAD_DEFICITARIA, con diagnóstico INTERVENCION_SELECTIVA. Presenta demanda estructural de 70.83, soporte de infraestructura de 22.31, déficit estructural promedio de 68.97 y score de prioridad territorial de 66.75. La intervención recomendada es AMPLIAR_INFRAESTRUCTURA.",66.75280654999999,29,14,24,AMBA-P029,AMBAC-050,ALTA,ALTA,ALTA,ALTA,MEDIA,DEFICIT_ESTRUCTURAL_ALTO,0.7204980801815493,0.3935081205892427,0.5243041044261654,URGENCIA,AMBA-E004,51.30732598678722,ESCENARIO_DE_NECESIDAD,PRIORIDAD_3_MEDIA,ESCENARIO_DE_NECESIDAD,DEFICIT,PRIORIDAD_3_MEDIA,5,51.25180617171997,PRIORIDAD_3_MEDIA,INTERVENCION_PROGRAMADA,72.7040020791035
42,2,29,42,64,1,1,2,AUTOBUS|FERROCARRIL,2,1,0,1,0,0,AUTOBUS|FERROCARRIL,2,1,0,1,0,0,AUTOBUS|FERROCARRIL,2,1,0,1,0,0,147.6957871892789,53.47606087887684,20.371832715762604,0.01084710743801653,0.47014268538970894,0.12590471182995822,0.4,1,0,0,0.3177714135489874,29.77,SOPORTE_FISICO_BAJO,69,INTERMODAL,100.0,79.86111111111111,69.44444444444444,23.26388888888889,46.18055555555556,50.34722222222222,35,30,35,5,70.0,INTERMODALIDAD_MEDIA,16,"POLYGON ((-58.65083103473762 -34.77618286268977, -58.655336420003856 -34.77543694844373, -58.6560846122246 -34.7716042190038, -58.65232746124505 -34.768517532513854, -58.64782239958155 -34.769263625125156, -58.644065849088115 -34.76617682174775, -58.63956134590523 -34.76692266878607, -58.63881306962817 -34.77075514076694, -58.642569338524396 -34.77384189446458, -58.64707416530751 -34.773096225853784, -58.65083103473762 -34.77618286268977))",79.86111111111111,79.86111111111111,45.5253,12.5905,40.0,32.1765,51.8629,47.5694,70.9491,56.61,79.86,30,30,CENTRALIDAD_ESTRUCTURAL_MEDIA,CENTRALIDAD_ESTRUCTURAL_ALTA,47.68,67.8235,DEFICIT_INFRAESTRUCTURAL,66.99,28,79.86111111111111,32.1765,51.8629,47.5694,ALTO,ALTO,BAJO,MEDIO,MEDIO,MEDIO,PRIORIDAD_ALTA,CENTRALIDAD_DEFICITARIA,IMPACTO,DEMANDA|TERRITORIAL,PERFIL_EQUILIBRADO,30,28,MEJORAR_CONECTIVIDAD,20.138888888888886,48.1371,52.4306,29.0509,49.360524999999996,73.76066055555556,IMPACTO_ALTO,54.00743,MEDIA,66.80121383333334,PRIORIDAD_ALTA,AMPLIAR_INFRAESTRUCTURA,"Demanda 79.9/100 frente a infraestructura 32.2/100, con déficit infrastructural de 67.8 puntos.",30,15,30,INFRAESTRUCTURA|CONECTIVIDAD|INTERMODALIDAD,INTERVENCION_SELECTIVA,AMPLIACION_INFRAESTRUCTURA,ESCENARIO_CORTO_PLAZO,2-5 AÑOS,FASE_2,PRIORIDAD_2_ALTA,INTERVENCION_SELECTIVA,INFRAESTRUCTURA | CONECTIVIDAD | INTERMODALIDAD,Incrementar la capacidad y disponibilidad de infraestructura de movilidad en una centralidad con elevada demanda y déficit de soporte físico.,"Centralidad clasificada como CENTRALIDAD_DEFICITARIA, con diagnóstico INTERVENCION_SELECTIVA. Presenta demanda estructural de 79.86, soporte de infraestructura de 32.18, déficit estructural promedio de 49.36 y score de prioridad territorial de 66.80. La intervención recomendada es AMPLIAR_INFRAESTRUCTURA.",65.92606326666667,30,15,25,AMBA-P030,AMBAC-042,ALTA,ALTA,MEDIA,MEDIA,BAJA,DEFICIT_ESTRUCTURAL_MEDIO,0.722387290811928,0.588079369564708,0.641802538063596,IMPACTO,AMBA-E003,53.74391081151112,ESCENARIO_DE_NECESIDAD,PRIORIDAD_3_MEDIA,ESCENARIO_DE_NECESIDAD,IMPACTO,PRIORIDAD_3_MEDIA,4,52.19918466555358,PRIORIDAD_3_MEDIA,INTERVENCION_PROGRAMADA,62.99172403916424
26,3,53,79,124,3,4,6,AUTOBUS|FERROCARRIL,2,1,0,1,0,0,AUTOBUS|FERROCARRIL,2,1,0,1,0,0,AUTOBUS|FERROCARRIL,2,1,0,1,0,0,269.9267834838545,100.58592403407786,39.470425886790046,0.020402892561983473,0.5434253034113294,0.2923416876766772,0.4,1,0,0,0.3677025063030031,36.63,SOPORTE_FISICO_BAJO,27,INTERMODAL,100.0,84.02777777777779,61.80555555555556,23.26388888888889,46.18055555555556,50.34722222222222,34,24,34,10,70.0,INTERMODALIDAD_MEDIA,16,"POLYGON ((-58.577563116200345 -34.74971996622682, -58.57681432629503 -34.7535524613289, -58.580807009298 -34.75541768468, -58.58554824094614 -34.753450515383044, -58.58954061373135 -34.75531537958215, -58.59428140308065 -34.75334795449654, -58.59502992897926 -34.74951566608683, -58.591037797543116 -34.74765069938682, -58.59178636379755 -34.743817950242544, -58.58779416337041 -34.74195252191573, -58.58305315537314 -34.74391994525491, -58.58230445711648 -34.7477527977923, -58.577563116200345 -34.74971996622682))",84.02777777777779,84.02777777777779,53.0397,29.2342,40.0,40.8286,56.0238,48.7847,68.4028,60.78,86.81,20,20,CENTRALIDAD_ESTRUCTURAL_ALTA,CENTRALIDAD_ESTRUCTURAL_MUY_ALTA,43.2,59.1714,DEFICIT_INFRAESTRUCTURAL,67.7,27,84.02777777777779,40.8286,56.0238,48.7847,ALTO,MUY_ALTO,MEDIO,MEDIO,MEDIO,MEDIO,PRIORIDAD_ALTA,CENTRALIDAD_DEMANDA,IMPACTO,DEMANDA,ALTA_DEMANDA_BAJO_SOPORTE,20,27,AMPLIAR_INFRAESTRUCTURA,15.972222222222214,43.9762,51.2153,31.5972,46.490025,77.3548938888889,IMPACTO_MUY_ALTO,49.645250000000004,MEDIA,66.89603383333335,PRIORIDAD_ALTA,AMPLIAR_INFRAESTRUCTURA,"Demanda 84.0/100 frente a infraestructura 40.8/100, con déficit infrastructural de 59.2 puntos.",28,14,28,INFRAESTRUCTURA|CONECTIVIDAD|INTERMODALIDAD,ALTA_DEMANDA_BAJO_SOPORTE,AMPLIACION_INFRAESTRUCTURA,ESCENARIO_CORTO_PLAZO,2-5 AÑOS,FASE_2,PRIORIDAD_2_ALTA,INTERVENCION_SELECTIVA,INFRAESTRUCTURA | CONECTIVIDAD | INTERMODALIDAD,Incrementar la capacidad y disponibilidad de infraestructura de movilidad en una centralidad con elevada demanda y déficit de soporte físico.,"Centralidad clasificada como CENTRALIDAD_DEMANDA, con diagnóstico ALTA_DEMANDA_BAJO_SOPORTE. Presenta demanda estructural de 84.03, soporte de infraestructura de 40.83, déficit estructural promedio de 46.49 y score de prioridad territorial de 66.90. La intervención recomendada es AMPLIAR_INFRAESTRUCTURA.",65.87724526666668,31,16,26,AMBA-P031,AMBAC-026,ALTA,MEDIA,MEDIA,MEDIA,MEDIA,ALTO_IMPACTO_POTENCIAL,0.6965473415243895,0.6183625673871853,0.649636477042067,IMPACTO,AMBA-E003,53.74391081151112,ESCENARIO_DE_NECESIDAD,PRIORIDAD_3_MEDIA,ESCENARIO_DE_NECESIDAD,IMPACTO,PRIORIDAD_3_MEDIA,4,52.19918466555358,PRIORIDAD_3_MEDIA,INTERVENCION_PROGRAMADA,62.99172403916424
24,1,15,17,25,1,2,4,AUTOBUS|FERROCARRIL,2,1,0,1,0,0,AUTOBUS|FERROCARRIL,2,1,0,1,0,0,AUTOBUS|FERROCARRIL,2,1,0,1,0,0,76.39437268410977,21.645072260497766,7.957747154594767,0.004390495867768595,0.36690985424200945,0.19955424691458712,0.4,1,0,0,0.3398662740743761,27.9,SOPORTE_FISICO_BAJO,79,MONOMODAL,50.0,75.69444444444444,91.66666666666666,23.26388888888889,46.18055555555556,50.34722222222222,46,36,46,10,70.0,INTERMODALIDAD_MEDIA,16,"POLYGON ((-58.66186612241075 -34.47323416124695, -58.66561905857702 -34.476326720911146, -58.66487189204365 -34.480178767533346, -58.66037174732997 -34.480938123295466, -58.65661909192314 -34.47784561253932, -58.65736630045794 -34.47399369712025, -58.66186612241075 -34.47323416124695))",75.69444444444444,75.69444444444444,34.9848,19.9554,40.0,30.4163,41.2041,45.8333,61.6898,51.6,68.75,46,46,CENTRALIDAD_ESTRUCTURAL_MEDIA,CENTRALIDAD_ESTRUCTURAL_ALTA,45.28,69.5837,DEFICIT_INFRAESTRUCTURAL,63.53,33,75.69444444444444,30.4163,41.2041,45.8333,ALTO,ALTO,BAJO,MEDIO,MEDIO,MEDIO,PRIORIDAD_ALTA,CENTRALIDAD_DEFICITARIA,DEFICIT,DEMANDA,PERFIL_EQUILIBRADO,46,33,MEJORAR_INTERMODALIDAD,24.305555555555557,58.7959,54.1667,38.3102,55.214124999999996,69.51504722222222,IMPACTO_ALTO,59.112325,MEDIA,66.25592083333333,PRIORIDAD_ALTA,AMPLIAR_INFRAESTRUCTURA,"Demanda 75.7/100 frente a infraestructura 30.4/100, con déficit infrastructural de 69.6 puntos.",32,17,32,INFRAESTRUCTURA|INTERMODALIDAD|CONECTIVIDAD,INTERVENCION_SELECTIVA,AMPLIACION_INFRAESTRUCTURA,ESCENARIO_CORTO_PLAZO,2-5 AÑOS,FASE_2,PRIORIDAD_2_ALTA,INTERVENCION_ESTRUCTURAL_MEDIA,INFRAESTRUCTURA | INTERMODALIDAD | CONECTIVIDAD,Incrementar la capacidad y disponibilidad de infraestructura de movilidad en una centralidad con elevada demanda y déficit de soporte físico.,"Centralidad clasificada como CENTRALIDAD_DEFICITARIA, con diagnóstico INTERVENCION_SELECTIVA. Presenta demanda estructural de 75.69, soporte de infraestructura de 30.42, déficit estructural promedio de 55.21 y score de prioridad territorial de 66.26. La intervención recomendada es AMPLIAR_INFRAESTRUCTURA.",65.67325041666666,32,17,27,AMBA-P032,AMBAC-024,ALTA,ALTA,MEDIA,MEDIA,MEDIA,DEFICIT_ESTRUCTURAL_MEDIO,0.7052116684596268,0.5360727444230837,0.603728314037701,DEMANDA,AMBA-E005,50.08194960959839,ESCENARIO_DE_NECESIDAD,PRIORIDAD_3_MEDIA,ESCENARIO_DE_NECESIDAD,DEFICIT,PRIORIDAD_3_MEDIA,2,57.29611129376036,PRIORIDAD_3_MEDIA,INTERVENCION_PROGRAMADA,84.58186792401246
29,1,3,3,3,1,1,1,AUTOBUS|FERROCARRIL,2,1,0,1,0,0,AUTOBUS|FERROCARRIL,2,1,0,1,0,0,AUTOBUS|FERROCARRIL,2,1,0,1,0,0,15.278874536821952,3.819718634205488,0.954929658551372,0.0007747933884297521,0.18495368961100384,0.12590471182995822,0.4,1,0,0,0.3177714135489874,19.63,SOPORTE_FISICO_MUY_BAJO,113,MONOMODAL,50.0,70.13888888888889,85.41666666666666,23.26388888888889,46.18055555555556,50.34722222222222,54,44,54,10,63.0,INTERMODALIDAD_MEDIA,108,"POLYGON ((-58.7953405425357 -34.34606204861036, -58.799100444433776 -34.34915603124252, -58.79835450019708 -34.35302074701994, -58.79384861129862 -34.35379134816793, -58.790088988979 -34.35069741362665, -58.79083497596674 -34.34683282985373, -58.7953405425357 -34.34606204861036))",70.13888888888889,70.13888888888889,16.7796,12.5905,40.0,20.5945,30.1615,42.8819,59.6065,44.62,52.08,70,70,CENTRALIDAD_ESTRUCTURAL_MEDIA,CENTRALIDAD_ESTRUCTURAL_MEDIA,49.54,79.4055,DEFICIT_INFRAESTRUCTURAL,61.9,38,70.13888888888889,20.5945,30.1615,42.8819,MEDIO,ALTO,BAJO,BAJO,MEDIO,MEDIO,PRIORIDAD_ALTA,CENTRALIDAD_DEFICITARIA,DEFICIT,DEMANDA,PERFIL_EQUILIBRADO,70,38,MEJORAR_INTERMODALIDAD,29.861111111111114,69.8385,57.1181,40.3935,61.688900000000004,63.03122444444444,IMPACTO_ALTO,66.70447,ALTA,65.73820466666666,PRIORIDAD_ALTA,AMPLIAR_INFRAESTRUCTURA,"Demanda 70.1/100 frente a infraestructura 20.6/100, con déficit infrastructural de 79.4 puntos.",35,20,35,INFRAESTRUCTURA|INTERMODALIDAD|CONECTIVIDAD|INTEGRACION,INTERVENCION_SELECTIVA,AMPLIACION_INFRAESTRUCTURA,ESCENARIO_CORTO_PLAZO,2-5 AÑOS,FASE_2,PRIORIDAD_2_ALTA,INTERVENCION_ESTRUCTURAL_MEDIA,INFRAESTRUCTURA | INTERMODALIDAD | CONECTIVIDAD,Incrementar la capacidad y disponibilidad de infraestructura de movilidad en una centralidad con elevada demanda y déficit de soporte físico.,"Centralidad clasificada como CENTRALIDAD_DEFICITARIA, con diagnóstico INTERVENCION_SELECTIVA. Presenta demanda estructural de 70.14, soporte de infraestructura de 20.59, déficit estructural promedio de 61.69 y score de prioridad territorial de 65.74. La intervención recomendada es AMPLIAR_INFRAESTRUCTURA.",65.47709743333333,33,18,28,AMBA-P033,AMBAC-029,ALTA,ALTA,ALTA,MEDIA,MEDIA,DEFICIT_ESTRUCTURAL_ALTO,0.7279049865160077,0.4696461296231793,0.5729496723803107,DEFICIT,AMBA-E006,47.97071742899471,ESCENARIO_DE_NECESIDAD,PRIORIDAD_4_MEDIA_BAJA,ESCENARIO_DE_NECESIDAD,DEFICIT,PRIORIDAD_4_MEDIA_BAJA,6,49.90764715705244,PRIORIDAD_3_MEDIA,INTERVENCION_PROGRAMADA,31.39553317201036
80,4,49,64,116,4,5,8,AUTOBUS|FERROCARRIL,2,1,0,1,0,0,AUTOBUS|FERROCARRIL,2,1,0,1,0,0,AUTOBUS|FERROCARRIL,2,1,0,1,0,0,249.55495076809189,81.48733086305042,36.92394679731972,0.01652892561983471,0.518933586130455,0.3254589587445453,0.4,1,0,0,0.3776376876233636,36.55,SOPORTE_FISICO_BAJO,29,MONOMODAL,50.0,77.08333333333334,28.47222222222222,23.26388888888889,46.18055555555556,50.34722222222222,76,34,76,42,70.0,INTERMODALIDAD_MEDIA,16,"POLYGON ((-58.32573784826363 -34.698761725404594, -58.329738911015596 -34.700640570371846, -58.33449222097909 -34.69867983719406, -58.33524457539642 -34.69484025995481, -58.339997555130054 -34.69287926938302, -58.34074981809948 -34.68903933313609, -58.34550246755219 -34.68707808529388, -58.34625463907163 -34.683237790112884, -58.35100695819228 -34.681276285123964, -58.35175903825967 -34.677435631082524, -58.34775893076026 -34.67555637928922, -58.343006504302835 -34.677517883327674, -58.342254292685546 -34.681358640101124, -58.337501535938415 -34.683319887010676, -58.33674923287575 -34.68716028485586, -58.33199614588998 -34.689121274512836, -58.33124375138405 -34.692961313356086, -58.3264903342108 -34.69492204563687, -58.32573784826363 -34.698761725404594))",77.08333333333334,77.08333333333334,50.5265,32.5459,40.0,40.9305,44.3518,52.6042,40.625,54.18,76.39,35,35,CENTRALIDAD_ESTRUCTURAL_MEDIA,CENTRALIDAD_ESTRUCTURAL_ALTA,36.15,59.0695,DEFICIT_INFRAESTRUCTURAL,60.71,40,77.08333333333334,40.9305,44.3518,52.6042,MEDIO,ALTO,MEDIO,MEDIO,MEDIO,BAJO,PRIORIDAD_ALTA,CENTRALIDAD_LOCAL,DEFICIT,DEMANDA,PERFIL_EQUILIBRADO,35,40,MEJORAR_INTERMODALIDAD,22.916666666666657,55.6482,47.3958,59.375,55.372125000000004,72.53309166666668,IMPACTO_ALTO,55.92526,MEDIA,65.8521025,PRIORIDAD_ALTA,AMPLIAR_INFRAESTRUCTURA,"Demanda 77.1/100 frente a infraestructura 40.9/100, con déficit infrastructural de 59.1 puntos.",33,18,33,INTEGRACION|INFRAESTRUCTURA|INTERMODALIDAD|CONECTIVIDAD,INTERVENCION_SELECTIVA,AMPLIACION_INFRAESTRUCTURA,ESCENARIO_CORTO_PLAZO,2-5 AÑOS,FASE_2,PRIORIDAD_2_ALTA,INTERVENCION_ESTRUCTURAL_MEDIA,INTEGRACION_TERRITORIAL | INFRAESTRUCTURA | INTERMODALIDAD,Incrementar la capacidad y disponibilidad de infraestructura de movilidad en una centralidad con elevada demanda y déficit de soporte físico.,"Centralidad clasificada como CENTRALIDAD_LOCAL, con diagnóstico INTERVENCION_SELECTIVA. Presenta demanda estructural de 77.08, soporte de infraestructura de 40.93, déficit estructural promedio de 55.37 y score de prioridad territorial de 65.85. La intervención recomendada es AMPLIAR_INFRAESTRUCTURA.",65.3652245,34,19,29,AMBA-P034,AMBAC-080,ALTA,MEDIA,MEDIA,MEDIA,MEDIA,DEFICIT_ESTRUCTURAL_MEDIO,0.6275802415498172,0.5823299148587191,0.6004300455351583,IMPACTO,AMBA-E004,51.30732598678722,ESCENARIO_DE_NECESIDAD,PRIORIDAD_3_MEDIA,ESCENARIO_DE_NECESIDAD,DEFICIT,PRIORIDAD_3_MEDIA,5,51.25180617171997,PRIORIDAD_3_MEDIA,INTERVENCION_PROGRAMADA,72.7040020791035
25,1,11,14,27,1,1,5,AUTOBUS|FERROCARRIL,2,1,0,1,0,0,AUTOBUS|FERROCARRIL,2,1,0,1,0,0,AUTOBUS|FERROCARRIL|FLUVIAL,3,1,0,1,1,0,56.02253996834716,17.82535362629228,8.594366926962348,0.003615702479338843,0.34518442464383275,0.12590471182995822,0.4,1,0,0,0.3177714135489874,25.28,SOPORTE_FISICO_BAJO,95,MONOMODAL,50.0,75.0,90.97222222222221,69.44444444444444,46.18055555555556,50.34722222222222,29,37,29,8,70.0,INTERMODALIDAD_MEDIA,16,"POLYGON ((-58.566845664618896 -34.51410296310573, -58.562854429378895 -34.5122233574285, -58.5636030657108 -34.50837295784109, -58.56834280544269 -34.50640226892607, -58.57233379978958 -34.5082819780975, -58.571585295301475 -34.512132272681086, -58.566845664618896 -34.51410296310573))",75.0,75.0,32.778,12.5905,40.0,27.0415,39.3629,64.4965,61.4583,52.95,72.92,40,40,CENTRALIDAD_ESTRUCTURAL_MEDIA,CENTRALIDAD_ESTRUCTURAL_ALTA,47.96,72.9585,DEFICIT_INFRAESTRUCTURAL,64.18,32,75.0,27.0415,39.3629,64.4965,ALTO,ALTO,BAJO,BAJO,ALTO,MEDIO,PRIORIDAD_ALTA,CENTRALIDAD_DEFICITARIA,DEFICIT,DEMANDA,PERFIL_EQUILIBRADO,40,32,MEJORAR_INTERMODALIDAD,25.0,60.6371,35.5035,38.5417,51.910199999999996,69.75804000000001,IMPACTO_ALTO,57.224630000000005,MEDIA,65.82850400000001,PRIORIDAD_ALTA,AMPLIAR_INFRAESTRUCTURA,"Demanda 75.0/100 frente a infraestructura 27.0/100, con déficit infrastructural de 73.0 puntos.",34,19,34,INFRAESTRUCTURA|INTERMODALIDAD,INTERVENCION_SELECTIVA,AMPLIACION_INFRAESTRUCTURA,ESCENARIO_CORTO_PLAZO,2-5 AÑOS,FASE_2,PRIORIDAD_2_ALTA,INTERVENCION_ESTRUCTURAL_MEDIA,INFRAESTRUCTURA | INTERMODALIDAD | INTEGRACION_TERRITORIAL,Incrementar la capacidad y disponibilidad de infraestructura de movilidad en una centralidad con elevada demanda y déficit de soporte físico.,"Centralidad clasificada como CENTRALIDAD_DEFICITARIA, con diagnóstico INTERVENCION_SELECTIVA. Presenta demanda estructural de 75.00, soporte de infraestructura de 27.04, déficit estructural promedio de 51.91 y score de prioridad territorial de 65.83. La intervención recomendada es AMPLIAR_INFRAESTRUCTURA.",65.1273533,35,20,30,AMBA-P035,AMBAC-025,ALTA,ALTA,ALTA,MEDIA,MEDIA,DEFICIT_ESTRUCTURAL_MEDIO,0.7071169371298213,0.6125982705051358,0.65040573715501,IMPACTO,AMBA-E005,50.08194960959839,ESCENARIO_DE_NECESIDAD,PRIORIDAD_3_MEDIA,ESCENARIO_DE_NECESIDAD,DEFICIT,PRIORIDAD_3_MEDIA,2,57.29611129376036,PRIORIDAD_3_MEDIA,INTERVENCION_PROGRAMADA,84.58186792401246
47,2,7,8,22,1,1,1,AUTOBUS|FERROCARRIL,2,1,0,1,0,0,AUTOBUS|FERROCARRIL,2,1,0,1,0,0,AUTOBUS|FERROCARRIL,2,1,0,1,0,0,35.65070725258456,10.185916357881302,7.002817496043395,0.002066115702479339,0.28396708285127487,0.12590471182995822,0.4,1,0,0,0.3177714135489874,23.12,SOPORTE_FISICO_BAJO,103,INTERMODAL,100.0,74.30555555555556,61.111111111111114,23.26388888888889,46.18055555555556,50.34722222222222,42,38,42,4,68.0,INTERMODALIDAD_MEDIA,99,"POLYGON ((-58.38971204687213 -34.795753402092615, -58.38496056389998 -34.797714148466326, -58.38420880010676 -34.8015455223207, -58.3882086509696 -34.80341604774172, -58.39296002621153 -34.80145530071243, -58.396959570056595 -34.80332546565676, -58.401710506506426 -34.8013644602572, -58.40246200690858 -34.79753329058168, -58.39846270256803 -34.79566302418646, -58.39371165831688 -34.79762402892644, -58.38971204687213 -34.795753402092615))",74.30555555555556,74.30555555555556,26.595,12.5905,40.0,24.5534,44.3976,62.934,68.1713,53.57,75.0,37,37,CENTRALIDAD_ESTRUCTURAL_MEDIA,CENTRALIDAD_ESTRUCTURAL_ALTA,49.75,75.4466,DEFICIT_INFRAESTRUCTURAL,64.48,30,74.30555555555556,24.5534,44.3976,62.934,ALTO,ALTO,BAJO,MEDIO,ALTO,MEDIO,PRIORIDAD_ALTA,CENTRALIDAD_DEFICITARIA,INTEGRACION,DEMANDA,PERFIL_EQUILIBRADO,37,30,MEJORAR_INTERMODALIDAD,25.694444444444443,55.6024,37.066,31.828699999999998,49.985925,69.64996277777777,IMPACTO_ALTO,56.266745,MEDIA,65.51910016666666,PRIORIDAD_ALTA,AMPLIAR_INFRAESTRUCTURA,"Demanda 74.3/100 frente a infraestructura 24.6/100, con déficit infrastructural de 75.4 puntos.",36,21,36,INFRAESTRUCTURA|INTERMODALIDAD,INTERVENCION_SELECTIVA,AMPLIACION_INFRAESTRUCTURA,ESCENARIO_CORTO_PLAZO,2-5 AÑOS,FASE_2,PRIORIDAD_2_ALTA,INTERVENCION_SELECTIVA,INFRAESTRUCTURA | INTERMODALIDAD | CONECTIVIDAD,Incrementar la capacidad y disponibilidad de infraestructura de movilidad en una centralidad con elevada demanda y déficit de soporte físico.,"Centralidad clasificada como CENTRALIDAD_DEFICITARIA, con diagnóstico INTERVENCION_SELECTIVA. Presenta demanda estructural de 74.31, soporte de infraestructura de 24.55, déficit estructural promedio de 49.99 y score de prioridad territorial de 65.52. La intervención recomendada es AMPLIAR_INFRAESTRUCTURA.",64.75087628333333,36,21,31,AMBA-P036,AMBAC-047,ALTA,ALTA,MEDIA,MEDIA,MEDIA,DEFICIT_ESTRUCTURAL_MEDIO,0.7230839808615143,0.6164534327810629,0.6591056520132434,INTEGRACION,AMBA-E001,55.751448155260405,ESCENARIO_DE_NECESIDAD,PRIORIDAD_3_MEDIA,ESCENARIO_DE_NECESIDAD,INTEGRACION,PRIORIDAD_3_MEDIA,1,78.9423286344931,PRIORIDAD_2_ALTA,INTERVENCION_PRIORITARIA,75.93742375877676
27,1,41,56,87,1,2,3,AUTOBUS|FERROCARRIL,2,1,0,1,0,0,AUTOBUS|FERROCARRIL,2,1,0,1,0,0,AUTOBUS|FERROCARRIL,2,1,0,1,0,0,208.8112853365667,71.30141450516912,27.69296009798979,0.014462809917355372,0.503433589674143,0.19955424691458712,0.4,1,0,0,0.3398662740743761,32.83,SOPORTE_FISICO_BAJO,49,MONOMODAL,50.0,72.91666666666666,90.27777777777779,23.26388888888889,46.18055555555556,50.34722222222222,48,40,48,8,70.0,INTERMODALIDAD_MEDIA,16,"POLYGON ((-58.66951374807324 -34.657999537070275, -58.67327024296904 -34.66108832805427, -58.67252251752271 -34.66492876739894, -58.66801825505279 -34.66568028615142, -58.664262041321685 -34.66259154449618, -58.6650098088832 -34.65875123476702, -58.66951374807324 -34.657999537070275))",72.91666666666666,72.91666666666666,48.9368,19.9554,40.0,36.039,41.2041,48.0903,61.2269,52.46,70.83,43,43,CENTRALIDAD_ESTRUCTURAL_MEDIA,CENTRALIDAD_ESTRUCTURAL_ALTA,36.88,63.961,DEFICIT_INFRAESTRUCTURAL,58.5,43,72.91666666666666,36.039,41.2041,48.0903,ALTO,ALTO,BAJO,MEDIO,MEDIO,BAJO,PRIORIDAD_MEDIA,CENTRALIDAD_LOCAL,IMPACTO,DEMANDA,PERFIL_EQUILIBRADO,43,43,MEJORAR_INTERMODALIDAD,27.083333333333343,58.7959,51.9097,38.7731,53.359925000000004,68.37931833333333,IMPACTO_ALTO,56.481280000000005,MEDIA,64.4328085,PRIORIDAD_ALTA,AMPLIAR_INFRAESTRUCTURA,"Demanda 72.9/100 frente a infraestructura 36.0/100, con déficit infrastructural de 64.0 puntos.",37,22,37,INFRAESTRUCTURA|INTERMODALIDAD|CONECTIVIDAD,INTERVENCION_SELECTIVA,AMPLIACION_INFRAESTRUCTURA,ESCENARIO_MEDIANO_PLAZO,5-10 AÑOS,FASE_3,PRIORIDAD_2_ALTA,INTERVENCION_ESTRUCTURAL_MEDIA,INFRAESTRUCTURA | INTERMODALIDAD | CONECTIVIDAD,Incrementar la capacidad y disponibilidad de infraestructura de movilidad en una centralidad con elevada demanda y déficit de soporte físico.,"Centralidad clasificada como CENTRALIDAD_LOCAL, con diagnóstico INTERVENCION_SELECTIVA. Presenta demanda estructural de 72.92, soporte de infraestructura de 36.04, déficit estructural promedio de 53.36 y score de prioridad territorial de 64.43. La intervención recomendada es AMPLIAR_INFRAESTRUCTURA.",63.83205569999999,37,22,1,AMBA-P037,AMBAC-027,ALTA,ALTA,MEDIA,MEDIA,MEDIA,DEFICIT_ESTRUCTURAL_MEDIO,0.6693092534055195,0.5355749973375854,0.589068699764759,IMPACTO,AMBA-E003,53.74391081151112,ESCENARIO_DE_NECESIDAD,PRIORIDAD_3_MEDIA,ESCENARIO_DE_NECESIDAD,IMPACTO,PRIORIDAD_3_MEDIA,4,52.19918466555358,PRIORIDAD_3_MEDIA,INTERVENCION_PROGRAMADA,62.99172403916424
43,1,0,2,11,0,0,0,,0,0,0,0,0,0,AUTOBUS,1,0,0,1,0,0,AUTOBUS,1,0,0,1,0,0,0.0,2.5464790894703255,3.5014087480216975,0.0005165289256198347,0.14887822809865903,0.0,0.2,0,0,0,0.13999999999999999,10.22,SOPORTE_FISICO_MUY_BAJO,142,MONOMODAL,50.0,59.72222222222222,78.47222222222221,23.26388888888889,46.18055555555556,50.34722222222222,68,59,68,9,32.0,INTERMODALIDAD_BAJA,142,"POLYGON ((-58.692645232804686 -34.49412023212762, -58.69640060196142 -34.497212124140056, -58.69565355265354 -34.50106387827176, -58.691151091983436 -34.50182360943667, -58.68739600343783 -34.49873176626864, -58.688143094938525 -34.494880143098534, -58.692645232804686 -34.49412023212762))",59.72222222222222,59.72222222222222,13.2975,0.0,20.0,10.1871,16.2847,41.8403,57.2917,35.73,30.56,101,101,CENTRALIDAD_ESTRUCTURAL_BAJA,CENTRALIDAD_ESTRUCTURAL_BAJA,49.54,89.8129,DEFICIT_INFRAESTRUCTURAL,55.65,48,59.72222222222222,10.1871,16.2847,41.8403,MEDIO,MEDIO,MUY_BAJO,MUY_BAJO,MEDIO,MEDIO,PRIORIDAD_MEDIA,CENTRALIDAD_LOCAL,DEFICIT,DEMANDA,PERFIL_EQUILIBRADO,101,48,MANTENER_Y_OPTIMIZAR,40.27777777777778,83.7153,58.1597,42.7083,68.59905,52.74892111111111,IMPACTO_MEDIO,74.89217,ALTA,63.260707666666676,PRIORIDAD_ALTA,MEJORAR_CONECTIVIDAD,La conectividad constituye una de las principales restricciones estructurales de la centralidad.,43,1,43,INFRAESTRUCTURA|INTERMODALIDAD|CONECTIVIDAD|INTEGRACION,INTERVENCION_SELECTIVA,MEJORA_CONECTIVIDAD,ESCENARIO_MEDIANO_PLAZO,5-10 AÑOS,FASE_3,PRIORIDAD_2_ALTA,INTERVENCION_ESTRUCTURAL_MEDIA,INFRAESTRUCTURA | INTERMODALIDAD | CONECTIVIDAD,Mejorar la conectividad territorial y la accesibilidad estructural de la centralidad.,"Centralidad clasificada como CENTRALIDAD_LOCAL, con diagnóstico INTERVENCION_SELECTIVA. Presenta demanda estructural de 59.72, soporte de infraestructura de 10.19, déficit estructural promedio de 68.60 y score de prioridad territorial de 63.26. La intervención recomendada es MEJORAR_CONECTIVIDAD.",63.42865903333334,38,1,2,AMBA-P038,AMBAC-043,MEDIA,ALTA,ALTA,MEDIA,MEDIA,DEFICIT_ESTRUCTURAL_MEDIO,0.7338587924403059,0.3836156670195135,0.5237129171878305,DEFICIT,AMBA-E006,47.97071742899471,ESCENARIO_DE_NECESIDAD,PRIORIDAD_4_MEDIA_BAJA,ESCENARIO_DE_NECESIDAD,DEFICIT,PRIORIDAD_4_MEDIA_BAJA,6,49.90764715705244,PRIORIDAD_3_MEDIA,INTERVENCION_PROGRAMADA,31.39553317201036
31,1,7,9,18,0,1,1,AUTOBUS,1,0,0,1,0,0,AUTOBUS|FERROCARRIL,2,1,0,1,0,0,AUTOBUS|FERROCARRIL,2,1,0,1,0,0,35.65070725258456,11.459155902616464,5.729577951308232,0.0023243801652892563,0.29664455240180393,0.12590471182995822,0.4,1,0,0,0.3177714135489874,23.57,SOPORTE_FISICO_BAJO,101,MONOMODAL,50.0,69.44444444444444,84.72222222222221,69.44444444444444,46.18055555555556,50.34722222222222,33,45,33,12,69.0,INTERMODALIDAD_MEDIA,97,"POLYGON ((-58.61497818942536 -34.49053741431702, -58.61098884854879 -34.48865847141386, -58.611736723021195 -34.48480696337214, -58.61647380646084 -34.48283450362971, -58.620462905998124 -34.48471355034025, -58.61971516343882 -34.48856495297721, -58.61497818942536 -34.49053741431702))",69.44444444444444,69.44444444444444,27.8703,12.5905,40.0,25.0673,32.158,64.4965,59.375,49.14,61.81,56,56,CENTRALIDAD_ESTRUCTURAL_MEDIA,CENTRALIDAD_ESTRUCTURAL_ALTA,44.38,74.9327,DEFICIT_INFRAESTRUCTURAL,59.42,42,69.44444444444444,25.0673,32.158,64.4965,MEDIO,ALTO,BAJO,BAJO,ALTO,MEDIO,PRIORIDAD_MEDIA,CENTRALIDAD_LOCAL,DEFICIT,DEMANDA,PERFIL_EQUILIBRADO,56,42,MANTENER_Y_OPTIMIZAR,30.555555555555557,67.842,35.5035,40.625,54.7258,64.21038222222222,IMPACTO_ALTO,60.12803,ALTA,63.79808933333334,PRIORIDAD_ALTA,MEJORAR_INTERMODALIDAD,Existe un déficit relevante de intermodalidad respecto del potencial estructural de la centralidad.,41,2,41,INFRAESTRUCTURA|INTERMODALIDAD|INTEGRACION,INTERVENCION_SELECTIVA,MEJORA_INTERMODAL,ESCENARIO_MEDIANO_PLAZO,5-10 AÑOS,FASE_3,PRIORIDAD_2_ALTA,INTERVENCION_ESTRUCTURAL_MEDIA,INFRAESTRUCTURA | INTERMODALIDAD | INTEGRACION_TERRITORIAL,Mejorar las condiciones de intercambio entre modos de transporte y fortalecer la articulación intermodal.,"Centralidad clasificada como CENTRALIDAD_LOCAL, con diagnóstico INTERVENCION_SELECTIVA. Presenta demanda estructural de 69.44, soporte de infraestructura de 25.07, déficit estructural promedio de 54.73 y score de prioridad territorial de 63.80. La intervención recomendada es MEJORAR_INTERMODALIDAD.",63.30942436666667,39,2,3,AMBA-P039,AMBAC-031,MEDIA,ALTA,ALTA,MEDIA,MEDIA,DEFICIT_ESTRUCTURAL_MEDIO,0.6939830924859292,0.5674975509091225,0.6180917675398452,DEFICIT,AMBA-E005,50.08194960959839,ESCENARIO_DE_NECESIDAD,PRIORIDAD_3_MEDIA,ESCENARIO_DE_NECESIDAD,DEFICIT,PRIORIDAD_3_MEDIA,2,57.29611129376036,PRIORIDAD_3_MEDIA,INTERVENCION_PROGRAMADA,84.58186792401246
67,3,74,118,211,6,11,17,AUTOBUS|FERROCARRIL,2,1,0,1,0,0,AUTOBUS|FERROCARRIL,2,1,0,1,0,0,AUTOBUS|FERROCARRIL|FLUVIAL,3,1,0,1,1,0,376.87890524160815,150.2422662787492,67.16338598477984,0.030475206611570247,0.5902281063005388,0.45136367057450355,0.4,1,0,0,0.415409101172351,42.4,SOPORTE_FISICO_MEDIO,11,INTERMODAL,100.0,80.55555555555556,50.69444444444444,23.26388888888889,46.18055555555556,50.34722222222222,40,29,40,11,70.0,INTERMODALIDAD_MEDIA,16,"POLYGON ((-58.55685948943676 -34.6101755962165, -58.56085172357875 -34.61204985403045, -58.56559259114952 -34.610080922786196, -58.566341333618524 -34.60623773497603, -58.57108186863052 -34.60426855000159, -58.57183051951205 -34.60042500545112, -58.56783876727717 -34.59855054153056, -58.563098123179444 -34.60051972524743, -58.55910606121878 -34.598644902063796, -58.55436497558861 -34.60061383081529, -58.5536160609383 -34.60445758399518, -58.55760836379131 -34.60633230413866, -58.55685948943676 -34.6101755962165))",80.55555555555556,80.55555555555556,57.8461,45.1364,40.0,48.1471,59.9994,52.2569,64.6991,62.51,90.28,15,15,CENTRALIDAD_ESTRUCTURAL_ALTA,CENTRALIDAD_ESTRUCTURAL_MUY_ALTA,32.41,51.8529,DEFICIT_INFRAESTRUCTURAL,61.3,39,80.55555555555556,48.1471,59.9994,52.2569,ALTO,MUY_ALTO,MEDIO,MEDIO,MEDIO,BAJO,PRIORIDAD_MEDIA,CENTRALIDAD_LOCAL,CONECTIVIDAD,DEMANDA,ALTA_DEMANDA_BAJO_SOPORTE,15,39,MANTENER_Y_OPTIMIZAR,19.444444444444443,40.0006,47.7431,35.3009,43.724374999999995,76.10665277777777,IMPACTO_MUY_ALTO,45.585065,MEDIA,64.20157916666668,PRIORIDAD_ALTA,AMPLIAR_INFRAESTRUCTURA,"Demanda 80.6/100 frente a infraestructura 48.1/100, con déficit infrastructural de 51.9 puntos.",38,23,38,INFRAESTRUCTURA|CONECTIVIDAD|INTERMODALIDAD,ALTA_DEMANDA_BAJO_SOPORTE,AMPLIACION_INFRAESTRUCTURA,ESCENARIO_MEDIANO_PLAZO,5-10 AÑOS,FASE_3,PRIORIDAD_2_ALTA,INTERVENCION_SELECTIVA,INFRAESTRUCTURA | CONECTIVIDAD | INTERMODALIDAD,Incrementar la capacidad y disponibilidad de infraestructura de movilidad en una centralidad con elevada demanda y déficit de soporte físico.,"Centralidad clasificada como CENTRALIDAD_LOCAL, con diagnóstico ALTA_DEMANDA_BAJO_SOPORTE. Presenta demanda estructural de 80.56, soporte de infraestructura de 48.15, déficit estructural promedio de 43.72 y score de prioridad territorial de 64.20. La intervención recomendada es AMPLIAR_INFRAESTRUCTURA.",63.194863083333345,40,23,4,AMBA-P040,AMBAC-067,ALTA,MEDIA,MEDIA,MEDIA,MEDIA,ALTO_IMPACTO_POTENCIAL,0.6423492459687391,0.6293452363467266,0.6345468401955316,IMPACTO,AMBA-E002,54.190890610285415,ESCENARIO_ESTRATEGICO,PRIORIDAD_3_MEDIA,ESCENARIO_ESTRATEGICO,CONECTIVIDAD,PRIORIDAD_3_MEDIA,3,53.952995705743206,PRIORIDAD_3_MEDIA,INTERVENCION_PROGRAMADA,37.849913208420595
63,3,220,281,302,1,2,5,AUTOBUS|FERROCARRIL,2,1,0,1,0,0,AUTOBUS|FERROCARRIL|FLUVIAL,3,1,0,1,1,0,AUTOBUS|FERROCARRIL|FLUVIAL,3,1,0,1,1,0,1120.450799366943,357.78031207058075,96.12958562750478,0.07257231404958678,0.6918154816838336,0.19955424691458712,0.6,1,0,1,0.4798662740743761,45.29,SOPORTE_FISICO_MEDIO,5,INTERMODAL,100.0,81.94444444444444,55.55555555555556,69.44444444444444,46.18055555555556,50.34722222222222,18,27,18,9,85.0,INTERMODALIDAD_MUY_ALTA,3,"POLYGON ((-58.50846277181117 -34.4781737436668, -58.51245565481364 -34.48005756432392, -58.51719770249622 -34.478087900830026, -58.51794697576835 -34.474234418264636, -58.522688691577066 -34.47226450178442, -58.523437873345536 -34.46841066284011, -58.51944547104805 -34.46652663531077, -58.51470364660169 -34.46849655019533, -58.510710935558386 -34.46661216308882, -58.505968670712775 -34.468581823414674, -58.50521922548148 -34.472435872429486, -58.50921217681588 -34.47432015611319, -58.50846277181117 -34.4781737436668))",81.94444444444444,81.94444444444444,68.2892,19.9554,60.0,48.6813,66.8639,55.816,66.3194,65.13,95.14,8,8,CENTRALIDAD_ESTRUCTURAL_ALTA,CENTRALIDAD_ESTRUCTURAL_MUY_ALTA,33.26,51.3187,DEFICIT_INFRAESTRUCTURAL,62.47,35,81.94444444444444,48.6813,66.8639,55.816,ALTO,MUY_ALTO,MEDIO,ALTO,MEDIO,BAJO,PRIORIDAD_MEDIA,CENTRALIDAD_LOCAL,DEFICIT,DEMANDA,ALTA_DEMANDA_BAJO_SOPORTE,8,35,MANTENER_Y_OPTIMIZAR,18.055555555555557,33.1361,44.184,33.6806,40.57985,77.63019222222222,IMPACTO_MUY_ALTO,42.700395,MEDIA,63.85671533333334,PRIORIDAD_ALTA,AMPLIAR_INFRAESTRUCTURA,"Demanda 81.9/100 frente a infraestructura 48.7/100, con déficit infrastructural de 51.3 puntos.",40,25,40,INFRAESTRUCTURA|CONECTIVIDAD,ALTA_DEMANDA_BAJO_SOPORTE,AMPLIACION_INFRAESTRUCTURA,ESCENARIO_MEDIANO_PLAZO,5-10 AÑOS,FASE_3,PRIORIDAD_2_ALTA,INTERVENCION_SELECTIVA,INFRAESTRUCTURA | CONECTIVIDAD | INTEGRACION_TERRITORIAL,Incrementar la capacidad y disponibilidad de infraestructura de movilidad en una centralidad con elevada demanda y déficit de soporte físico.,"Centralidad clasificada como CENTRALIDAD_LOCAL, con diagnóstico ALTA_DEMANDA_BAJO_SOPORTE. Presenta demanda estructural de 81.94, soporte de infraestructura de 48.68, déficit estructural promedio de 40.58 y score de prioridad territorial de 63.86. La intervención recomendada es AMPLIAR_INFRAESTRUCTURA.",62.74928881666667,41,24,5,AMBA-P041,AMBAC-063,ALTA,MEDIA,MEDIA,MEDIA,MEDIA,ALTO_IMPACTO_POTENCIAL,0.6421164904321861,0.6664707643661996,0.6567290547925941,IMPACTO,AMBA-E005,50.08194960959839,ESCENARIO_DE_NECESIDAD,PRIORIDAD_3_MEDIA,ESCENARIO_DE_NECESIDAD,DEFICIT,PRIORIDAD_3_MEDIA,2,57.29611129376036,PRIORIDAD_3_MEDIA,INTERVENCION_PROGRAMADA,84.58186792401246
33,1,16,16,17,1,1,2,AUTOBUS|FERROCARRIL,2,1,0,1,0,0,AUTOBUS|FERROCARRIL,2,1,0,1,0,0,AUTOBUS|FERROCARRIL,2,1,0,1,0,0,81.48733086305042,20.371832715762604,5.411268065124442,0.004132231404958678,0.360104439427627,0.12590471182995822,0.4,1,0,0,0.3177714135489874,25.81,SOPORTE_FISICO_BAJO,90,MONOMODAL,50.0,67.36111111111111,84.02777777777779,23.26388888888889,46.18055555555556,50.34722222222222,57,48,57,9,70.0,INTERMODALIDAD_MEDIA,16,"POLYGON ((-58.84214409104485 -34.48744078565156, -58.84590948127303 -34.49053156532151, -58.845163362654475 -34.4943888137953, -58.84065181071131 -34.4951551519017, -58.836886700098184 -34.49206442050052, -58.837632861800465 -34.48820730273147, -58.84214409104485 -34.48744078565156))",67.36111111111111,67.36111111111111,34.293,12.5905,40.0,27.6512,39.3629,43.2292,59.1435,47.39,56.6,63,63,CENTRALIDAD_ESTRUCTURAL_MEDIA,CENTRALIDAD_ESTRUCTURAL_MEDIA,39.71,72.3488,DEFICIT_INFRAESTRUCTURAL,56.3,46,67.36111111111111,27.6512,39.3629,43.2292,MEDIO,ALTO,BAJO,BAJO,MEDIO,BAJO,PRIORIDAD_MEDIA,CENTRALIDAD_LOCAL,DEFICIT,DEMANDA,PERFIL_EQUILIBRADO,64,46,MANTENER_Y_OPTIMIZAR,32.638888888888886,60.6371,56.7708,40.8565,57.6533,62.19121555555556,IMPACTO_ALTO,61.581430000000005,ALTA,62.83462933333334,PRIORIDAD_ALTA,MEJORAR_INTERMODALIDAD,Existe un déficit relevante de intermodalidad respecto del potencial estructural de la centralidad.,44,3,44,INFRAESTRUCTURA|INTERMODALIDAD|CONECTIVIDAD|INTEGRACION,INTERVENCION_SELECTIVA,MEJORA_INTERMODAL,ESCENARIO_MEDIANO_PLAZO,5-10 AÑOS,FASE_3,PRIORIDAD_2_ALTA,INTERVENCION_ESTRUCTURAL_MEDIA,INFRAESTRUCTURA | INTERMODALIDAD | CONECTIVIDAD,Mejorar las condiciones de intercambio entre modos de transporte y fortalecer la articulación intermodal.,"Centralidad clasificada como CENTRALIDAD_LOCAL, con diagnóstico INTERVENCION_SELECTIVA. Presenta demanda estructural de 67.36, soporte de infraestructura de 27.65, déficit estructural promedio de 57.65 y score de prioridad territorial de 62.83. La intervención recomendada es MEJORAR_INTERMODALIDAD.",62.55013736666667,42,3,6,AMBA-P042,AMBAC-033,MEDIA,ALTA,ALTA,MEDIA,MEDIA,DEFICIT_ESTRUCTURAL_MEDIO,0.6811714181453237,0.48078339101011003,0.5609386018641955,DEFICIT,AMBA-E006,47.97071742899471,ESCENARIO_DE_NECESIDAD,PRIORIDAD_4_MEDIA_BAJA,ESCENARIO_DE_NECESIDAD,DEFICIT,PRIORIDAD_4_MEDIA_BAJA,6,49.90764715705244,PRIORIDAD_3_MEDIA,INTERVENCION_PROGRAMADA,31.39553317201036
54,3,91,141,277,6,9,18,AUTOBUS|FERROCARRIL,2,1,0,1,0,0,AUTOBUS|FERROCARRIL,2,1,0,1,0,0,AUTOBUS|FERROCARRIL,2,1,0,1,0,0,463.45919428359923,179.52677580765794,88.17183847291003,0.036415289256198344,0.611043116456841,0.41824639950663545,0.4,1,0,0,0.4054739198519906,42.39,SOPORTE_FISICO_MEDIO,12,INTERMODAL,100.0,81.25,54.861111111111114,69.44444444444444,46.18055555555556,50.34722222222222,19,28,19,9,70.0,INTERMODALIDAD_MEDIA,16,"POLYGON ((-58.4924620958216 -34.60509983985372, -58.49645656203706 -34.60697707677762, -58.50120062533282 -34.605009934416906, -58.50195033093132 -34.60116555636471, -58.506694062352324 -34.59919815954828, -58.50744367641215 -34.5953534242852, -58.50344969083346 -34.59347598176458, -58.49870585084859 -34.59544337733905, -58.49471155663665 -34.59356557511611, -58.48996727632553 -34.595532715015445, -58.489217398723504 -34.599377658366684, -58.49321193319231 -34.60125535780439, -58.4924620958216 -34.60509983985372))",81.25,81.25,59.9849,41.8246,40.0,47.9006,59.1714,67.4479,66.088,64.91,94.44,9,9,CENTRALIDAD_ESTRUCTURAL_ALTA,CENTRALIDAD_ESTRUCTURAL_MUY_ALTA,33.35,52.0994,DEFICIT_INFRAESTRUCTURAL,62.09,36,81.25,47.9006,59.1714,67.4479,ALTO,MUY_ALTO,MEDIO,MEDIO,ALTO,BAJO,PRIORIDAD_MEDIA,CENTRALIDAD_LOCAL,CONECTIVIDAD,DEMANDA,ALTA_DEMANDA_BAJO_SOPORTE,9,36,MANTENER_Y_OPTIMIZAR,18.75,40.8286,32.552099999999996,33.912000000000006,39.848025,76.926605,IMPACTO_MUY_ALTO,42.64413000000001,MEDIA,63.6661405,PRIORIDAD_ALTA,AMPLIAR_INFRAESTRUCTURA,"Demanda 81.2/100 frente a infraestructura 47.9/100, con déficit infrastructural de 52.1 puntos.",42,26,42,INFRAESTRUCTURA|INTERMODALIDAD,ALTA_DEMANDA_BAJO_SOPORTE,AMPLIACION_INFRAESTRUCTURA,ESCENARIO_MEDIANO_PLAZO,5-10 AÑOS,FASE_3,PRIORIDAD_2_ALTA,INTERVENCION_SELECTIVA,INFRAESTRUCTURA | INTERMODALIDAD | INTEGRACION_TERRITORIAL,Incrementar la capacidad y disponibilidad de infraestructura de movilidad en una centralidad con elevada demanda y déficit de soporte físico.,"Centralidad clasificada como CENTRALIDAD_LOCAL, con diagnóstico ALTA_DEMANDA_BAJO_SOPORTE. Presenta demanda estructural de 81.25, soporte de infraestructura de 47.90, déficit estructural promedio de 39.85 y score de prioridad territorial de 63.67. La intervención recomendada es AMPLIAR_INFRAESTRUCTURA.",62.50190859999999,43,25,7,AMBA-P043,AMBAC-054,ALTA,MEDIA,MEDIA,MEDIA,MEDIA,ALTO_IMPACTO_POTENCIAL,0.6410379531386793,0.6957424934784968,0.6738606773425698,IMPACTO,AMBA-E002,54.190890610285415,ESCENARIO_ESTRATEGICO,PRIORIDAD_3_MEDIA,ESCENARIO_ESTRATEGICO,CONECTIVIDAD,PRIORIDAD_3_MEDIA,3,53.952995705743206,PRIORIDAD_3_MEDIA,INTERVENCION_PROGRAMADA,37.849913208420595
6,4,145,223,408,7,9,17,AUTOBUS|FERROCARRIL|FLUVIAL,3,1,0,1,1,0,AUTOBUS|FERROCARRIL|FLUVIAL,3,1,0,1,1,0,AUTOBUS|FERROCARRIL|FLUVIAL|TRANVIA,4,1,0,1,1,1,738.4789359463944,283.9324184759413,129.8704335629866,0.05759297520661157,0.6647132504735409,0.41824639950663545,0.6,1,0,1,0.5454739198519907,49.59,SOPORTE_FISICO_MEDIO,2,INTERMODAL,100.0,99.30555555555556,95.83333333333334,95.83333333333334,95.48611111111111,50.34722222222222,1,2,1,1,85.0,INTERMODALIDAD_MUY_ALTA,3,"POLYGON ((-58.52790515916325 -34.64690973733505, -58.53264802103939 -34.64494233108482, -58.53339731299478 -34.64110128528083, -58.53813984261152 -34.63913362455408, -58.54213297140502 -34.64100700850543, -58.54687505980658 -34.63903909227376, -58.547624128316635 -34.635197793252146, -58.54363124029784 -34.633324306484106, -58.53888904299047 -34.6352922215631, -58.53489584561045 -34.63341837536308, -58.530153207158364 -34.635386034941284, -58.52615970056437 -34.633511829249485, -58.521416621129774 -34.6354792332249, -58.520667157057865 -34.63932084402778, -58.52466090425573 -34.64119494697915, -58.52391148045274 -34.64503609664216, -58.52790515916325 -34.64690973733505))",99.30555555555556,99.30555555555556,65.5021,41.8246,60.0,54.9116,72.3312,83.941,79.7454,78.55,99.31,2,2,CENTRALIDAD_ESTRUCTURAL_ALTA,CENTRALIDAD_ESTRUCTURAL_MUY_ALTA,44.39,45.0884,CENTRALIDAD_ESTRATEGICA,77.34,11,99.30555555555556,54.9116,72.3312,83.941,ALTO,MUY_ALTO,MEDIO,ALTO,MUY_ALTO,MEDIO,PRIORIDAD_ALTA,CENTRALIDAD_ESTRATEGICA,DEFICIT,DEMANDA|CONECTIVIDAD|TERRITORIAL,FUERTE_CONECTIVIDAD,2,11,MANTENER_Y_OPTIMIZAR,0.6944444444444429,27.668800000000005,16.058999999999997,20.254599999999996,27.2677,84.89931777777778,IMPACTO_MUY_ALTO,31.202550000000002,BAJA,63.99945066666667,PRIORIDAD_ALTA,AMPLIAR_INFRAESTRUCTURA,"Demanda 99.3/100 frente a infraestructura 54.9/100, con déficit infrastructural de 45.1 puntos.",39,24,39,INFRAESTRUCTURA,CENTRALIDAD_CONSOLIDADA,AMPLIACION_INFRAESTRUCTURA,ESCENARIO_MEDIANO_PLAZO,5-10 AÑOS,FASE_3,PRIORIDAD_2_ALTA,INTERVENCION_OPTIMIZACION,INFRAESTRUCTURA,Incrementar la capacidad y disponibilidad de infraestructura de movilidad en una centralidad con elevada demanda y déficit de soporte físico.,"Centralidad clasificada como CENTRALIDAD_ESTRATEGICA, con diagnóstico CENTRALIDAD_CONSOLIDADA. Presenta demanda estructural de 99.31, soporte de infraestructura de 54.91, déficit estructural promedio de 27.27 y score de prioridad territorial de 64.00. La intervención recomendada es AMPLIAR_INFRAESTRUCTURA.",62.214895633333335,44,26,8,AMBA-P044,AMBAC-006,ALTA,MEDIA,BAJA,BAJA,BAJA,ALTO_IMPACTO_POTENCIAL,0.690850821829565,0.8389728741900186,0.7797240532458372,INTEGRACION,AMBA-E006,54.190890610285415,ESCENARIO_DE_NECESIDAD,PRIORIDAD_4_MEDIA_BAJA,ESCENARIO_ESTRATEGICO,CONECTIVIDAD,PRIORIDAD_3_MEDIA,6,49.90764715705244,PRIORIDAD_3_MEDIA,INTERVENCION_PROGRAMADA,31.39553317201036
48,1,8,9,20,0,0,0,AUTOBUS,1,0,0,1,0,0,AUTOBUS,1,0,0,1,0,0,AUTOBUS|FERROCARRIL,2,1,0,1,0,0,40.74366543152521,11.459155902616464,6.366197723675814,0.0023243801652892563,0.29664455240180393,0.0,0.2,0,0,0,0.13999999999999999,15.42,SOPORTE_FISICO_MUY_BAJO,129,MONOMODAL,50.0,56.94444444444444,75.0,23.26388888888889,46.18055555555556,50.34722222222222,72,63,72,9,39.0,INTERMODALIDAD_BAJA,129,"POLYGON ((-58.706153227299566 -34.491839158289146, -58.70990947580983 -34.494930984671036, -58.70916251553309 -34.49878334372156, -58.704659264460844 -34.499543745444605, -58.700903296468326 -34.49645196785093, -58.70165029901767 -34.49259973975332, -58.706153227299566 -34.491839158289146))",56.94444444444444,56.94444444444444,27.8703,0.0,20.0,16.0676,18.3681,31.8576,56.1343,35.17,28.47,104,104,CENTRALIDAD_ESTRUCTURAL_BAJA,CENTRALIDAD_ESTRUCTURAL_BAJA,40.88,83.9324,DEFICIT_INFRAESTRUCTURAL,50.52,53,56.94444444444444,16.0676,18.3681,31.8576,MEDIO,MEDIO,MUY_BAJO,MUY_BAJO,BAJO,MEDIO,PRIORIDAD_MEDIA,CENTRALIDAD_LOCAL,DEFICIT,DEMANDA,PERFIL_EQUILIBRADO,104,53,MANTENER_Y_OPTIMIZAR,43.05555555555556,81.6319,68.1424,43.8657,69.3931,50.89184222222222,IMPACTO_MEDIO,74.18927,ALTA,61.634585333333334,PRIORIDAD_ALTA,MEJORAR_CONECTIVIDAD,La conectividad constituye una de las principales restricciones estructurales de la centralidad.,48,2,48,INFRAESTRUCTURA|INTERMODALIDAD|CONECTIVIDAD|INTEGRACION,INTERVENCION_SELECTIVA,MEJORA_CONECTIVIDAD,ESCENARIO_MEDIANO_PLAZO,5-10 AÑOS,FASE_3,PRIORIDAD_2_ALTA,INTERVENCION_ESTRUCTURAL_MEDIA,INFRAESTRUCTURA | INTERMODALIDAD | CONECTIVIDAD,Mejorar la conectividad territorial y la accesibilidad estructural de la centralidad.,"Centralidad clasificada como CENTRALIDAD_LOCAL, con diagnóstico INTERVENCION_SELECTIVA. Presenta demanda estructural de 56.94, soporte de infraestructura de 16.07, déficit estructural promedio de 69.39 y score de prioridad territorial de 61.63. La intervención recomendada es MEJORAR_CONECTIVIDAD.",61.906376566666665,45,2,9,AMBA-P045,AMBAC-048,MEDIA,ALTA,ALTA,ALTA,MEDIA,DEFICIT_ESTRUCTURAL_MEDIO,0.7008059728292001,0.33250485437495675,0.4798253017566541,URGENCIA,AMBA-E006,47.97071742899471,ESCENARIO_DE_NECESIDAD,PRIORIDAD_4_MEDIA_BAJA,ESCENARIO_DE_NECESIDAD,DEFICIT,PRIORIDAD_4_MEDIA_BAJA,6,49.90764715705244,PRIORIDAD_3_MEDIA,INTERVENCION_PROGRAMADA,31.39553317201036
41,2,18,26,39,2,3,4,AUTOBUS|FERROCARRIL,2,1,0,1,0,0,AUTOBUS|FERROCARRIL,2,1,0,1,0,0,AUTOBUS|FERROCARRIL,2,1,0,1,0,0,91.67324722093171,33.10422816311423,12.414085561167836,0.006714876033057851,0.41506520603744346,0.25180942365991643,0.4,1,0,0,0.3555428270979749,30.92,SOPORTE_FISICO_BAJO,61,INTERMODAL,100.0,71.52777777777779,59.02777777777778,69.44444444444444,46.18055555555556,50.34722222222222,24,42,24,18,70.0,INTERMODALIDAD_MEDIA,16,"POLYGON ((-58.27644567827645 -34.70496088704176, -58.2716894170956 -34.706919810165004, -58.270936090924096 -34.71075928289057, -58.27493915736784 -34.71263973032048, -58.2796953117808 -34.71068080635753, -58.283698073251955 -34.712560892554336, -58.288453791166745 -34.71060170957742, -58.28920685444579 -34.706762441256586, -58.28520433126807 -34.70488225368035, -58.2804485065139 -34.70684143581317, -58.27644567827645 -34.70496088704176))",71.52777777777779,71.52777777777779,39.8926,25.1809,40.0,34.1547,55.0105,58.4201,67.4769,56.51,79.17,31,31,CENTRALIDAD_ESTRUCTURAL_MEDIA,CENTRALIDAD_ESTRUCTURAL_ALTA,37.37,65.84530000000001,DEFICIT_INFRAESTRUCTURAL,57.86,44,71.52777777777779,34.1547,55.0105,58.4201,ALTO,ALTO,BAJO,MEDIO,MEDIO,BAJO,PRIORIDAD_MEDIA,CENTRALIDAD_LOCAL,DEFICIT,DEMANDA,PERFIL_EQUILIBRADO,31,44,MANTENER_Y_OPTIMIZAR,28.472222222222214,44.9895,41.5799,32.5231,46.23445,68.7617788888889,IMPACTO_ALTO,50.77994,MEDIA,62.33525233333334,PRIORIDAD_ALTA,AMPLIAR_INFRAESTRUCTURA,"Demanda 71.5/100 frente a infraestructura 34.2/100, con déficit infrastructural de 65.8 puntos.",45,27,45,INFRAESTRUCTURA|INTERMODALIDAD|CONECTIVIDAD,INTERVENCION_SELECTIVA,AMPLIACION_INFRAESTRUCTURA,ESCENARIO_MEDIANO_PLAZO,5-10 AÑOS,FASE_3,PRIORIDAD_2_ALTA,INTERVENCION_SELECTIVA,INFRAESTRUCTURA | INTERMODALIDAD | CONECTIVIDAD,Incrementar la capacidad y disponibilidad de infraestructura de movilidad en una centralidad con elevada demanda y déficit de soporte físico.,"Centralidad clasificada como CENTRALIDAD_LOCAL, con diagnóstico INTERVENCION_SELECTIVA. Presenta demanda estructural de 71.53, soporte de infraestructura de 34.15, déficit estructural promedio de 46.23 y score de prioridad territorial de 62.34. La intervención recomendada es AMPLIAR_INFRAESTRUCTURA.",61.56593446666667,46,27,10,AMBA-P046,AMBAC-041,ALTA,ALTA,MEDIA,MEDIA,MEDIA,DEFICIT_ESTRUCTURAL_MEDIO,0.6672875377794297,0.6087820948130778,0.6321842719996186,IMPACTO,AMBA-E004,51.30732598678722,ESCENARIO_DE_NECESIDAD,PRIORIDAD_3_MEDIA,ESCENARIO_DE_NECESIDAD,DEFICIT,PRIORIDAD_3_MEDIA,5,51.25180617171997,PRIORIDAD_3_MEDIA,INTERVENCION_PROGRAMADA,72.7040020791035
35,1,7,10,21,1,2,3,AUTOBUS|FERROCARRIL,2,1,0,1,0,0,AUTOBUS|FERROCARRIL,2,1,0,1,0,0,AUTOBUS|FERROCARRIL,2,1,0,1,0,0,35.65070725258456,12.732395447351628,6.684507609859605,0.0025826446280991736,0.30808740138835516,0.19955424691458712,0.4,1,0,0,0.3398662740743761,25.81,SOPORTE_FISICO_BAJO,90,MONOMODAL,50.0,65.97222222222221,82.63888888888889,23.26388888888889,46.18055555555556,50.34722222222222,59,50,59,9,70.0,INTERMODALIDAD_MEDIA,16,"POLYGON ((-58.64215259952601 -34.50753207232591, -58.638164087412896 -34.50565523500665, -58.638911576981165 -34.501805320969304, -58.6436474466983 -34.499832349654454, -58.64763571719156 -34.50170929082272, -58.64688835959125 -34.505559099448206, -58.64215259952601 -34.50753207232591))",65.97222222222221,65.97222222222221,29.0239,19.9554,40.0,28.0165,41.2041,54.9479,58.6806,49.15,62.5,55,55,CENTRALIDAD_ESTRUCTURAL_MEDIA,CENTRALIDAD_ESTRUCTURAL_ALTA,37.96,71.98349999999999,DEFICIT_INFRAESTRUCTURAL,54.77,50,65.97222222222221,28.0165,41.2041,54.9479,MEDIO,ALTO,BAJO,MEDIO,MEDIO,BAJO,PRIORIDAD_MEDIA,CENTRALIDAD_LOCAL,DEFICIT,DEMANDA,PERFIL_EQUILIBRADO,55,50,MANTENER_Y_OPTIMIZAR,34.027777777777786,58.7959,45.0521,41.3194,54.287725,62.59365611111111,IMPACTO_ALTO,58.700705,MEDIA,61.914686166666655,PRIORIDAD_ALTA,MEJORAR_INTERMODALIDAD,Existe un déficit relevante de intermodalidad respecto del potencial estructural de la centralidad.,46,4,46,INFRAESTRUCTURA|INTERMODALIDAD|CONECTIVIDAD|INTEGRACION,INTERVENCION_SELECTIVA,MEJORA_INTERMODAL,ESCENARIO_MEDIANO_PLAZO,5-10 AÑOS,FASE_3,PRIORIDAD_2_ALTA,INTERVENCION_ESTRUCTURAL_MEDIA,INFRAESTRUCTURA | INTERMODALIDAD | CONECTIVIDAD,Mejorar las condiciones de intercambio entre modos de transporte y fortalecer la articulación intermodal.,"Centralidad clasificada como CENTRALIDAD_LOCAL, con diagnóstico INTERVENCION_SELECTIVA. Presenta demanda estructural de 65.97, soporte de infraestructura de 28.02, déficit estructural promedio de 54.29 y score de prioridad territorial de 61.91. La intervención recomendada es MEJORAR_INTERMODALIDAD.",61.53443448333333,47,4,11,AMBA-P047,AMBAC-035,MEDIA,ALTA,MEDIA,MEDIA,MEDIA,DEFICIT_ESTRUCTURAL_MEDIO,0.665981455030645,0.5345534558128889,0.5871246554999914,DEFICIT,AMBA-E005,50.08194960959839,ESCENARIO_DE_NECESIDAD,PRIORIDAD_3_MEDIA,ESCENARIO_DE_NECESIDAD,DEFICIT,PRIORIDAD_3_MEDIA,2,57.29611129376036,PRIORIDAD_3_MEDIA,INTERVENCION_PROGRAMADA,84.58186792401246
65,2,22,30,58,0,0,0,AUTOBUS,1,0,0,1,0,0,AUTOBUS,1,0,0,1,0,0,AUTOBUS,1,0,0,1,0,0,112.04507993669432,38.197186342054884,18.46197339865986,0.007747933884297521,0.4314334042643508,0.0,0.2,0,0,0,0.13999999999999999,20.22,SOPORTE_FISICO_BAJO,110,MONOMODAL,50.0,60.416666666666664,50.0,69.44444444444444,95.48611111111111,50.34722222222222,38,58,38,20,40.0,INTERMODALIDAD_BAJA,115,"POLYGON ((-58.33322641805495 -34.727426386184796, -58.33722745103227 -34.7293032798936, -58.341980662215406 -34.72734280085044, -58.34273294770043 -34.72350542893287, -58.33873215356464 -34.72162843369103, -58.33948447915049 -34.71779060024321, -58.33548361782355 -34.71591314261995, -58.330730192103005 -34.71787361999847, -58.329977734967606 -34.72171155583047, -58.333978835098335 -34.72358891190857, -58.33322641805495 -34.727426386184796))",60.416666666666664,60.416666666666664,41.5647,0.0,20.0,21.5807,19.8438,53.2118,47.8009,40.25,38.89,89,89,CENTRALIDAD_ESTRUCTURAL_MEDIA,CENTRALIDAD_ESTRUCTURAL_BAJA,38.84,78.41929999999999,DEFICIT_INFRAESTRUCTURAL,51.79,52,60.416666666666664,21.5807,19.8438,53.2118,MEDIO,ALTO,BAJO,MUY_BAJO,MEDIO,BAJO,PRIORIDAD_MEDIA,CENTRALIDAD_LOCAL,DEFICIT,DEMANDA,PERFIL_EQUILIBRADO,89,52,MANTENER_Y_OPTIMIZAR,39.583333333333336,80.1562,46.7882,52.1991,64.3907,54.75347333333333,IMPACTO_MEDIO,68.594275,ALTA,61.409079,PRIORIDAD_ALTA,MEJORAR_INTERMODALIDAD,Existe un déficit relevante de intermodalidad respecto del potencial estructural de la centralidad.,50,6,50,INTERMODALIDAD|INFRAESTRUCTURA|INTEGRACION|CONECTIVIDAD,INTERVENCION_SELECTIVA,MEJORA_INTERMODAL,ESCENARIO_MEDIANO_PLAZO,5-10 AÑOS,FASE_3,PRIORIDAD_2_ALTA,INTERVENCION_ESTRUCTURAL_MEDIA,INTERMODALIDAD | INFRAESTRUCTURA | INTEGRACION_TERRITORIAL,Mejorar las condiciones de intercambio entre modos de transporte y fortalecer la articulación intermodal.,"Centralidad clasificada como CENTRALIDAD_LOCAL, con diagnóstico INTERVENCION_SELECTIVA. Presenta demanda estructural de 60.42, soporte de infraestructura de 21.58, déficit estructural promedio de 64.39 y score de prioridad territorial de 61.41. La intervención recomendada es MEJORAR_INTERMODALIDAD.",61.48851755,48,5,12,AMBA-P048,AMBAC-065,MEDIA,ALTA,ALTA,MEDIA,MEDIA,DEFICIT_ESTRUCTURAL_MEDIO,0.6664510150139805,0.4438450843905357,0.5328874566399137,DEFICIT,AMBA-E004,51.30732598678722,ESCENARIO_DE_NECESIDAD,PRIORIDAD_3_MEDIA,ESCENARIO_DE_NECESIDAD,DEFICIT,PRIORIDAD_3_MEDIA,5,51.25180617171997,PRIORIDAD_3_MEDIA,INTERVENCION_PROGRAMADA,72.7040020791035
34,1,10,19,41,0,1,5,AUTOBUS,1,0,0,1,0,0,AUTOBUS|FERROCARRIL,2,1,0,1,0,0,AUTOBUS|FERROCARRIL|FLUVIAL,3,1,0,1,1,0,50.92958178940651,24.19155134996809,13.050705333535419,0.00490702479338843,0.3794422222409767,0.12590471182995822,0.4,1,0,0,0.3177714135489874,26.5,SOPORTE_FISICO_BAJO,86,MONOMODAL,50.0,66.66666666666666,83.33333333333334,69.44444444444444,46.18055555555556,50.34722222222222,36,49,36,13,70.0,INTERMODALIDAD_MEDIA,16,"POLYGON ((-58.547135668683104 -34.525833637223684, -58.54314364243685 -34.523953879021406, -58.543892593678464 -34.52010408726816, -58.54863343935384 -34.51813415853322, -58.55262522488814 -34.520014020092134, -58.551876405462835 -34.52386370702068, -58.547135668683104 -34.525833637223684))",66.66666666666666,66.66666666666666,36.2601,12.5905,40.0,28.4432,39.3629,69.6181,58.912,51.32,68.06,47,47,CENTRALIDAD_ESTRUCTURAL_MEDIA,CENTRALIDAD_ESTRUCTURAL_ALTA,38.22,71.5568,DEFICIT_INFRAESTRUCTURAL,55.29,49,66.66666666666666,28.4432,39.3629,69.6181,MEDIO,ALTO,BAJO,BAJO,ALTO,BAJO,PRIORIDAD_MEDIA,CENTRALIDAD_LOCAL,DEFICIT,CONECTIVIDAD,PERFIL_EQUILIBRADO,47,49,MANTENER_Y_OPTIMIZAR,33.33333333333334,60.6371,30.3819,41.088,50.915949999999995,63.93452333333333,IMPACTO_ALTO,56.021575,MEDIA,61.768634,PRIORIDAD_ALTA,MEJORAR_INTERMODALIDAD,Existe un déficit relevante de intermodalidad respecto del potencial estructural de la centralidad.,47,5,47,INFRAESTRUCTURA|INTERMODALIDAD|INTEGRACION,INTERVENCION_SELECTIVA,MEJORA_INTERMODAL,ESCENARIO_MEDIANO_PLAZO,5-10 AÑOS,FASE_3,PRIORIDAD_2_ALTA,INTERVENCION_ESTRUCTURAL_MEDIA,INFRAESTRUCTURA | INTERMODALIDAD | INTEGRACION_TERRITORIAL,Mejorar las condiciones de intercambio entre modos de transporte y fortalecer la articulación intermodal.,"Centralidad clasificada como CENTRALIDAD_LOCAL, con diagnóstico INTERVENCION_SELECTIVA. Presenta demanda estructural de 66.67, soporte de infraestructura de 28.44, déficit estructural promedio de 50.92 y score de prioridad territorial de 61.77. La intervención recomendada es MEJORAR_INTERMODALIDAD.",61.23145855,49,6,13,AMBA-P049,AMBAC-034,MEDIA,ALTA,ALTA,MEDIA,MEDIA,DEFICIT_ESTRUCTURAL_MEDIO,0.6609553444666735,0.5990527957209644,0.6238138152192481,CONECTIVIDAD,AMBA-E005,50.08194960959839,ESCENARIO_DE_NECESIDAD,PRIORIDAD_3_MEDIA,ESCENARIO_DE_NECESIDAD,DEFICIT,PRIORIDAD_3_MEDIA,2,57.29611129376036,PRIORIDAD_3_MEDIA,INTERVENCION_PROGRAMADA,84.58186792401246
72,3,97,179,351,2,4,15,AUTOBUS|FERROCARRIL,2,1,0,1,0,0,AUTOBUS|FERROCARRIL,2,1,0,1,0,0,AUTOBUS|FERROCARRIL|TRANVIA,3,1,0,1,0,1,494.0169433572431,227.90987850759413,111.72677005051052,0.046229338842975205,0.6389675043971355,0.2923416876766772,0.4,1,0,0,0.3677025063030031,40.37,SOPORTE_FISICO_MEDIO,16,MONOMODAL,50.0,73.61111111111111,46.52777777777778,95.83333333333334,99.30555555555556,50.34722222222222,20,39,20,19,70.0,INTERMODALIDAD_MEDIA,16,"POLYGON ((-58.52840776678887 -34.62198510675776, -58.532401101268235 -34.62385987755572, -58.537143516301185 -34.62189196482401, -58.53789270567064 -34.61804928249762, -58.5338996118541 -34.61617440884743, -58.5346488415018 -34.6123312653804, -58.530655679135116 -34.61045592936922, -58.52591304649137 -34.61242383969775, -58.521919575010884 -34.610548144167986, -58.517176501504295 -34.612515799012535, -58.51642700820262 -34.61635915058249, -58.52042072022321 -34.61823474328628, -58.525163685009225 -34.61626708723741, -58.529157088001426 -34.61814232038454, -58.52840776678887 -34.62198510675776))",73.61111111111111,73.61111111111111,62.8551,29.2342,40.0,44.8251,43.5238,87.1528,46.6435,59.73,83.33,25,25,CENTRALIDAD_ESTRUCTURAL_MEDIA,CENTRALIDAD_ESTRUCTURAL_MUY_ALTA,28.79,55.1749,DEFICIT_INFRAESTRUCTURAL,55.68,47,73.61111111111111,44.8251,43.5238,87.1528,MEDIO,ALTO,MEDIO,MEDIO,MUY_ALTO,BAJO,PRIORIDAD_MEDIA,CENTRALIDAD_CONECTIVA,CONECTIVIDAD,CONECTIVIDAD|DEMANDA,FUERTE_CONECTIVIDAD,25,47,MEJORAR_INTERMODALIDAD,26.388888888888886,56.4762,12.8472,53.3565,44.4637,70.69729555555556,IMPACTO_ALTO,46.761925000000005,MEDIA,61.43096233333333,PRIORIDAD_ALTA,AMPLIAR_INFRAESTRUCTURA,"Demanda 73.6/100 frente a infraestructura 44.8/100, con déficit infrastructural de 55.2 puntos.",49,28,49,INTERMODALIDAD|INFRAESTRUCTURA|INTEGRACION,INTERVENCION_SELECTIVA,AMPLIACION_INFRAESTRUCTURA,ESCENARIO_MEDIANO_PLAZO,5-10 AÑOS,FASE_3,PRIORIDAD_2_ALTA,INTERVENCION_SELECTIVA,INTERMODALIDAD | INFRAESTRUCTURA | INTEGRACION_TERRITORIAL,Incrementar la capacidad y disponibilidad de infraestructura de movilidad en una centralidad con elevada demanda y déficit de soporte físico.,"Centralidad clasificada como CENTRALIDAD_CONECTIVA, con diagnóstico INTERVENCION_SELECTIVA. Presenta demanda estructural de 73.61, soporte de infraestructura de 44.83, déficit estructural promedio de 44.46 y score de prioridad territorial de 61.43. La intervención recomendada es AMPLIAR_INFRAESTRUCTURA.",60.62055671666666,50,28,14,AMBA-P050,AMBAC-072,ALTA,MEDIA,MEDIA,BAJA,MEDIA,DEFICIT_ESTRUCTURAL_MEDIO,0.5902836730950387,0.7117460095635473,0.6631610749761438,CONECTIVIDAD,AMBA-E002,54.190890610285415,ESCENARIO_ESTRATEGICO,PRIORIDAD_3_MEDIA,ESCENARIO_ESTRATEGICO,CONECTIVIDAD,PRIORIDAD_3_MEDIA,3,53.952995705743206,PRIORIDAD_3_MEDIA,INTERVENCION_PROGRAMADA,37.849913208420595
58,2,22,32,54,0,1,5,AUTOBUS,1,0,0,1,0,0,AUTOBUS|FERROCARRIL,2,1,0,1,0,0,AUTOBUS|FERROCARRIL,2,1,0,1,0,0,112.04507993669432,40.74366543152521,17.188733853924695,0.008264462809917356,0.43883556491653486,0.12590471182995822,0.4,1,0,0,0.3177714135489874,28.63,SOPORTE_FISICO_BAJO,75,INTERMODAL,100.0,65.27777777777779,52.083333333333336,23.26388888888889,46.18055555555556,50.34722222222222,50,51,50,1,70.0,INTERMODALIDAD_MEDIA,16,"POLYGON ((-58.57033661270655 -34.54095463075635, -58.574327813789985 -34.542832282390236, -58.57906734059631 -34.5408618389411, -58.57981577543759 -34.53701374530102, -58.57582481534813 -34.535135990269275, -58.576573290495766 -34.53128743547762, -58.5725822615819 -34.52940921783421, -58.56784251655983 -34.531379658400674, -58.56709390954896 -34.535228318050294, -58.57108517941962 -34.537106432284155, -58.57033661270655 -34.54095463075635))",65.27777777777779,65.27777777777779,42.3215,12.5905,40.0,30.8842,51.8629,50.0,65.162,51.69,69.44,45,45,CENTRALIDAD_ESTRUCTURAL_MEDIA,CENTRALIDAD_ESTRUCTURAL_ALTA,34.39,69.11580000000001,DEFICIT_INFRAESTRUCTURAL,52.92,51,65.27777777777779,30.8842,51.8629,50.0,ALTO,ALTO,BAJO,MEDIO,MEDIO,BAJO,PRIORIDAD_MEDIA,CENTRALIDAD_LOCAL,DEFICIT,DEMANDA,PERFIL_EQUILIBRADO,45,51,MANTENER_Y_OPTIMIZAR,34.722222222222214,48.1371,50.0,34.837999999999994,50.522725,63.575433888888895,IMPACTO_ALTO,54.906295,MEDIA,60.878612833333335,PRIORIDAD_ALTA,MEJORAR_INTERMODALIDAD,Existe un déficit relevante de intermodalidad respecto del potencial estructural de la centralidad.,52,7,52,INFRAESTRUCTURA|CONECTIVIDAD|INTERMODALIDAD,INTERVENCION_SELECTIVA,MEJORA_INTERMODAL,ESCENARIO_MEDIANO_PLAZO,5-10 AÑOS,FASE_3,PRIORIDAD_2_ALTA,INTERVENCION_ESTRUCTURAL_MEDIA,INFRAESTRUCTURA | CONECTIVIDAD | INTERMODALIDAD,Mejorar las condiciones de intercambio entre modos de transporte y fortalecer la articulación intermodal.,"Centralidad clasificada como CENTRALIDAD_LOCAL, con diagnóstico INTERVENCION_SELECTIVA. Presenta demanda estructural de 65.28, soporte de infraestructura de 30.88, déficit estructural promedio de 50.52 y score de prioridad territorial de 60.88. La intervención recomendada es MEJORAR_INTERMODALIDAD.",60.38728831666667,51,7,15,AMBA-P051,AMBAC-058,MEDIA,ALTA,MEDIA,MEDIA,MEDIA,DEFICIT_ESTRUCTURAL_MEDIO,0.6579730601083777,0.5388098692120098,0.586475145570557,INTEGRACION,AMBA-E005,50.08194960959839,ESCENARIO_DE_NECESIDAD,PRIORIDAD_3_MEDIA,ESCENARIO_DE_NECESIDAD,DEFICIT,PRIORIDAD_3_MEDIA,2,57.29611129376036,PRIORIDAD_3_MEDIA,INTERVENCION_PROGRAMADA,84.58186792401246
32,2,54,107,209,2,7,12,AUTOBUS|FERROCARRIL,2,1,0,1,0,0,AUTOBUS|FERROCARRIL|TRANVIA,3,1,0,1,0,1,AUTOBUS|FERROCARRIL|FLUVIAL|TRANVIA,4,1,0,1,1,1,275.0197416627951,136.2366312866624,66.52676621241226,0.02763429752066116,0.578800029727839,0.3777141354898746,0.6,1,0,0,0.5333142406469623,45.12,SOPORTE_FISICO_MEDIO,6,MONOMODAL,50.0,76.38888888888889,63.888888888888886,69.44444444444444,95.48611111111111,50.34722222222222,25,35,25,10,85.0,INTERMODALIDAD_MUY_ALTA,3,"POLYGON ((-58.49968819291033 -34.6797817168332, -58.50368300577867 -34.681654382468274, -58.50842741958796 -34.679688249436836, -58.509177129138166 -34.67584945180564, -58.505182556707325 -34.67397668370409, -58.50593230651678 -34.67013742494803, -58.50193766572336 -34.668264194669256, -58.49719303471654 -34.67023032563371, -58.496443153091384 -34.67406968790861, -58.500438034284905 -34.675942815708936, -58.49968819291033 -34.6797817168332))",76.38888888888889,76.38888888888889,56.6722,37.7714,60.0,49.9347,58.8179,79.4271,52.4306,64.32,93.75,10,10,CENTRALIDAD_ESTRUCTURAL_ALTA,CENTRALIDAD_ESTRUCTURAL_MUY_ALTA,26.45,50.0653,DEFICIT_INFRAESTRUCTURAL,56.41,45,76.38888888888889,49.9347,58.8179,79.4271,MEDIO,ALTO,MEDIO,MEDIO,ALTO,BAJO,PRIORIDAD_MEDIA,CENTRALIDAD_CONECTIVA,CONECTIVIDAD,CONECTIVIDAD|DEMANDA,FUERTE_CONECTIVIDAD,10,45,MANTENER_Y_OPTIMIZAR,23.611111111111114,41.1821,20.572900000000004,47.5694,39.847425,74.28892944444445,IMPACTO_ALTO,41.57163500000001,MEDIA,61.214750166666676,PRIORIDAD_ALTA,AMPLIAR_INFRAESTRUCTURA,"Demanda 76.4/100 frente a infraestructura 49.9/100, con déficit infrastructural de 50.1 puntos.",51,29,51,INFRAESTRUCTURA|INTEGRACION|INTERMODALIDAD,INTERVENCION_SELECTIVA,AMPLIACION_INFRAESTRUCTURA,ESCENARIO_MEDIANO_PLAZO,5-10 AÑOS,FASE_3,PRIORIDAD_2_ALTA,INTERVENCION_SELECTIVA,INFRAESTRUCTURA | INTEGRACION_TERRITORIAL | INTERMODALIDAD,Incrementar la capacidad y disponibilidad de infraestructura de movilidad en una centralidad con elevada demanda y déficit de soporte físico.,"Centralidad clasificada como CENTRALIDAD_CONECTIVA, con diagnóstico INTERVENCION_SELECTIVA. Presenta demanda estructural de 76.39, soporte de infraestructura de 49.93, déficit estructural promedio de 39.85 y score de prioridad territorial de 61.21. La intervención recomendada es AMPLIAR_INFRAESTRUCTURA.",60.22940978333334,52,29,16,AMBA-P052,AMBAC-032,ALTA,MEDIA,MEDIA,BAJA,MEDIA,INTERVENCION_SELECTIVA,0.5844501593028189,0.7280972141663399,0.6706383922209315,CONECTIVIDAD,AMBA-E007,47.93763362098484,ESCENARIO_DE_NECESIDAD,PRIORIDAD_4_MEDIA_BAJA,ESCENARIO_DE_NECESIDAD,CONECTIVIDAD,PRIORIDAD_4_MEDIA_BAJA,7,30.086574651033622,PRIORIDAD_4_MEDIA_BAJA,SEGUIMIENTO_TERRITORIAL,4.019084362637915
36,1,35,44,82,1,2,4,AUTOBUS|FERROCARRIL,2,1,0,1,0,0,AUTOBUS|FERROCARRIL,2,1,0,1,0,0,AUTOBUS|FERROCARRIL,2,1,0,1,0,0,178.25353626292278,56.02253996834716,26.101410667070837,0.011363636363636364,0.4755153414270987,0.19955424691458712,0.4,1,0,0,0.3398662740743761,31.8,SOPORTE_FISICO_BAJO,54,MONOMODAL,50.0,63.888888888888886,81.25,23.26388888888889,46.18055555555556,50.34722222222222,62,53,62,9,70.0,INTERMODALIDAD_MEDIA,16,"POLYGON ((-58.64473771822195 -34.65098682654398, -58.64849241356529 -34.654075964610286, -58.64774456192413 -34.657916014998435, -58.64324197296245 -34.6586667976021, -58.63948755892708 -34.65557770894113, -58.64023545253277 -34.65173778827846, -58.64473771822195 -34.65098682654398))",63.888888888888886,63.888888888888886,46.0755,19.9554,40.0,34.8831,41.2041,53.6458,58.2176,50.0,65.28,51,51,CENTRALIDAD_ESTRUCTURAL_MEDIA,CENTRALIDAD_ESTRUCTURAL_ALTA,29.01,65.1169,DEFICIT_INFRAESTRUCTURAL,49.94,54,63.888888888888886,34.8831,41.2041,53.6458,MEDIO,ALTO,BAJO,MEDIO,MEDIO,BAJO,PRIORIDAD_MEDIA,CENTRALIDAD_LOCAL,IMPACTO,DEMANDA,PERFIL_EQUILIBRADO,51,54,MANTENER_Y_OPTIMIZAR,36.111111111111114,58.7959,46.3542,41.7824,53.01235,62.13091444444444,IMPACTO_ALTO,56.283935,MEDIA,60.54461866666667,PRIORIDAD_ALTA,MEJORAR_INTERMODALIDAD,Existe un déficit relevante de intermodalidad respecto del potencial estructural de la centralidad.,53,8,53,INFRAESTRUCTURA|INTERMODALIDAD|CONECTIVIDAD|INTEGRACION,INTERVENCION_SELECTIVA,MEJORA_INTERMODAL,ESCENARIO_MEDIANO_PLAZO,5-10 AÑOS,FASE_3,PRIORIDAD_2_ALTA,INTERVENCION_ESTRUCTURAL_MEDIA,INFRAESTRUCTURA | INTERMODALIDAD | CONECTIVIDAD,Mejorar las condiciones de intercambio entre modos de transporte y fortalecer la articulación intermodal.,"Centralidad clasificada como CENTRALIDAD_LOCAL, con diagnóstico INTERVENCION_SELECTIVA. Presenta demanda estructural de 63.89, soporte de infraestructura de 34.88, déficit estructural promedio de 53.01 y score de prioridad territorial de 60.54. La intervención recomendada es MEJORAR_INTERMODALIDAD.",60.143460483333335,53,8,17,AMBA-P053,AMBAC-036,MEDIA,ALTA,MEDIA,MEDIA,MEDIA,DEFICIT_ESTRUCTURAL_MEDIO,0.629705730741424,0.5224505140498227,0.5653526007264632,DEFICIT,AMBA-E003,53.74391081151112,ESCENARIO_DE_NECESIDAD,PRIORIDAD_3_MEDIA,ESCENARIO_DE_NECESIDAD,IMPACTO,PRIORIDAD_3_MEDIA,4,52.19918466555358,PRIORIDAD_3_MEDIA,INTERVENCION_PROGRAMADA,62.99172403916424
56,1,1,3,11,0,0,0,AUTOBUS,1,0,0,1,0,0,AUTOBUS,1,0,0,1,0,0,AUTOBUS,1,0,0,1,0,0,5.092958178940651,3.819718634205488,3.5014087480216975,0.0007747933884297521,0.18495368961100384,0.0,0.2,0,0,0,0.13999999999999999,11.49,SOPORTE_FISICO_MUY_BAJO,138,MONOMODAL,50.0,51.388888888888886,70.83333333333334,23.26388888888889,46.18055555555556,50.34722222222222,80,71,80,9,33.0,INTERMODALIDAD_BAJA,138,"POLYGON ((-58.36962033459468 -34.98679972990846, -58.36561834741618 -34.984938924426075, -58.36637066997312 -34.98112088708041, -58.37112484795958 -34.97916375586971, -58.37512659572616 -34.98102466183475, -58.37437440492214 -34.98484259851901, -58.36962033459468 -34.98679972990846))",51.388888888888886,51.388888888888886,16.7796,0.0,20.0,11.5964,16.7188,40.3646,54.7454,33.19,23.61,111,111,CENTRALIDAD_ESTRUCTURAL_BAJA,CENTRALIDAD_ESTRUCTURAL_BAJA,39.79,88.4036,DEFICIT_INFRAESTRUCTURAL,46.75,62,51.388888888888886,11.5964,16.7188,40.3646,MEDIO,MEDIO,MUY_BAJO,MUY_BAJO,MEDIO,BAJO,PRIORIDAD_MEDIA,CENTRALIDAD_LOCAL,INTEGRACION,TERRITORIAL,PERFIL_EQUILIBRADO,111,62,MANTENER_Y_OPTIMIZAR,48.611111111111114,83.2812,59.6354,45.2546,69.1437,46.60618444444444,IMPACTO_MEDIO,74.89701000000001,ALTA,59.448510666666664,PRIORIDAD_MEDIA,MEJORAR_CONECTIVIDAD,La conectividad constituye una de las principales restricciones estructurales de la centralidad.,55,3,1,INFRAESTRUCTURA|INTERMODALIDAD|CONECTIVIDAD|INTEGRACION,INTERVENCION_SELECTIVA,MEJORA_CONECTIVIDAD,ESCENARIO_MEDIANO_PLAZO,5-10 AÑOS,FASE_3,PRIORIDAD_3_MEDIA,INTERVENCION_ESTRUCTURAL_MEDIA,INFRAESTRUCTURA | INTERMODALIDAD | CONECTIVIDAD,Mejorar la conectividad territorial y la accesibilidad estructural de la centralidad.,"Centralidad clasificada como CENTRALIDAD_LOCAL, con diagnóstico INTERVENCION_SELECTIVA. Presenta demanda estructural de 51.39, soporte de infraestructura de 11.60, déficit estructural promedio de 69.14 y score de prioridad territorial de 59.45. La intervención recomendada es MEJORAR_CONECTIVIDAD.",59.83943663333333,54,3,18,AMBA-P054,AMBAC-056,MEDIA,ALTA,ALTA,MEDIA,MEDIA,DEFICIT_ESTRUCTURAL_MEDIO,0.6908390462409444,0.3417698518429537,0.48139752960215,DEFICIT,AMBA-E001,55.751448155260405,ESCENARIO_DE_NECESIDAD,PRIORIDAD_3_MEDIA,ESCENARIO_DE_NECESIDAD,INTEGRACION,PRIORIDAD_3_MEDIA,1,78.9423286344931,PRIORIDAD_2_ALTA,INTERVENCION_PRIORITARIA,75.93742375877676
81,2,17,17,32,0,0,0,AUTOBUS,1,0,0,1,0,0,AUTOBUS,1,0,0,1,0,0,AUTOBUS,1,0,0,1,0,0,86.58028904199107,21.645072260497766,10.185916357881302,0.004390495867768595,0.36690985424200945,0.0,0.2,0,0,0,0.13999999999999999,17.91,SOPORTE_FISICO_MUY_BAJO,122,MONOMODAL,50.0,52.77777777777778,41.66666666666667,69.44444444444444,46.18055555555556,50.34722222222222,63,69,63,6,40.0,INTERMODALIDAD_BAJA,115,"POLYGON ((-58.4539538576863 -34.779782061444756, -58.45320315894547 -34.783613898341535, -58.457200445518666 -34.78548256687297, -58.46194819075509 -34.783519500291, -58.46269875769682 -34.77968776591811, -58.46744617123414 -34.77772444263012, -58.4681966466003 -34.77389234977663, -58.46419984023854 -34.77202347761078, -58.45945231837679 -34.77398680014946, -58.45870171120509 -34.777818995594586, -58.4539538576863 -34.779782061444756))",52.77777777777778,52.77777777777778,34.9848,0.0,20.0,18.9312,19.8438,38.9757,45.0231,34.88,27.78,105,105,CENTRALIDAD_ESTRUCTURAL_BAJA,CENTRALIDAD_ESTRUCTURAL_BAJA,33.85,81.0688,DEFICIT_INFRAESTRUCTURAL,45.21,64,52.77777777777778,18.9312,19.8438,38.9757,MEDIO,MEDIO,MUY_BAJO,MUY_BAJO,BAJO,BAJO,PRIORIDAD_MEDIA,CENTRALIDAD_LOCAL,INTEGRACION,DEMANDA,PERFIL_EQUILIBRADO,105,64,MANTENER_Y_OPTIMIZAR,47.22222222222222,80.1562,61.0243,54.9769,69.30655,48.58419888888889,IMPACTO_MEDIO,72.917965,ALTA,59.30832933333333,PRIORIDAD_MEDIA,MEJORAR_CONECTIVIDAD,La conectividad constituye una de las principales restricciones estructurales de la centralidad.,56,4,2,INFRAESTRUCTURA|INTERMODALIDAD|CONECTIVIDAD|INTEGRACION,INTERVENCION_SELECTIVA,MEJORA_CONECTIVIDAD,ESCENARIO_MEDIANO_PLAZO,5-10 AÑOS,FASE_3,PRIORIDAD_3_MEDIA,INTERVENCION_ESTRUCTURAL_MEDIA,INFRAESTRUCTURA | INTERMODALIDAD | CONECTIVIDAD,Mejorar la conectividad territorial y la accesibilidad estructural de la centralidad.,"Centralidad clasificada como CENTRALIDAD_LOCAL, con diagnóstico INTERVENCION_SELECTIVA. Presenta demanda estructural de 52.78, soporte de infraestructura de 18.93, déficit estructural promedio de 69.31 y score de prioridad territorial de 59.31. La intervención recomendada es MEJORAR_CONECTIVIDAD.",59.74115511666666,55,4,19,AMBA-P055,AMBAC-081,MEDIA,ALTA,ALTA,ALTA,MEDIA,DEFICIT_ESTRUCTURAL_MEDIO,0.649243893481846,0.349946663166661,0.469665555292735,URGENCIA,AMBA-E001,55.751448155260405,ESCENARIO_DE_NECESIDAD,PRIORIDAD_3_MEDIA,ESCENARIO_DE_NECESIDAD,INTEGRACION,PRIORIDAD_3_MEDIA,1,78.9423286344931,PRIORIDAD_2_ALTA,INTERVENCION_PRIORITARIA,75.93742375877676
37,1,35,49,77,3,4,8,AUTOBUS|FERROCARRIL,2,1,0,1,0,0,AUTOBUS|FERROCARRIL,2,1,0,1,0,0,AUTOBUS|FERROCARRIL,2,1,0,1,0,0,178.25353626292278,62.38873769202297,24.50986123615188,0.01265495867768595,0.48796223344540923,0.2923416876766772,0.4,1,0,0,0.3677025063030031,34.58,SOPORTE_FISICO_BAJO,39,MONOMODAL,50.0,63.19444444444444,80.55555555555556,23.26388888888889,46.18055555555556,50.34722222222222,64,54,64,10,70.0,INTERMODALIDAD_MEDIA,16,"POLYGON ((-58.629694420250004 -34.59402955743125, -58.62570477098712 -34.59215714447467, -58.62645257894453 -34.588313409663144, -58.63118990417568 -34.5863421925255, -58.63494261402759 -34.589432743822925, -58.63419489300097 -34.5932764914237, -58.629694420250004 -34.59402955743125))",63.19444444444444,63.19444444444444,47.3508,29.2342,40.0,38.53,43.5238,48.6111,57.9861,50.39,66.67,49,49,CENTRALIDAD_ESTRUCTURAL_MEDIA,CENTRALIDAD_ESTRUCTURAL_ALTA,24.66,61.47,DEFICIT_INFRAESTRUCTURAL,47.78,57,63.19444444444444,38.53,43.5238,48.6111,MEDIO,ALTO,BAJO,MEDIO,MEDIO,BAJO,PRIORIDAD_MEDIA,CENTRALIDAD_LOCAL,CONECTIVIDAD,DEMANDA,PERFIL_EQUILIBRADO,49,57,MANTENER_Y_OPTIMIZAR,36.80555555555556,56.4762,51.3889,42.0139,52.837250000000004,62.16567222222222,IMPACTO_ALTO,55.286915,MEDIA,60.02069333333334,PRIORIDAD_ALTA,MEJORAR_INTERMODALIDAD,Existe un déficit relevante de intermodalidad respecto del potencial estructural de la centralidad.,54,9,54,INFRAESTRUCTURA|INTERMODALIDAD|CONECTIVIDAD|INTEGRACION,INTERVENCION_SELECTIVA,MEJORA_INTERMODAL,ESCENARIO_MEDIANO_PLAZO,5-10 AÑOS,FASE_3,PRIORIDAD_2_ALTA,INTERVENCION_ESTRUCTURAL_MEDIA,INFRAESTRUCTURA | INTERMODALIDAD | CONECTIVIDAD,Mejorar las condiciones de intercambio entre modos de transporte y fortalecer la articulación intermodal.,"Centralidad clasificada como CENTRALIDAD_LOCAL, con diagnóstico INTERVENCION_SELECTIVA. Presenta demanda estructural de 63.19, soporte de infraestructura de 38.53, déficit estructural promedio de 52.84 y score de prioridad territorial de 60.02. La intervención recomendada es MEJORAR_INTERMODALIDAD.",59.63237341666667,56,9,20,AMBA-P056,AMBAC-037,MEDIA,ALTA,MEDIA,MEDIA,MEDIA,DEFICIT_ESTRUCTURAL_MEDIO,0.6128794395696064,0.5042805044130688,0.5477200784756839,IMPACTO,AMBA-E002,54.190890610285415,ESCENARIO_ESTRATEGICO,PRIORIDAD_3_MEDIA,ESCENARIO_ESTRATEGICO,CONECTIVIDAD,PRIORIDAD_3_MEDIA,3,53.952995705743206,PRIORIDAD_3_MEDIA,INTERVENCION_PROGRAMADA,37.849913208420595
62,1,1,5,11,0,0,0,AUTOBUS,1,0,0,1,0,0,AUTOBUS,1,0,0,1,0,0,AUTOBUS,1,0,0,1,0,0,5.092958178940651,6.366197723675814,3.5014087480216975,0.0012913223140495868,0.23483860732538517,0.0,0.2,0,0,0,0.13999999999999999,13.24,SOPORTE_FISICO_MUY_BAJO,135,MONOMODAL,50.0,47.91666666666667,64.58333333333334,23.26388888888889,46.18055555555556,50.34722222222222,87,76,87,11,35.0,INTERMODALIDAD_BAJA,135,"POLYGON ((-58.63367364117537 -34.46150602539588, -58.62968519673375 -34.459626204193135, -58.63043274524098 -34.455772812656214, -58.63516860626434 -34.453799348017796, -58.63915680921312 -34.45567927323806, -58.63840939263516 -34.459532559070574, -58.63367364117537 -34.46150602539588))",47.91666666666667,47.91666666666667,21.6873,0.0,20.0,13.5766,17.5,28.9062,52.662,30.87,18.06,119,119,CENTRALIDAD_ESTRUCTURAL_BAJA,CENTRALIDAD_ESTRUCTURAL_MUY_BAJA,34.34,86.4234,CENTRALIDAD_SECUNDARIA,42.49,65,47.91666666666667,13.5766,17.5,28.9062,MEDIO,MEDIO,MUY_BAJO,MUY_BAJO,BAJO,BAJO,PRIORIDAD_MEDIA,CENTRALIDAD_LOCAL,DEFICIT,TERRITORIAL,PERFIL_EQUILIBRADO,119,65,MANTENER_Y_OPTIMIZAR,52.08333333333333,82.5,71.0938,47.338,71.8388,43.74409333333334,IMPACTO_MEDIO,76.51382000000001,URGENTE,58.198536000000004,PRIORIDAD_MEDIA,MEJORAR_CONECTIVIDAD,La conectividad constituye una de las principales restricciones estructurales de la centralidad.,63,6,9,INFRAESTRUCTURA|INTERMODALIDAD|CONECTIVIDAD|INTEGRACION,INTERVENCION_SELECTIVA,MEJORA_CONECTIVIDAD,ESCENARIO_MEDIANO_PLAZO,5-10 AÑOS,FASE_3,PRIORIDAD_3_MEDIA,INTERVENCION_ESTRUCTURAL_MEDIA,INFRAESTRUCTURA | INTERMODALIDAD | CONECTIVIDAD,Mejorar la conectividad territorial y la accesibilidad estructural de la centralidad.,"Centralidad clasificada como CENTRALIDAD_LOCAL, con diagnóstico INTERVENCION_SELECTIVA. Presenta demanda estructural de 47.92, soporte de infraestructura de 13.58, déficit estructural promedio de 71.84 y score de prioridad territorial de 58.20. La intervención recomendada es MEJORAR_CONECTIVIDAD.",58.7776622,57,5,21,AMBA-P057,AMBAC-062,MEDIA,ALTA,ALTA,ALTA,MEDIA,DEFICIT_ESTRUCTURAL_MEDIO,0.6708625794151045,0.27812492211139445,0.43521998503287845,URGENCIA,AMBA-E005,50.08194960959839,ESCENARIO_DE_NECESIDAD,PRIORIDAD_3_MEDIA,ESCENARIO_DE_NECESIDAD,DEFICIT,PRIORIDAD_3_MEDIA,2,57.29611129376036,PRIORIDAD_3_MEDIA,INTERVENCION_PROGRAMADA,84.58186792401246
45,1,16,20,37,1,1,2,AUTOBUS|FERROCARRIL,2,1,0,1,0,0,AUTOBUS|FERROCARRIL,2,1,0,1,0,0,AUTOBUS|FERROCARRIL,2,1,0,1,0,0,81.48733086305042,25.464790894703256,11.777465788800255,0.005165289256198347,0.3852407435141075,0.12590471182995822,0.4,1,0,0,0.3177714135489874,26.71,SOPORTE_FISICO_BAJO,84,MONOMODAL,50.0,59.02777777777778,75.69444444444444,23.26388888888889,46.18055555555556,50.34722222222222,71,60,71,11,70.0,INTERMODALIDAD_MEDIA,16,"POLYGON ((-58.39271863322604 -34.780424829249526, -58.388719126047654 -34.77855317704763, -58.38947078711578 -34.77472016238352, -58.39422182368265 -34.77275890216765, -58.39822109142059 -34.77463065590737, -58.39746956203602 -34.77846356831638, -58.39271863322604 -34.780424829249526))",59.02777777777778,59.02777777777778,36.8507,12.5905,40.0,28.6814,39.3629,52.0833,56.3657,46.2,54.17,67,67,CENTRALIDAD_ESTRUCTURAL_MEDIA,CENTRALIDAD_ESTRUCTURAL_MEDIA,30.35,71.3186,DEFICIT_INFRAESTRUCTURAL,47.56,59,59.02777777777778,28.6814,39.3629,52.0833,MEDIO,MEDIO,BAJO,BAJO,MEDIO,BAJO,PRIORIDAD_MEDIA,CENTRALIDAD_LOCAL,INTEGRACION,DEMANDA,PERFIL_EQUILIBRADO,67,59,MANTENER_Y_OPTIMIZAR,40.97222222222222,60.6371,47.9167,43.6343,55.876675,56.940223888888895,IMPACTO_MEDIO,59.8152,MEDIA,58.90913683333333,PRIORIDAD_MEDIA,MEJORAR_CONECTIVIDAD,La conectividad constituye una de las principales restricciones estructurales de la centralidad.,58,5,4,INFRAESTRUCTURA|INTERMODALIDAD|CONECTIVIDAD|INTEGRACION,INTERVENCION_SELECTIVA,MEJORA_CONECTIVIDAD,ESCENARIO_MEDIANO_PLAZO,5-10 AÑOS,FASE_3,PRIORIDAD_3_MEDIA,INTERVENCION_ESTRUCTURAL_MEDIA,INFRAESTRUCTURA | INTERMODALIDAD | CONECTIVIDAD,Mejorar la conectividad territorial y la accesibilidad estructural de la centralidad.,"Centralidad clasificada como CENTRALIDAD_LOCAL, con diagnóstico INTERVENCION_SELECTIVA. Presenta demanda estructural de 59.03, soporte de infraestructura de 28.68, déficit estructural promedio de 55.88 y score de prioridad territorial de 58.91. La intervención recomendada es MEJORAR_CONECTIVIDAD.",58.749709366666664,58,6,22,AMBA-P058,AMBAC-045,MEDIA,ALTA,ALTA,MEDIA,MEDIA,DEFICIT_ESTRUCTURAL_MEDIO,0.6341725972022559,0.4858872118275821,0.5452013659774516,DEFICIT,AMBA-E001,55.751448155260405,ESCENARIO_DE_NECESIDAD,PRIORIDAD_3_MEDIA,ESCENARIO_DE_NECESIDAD,INTEGRACION,PRIORIDAD_3_MEDIA,1,78.9423286344931,PRIORIDAD_2_ALTA,INTERVENCION_PRIORITARIA,75.93742375877676
51,1,3,3,16,1,1,1,AUTOBUS|FERROCARRIL,2,1,0,1,0,0,AUTOBUS|FERROCARRIL,2,1,0,1,0,0,AUTOBUS|FERROCARRIL,2,1,0,1,0,0,15.278874536821952,3.819718634205488,5.092958178940651,0.0007747933884297521,0.18495368961100384,0.12590471182995822,0.4,1,0,0,0.3177714135489874,19.63,SOPORTE_FISICO_MUY_BAJO,113,MONOMODAL,50.0,56.25,74.30555555555556,23.26388888888889,46.18055555555556,50.34722222222222,73,64,73,9,63.0,INTERMODALIDAD_MEDIA,108,"POLYGON ((-58.358702808828966 -34.797980792643145, -58.354701970456084 -34.796108723458396, -58.3554541693495 -34.79227658230667, -58.3602070749868 -34.79031661229868, -58.36420767423895 -34.79218878279437, -58.36345560697842 -34.79602082197832, -58.358702808828966 -34.797980792643145))",56.25,56.25,16.7796,12.5905,40.0,20.5945,30.1615,67.0139,55.9028,43.7,50.0,73,73,CENTRALIDAD_ESTRUCTURAL_MEDIA,CENTRALIDAD_ESTRUCTURAL_MEDIA,35.66,79.4055,DEFICIT_INFRAESTRUCTURAL,48.01,56,56.25,20.5945,30.1615,67.0139,MEDIO,MEDIO,BAJO,BAJO,ALTO,BAJO,PRIORIDAD_MEDIA,CENTRALIDAD_LOCAL,INTEGRACION,CONECTIVIDAD,PERFIL_EQUILIBRADO,73,56,MANTENER_Y_OPTIMIZAR,43.75,69.8385,32.98609999999999,44.0972,56.581824999999995,54.441365,IMPACTO_MEDIO,62.433625000000006,ALTA,58.866981499999994,PRIORIDAD_MEDIA,MONITOREAR,Prioridad territorial 58.9/100 sin un déficit dominante que justifique una intervención mayor.,60,1,6,INFRAESTRUCTURA|INTERMODALIDAD|INTEGRACION,INTERVENCION_SELECTIVA,MONITOREO,ESCENARIO_MEDIANO_PLAZO,5-10 AÑOS,FASE_3,PRIORIDAD_3_MEDIA,INTERVENCION_ESTRUCTURAL_MEDIA,INFRAESTRUCTURA | INTERMODALIDAD | INTEGRACION_TERRITORIAL,Realizar seguimiento de la evolución territorial antes de promover una intervención física de mayor escala.,"Centralidad clasificada como CENTRALIDAD_LOCAL, con diagnóstico INTERVENCION_SELECTIVA. Presenta demanda estructural de 56.25, soporte de infraestructura de 20.59, déficit estructural promedio de 56.58 y score de prioridad territorial de 58.87. La intervención recomendada es MONITOREAR.",58.73813554999999,59,1,23,AMBA-P059,AMBAC-051,MEDIA,ALTA,ALTA,MEDIA,MEDIA,DEFICIT_ESTRUCTURAL_MEDIO,0.65315242650569,0.5188752460442768,0.5725861182288421,DEFICIT,AMBA-E001,55.751448155260405,ESCENARIO_DE_NECESIDAD,PRIORIDAD_3_MEDIA,ESCENARIO_DE_NECESIDAD,INTEGRACION,PRIORIDAD_3_MEDIA,1,78.9423286344931,PRIORIDAD_2_ALTA,INTERVENCION_PRIORITARIA,75.93742375877676
40,1,18,33,76,1,3,4,AUTOBUS|FERROCARRIL,2,1,0,1,0,0,AUTOBUS|FERROCARRIL,2,1,0,1,0,0,AUTOBUS|FERROCARRIL,2,1,0,1,0,0,91.67324722093171,42.01690497626037,24.19155134996809,0.008522727272727272,0.44236895617989846,0.25180942365991643,0.4,1,0,0,0.3555428270979749,31.91,SOPORTE_FISICO_BAJO,53,MONOMODAL,50.0,61.111111111111114,79.16666666666666,23.26388888888889,46.18055555555556,50.34722222222222,67,57,67,10,70.0,INTERMODALIDAD_MEDIA,16,"POLYGON ((-58.554618301909194 -34.554559766118345, -58.55062630945587 -34.552681961814464, -58.551375191138746 -34.548834371553255, -58.55611593343433 -34.54686469024039, -58.56010768507472 -34.54874259780448, -58.559358935236254 -34.552590083412525, -58.554618301909194 -34.554559766118345))",61.111111111111114,61.111111111111114,42.6828,25.1809,40.0,35.2798,42.5105,60.5903,57.5231,50.5,67.36,48,48,CENTRALIDAD_ESTRUCTURAL_MEDIA,CENTRALIDAD_ESTRUCTURAL_ALTA,25.83,64.7202,DEFICIT_INFRAESTRUCTURAL,47.0,61,61.111111111111114,35.2798,42.5105,60.5903,MEDIO,ALTO,BAJO,MEDIO,ALTO,BAJO,PRIORIDAD_MEDIA,CENTRALIDAD_LOCAL,CONECTIVIDAD,DEMANDA,PERFIL_EQUILIBRADO,48,61,MANTENER_Y_OPTIMIZAR,38.888888888888886,57.4895,39.4097,42.4769,51.024074999999996,60.96837055555555,IMPACTO_ALTO,54.51393,MEDIA,59.11089483333333,PRIORIDAD_MEDIA,MEJORAR_INTERMODALIDAD,Existe un déficit relevante de intermodalidad respecto del potencial estructural de la centralidad.,57,10,3,INFRAESTRUCTURA|INTERMODALIDAD|INTEGRACION,INTERVENCION_SELECTIVA,MEJORA_INTERMODAL,ESCENARIO_MEDIANO_PLAZO,5-10 AÑOS,FASE_3,PRIORIDAD_3_MEDIA,INTERVENCION_ESTRUCTURAL_MEDIA,INFRAESTRUCTURA | INTERMODALIDAD | INTEGRACION_TERRITORIAL,Mejorar las condiciones de intercambio entre modos de transporte y fortalecer la articulación intermodal.,"Centralidad clasificada como CENTRALIDAD_LOCAL, con diagnóstico INTERVENCION_SELECTIVA. Presenta demanda estructural de 61.11, soporte de infraestructura de 35.28, déficit estructural promedio de 51.02 y score de prioridad territorial de 59.11. La intervención recomendada es MEJORAR_INTERMODALIDAD.",58.69997146666666,60,10,24,AMBA-P060,AMBAC-040,MEDIA,ALTA,MEDIA,MEDIA,MEDIA,DEFICIT_ESTRUCTURAL_MEDIO,0.611260779673793,0.5464401249611313,0.572368386846196,DEFICIT,AMBA-E002,54.190890610285415,ESCENARIO_ESTRATEGICO,PRIORIDAD_3_MEDIA,ESCENARIO_ESTRATEGICO,CONECTIVIDAD,PRIORIDAD_3_MEDIA,3,53.952995705743206,PRIORIDAD_3_MEDIA,INTERVENCION_PROGRAMADA,37.849913208420595
55,2,69,117,251,2,5,8,AUTOBUS|FERROCARRIL,2,1,0,1,0,0,AUTOBUS|FERROCARRIL,2,1,0,1,0,0,AUTOBUS|FERROCARRIL,2,1,0,1,0,0,351.4141143469049,148.96902673401405,79.89578143213146,0.03021694214876033,0.5892338822407044,0.3254589587445453,0.4,1,0,0,0.3776376876233636,39.21,SOPORTE_FISICO_BAJO,17,MONOMODAL,50.0,64.58333333333334,51.388888888888886,95.83333333333334,46.18055555555556,50.34722222222222,37,52,37,15,70.0,INTERMODALIDAD_MEDIA,16,"POLYGON ((-58.516919580200195 -34.658524805659, -58.51617001352672 -34.6623647794566, -58.520164104937855 -34.664237752641306, -58.52490752244411 -34.66227085463632, -58.52565695727406 -34.65843098453582, -58.53040004257912 -34.65646383178785, -58.53114938583189 -34.652623604345756, -58.527155775633304 -34.650750425877774, -58.52241258154776 -34.652717577527234, -58.52166310644511 -34.6565579087345, -58.516919580200195 -34.658524805659))",64.58333333333334,64.58333333333334,57.744,32.5459,40.0,43.8557,44.3518,76.9965,48.2639,55.59,78.47,32,32,CENTRALIDAD_ESTRUCTURAL_MEDIA,CENTRALIDAD_ESTRUCTURAL_ALTA,20.73,56.1443,DEFICIT_INFRAESTRUCTURAL,47.04,60,64.58333333333334,43.8557,44.3518,76.9965,MEDIO,ALTO,MEDIO,MEDIO,ALTO,BAJO,PRIORIDAD_MEDIA,CENTRALIDAD_CONECTIVA,CONECTIVIDAD,CONECTIVIDAD,FUERTE_CONECTIVIDAD,32,60,MANTENER_Y_OPTIMIZAR,35.41666666666666,55.6482,23.003500000000003,51.7361,46.633024999999996,65.15927166666667,IMPACTO_ALTO,48.73088500000001,MEDIA,58.8955055,PRIORIDAD_MEDIA,MEJORAR_INTERMODALIDAD,Existe un déficit relevante de intermodalidad respecto del potencial estructural de la centralidad.,59,11,5,INFRAESTRUCTURA|INTERMODALIDAD|INTEGRACION,CENTRALIDAD_CONECTIVA,MEJORA_INTERMODAL,ESCENARIO_MEDIANO_PLAZO,5-10 AÑOS,FASE_3,PRIORIDAD_3_MEDIA,INTERVENCION_SELECTIVA,INFRAESTRUCTURA | INTERMODALIDAD | INTEGRACION_TERRITORIAL,Mejorar las condiciones de intercambio entre modos de transporte y fortalecer la articulación intermodal.,"Centralidad clasificada como CENTRALIDAD_CONECTIVA, con diagnóstico CENTRALIDAD_CONECTIVA. Presenta demanda estructural de 64.58, soporte de infraestructura de 43.86, déficit estructural promedio de 46.63 y score de prioridad territorial de 58.90. La intervención recomendada es MEJORAR_INTERMODALIDAD.",58.310377349999996,61,11,25,AMBA-P061,AMBAC-055,MEDIA,MEDIA,MEDIA,BAJA,MEDIA,DEFICIT_ESTRUCTURAL_MEDIO,0.5653202374678495,0.6381650115835602,0.6090271019372759,CONECTIVIDAD,AMBA-E002,54.190890610285415,ESCENARIO_ESTRATEGICO,PRIORIDAD_3_MEDIA,ESCENARIO_ESTRATEGICO,CONECTIVIDAD,PRIORIDAD_3_MEDIA,3,53.952995705743206,PRIORIDAD_3_MEDIA,INTERVENCION_PROGRAMADA,37.849913208420595
98,3,34,60,126,1,4,7,AUTOBUS|FERROCARRIL,2,1,0,1,0,0,AUTOBUS|FERROCARRIL,2,1,0,1,0,0,AUTOBUS|FERROCARRIL,2,1,0,1,0,0,173.16057808398213,76.39437268410977,40.10704565915763,0.015495867768595042,0.5114387677034817,0.2923416876766772,0.4,1,0,0,0.3677025063030031,35.44,SOPORTE_FISICO_BAJO,34,MONOMODAL,50.0,61.80555555555556,27.083333333333332,69.44444444444444,95.48611111111111,50.34722222222222,45,56,45,11,70.0,INTERMODALIDAD_MEDIA,16,"POLYGON ((-58.50895456857983 -34.520458214510754, -58.50820509022228 -34.52430842513775, -58.51219835245256 -34.52618962139182, -58.51694085267377 -34.52422071021446, -58.5176901992748 -34.520370604242146, -58.52243236756329 -34.51840143961029, -58.523181622643854 -34.514550976997775, -58.52792345894963 -34.512581559036335, -58.528672622507834 -34.508730739858805, -58.5246800815334 -34.506849233842814, -58.519938136530136 -34.50881865031672, -58.519188841202634 -34.51266957428546, -58.514446564258414 -34.51463873744835, -58.513697177414976 -34.51848930478381, -58.50895456857983 -34.520458214510754))",61.80555555555556,61.80555555555556,49.7577,29.2342,40.0,39.5014,43.5238,82.2049,40.162,53.47,74.31,38,38,CENTRALIDAD_ESTRUCTURAL_MEDIA,CENTRALIDAD_ESTRUCTURAL_ALTA,22.3,60.4986,DEFICIT_INFRAESTRUCTURAL,46.0,63,61.80555555555556,39.5014,43.5238,82.2049,MEDIO,ALTO,BAJO,MEDIO,MUY_ALTO,BAJO,PRIORIDAD_MEDIA,CENTRALIDAD_CONECTIVA,DEFICIT,CONECTIVIDAD,FUERTE_CONECTIVIDAD,38,63,MANTENER_Y_OPTIMIZAR,38.19444444444444,56.4762,17.795100000000005,59.838,48.651975,62.92617277777778,IMPACTO_ALTO,50.853210000000004,MEDIA,58.233066166666674,PRIORIDAD_MEDIA,MEJORAR_INTERMODALIDAD,Existe un déficit relevante de intermodalidad respecto del potencial estructural de la centralidad.,62,12,8,INFRAESTRUCTURA|INTEGRACION|INTERMODALIDAD,CENTRALIDAD_CONECTIVA,MEJORA_INTERMODAL,ESCENARIO_MEDIANO_PLAZO,5-10 AÑOS,FASE_3,PRIORIDAD_3_MEDIA,INTERVENCION_SELECTIVA,INFRAESTRUCTURA | INTEGRACION_TERRITORIAL | INTERMODALIDAD,Mejorar las condiciones de intercambio entre modos de transporte y fortalecer la articulación intermodal.,"Centralidad clasificada como CENTRALIDAD_CONECTIVA, con diagnóstico CENTRALIDAD_CONECTIVA. Presenta demanda estructural de 61.81, soporte de infraestructura de 39.50, déficit estructural promedio de 48.65 y score de prioridad territorial de 58.23. La intervención recomendada es MEJORAR_INTERMODALIDAD.",57.83005373333334,62,12,26,AMBA-P062,AMBAC-098,MEDIA,ALTA,MEDIA,BAJA,MEDIA,DEFICIT_ESTRUCTURAL_MEDIO,0.556088015006939,0.647367195437524,0.61085552326529,CONECTIVIDAD,AMBA-E005,50.08194960959839,ESCENARIO_DE_NECESIDAD,PRIORIDAD_3_MEDIA,ESCENARIO_DE_NECESIDAD,DEFICIT,PRIORIDAD_3_MEDIA,2,57.29611129376036,PRIORIDAD_3_MEDIA,INTERVENCION_PROGRAMADA,84.58186792401246
61,2,53,84,170,7,9,14,AUTOBUS|FERROCARRIL|FLUVIAL,3,1,0,1,1,0,AUTOBUS|FERROCARRIL|FLUVIAL,3,1,0,1,1,0,AUTOBUS|FERROCARRIL|FLUVIAL,3,1,0,1,1,0,269.9267834838545,106.95212175775367,54.11268065124442,0.02169421487603306,0.5505734545902551,0.41824639950663545,0.6,1,0,1,0.5454739198519907,45.05,SOPORTE_FISICO_MEDIO,7,MONOMODAL,50.0,68.75,54.166666666666664,23.26388888888889,95.48611111111111,50.34722222222222,55,46,55,9,85.0,INTERMODALIDAD_MUY_ALTA,3,"POLYGON ((-58.561352479160774 -34.58711175426716, -58.55661161697756 -34.58908093542666, -58.55586275360794 -34.59292550652346, -58.559854884292335 -34.5948007920819, -58.56459563744711 -34.59283160963666, -58.56858745846747 -34.594706535910376, -58.57332776999834 -34.592737098606115, -58.57407636960375 -34.588892736326756, -58.57008478957168 -34.58701770691309, -58.5653443689421 -34.58898714292743, -58.561352479160774 -34.58711175426716))",68.75,68.75,53.7735,41.8246,60.0,50.1256,59.8312,69.184,49.1898,60.42,85.42,22,22,CENTRALIDAD_ESTRUCTURAL_ALTA,CENTRALIDAD_ESTRUCTURAL_MUY_ALTA,18.62,49.8744,CENTRALIDAD_ESTRATEGICA,48.7,55,68.75,50.1256,59.8312,69.184,MEDIO,ALTO,MEDIO,MEDIO,ALTO,MUY_BAJO,PRIORIDAD_MEDIA,CENTRALIDAD_LOCAL,IMPACTO,CONECTIVIDAD,PERFIL_EQUILIBRADO,22,55,MANTENER_Y_OPTIMIZAR,31.25,40.1688,30.816000000000003,50.8102,42.91735,68.58447000000001,IMPACTO_ALTO,43.77669,MEDIA,58.481257,PRIORIDAD_MEDIA,MEJORAR_INTEGRACION_TERRITORIAL,La integración territorial presenta un déficit relevante respecto de las demás dimensiones.,61,1,7,INTEGRACION|INFRAESTRUCTURA|INTERMODALIDAD,INTERVENCION_SELECTIVA,INTEGRACION_TERRITORIAL,ESCENARIO_MEDIANO_PLAZO,5-10 AÑOS,FASE_3,PRIORIDAD_3_MEDIA,INTERVENCION_SELECTIVA,INTEGRACION_TERRITORIAL | INFRAESTRUCTURA | INTERMODALIDAD,Reducir déficits de integración territorial y mejorar la articulación de la centralidad con su entorno.,"Centralidad clasificada como CENTRALIDAD_LOCAL, con diagnóstico INTERVENCION_SELECTIVA. Presenta demanda estructural de 68.75, soporte de infraestructura de 50.13, déficit estructural promedio de 42.92 y score de prioridad territorial de 58.48. La intervención recomendada es MEJORAR_INTEGRACION_TERRITORIAL.",57.791053899999994,63,1,27,AMBA-P063,AMBAC-061,MEDIA,MEDIA,MEDIA,MEDIA,MEDIA,DEFICIT_ESTRUCTURAL_MEDIO,0.5522186260861703,0.6540178932345632,0.6132981863752061,CONECTIVIDAD,AMBA-E003,54.190890610285415,ESCENARIO_DE_NECESIDAD,PRIORIDAD_3_MEDIA,ESCENARIO_ESTRATEGICO,CONECTIVIDAD,PRIORIDAD_3_MEDIA,4,52.19918466555358,PRIORIDAD_3_MEDIA,INTERVENCION_PROGRAMADA,62.99172403916424
76,3,65,90,160,4,4,9,AUTOBUS|FERROCARRIL|TRANVIA,3,1,0,1,0,1,AUTOBUS|FERROCARRIL|FLUVIAL|TRANVIA,4,1,0,1,1,1,AUTOBUS|FERROCARRIL|FLUVIAL|TRANVIA,4,1,0,1,1,1,331.0422816311423,114.59155902616465,50.92958178940651,0.02324380165289256,0.5586144708196605,0.2923416876766772,0.8,1,0,1,0.6477025063030031,47.21,SOPORTE_FISICO_MEDIO,3,MONOMODAL,50.0,68.05555555555556,34.72222222222222,69.44444444444444,46.18055555555556,50.34722222222222,52,47,52,5,100.0,INTERMODALIDAD_MUY_ALTA,1,"POLYGON ((-58.45997718177384 -34.68211427572627, -58.45922672171498 -34.68595323242295, -58.463223008450875 -34.687827235099775, -58.46796951520339 -34.685862383335255, -58.46871984350465 -34.68202352989479, -58.4734660186252 -34.68005842246674, -58.47746175708137 -34.68193216749162, -58.48220749211842 -34.67996680350985, -58.48295759709657 -34.67612769552608, -58.478962098820716 -34.674253848148986, -58.474216255382515 -34.67621921111658, -58.4702204487872 -34.674345003861575, -58.46547416533619 -34.67631011027954, -58.46472379681485 -34.68014942495388, -58.45997718177384 -34.68211427572627))",68.05555555555556,68.05555555555556,54.5991,29.2342,80.0,50.9614,62.9856,63.4549,42.7083,59.54,81.94,27,27,CENTRALIDAD_ESTRUCTURAL_MEDIA,CENTRALIDAD_ESTRUCTURAL_MUY_ALTA,17.09,49.0386,CENTRALIDAD_ESTRATEGICA,47.67,58,68.05555555555556,50.9614,62.9856,63.4549,MEDIO,ALTO,MEDIO,ALTO,ALTO,MUY_BAJO,PRIORIDAD_MEDIA,CENTRALIDAD_LOCAL,CONECTIVIDAD,DEMANDA,PERFIL_EQUILIBRADO,27,58,MANTENER_Y_OPTIMIZAR,31.944444444444443,37.0144,36.5451,57.2917,44.972449999999995,67.60426777777778,IMPACTO_ALTO,44.771815000000004,MEDIA,57.94429066666667,PRIORIDAD_MEDIA,MEJORAR_INTEGRACION_TERRITORIAL,La integración territorial presenta un déficit relevante respecto de las demás dimensiones.,64,2,10,INTEGRACION|INFRAESTRUCTURA,INTERVENCION_SELECTIVA,INTEGRACION_TERRITORIAL,ESCENARIO_MEDIANO_PLAZO,5-10 AÑOS,FASE_3,PRIORIDAD_3_MEDIA,INTERVENCION_SELECTIVA,INTEGRACION_TERRITORIAL | INFRAESTRUCTURA | INTERMODALIDAD,Reducir déficits de integración territorial y mejorar la articulación de la centralidad con su entorno.,"Centralidad clasificada como CENTRALIDAD_LOCAL, con diagnóstico INTERVENCION_SELECTIVA. Presenta demanda estructural de 68.06, soporte de infraestructura de 50.96, déficit estructural promedio de 44.97 y score de prioridad territorial de 57.94. La intervención recomendada es MEJORAR_INTEGRACION_TERRITORIAL.",57.41741588333333,64,2,28,AMBA-P064,AMBAC-076,MEDIA,MEDIA,MEDIA,MEDIA,MEDIA,DEFICIT_ESTRUCTURAL_MEDIO,0.5361878720756765,0.6308513471617028,0.5929859571272923,IMPACTO,AMBA-E007,47.93763362098484,ESCENARIO_DE_NECESIDAD,PRIORIDAD_4_MEDIA_BAJA,ESCENARIO_DE_NECESIDAD,CONECTIVIDAD,PRIORIDAD_4_MEDIA_BAJA,7,30.086574651033622,PRIORIDAD_4_MEDIA_BAJA,SEGUIMIENTO_TERRITORIAL,4.019084362637915
70,2,57,86,172,0,2,10,AUTOBUS|FERROCARRIL,2,1,0,1,0,0,AUTOBUS|FERROCARRIL,2,1,0,1,0,0,AUTOBUS|FERROCARRIL|TRANVIA,3,1,0,1,0,1,290.29861619961713,109.498600847224,54.749300423612,0.02221074380165289,0.5533153388285809,0.19955424691458712,0.4,1,0,0,0.3398662740743761,34.69,SOPORTE_FISICO_BAJO,38,MONOMODAL,50.0,57.638888888888886,47.22222222222222,23.26388888888889,95.48611111111111,50.34722222222222,69,62,69,7,70.0,INTERMODALIDAD_MEDIA,16,"POLYGON ((-58.503203966826874 -34.572368612021144, -58.50245432357318 -34.576215088268, -58.50644820546742 -34.57809355879347, -58.51119149025489 -34.57612565600998, -58.511941001734435 -34.57227928401619, -58.51668395458045 -34.570311127187054, -58.51743337452463 -34.56646439821938, -58.51343997340718 -34.56458572175089, -58.508696911929206 -34.56655387725519, -58.50794736020448 -34.570400710544114, -58.503203966826874 -34.572368612021144))",57.638888888888886,57.638888888888886,54.055,19.9554,40.0,38.1094,41.2041,68.4028,46.875,50.01,65.97,50,50,CENTRALIDAD_ESTRUCTURAL_MEDIA,CENTRALIDAD_ESTRUCTURAL_ALTA,19.53,61.8906,DEFICIT_INFRAESTRUCTURAL,42.4,67,57.638888888888886,38.1094,41.2041,68.4028,MEDIO,MEDIO,BAJO,MEDIO,ALTO,MUY_BAJO,PRIORIDAD_MEDIA,CENTRALIDAD_LOCAL,CONECTIVIDAD,CONECTIVIDAD,PERFIL_EQUILIBRADO,50,67,MANTENER_Y_OPTIMIZAR,42.361111111111114,58.7959,31.5972,53.125,51.352175,58.88087944444444,IMPACTO_MEDIO,53.743405,MEDIA,57.20678516666666,PRIORIDAD_MEDIA,MEJORAR_INTEGRACION_TERRITORIAL,La integración territorial presenta un déficit relevante respecto de las demás dimensiones.,65,3,11,INFRAESTRUCTURA|INTERMODALIDAD|INTEGRACION,INTERVENCION_SELECTIVA,INTEGRACION_TERRITORIAL,ESCENARIO_MEDIANO_PLAZO,5-10 AÑOS,FASE_3,PRIORIDAD_3_MEDIA,INTERVENCION_ESTRUCTURAL_MEDIA,INFRAESTRUCTURA | INTERMODALIDAD | INTEGRACION_TERRITORIAL,Reducir déficits de integración territorial y mejorar la articulación de la centralidad con su entorno.,"Centralidad clasificada como CENTRALIDAD_LOCAL, con diagnóstico INTERVENCION_SELECTIVA. Presenta demanda estructural de 57.64, soporte de infraestructura de 38.11, déficit estructural promedio de 51.35 y score de prioridad territorial de 57.21. La intervención recomendada es MEJORAR_INTEGRACION_TERRITORIAL.",56.93839228333333,65,3,29,AMBA-P065,AMBAC-070,MEDIA,ALTA,MEDIA,MEDIA,MEDIA,DEFICIT_ESTRUCTURAL_MEDIO,0.5648625919035435,0.562647399696853,0.5635334765795292,CONECTIVIDAD,AMBA-E002,54.190890610285415,ESCENARIO_ESTRATEGICO,PRIORIDAD_3_MEDIA,ESCENARIO_ESTRATEGICO,CONECTIVIDAD,PRIORIDAD_3_MEDIA,3,53.952995705743206,PRIORIDAD_3_MEDIA,INTERVENCION_PROGRAMADA,37.849913208420595
68,1,23,27,42,0,0,2,AUTOBUS,1,0,0,1,0,0,AUTOBUS,1,0,0,1,0,0,AUTOBUS|FERROCARRIL|FLUVIAL,3,1,0,1,1,0,117.13803811563497,34.37746770784939,13.36901521971921,0.006973140495867769,0.41937574069677763,0.0,0.2,0,0,0,0.13999999999999999,19.78,SOPORTE_FISICO_MUY_BAJO,112,MONOMODAL,50.0,45.13888888888889,60.416666666666664,69.44444444444444,46.18055555555556,50.34722222222222,60,80,60,20,40.0,INTERMODALIDAD_BAJA,115,"POLYGON ((-58.55162877563351 -34.502731930499145, -58.547637093554506 -34.5008510399698, -58.5483859422656 -34.49699961285851, -58.55312634124775 -34.49502918128076, -58.557117782593245 -34.49691017528937, -58.55636906569393 -34.50076149738777, -58.55162877563351 -34.502731930499145))",45.13888888888889,45.13888888888889,40.3327,0.0,20.0,21.0835,19.8438,34.375,51.2731,33.06,22.92,112,112,CENTRALIDAD_ESTRUCTURAL_BAJA,CENTRALIDAD_ESTRUCTURAL_BAJA,24.06,78.9165,CENTRALIDAD_SECUNDARIA,36.71,76,45.13888888888889,21.0835,19.8438,34.375,MEDIO,MEDIO,BAJO,MUY_BAJO,BAJO,BAJO,PRIORIDAD_BAJA,CENTRALIDAD_LOCAL,DEFICIT,TERRITORIAL,PERFIL_EQUILIBRADO,112,76,MANTENER_Y_OPTIMIZAR,54.86111111111111,80.1562,65.625,48.7269,68.35615,43.11667444444445,IMPACTO_MEDIO,72.03968499999999,ALTA,55.839964666666674,PRIORIDAD_MEDIA,MEJORAR_CONECTIVIDAD,La conectividad constituye una de las principales restricciones estructurales de la centralidad.,68,7,14,INTERMODALIDAD|INFRAESTRUCTURA|CONECTIVIDAD|INTEGRACION,INTERVENCION_SELECTIVA,MEJORA_CONECTIVIDAD,ESCENARIO_MEDIANO_PLAZO,5-10 AÑOS,FASE_3,PRIORIDAD_3_MEDIA,INTERVENCION_ESTRUCTURAL_MEDIA,INTERMODALIDAD | INFRAESTRUCTURA | CONECTIVIDAD,Mejorar la conectividad territorial y la accesibilidad estructural de la centralidad.,"Centralidad clasificada como CENTRALIDAD_LOCAL, con diagnóstico INTERVENCION_SELECTIVA. Presenta demanda estructural de 45.14, soporte de infraestructura de 21.08, déficit estructural promedio de 68.36 y score de prioridad territorial de 55.84. La intervención recomendada es MEJORAR_CONECTIVIDAD.",56.36142918333333,66,7,30,AMBA-P066,AMBAC-068,MEDIA,ALTA,ALTA,ALTA,MEDIA,DEFICIT_ESTRUCTURAL_MEDIO,0.6225738164071899,0.29755097895476446,0.4275601139357347,URGENCIA,AMBA-E005,50.08194960959839,ESCENARIO_DE_NECESIDAD,PRIORIDAD_3_MEDIA,ESCENARIO_DE_NECESIDAD,DEFICIT,PRIORIDAD_3_MEDIA,2,57.29611129376036,PRIORIDAD_3_MEDIA,INTERVENCION_PROGRAMADA,84.58186792401246
74,2,53,77,170,4,6,9,AUTOBUS|FERROCARRIL,2,1,0,1,0,0,AUTOBUS|FERROCARRIL,2,1,0,1,0,0,AUTOBUS|FERROCARRIL,2,1,0,1,0,0,269.9267834838545,98.03944494460752,54.11268065124442,0.019886363636363636,0.5404397805333023,0.3534592124660774,0.4,1,0,0,0.3860377637398232,38.05,SOPORTE_FISICO_BAJO,21,MONOMODAL,50.0,58.333333333333336,48.61111111111111,69.44444444444444,46.18055555555556,50.34722222222222,53,61,53,8,70.0,INTERMODALIDAD_MEDIA,16,"POLYGON ((-58.4849927011955 -34.50916414712293, -58.48424287894099 -34.513015489831055, -58.488236894692484 -34.514898331240595, -58.49298049257769 -34.512929933084706, -58.493730183123 -34.50907869499761, -58.49847344934302 -34.50711004321163, -58.49922304838962 -34.50325844836163, -58.49522951293562 -34.50137540059963, -58.490486138258305 -34.50334405089741, -58.48973640749611 -34.507195750436686, -58.4849927011955 -34.50916414712293))",58.333333333333336,58.333333333333336,52.7333,35.3459,40.0,42.7679,45.0518,71.0938,47.338,52.6,71.53,42,42,CENTRALIDAD_ESTRUCTURAL_MEDIA,CENTRALIDAD_ESTRUCTURAL_ALTA,15.57,57.2321,DEFICIT_INFRAESTRUCTURAL,41.23,68,58.333333333333336,42.7679,45.0518,71.0938,MEDIO,MEDIO,MEDIO,MEDIO,ALTO,MUY_BAJO,PRIORIDAD_MEDIA,CENTRALIDAD_LOCAL,DEFICIT,CONECTIVIDAD,PERFIL_EQUILIBRADO,42,68,MANTENER_Y_OPTIMIZAR,41.666666666666664,54.9482,28.9062,52.662,48.437125,60.313091666666665,IMPACTO_ALTO,50.31043,MEDIA,56.556512500000004,PRIORIDAD_MEDIA,MEJORAR_INTEGRACION_TERRITORIAL,La integración territorial presenta un déficit relevante respecto de las demás dimensiones.,66,4,12,INFRAESTRUCTURA|INTERMODALIDAD|INTEGRACION,CENTRALIDAD_CONECTIVA,INTEGRACION_TERRITORIAL,ESCENARIO_MEDIANO_PLAZO,5-10 AÑOS,FASE_3,PRIORIDAD_3_MEDIA,INTERVENCION_SELECTIVA,INFRAESTRUCTURA | INTERMODALIDAD | INTEGRACION_TERRITORIAL,Reducir déficits de integración territorial y mejorar la articulación de la centralidad con su entorno.,"Centralidad clasificada como CENTRALIDAD_LOCAL, con diagnóstico CENTRALIDAD_CONECTIVA. Presenta demanda estructural de 58.33, soporte de infraestructura de 42.77, déficit estructural promedio de 48.44 y score de prioridad territorial de 56.56. La intervención recomendada es MEJORAR_INTEGRACION_TERRITORIAL.",56.183087,67,4,31,AMBA-P067,AMBAC-074,MEDIA,MEDIA,MEDIA,BAJA,MEDIA,DEFICIT_ESTRUCTURAL_MEDIO,0.5456424648420624,0.58726396040633,0.5706153621806229,CONECTIVIDAD,AMBA-E005,50.08194960959839,ESCENARIO_DE_NECESIDAD,PRIORIDAD_3_MEDIA,ESCENARIO_DE_NECESIDAD,DEFICIT,PRIORIDAD_3_MEDIA,2,57.29611129376036,PRIORIDAD_3_MEDIA,INTERVENCION_PROGRAMADA,84.58186792401246
71,2,19,28,74,1,2,3,AUTOBUS|FERROCARRIL,2,1,0,1,0,0,AUTOBUS|FERROCARRIL,2,1,0,1,0,0,AUTOBUS|FERROCARRIL|FLUVIAL,3,1,0,1,1,0,96.76620539987236,35.65070725258456,23.55493157760051,0.007231404958677686,0.42353384867647964,0.19955424691458712,0.4,1,0,0,0.3398662740743761,29.92,SOPORTE_FISICO_BAJO,67,MONOMODAL,50.0,55.55555555555556,45.83333333333333,69.44444444444444,46.18055555555556,50.34722222222222,58,65,58,7,70.0,INTERMODALIDAD_MEDIA,16,"POLYGON ((-58.54863978483666 -34.45084879401497, -58.547891009363326 -34.454703596338156, -58.55188231248884 -34.4565871121139, -58.55662215040011 -34.454615929243715, -58.55737079408567 -34.450761232267524, -58.56211029974015 -34.44878979712489, -58.56285885190195 -34.44493474420912, -58.55886803020715 -34.443051021011996, -58.5541284156074 -34.44502245447473, -58.553379731651525 -34.44887761280586, -58.54863978483666 -34.45084879401497))",55.55555555555556,55.55555555555556,40.7575,19.9554,40.0,32.7397,41.2041,75.434,46.412,49.05,61.11,57,57,CENTRALIDAD_ESTRUCTURAL_MEDIA,CENTRALIDAD_ESTRUCTURAL_ALTA,22.82,67.2603,DEFICIT_INFRAESTRUCTURAL,42.46,66,55.55555555555556,32.7397,41.2041,75.434,MEDIO,MEDIO,BAJO,MEDIO,ALTO,BAJO,PRIORIDAD_MEDIA,CENTRALIDAD_CONECTIVA,DEFICIT,CONECTIVIDAD,FUERTE_CONECTIVIDAD,57,66,MANTENER_Y_OPTIMIZAR,44.44444444444444,58.7959,24.566000000000003,53.588,51.052550000000004,56.321287777777776,IMPACTO_MEDIO,54.554495,MEDIA,56.09496266666667,PRIORIDAD_MEDIA,MEJORAR_INTEGRACION_TERRITORIAL,La integración territorial presenta un déficit relevante respecto de las demás dimensiones.,67,5,13,INFRAESTRUCTURA|INTERMODALIDAD|INTEGRACION,CENTRALIDAD_CONECTIVA,INTEGRACION_TERRITORIAL,ESCENARIO_MEDIANO_PLAZO,5-10 AÑOS,FASE_3,PRIORIDAD_3_MEDIA,INTERVENCION_ESTRUCTURAL_MEDIA,INFRAESTRUCTURA | INTERMODALIDAD | INTEGRACION_TERRITORIAL,Reducir déficits de integración territorial y mejorar la articulación de la centralidad con su entorno.,"Centralidad clasificada como CENTRALIDAD_CONECTIVA, con diagnóstico CENTRALIDAD_CONECTIVA. Presenta demanda estructural de 55.56, soporte de infraestructura de 32.74, déficit estructural promedio de 51.05 y score de prioridad territorial de 56.09. La intervención recomendada es MEJORAR_INTEGRACION_TERRITORIAL.",55.897841283333335,68,5,32,AMBA-P068,AMBAC-071,MEDIA,ALTA,MEDIA,BAJA,MEDIA,DEFICIT_ESTRUCTURAL_MEDIO,0.573752658101159,0.5802738600008286,0.5776653792409607,CONECTIVIDAD,AMBA-E005,50.08194960959839,ESCENARIO_DE_NECESIDAD,PRIORIDAD_3_MEDIA,ESCENARIO_DE_NECESIDAD,DEFICIT,PRIORIDAD_3_MEDIA,2,57.29611129376036,PRIORIDAD_3_MEDIA,INTERVENCION_PROGRAMADA,84.58186792401246
60,1,7,11,17,2,2,2,AUTOBUS|FERROCARRIL,2,1,0,1,0,0,AUTOBUS|FERROCARRIL,2,1,0,1,0,0,AUTOBUS|FERROCARRIL,2,1,0,1,0,0,35.65070725258456,14.00563499208679,5.411268065124442,0.002840909090909091,0.3185149047398846,0.19955424691458712,0.4,1,0,0,0.3398662740743761,26.18,SOPORTE_FISICO_BAJO,87,MONOMODAL,50.0,49.30555555555556,67.36111111111111,23.26388888888889,46.18055555555556,50.34722222222222,84,74,84,10,70.0,INTERMODALIDAD_MEDIA,16,"POLYGON ((-58.23636192793014 -34.75321048077475, -58.232357195424754 -34.75133074133303, -58.23311116135738 -34.74749378758854, -58.237869728408874 -34.745536674984194, -58.24187422305377 -34.74741651541679, -58.2411203885117 -34.75125336745404, -58.23636192793014 -34.75321048077475))",49.30555555555556,49.30555555555556,30.0771,19.9554,40.0,28.4406,41.2041,46.2674,53.588,42.44,47.22,77,77,CENTRALIDAD_ESTRUCTURAL_MEDIA,CENTRALIDAD_ESTRUCTURAL_MEDIA,20.86,71.5594,CENTRALIDAD_SECUNDARIA,37.93,73,49.30555555555556,28.4406,41.2041,46.2674,MEDIO,MEDIO,BAJO,MEDIO,MEDIO,BAJO,PRIORIDAD_BAJA,CENTRALIDAD_LOCAL,DEFICIT,TERRITORIAL,PERFIL_EQUILIBRADO,77,73,MANTENER_Y_OPTIMIZAR,50.69444444444444,58.7959,53.7326,46.412,57.624975,50.34377277777777,IMPACTO_MEDIO,61.031054999999995,ALTA,55.26889116666666,PRIORIDAD_MEDIA,MEJORAR_CONECTIVIDAD,La conectividad constituye una de las principales restricciones estructurales de la centralidad.,70,8,16,INFRAESTRUCTURA|INTERMODALIDAD|CONECTIVIDAD|INTEGRACION,INTERVENCION_SELECTIVA,MEJORA_CONECTIVIDAD,ESCENARIO_MEDIANO_PLAZO,5-10 AÑOS,FASE_3,PRIORIDAD_3_MEDIA,INTERVENCION_ESTRUCTURAL_MEDIA,INFRAESTRUCTURA | INTERMODALIDAD | CONECTIVIDAD,Mejorar la conectividad territorial y la accesibilidad estructural de la centralidad.,"Centralidad clasificada como CENTRALIDAD_LOCAL, con diagnóstico INTERVENCION_SELECTIVA. Presenta demanda estructural de 49.31, soporte de infraestructura de 28.44, déficit estructural promedio de 57.62 y score de prioridad territorial de 55.27. La intervención recomendada es MEJORAR_CONECTIVIDAD.",55.39444798333333,69,8,33,AMBA-P069,AMBAC-060,MEDIA,ALTA,MEDIA,MEDIA,MEDIA,DEFICIT_ESTRUCTURAL_MEDIO,0.5932055441862916,0.4264391192983055,0.49314568925349994,DEFICIT,AMBA-E004,51.30732598678722,ESCENARIO_DE_NECESIDAD,PRIORIDAD_3_MEDIA,ESCENARIO_DE_NECESIDAD,DEFICIT,PRIORIDAD_3_MEDIA,5,51.25180617171997,PRIORIDAD_3_MEDIA,INTERVENCION_PROGRAMADA,72.7040020791035
59,1,41,49,61,1,1,1,AUTOBUS|FERROCARRIL,2,1,0,1,0,0,AUTOBUS|FERROCARRIL,2,1,0,1,0,0,AUTOBUS|FERROCARRIL,2,1,0,1,0,0,208.8112853365667,62.38873769202297,19.416903057211233,0.01265495867768595,0.48796223344540923,0.12590471182995822,0.4,1,0,0,0.3177714135489874,30.42,SOPORTE_FISICO_BAJO,64,MONOMODAL,50.0,50.0,68.75,23.26388888888889,46.18055555555556,50.34722222222222,82,73,82,9,70.0,INTERMODALIDAD_MEDIA,16,"POLYGON ((-58.95076404918816 -34.60325009024019, -58.9545386878024 -34.60633759839606, -58.95379286049979 -34.61019106352959, -58.94927235079188 -34.610956891020926, -58.94549799135259 -34.60786943100781, -58.9462438624335 -34.60401609536796, -58.95076404918816 -34.60325009024019))",50.0,50.0,47.3508,12.5905,40.0,32.9129,39.3629,44.9653,54.0509,43.25,48.61,75,75,CENTRALIDAD_ESTRUCTURAL_MEDIA,CENTRALIDAD_ESTRUCTURAL_MEDIA,17.09,67.08709999999999,DEFICIT_INFRAESTRUCTURAL,36.84,74,50.0,32.9129,39.3629,44.9653,MEDIO,MEDIO,BAJO,BAJO,MEDIO,MUY_BAJO,PRIORIDAD_BAJA,CENTRALIDAD_LOCAL,DEFICIT,TERRITORIAL,PERFIL_EQUILIBRADO,75,74,MANTENER_Y_OPTIMIZAR,50.0,60.6371,55.0347,45.9491,57.17699999999999,51.0184,IMPACTO_MEDIO,59.89342,MEDIA,55.20725,PRIORIDAD_MEDIA,MEJORAR_CONECTIVIDAD,La conectividad constituye una de las principales restricciones estructurales de la centralidad.,71,9,17,INFRAESTRUCTURA|INTERMODALIDAD|CONECTIVIDAD|INTEGRACION,INTERVENCION_SELECTIVA,MEJORA_CONECTIVIDAD,ESCENARIO_MEDIANO_PLAZO,5-10 AÑOS,FASE_3,PRIORIDAD_3_MEDIA,INTERVENCION_ESTRUCTURAL_MEDIA,INFRAESTRUCTURA | INTERMODALIDAD | CONECTIVIDAD,Mejorar la conectividad territorial y la accesibilidad estructural de la centralidad.,"Centralidad clasificada como CENTRALIDAD_LOCAL, con diagnóstico INTERVENCION_SELECTIVA. Presenta demanda estructural de 50.00, soporte de infraestructura de 32.91, déficit estructural promedio de 57.18 y score de prioridad territorial de 55.21. La intervención recomendada es MEJORAR_CONECTIVIDAD.",55.281848,70,9,34,AMBA-P070,AMBAC-059,MEDIA,ALTA,ALTA,MEDIA,MEDIA,DEFICIT_ESTRUCTURAL_MEDIO,0.5805575291712918,0.4190329220451847,0.4836427648956275,DEFICIT,AMBA-E006,47.97071742899471,ESCENARIO_DE_NECESIDAD,PRIORIDAD_4_MEDIA_BAJA,ESCENARIO_DE_NECESIDAD,DEFICIT,PRIORIDAD_4_MEDIA_BAJA,6,49.90764715705244,PRIORIDAD_3_MEDIA,INTERVENCION_PROGRAMADA,31.39553317201036
52,1,44,79,174,3,4,11,AUTOBUS|FERROCARRIL,2,1,0,1,0,0,AUTOBUS|FERROCARRIL,2,1,0,1,0,0,AUTOBUS|FERROCARRIL,2,1,0,1,0,0,224.09015987338864,100.58592403407786,55.38592019597958,0.020402892561983473,0.5434253034113294,0.2923416876766772,0.4,1,0,0,0.3677025063030031,36.63,SOPORTE_FISICO_BAJO,27,MONOMODAL,50.0,54.861111111111114,73.61111111111111,23.26388888888889,46.18055555555556,50.34722222222222,75,66,75,9,70.0,INTERMODALIDAD_MEDIA,16,"POLYGON ((-58.51393225461587 -34.6067959311229, -58.50993840576708 -34.604919413577385, -58.51068797957834 -34.601075139564685, -58.515431270439954 -34.59910748717076, -58.5194248788233 -34.60098410756591, -58.51867543681431 -34.60482827749669, -58.51393225461587 -34.6067959311229))",54.861111111111114,54.861111111111114,53.0397,29.2342,40.0,40.8286,43.5238,59.375,55.6713,49.84,63.89,53,53,CENTRALIDAD_ESTRUCTURAL_MEDIA,CENTRALIDAD_ESTRUCTURAL_ALTA,14.03,59.1714,DEFICIT_INFRAESTRUCTURAL,38.53,70,54.861111111111114,40.8286,43.5238,59.375,MEDIO,MEDIO,MEDIO,MEDIO,MEDIO,MUY_BAJO,PRIORIDAD_BAJA,CENTRALIDAD_LOCAL,CONECTIVIDAD,CONECTIVIDAD,PERFIL_EQUILIBRADO,53,70,MANTENER_Y_OPTIMIZAR,45.138888888888886,56.4762,40.625,44.3287,50.150325,56.62762055555556,IMPACTO_MEDIO,52.561915,MEDIA,55.54618483333333,PRIORIDAD_MEDIA,MONITOREAR,Prioridad territorial 55.5/100 sin un déficit dominante que justifique una intervención mayor.,69,2,15,INFRAESTRUCTURA|INTERMODALIDAD|INTEGRACION|CONECTIVIDAD,INTERVENCION_SELECTIVA,MONITOREO,ESCENARIO_MEDIANO_PLAZO,5-10 AÑOS,FASE_3,PRIORIDAD_3_MEDIA,INTERVENCION_ESTRUCTURAL_MEDIA,INFRAESTRUCTURA | INTERMODALIDAD | DEMANDA,Realizar seguimiento de la evolución territorial antes de promover una intervención física de mayor escala.,"Centralidad clasificada como CENTRALIDAD_LOCAL, con diagnóstico INTERVENCION_SELECTIVA. Presenta demanda estructural de 54.86, soporte de infraestructura de 40.83, déficit estructural promedio de 50.15 y score de prioridad territorial de 55.55. La intervención recomendada es MONITOREAR.",55.26075971666666,71,2,35,AMBA-P071,AMBAC-052,MEDIA,MEDIA,MEDIA,MEDIA,MEDIA,DEFICIT_ESTRUCTURAL_MEDIO,0.560515927136614,0.5153044237778166,0.5333890251213356,CONECTIVIDAD,AMBA-E002,54.190890610285415,ESCENARIO_ESTRATEGICO,PRIORIDAD_3_MEDIA,ESCENARIO_ESTRATEGICO,CONECTIVIDAD,PRIORIDAD_3_MEDIA,3,53.952995705743206,PRIORIDAD_3_MEDIA,INTERVENCION_PROGRAMADA,37.849913208420595
53,1,37,68,138,1,3,10,AUTOBUS|FERROCARRIL,2,1,0,1,0,0,AUTOBUS|FERROCARRIL,2,1,0,1,0,0,AUTOBUS|FERROCARRIL|TRANVIA,3,1,0,1,0,1,188.43945262080408,86.58028904199107,43.926764293363114,0.01756198347107438,0.5259792377617493,0.25180942365991643,0.4,1,0,0,0.3555428270979749,34.97,SOPORTE_FISICO_BAJO,36,MONOMODAL,50.0,53.47222222222222,72.22222222222221,23.26388888888889,46.18055555555556,50.34722222222222,77,68,77,9,70.0,INTERMODALIDAD_MEDIA,16,"POLYGON ((-58.5890430084323 -34.646237951294914, -58.58505149714448 -34.64436682590245, -58.58579999770098 -34.64052640413957, -58.59053987759732 -34.63855721191508, -58.59453114764721 -34.64042844030302, -58.59378277904247 -34.64426875791128, -58.5890430084323 -34.646237951294914))",53.47222222222222,53.47222222222222,51.2493,25.1809,40.0,38.737,42.5105,56.8576,55.2083,48.28,59.03,60,60,CENTRALIDAD_ESTRUCTURAL_MEDIA,CENTRALIDAD_ESTRUCTURAL_MEDIA,14.74,61.263,DEFICIT_INFRAESTRUCTURAL,37.98,72,53.47222222222222,38.737,42.5105,56.8576,MEDIO,MEDIO,BAJO,MEDIO,MEDIO,MUY_BAJO,PRIORIDAD_BAJA,CENTRALIDAD_LOCAL,CONECTIVIDAD,CONECTIVIDAD,PERFIL_EQUILIBRADO,60,72,MANTENER_Y_OPTIMIZAR,46.52777777777778,57.4895,43.1424,44.7917,51.67165,54.77944111111111,IMPACTO_MEDIO,54.224810000000005,MEDIA,55.13034966666667,PRIORIDAD_MEDIA,MONITOREAR,Prioridad territorial 55.1/100 sin un déficit dominante que justifique una intervención mayor.,72,3,18,INFRAESTRUCTURA|INTERMODALIDAD|INTEGRACION|CONECTIVIDAD,INTERVENCION_SELECTIVA,MONITOREO,ESCENARIO_MEDIANO_PLAZO,5-10 AÑOS,FASE_3,PRIORIDAD_3_MEDIA,INTERVENCION_ESTRUCTURAL_MEDIA,INFRAESTRUCTURA | INTERMODALIDAD | DEMANDA,Realizar seguimiento de la evolución territorial antes de promover una intervención física de mayor escala.,"Centralidad clasificada como CENTRALIDAD_LOCAL, con diagnóstico INTERVENCION_SELECTIVA. Presenta demanda estructural de 53.47, soporte de infraestructura de 38.74, déficit estructural promedio de 51.67 y score de prioridad territorial de 55.13. La intervención recomendada es MONITOREAR.",54.941882433333326,72,3,36,AMBA-P072,AMBAC-053,MEDIA,ALTA,MEDIA,MEDIA,MEDIA,DEFICIT_ESTRUCTURAL_MEDIO,0.5646005981262957,0.4935251933479299,0.5219553552592762,DEFICIT,AMBA-E002,54.190890610285415,ESCENARIO_ESTRATEGICO,PRIORIDAD_3_MEDIA,ESCENARIO_ESTRATEGICO,CONECTIVIDAD,PRIORIDAD_3_MEDIA,3,53.952995705743206,PRIORIDAD_3_MEDIA,INTERVENCION_PROGRAMADA,37.849913208420595
57,1,22,35,59,1,1,2,AUTOBUS|FERROCARRIL,2,1,0,1,0,0,AUTOBUS|FERROCARRIL,2,1,0,1,0,0,AUTOBUS|FERROCARRIL|FLUVIAL,3,1,0,1,1,0,112.04507993669432,44.563384065730695,18.78028328484365,0.009039256198347107,0.44913236307384297,0.12590471182995822,0.4,1,0,0,0.3177714135489874,29.0,SOPORTE_FISICO_BAJO,74,MONOMODAL,50.0,50.69444444444444,70.13888888888889,69.44444444444444,46.18055555555556,50.34722222222222,49,72,49,23,70.0,INTERMODALIDAD_MEDIA,16,"POLYGON ((-58.56834648588608 -34.4391076481399, -58.564355904978555 -34.43722382115767, -58.565104405894004 -34.433367951037994, -58.569843355914145 -34.43139601344416, -58.57383369598648 -34.43327994426102, -58.573085326877674 -34.43713570882842, -58.56834648588608 -34.4391076481399))",50.69444444444444,50.69444444444444,43.3746,12.5905,40.0,31.3083,39.3629,61.7188,54.5139,45.62,53.47,68,68,CENTRALIDAD_ESTRUCTURAL_MEDIA,CENTRALIDAD_ESTRUCTURAL_MEDIA,19.39,68.6917,DEFICIT_INFRAESTRUCTURAL,38.17,71,50.69444444444444,31.3083,39.3629,61.7188,MEDIO,MEDIO,BAJO,BAJO,ALTO,MUY_BAJO,PRIORIDAD_BAJA,CENTRALIDAD_LOCAL,DEFICIT,CONECTIVIDAD,PERFIL_EQUILIBRADO,68,71,MANTENER_Y_OPTIMIZAR,49.30555555555556,60.6371,38.2812,45.4861,53.274025,52.04302722222223,IMPACTO_MEDIO,57.11511000000001,MEDIA,54.83474383333333,PRIORIDAD_MEDIA,MEJORAR_INTEGRACION_TERRITORIAL,La integración territorial presenta un déficit relevante respecto de las demás dimensiones.,73,6,19,INFRAESTRUCTURA|INTERMODALIDAD|INTEGRACION,INTERVENCION_SELECTIVA,INTEGRACION_TERRITORIAL,ESCENARIO_MEDIANO_PLAZO,5-10 AÑOS,FASE_3,PRIORIDAD_3_MEDIA,INTERVENCION_ESTRUCTURAL_MEDIA,INFRAESTRUCTURA | INTERMODALIDAD | DEMANDA,Reducir déficits de integración territorial y mejorar la articulación de la centralidad con su entorno.,"Centralidad clasificada como CENTRALIDAD_LOCAL, con diagnóstico INTERVENCION_SELECTIVA. Presenta demanda estructural de 50.69, soporte de infraestructura de 31.31, déficit estructural promedio de 53.27 y score de prioridad territorial de 54.83. La intervención recomendada es MEJORAR_INTEGRACION_TERRITORIAL.",54.758041266666666,73,6,37,AMBA-P073,AMBAC-057,MEDIA,ALTA,ALTA,MEDIA,MEDIA,DEFICIT_ESTRUCTURAL_MEDIO,0.5818419035778312,0.4953118176139186,0.5299238519994837,DEFICIT,AMBA-E005,50.08194960959839,ESCENARIO_DE_NECESIDAD,PRIORIDAD_3_MEDIA,ESCENARIO_DE_NECESIDAD,DEFICIT,PRIORIDAD_3_MEDIA,2,57.29611129376036,PRIORIDAD_3_MEDIA,INTERVENCION_PROGRAMADA,84.58186792401246
86,2,10,14,29,2,4,6,AUTOBUS|FERROCARRIL,2,1,0,1,0,0,AUTOBUS|FERROCARRIL,2,1,0,1,0,0,AUTOBUS|FERROCARRIL,2,1,0,1,0,0,50.92958178940651,17.82535362629228,9.23098669932993,0.003615702479338843,0.34518442464383275,0.2923416876766772,0.4,1,0,0,0.3677025063030031,29.44,SOPORTE_FISICO_BAJO,72,MONOMODAL,50.0,48.61111111111111,31.25,23.26388888888889,46.18055555555556,50.34722222222222,100,75,100,25,70.0,INTERMODALIDAD_MEDIA,16,"POLYGON ((-58.74831182998054 -34.589011590576774, -58.75207253688413 -34.59210111780092, -58.75658054238225 -34.59134280093457, -58.75732751793838 -34.5874947779472, -58.75356653059934 -34.584405201886774, -58.75431350176815 -34.58055683484495, -58.75055283304694 -34.577467093699404, -58.7460454735824 -34.57822576843382, -58.74529845984389 -34.58207400534259, -58.74905884812698 -34.58516369765727, -58.74831182998054 -34.589011590576774))",48.61111111111111,48.61111111111111,32.778,29.2342,40.0,32.6586,43.5238,55.2951,41.5509,43.9,50.69,72,72,CENTRALIDAD_ESTRUCTURAL_MEDIA,CENTRALIDAD_ESTRUCTURAL_MEDIA,15.95,67.3414,CENTRALIDAD_SECUNDARIA,35.55,78,48.61111111111111,32.6586,43.5238,55.2951,MEDIO,MEDIO,BAJO,MEDIO,MEDIO,MUY_BAJO,PRIORIDAD_BAJA,CENTRALIDAD_LOCAL,DEFICIT,CONECTIVIDAD,PERFIL_EQUILIBRADO,72,78,MANTENER_Y_OPTIMIZAR,51.38888888888889,56.4762,44.7049,58.4491,56.742900000000006,50.86113555555555,IMPACTO_MEDIO,58.763955,MEDIA,54.17504633333333,PRIORIDAD_MEDIA,MEJORAR_INTEGRACION_TERRITORIAL,La integración territorial presenta un déficit relevante respecto de las demás dimensiones.,75,7,21,INFRAESTRUCTURA|INTEGRACION|INTERMODALIDAD|CONECTIVIDAD,INTERVENCION_SELECTIVA,INTEGRACION_TERRITORIAL,ESCENARIO_MEDIANO_PLAZO,5-10 AÑOS,FASE_3,PRIORIDAD_3_MEDIA,INTERVENCION_ESTRUCTURAL_MEDIA,INFRAESTRUCTURA | INTEGRACION_TERRITORIAL | INTERMODALIDAD,Reducir déficits de integración territorial y mejorar la articulación de la centralidad con su entorno.,"Centralidad clasificada como CENTRALIDAD_LOCAL, con diagnóstico INTERVENCION_SELECTIVA. Presenta demanda estructural de 48.61, soporte de infraestructura de 32.66, déficit estructural promedio de 56.74 y score de prioridad territorial de 54.18. La intervención recomendada es MEJORAR_INTEGRACION_TERRITORIAL.",54.36629601666666,74,7,38,AMBA-P074,AMBAC-086,MEDIA,ALTA,MEDIA,MEDIA,MEDIA,DEFICIT_ESTRUCTURAL_MEDIO,0.547052622523429,0.46931165998104923,0.5004080449980011,DEFICIT,AMBA-E006,47.97071742899471,ESCENARIO_DE_NECESIDAD,PRIORIDAD_4_MEDIA_BAJA,ESCENARIO_DE_NECESIDAD,DEFICIT,PRIORIDAD_4_MEDIA_BAJA,6,49.90764715705244,PRIORIDAD_3_MEDIA,INTERVENCION_PROGRAMADA,31.39553317201036
64,1,7,11,19,0,1,2,AUTOBUS,1,0,0,1,0,0,AUTOBUS|FERROCARRIL,2,1,0,1,0,0,AUTOBUS|FERROCARRIL,2,1,0,1,0,0,35.65070725258456,14.00563499208679,6.047887837492023,0.002840909090909091,0.3185149047398846,0.12590471182995822,0.4,1,0,0,0.3177714135489874,24.34,SOPORTE_FISICO_BAJO,98,MONOMODAL,50.0,47.22222222222222,63.19444444444444,69.44444444444444,46.18055555555556,50.34722222222222,56,77,56,21,70.0,INTERMODALIDAD_MEDIA,16,"POLYGON ((-58.495679740166636 -34.74490604815318, -58.49168413518116 -34.74303666602211, -58.49243419289749 -34.73920232082479, -58.49717972375891 -34.737237460748446, -58.501175088324004 -34.7391069450232, -58.5004251624519 -34.74294118722187, -58.495679740166636 -34.74490604815318))",47.22222222222222,47.22222222222222,30.0771,12.5905,40.0,25.9551,39.3629,60.6771,52.1991,42.85,47.92,76,76,CENTRALIDAD_ESTRUCTURAL_MEDIA,CENTRALIDAD_ESTRUCTURAL_MEDIA,21.27,74.0449,CENTRALIDAD_SECUNDARIA,36.84,74,47.22222222222222,25.9551,39.3629,60.6771,MEDIO,MEDIO,BAJO,BAJO,ALTO,BAJO,PRIORIDAD_BAJA,CENTRALIDAD_LOCAL,CONECTIVIDAD,CONECTIVIDAD,PERFIL_EQUILIBRADO,76,75,MANTENER_Y_OPTIMIZAR,52.77777777777778,60.6371,39.3229,47.8009,55.451449999999994,49.077401111111115,IMPACTO_MEDIO,59.811949999999996,MEDIA,54.12817566666667,PRIORIDAD_MEDIA,MEJORAR_INTEGRACION_TERRITORIAL,La integración territorial presenta un déficit relevante respecto de las demás dimensiones.,76,8,22,INFRAESTRUCTURA|INTERMODALIDAD|INTEGRACION,INTERVENCION_SELECTIVA,INTEGRACION_TERRITORIAL,ESCENARIO_MEDIANO_PLAZO,5-10 AÑOS,FASE_3,PRIORIDAD_3_MEDIA,INTERVENCION_ESTRUCTURAL_MEDIA,INFRAESTRUCTURA | INTERMODALIDAD | DEMANDA,Reducir déficits de integración territorial y mejorar la articulación de la centralidad con su entorno.,"Centralidad clasificada como CENTRALIDAD_LOCAL, con diagnóstico INTERVENCION_SELECTIVA. Presenta demanda estructural de 47.22, soporte de infraestructura de 25.96, déficit estructural promedio de 55.45 y score de prioridad territorial de 54.13. La intervención recomendada es MEJORAR_INTEGRACION_TERRITORIAL.",54.22312563333333,75,8,39,AMBA-P075,AMBAC-064,MEDIA,ALTA,ALTA,MEDIA,MEDIA,DEFICIT_ESTRUCTURAL_MEDIO,0.5862192589978446,0.47637776076744764,0.5203143600596064,DEFICIT,AMBA-E007,47.93763362098484,ESCENARIO_DE_NECESIDAD,PRIORIDAD_4_MEDIA_BAJA,ESCENARIO_DE_NECESIDAD,CONECTIVIDAD,PRIORIDAD_4_MEDIA_BAJA,7,30.086574651033622,PRIORIDAD_4_MEDIA_BAJA,SEGUIMIENTO_TERRITORIAL,4.019084362637915
77,2,22,34,59,3,5,9,AUTOBUS|FERROCARRIL,2,1,0,1,0,0,AUTOBUS|FERROCARRIL,2,1,0,1,0,0,AUTOBUS|FERROCARRIL,2,1,0,1,0,0,112.04507993669432,43.29014452099553,18.78028328484365,0.00878099173553719,0.4457992744134685,0.3254589587445453,0.4,1,0,0,0.3776376876233636,33.87,SOPORTE_FISICO_BAJO,44,INTERMODAL,100.0,54.166666666666664,43.75,69.44444444444444,46.18055555555556,50.34722222222222,39,67,39,28,70.0,INTERMODALIDAD_MEDIA,16,"POLYGON ((-58.311475839072514 -34.70464263361699, -58.315477446173084 -34.70652173796179, -58.32023152356782 -34.70456152080425, -58.32098410095406 -34.70072220018556, -58.316982732457134 -34.6988429942973, -58.31773534991862 -34.6950032120434, -58.31373391439202 -34.693123543619585, -58.30897962283412 -34.695083759013905, -58.30822687387388 -34.69892364371162, -58.31222854796635 -34.70080321057995, -58.311475839072514 -34.70464263361699))",54.166666666666664,54.166666666666664,43.0337,32.5459,40.0,37.906,56.8518,62.934,62.3843,52.78,72.22,41,41,CENTRALIDAD_ESTRUCTURAL_MEDIA,CENTRALIDAD_ESTRUCTURAL_ALTA,16.26,62.094,DEFICIT_INFRAESTRUCTURAL,39.0,69,54.166666666666664,37.906,56.8518,62.934,ALTO,MEDIO,BAJO,MEDIO,ALTO,MUY_BAJO,PRIORIDAD_BAJA,CENTRALIDAD_LOCAL,DEFICIT,CONECTIVIDAD,PERFIL_EQUILIBRADO,41,69,MANTENER_Y_OPTIMIZAR,45.833333333333336,43.1482,37.066,37.6157,44.980975,57.74552833333333,IMPACTO_MEDIO,48.68020500000001,MEDIA,54.627634500000006,PRIORIDAD_MEDIA,MONITOREAR,Prioridad territorial 54.6/100 sin un déficit dominante que justifique una intervención mayor.,74,4,20,INFRAESTRUCTURA|INTERMODALIDAD,INTERVENCION_SELECTIVA,MONITOREO,ESCENARIO_MEDIANO_PLAZO,5-10 AÑOS,FASE_3,PRIORIDAD_3_MEDIA,INTERVENCION_SELECTIVA,INFRAESTRUCTURA | DEMANDA | INTERMODALIDAD,Realizar seguimiento de la evolución territorial antes de promover una intervención física de mayor escala.,"Centralidad clasificada como CENTRALIDAD_LOCAL, con diagnóstico INTERVENCION_SELECTIVA. Presenta demanda estructural de 54.17, soporte de infraestructura de 37.91, déficit estructural promedio de 44.98 y score de prioridad territorial de 54.63. La intervención recomendada es MONITOREAR.",54.203204150000005,76,4,40,AMBA-P076,AMBAC-077,MEDIA,ALTA,MEDIA,MEDIA,MEDIA,DEFICIT_ESTRUCTURAL_MEDIO,0.5701261424068262,0.5638699702388246,0.5663724391060252,CONECTIVIDAD,AMBA-E004,51.30732598678722,ESCENARIO_DE_NECESIDAD,PRIORIDAD_3_MEDIA,ESCENARIO_DE_NECESIDAD,DEFICIT,PRIORIDAD_3_MEDIA,5,51.25180617171997,PRIORIDAD_3_MEDIA,INTERVENCION_PROGRAMADA,72.7040020791035
84,1,3,3,10,0,0,0,AUTOBUS,1,0,0,1,0,0,AUTOBUS,1,0,0,1,0,0,AUTOBUS,1,0,0,1,0,0,15.278874536821952,3.819718634205488,3.183098861837907,0.0007747933884297521,0.18495368961100384,0.0,0.2,0,0,0,0.13999999999999999,11.49,SOPORTE_FISICO_MUY_BAJO,138,MONOMODAL,50.0,34.72222222222222,44.44444444444444,23.26388888888889,46.18055555555556,50.34722222222222,109,95,109,14,33.0,INTERMODALIDAD_BAJA,138,"POLYGON ((-58.44394997522663 -34.80856147808384, -58.43995203663594 -34.80669357637383, -58.44070296986046 -34.80286327665383, -58.44545170989129 -34.80090098092991, -58.4494494085086 -34.802768984268866, -58.448698607072366 -34.80659918169403, -58.44394997522663 -34.80856147808384))",34.72222222222222,34.72222222222222,16.7796,0.0,20.0,11.5964,16.7188,38.6285,45.9491,27.05,12.5,127,127,CENTRALIDAD_ESTRUCTURAL_BAJA,CENTRALIDAD_ESTRUCTURAL_MUY_BAJA,23.13,88.4036,CENTRALIDAD_SECUNDARIA,30.09,82,34.72222222222222,11.5964,16.7188,38.6285,MEDIO,BAJO,MUY_BAJO,MUY_BAJO,BAJO,BAJO,PRIORIDAD_BAJA,CENTRALIDAD_LOCAL,INTEGRACION,TERRITORIAL,PERFIL_EQUILIBRADO,127,82,MANTENER_Y_OPTIMIZAR,65.27777777777777,83.2812,61.3715,54.0509,71.7768,35.46647111111111,IMPACTO_BAJO,76.563675,URGENTE,53.11479766666667,PRIORIDAD_MEDIA,MEJORAR_CONECTIVIDAD,La conectividad constituye una de las principales restricciones estructurales de la centralidad.,79,10,25,INFRAESTRUCTURA|INTERMODALIDAD|CONECTIVIDAD|INTEGRACION,BAJO_DESEMPEÑO_ESTRUCTURAL,MEJORA_CONECTIVIDAD,ESCENARIO_MEDIANO_PLAZO,5-10 AÑOS,FASE_3,PRIORIDAD_3_MEDIA,INTERVENCION_ESTRUCTURAL_MEDIA,INFRAESTRUCTURA | INTERMODALIDAD | DEMANDA,Mejorar la conectividad territorial y la accesibilidad estructural de la centralidad.,"Centralidad clasificada como CENTRALIDAD_LOCAL, con diagnóstico BAJO_DESEMPEÑO_ESTRUCTURAL. Presenta demanda estructural de 34.72, soporte de infraestructura de 11.60, déficit estructural promedio de 71.78 y score de prioridad territorial de 53.11. La intervención recomendada es MEJORAR_CONECTIVIDAD.",53.98488028333334,77,10,41,AMBA-P077,AMBAC-084,BAJA,ALTA,ALTA,ALTA,MEDIA,DEFICIT_ESTRUCTURAL_MEDIO,0.6099775757475275,0.2685217303131521,0.4051040684869023,URGENCIA,AMBA-E001,55.751448155260405,ESCENARIO_DE_NECESIDAD,PRIORIDAD_3_MEDIA,ESCENARIO_DE_NECESIDAD,INTEGRACION,PRIORIDAD_3_MEDIA,1,78.9423286344931,PRIORIDAD_2_ALTA,INTERVENCION_PRIORITARIA,75.93742375877676
91,2,47,65,126,4,4,11,AUTOBUS|FERROCARRIL,2,1,0,1,0,0,AUTOBUS|FERROCARRIL,2,1,0,1,0,0,AUTOBUS|FERROCARRIL,2,1,0,1,0,0,239.3690344102106,82.76057040778558,40.10704565915763,0.016787190082644628,0.5207349657811249,0.2923416876766772,0.4,1,0,0,0.3677025063030031,35.79,SOPORTE_FISICO_BAJO,32,MONOMODAL,50.0,52.083333333333336,37.5,95.83333333333334,46.18055555555556,50.34722222222222,47,70,47,23,70.0,INTERMODALIDAD_MEDIA,16,"POLYGON ((-58.49821480148423 -34.553220330402546, -58.50220864800136 -34.55510029185606, -58.50695192665715 -34.553132139043434, -58.507701467337895 -34.54928402615291, -58.50370786112128 -34.5474039616678, -58.504457442039254 -34.54355538743153, -58.50046376750537 -34.54167486020809, -58.49572027178654 -34.543643010272916, -58.494970559122564 -34.5474916889334, -58.49896447391959 -34.549372113113535, -58.49821480148423 -34.553220330402546))",52.083333333333336,52.083333333333336,50.7113,29.2342,40.0,39.8877,43.5238,73.0903,43.6343,49.63,63.19,54,54,CENTRALIDAD_ESTRUCTURAL_MEDIA,CENTRALIDAD_ESTRUCTURAL_ALTA,12.2,60.1123,DEFICIT_INFRAESTRUCTURAL,36.13,77,52.083333333333336,39.8877,43.5238,73.0903,MEDIO,MEDIO,BAJO,MEDIO,ALTO,MUY_BAJO,PRIORIDAD_BAJA,CENTRALIDAD_LOCAL,CONECTIVIDAD,CONECTIVIDAD,PERFIL_EQUILIBRADO,54,77,MANTENER_Y_OPTIMIZAR,47.916666666666664,56.4762,26.9097,56.3657,49.965975,54.991861666666665,IMPACTO_MEDIO,52.000765,MEDIA,54.001664500000004,PRIORIDAD_MEDIA,MEJORAR_INTEGRACION_TERRITORIAL,La integración territorial presenta un déficit relevante respecto de las demás dimensiones.,77,9,23,INFRAESTRUCTURA|INTERMODALIDAD|INTEGRACION,CENTRALIDAD_CONECTIVA,INTEGRACION_TERRITORIAL,ESCENARIO_MEDIANO_PLAZO,5-10 AÑOS,FASE_3,PRIORIDAD_3_MEDIA,INTERVENCION_SELECTIVA,INFRAESTRUCTURA | INTERMODALIDAD | INTEGRACION_TERRITORIAL,Reducir déficits de integración territorial y mejorar la articulación de la centralidad con su entorno.,"Centralidad clasificada como CENTRALIDAD_LOCAL, con diagnóstico CENTRALIDAD_CONECTIVA. Presenta demanda estructural de 52.08, soporte de infraestructura de 39.89, déficit estructural promedio de 49.97 y score de prioridad territorial de 54.00. La intervención recomendada es MEJORAR_INTEGRACION_TERRITORIAL.",53.85005915,78,9,42,AMBA-P078,AMBAC-091,MEDIA,ALTA,MEDIA,BAJA,MEDIA,DEFICIT_ESTRUCTURAL_MEDIO,0.5259178375113188,0.5632563618430716,0.5483209521103705,CONECTIVIDAD,AMBA-E002,54.190890610285415,ESCENARIO_ESTRATEGICO,PRIORIDAD_3_MEDIA,ESCENARIO_ESTRATEGICO,CONECTIVIDAD,PRIORIDAD_3_MEDIA,3,53.952995705743206,PRIORIDAD_3_MEDIA,INTERVENCION_PROGRAMADA,37.849913208420595
66,1,6,10,25,2,2,3,AUTOBUS|FERROCARRIL,2,1,0,1,0,0,AUTOBUS|FERROCARRIL,2,1,0,1,0,0,AUTOBUS|FERROCARRIL,2,1,0,1,0,0,30.557749073643905,12.732395447351628,7.957747154594767,0.0025826446280991736,0.30808740138835516,0.19955424691458712,0.4,1,0,0,0.3398662740743761,25.81,SOPORTE_FISICO_BAJO,90,MONOMODAL,50.0,46.52777777777778,62.5,23.26388888888889,46.18055555555556,50.34722222222222,89,78,89,11,70.0,INTERMODALIDAD_MEDIA,16,"POLYGON ((-58.68444576151386 -34.558807506611224, -58.68820163724988 -34.56189817249192, -58.68745432693105 -34.5657454974356, -58.682951098695796 -34.56650202607763, -58.67919550378312 -34.56341140923061, -58.6799428562697 -34.55956421471519, -58.68444576151386 -34.558807506611224))",46.52777777777778,46.52777777777778,29.0239,19.9554,40.0,28.0165,41.2041,61.4583,51.9676,43.62,49.31,74,74,CENTRALIDAD_ESTRUCTURAL_MEDIA,CENTRALIDAD_ESTRUCTURAL_MEDIA,18.51,71.98349999999999,CENTRALIDAD_SECUNDARIA,35.32,79,46.52777777777778,28.0165,41.2041,61.4583,MEDIO,MEDIO,BAJO,MEDIO,ALTO,MUY_BAJO,PRIORIDAD_BAJA,CENTRALIDAD_LOCAL,DEFICIT,CONECTIVIDAD,PERFIL_EQUILIBRADO,74,79,MANTENER_Y_OPTIMIZAR,53.47222222222222,58.7959,38.5417,48.0324,54.338375,48.92456388888889,IMPACTO_MEDIO,58.405575,MEDIA,53.39277583333333,PRIORIDAD_MEDIA,MEJORAR_INTEGRACION_TERRITORIAL,La integración territorial presenta un déficit relevante respecto de las demás dimensiones.,78,10,24,INFRAESTRUCTURA|INTERMODALIDAD|INTEGRACION,INTERVENCION_SELECTIVA,INTEGRACION_TERRITORIAL,ESCENARIO_MEDIANO_PLAZO,5-10 AÑOS,FASE_3,PRIORIDAD_3_MEDIA,INTERVENCION_ESTRUCTURAL_MEDIA,INFRAESTRUCTURA | INTERMODALIDAD | DEMANDA,Reducir déficits de integración territorial y mejorar la articulación de la centralidad con su entorno.,"Centralidad clasificada como CENTRALIDAD_LOCAL, con diagnóstico INTERVENCION_SELECTIVA. Presenta demanda estructural de 46.53, soporte de infraestructura de 28.02, déficit estructural promedio de 54.34 y score de prioridad territorial de 53.39. La intervención recomendada es MEJORAR_INTEGRACION_TERRITORIAL.",53.47446391666666,79,10,43,AMBA-P079,AMBAC-066,MEDIA,ALTA,MEDIA,MEDIA,MEDIA,DEFICIT_ESTRUCTURAL_MEDIO,0.5730769707520402,0.48128576753043906,0.5180022488190795,DEFICIT,AMBA-E006,47.97071742899471,ESCENARIO_DE_NECESIDAD,PRIORIDAD_4_MEDIA_BAJA,ESCENARIO_DE_NECESIDAD,DEFICIT,PRIORIDAD_4_MEDIA_BAJA,6,49.90764715705244,PRIORIDAD_3_MEDIA,INTERVENCION_PROGRAMADA,31.39553317201036
100,1,0,0,3,0,0,1,,0,0,0,0,0,0,,0,0,0,0,0,0,AUTOBUS|FERROCARRIL,2,1,0,1,0,0,0.0,0.0,0.954929658551372,0.0,0.0,0.0,0.0,0,0,0,0.0,0.0,SOPORTE_FISICO_MUY_BAJO,143,MONOMODAL,50.0,26.38888888888889,34.02777777777778,23.26388888888889,46.18055555555556,50.34722222222222,122,107,122,15,0.0,SIN_INFRAESTRUCTURA_500M,143,"POLYGON ((-58.77829258209295 -34.524365166440425, -58.78205425695498 -34.52745574287805, -58.78130762801351 -34.53130846088706, -58.77679928148158 -34.53207047193973, -58.773037886745584 -34.52897994410004, -58.77378455840281 -34.52512735661704, -58.77829258209295 -34.524365166440425))",26.38888888888889,26.38888888888889,0.0,0.0,0.0,0.0,11.0243,41.4062,42.4769,20.58,3.47,140,140,CENTRALIDAD_ESTRUCTURAL_BAJA,CENTRALIDAD_ESTRUCTURAL_MUY_BAJA,26.39,100.0,CENTRALIDAD_SECUNDARIA,26.39,89,26.38888888888889,0.0,11.0243,41.4062,MEDIO,BAJO,MUY_BAJO,MUY_BAJO,MEDIO,BAJO,PRIORIDAD_BAJA,CENTRALIDAD_LOCAL,DEFICIT,TERRITORIAL,PERFIL_EQUILIBRADO,140,89,MANTENER_Y_OPTIMIZAR,73.61111111111111,88.9757,58.5938,57.5231,76.27315,29.490074444444446,IMPACTO_BAJO,82.59115000000001,URGENTE,52.14861966666667,PRIORIDAD_MEDIA,MEJORAR_CONECTIVIDAD,La conectividad constituye una de las principales restricciones estructurales de la centralidad.,80,11,26,INFRAESTRUCTURA|INTERMODALIDAD|CONECTIVIDAD|INTEGRACION,BAJO_DESEMPEÑO_ESTRUCTURAL,MEJORA_CONECTIVIDAD,ESCENARIO_MEDIANO_PLAZO,5-10 AÑOS,FASE_3,PRIORIDAD_3_MEDIA,INTERVENCION_ESTRUCTURAL_MEDIA,INFRAESTRUCTURA | INTERMODALIDAD | DEMANDA,Mejorar la conectividad territorial y la accesibilidad estructural de la centralidad.,"Centralidad clasificada como CENTRALIDAD_LOCAL, con diagnóstico BAJO_DESEMPEÑO_ESTRUCTURAL. Presenta demanda estructural de 26.39, soporte de infraestructura de 0.00, déficit estructural promedio de 76.27 y score de prioridad territorial de 52.15. La intervención recomendada es MEJORAR_CONECTIVIDAD.",53.31621743333333,80,11,44,AMBA-P080,AMBAC-100,BAJA,ALTA,ALTA,MEDIA,MEDIA,DEFICIT_ESTRUCTURAL_MEDIO,0.6198493365144213,0.23869825752177137,0.39115868911883134,DEFICIT,AMBA-E006,47.97071742899471,ESCENARIO_DE_NECESIDAD,PRIORIDAD_4_MEDIA_BAJA,ESCENARIO_DE_NECESIDAD,DEFICIT,PRIORIDAD_4_MEDIA_BAJA,6,49.90764715705244,PRIORIDAD_3_MEDIA,INTERVENCION_PROGRAMADA,31.39553317201036
87,1,12,20,30,0,0,1,AUTOBUS,1,0,0,1,0,0,AUTOBUS,1,0,0,1,0,0,AUTOBUS|FLUVIAL,2,0,0,1,1,0,61.11549814728781,25.464790894703256,9.549296585513721,0.005165289256198347,0.3852407435141075,0.0,0.2,0,0,0,0.13999999999999999,18.56,SOPORTE_FISICO_MUY_BAJO,119,MONOMODAL,50.0,33.33333333333333,43.05555555555556,69.44444444444444,46.18055555555556,50.34722222222222,81,97,81,16,40.0,INTERMODALIDAD_BAJA,115,"POLYGON ((-58.572585369022256 -34.46214691058673, -58.5685947535117 -34.46026457635288, -58.5693432251116 -34.45641044607696, -58.574082180399806 -34.45443875543264, -58.578072555011545 -34.45632119341715, -58.57732421523769 -34.46017521828665, -58.572585369022256 -34.46214691058673))",33.33333333333333,33.33333333333333,36.8507,0.0,20.0,19.6817,19.8438,33.0729,45.4861,28.4,13.19,126,126,CENTRALIDAD_ESTRUCTURAL_BAJA,CENTRALIDAD_ESTRUCTURAL_MUY_BAJA,13.65,80.3183,CENTRALIDAD_SECUNDARIA,25.46,92,33.33333333333333,19.6817,19.8438,33.0729,MEDIO,BAJO,MUY_BAJO,MUY_BAJO,BAJO,MUY_BAJO,PRIORIDAD_BAJA,CENTRALIDAD_LOCAL,DEFICIT,TERRITORIAL,PERFIL_EQUILIBRADO,126,92,MANTENER_Y_OPTIMIZAR,66.66666666666667,80.1562,66.9271,54.5139,70.47887499999999,34.71944166666666,IMPACTO_BAJO,73.728875,ALTA,51.289272499999996,PRIORIDAD_MEDIA,MEJORAR_CONECTIVIDAD,La conectividad constituye una de las principales restricciones estructurales de la centralidad.,84,12,30,INFRAESTRUCTURA|INTERMODALIDAD|CONECTIVIDAD|INTEGRACION,BAJO_DESEMPEÑO_ESTRUCTURAL,MEJORA_CONECTIVIDAD,ESCENARIO_MEDIANO_PLAZO,5-10 AÑOS,FASE_3,PRIORIDAD_3_MEDIA,INTERVENCION_ESTRUCTURAL_MEDIA,INFRAESTRUCTURA | INTERMODALIDAD | CONECTIVIDAD,Mejorar la conectividad territorial y la accesibilidad estructural de la centralidad.,"Centralidad clasificada como CENTRALIDAD_LOCAL, con diagnóstico BAJO_DESEMPEÑO_ESTRUCTURAL. Presenta demanda estructural de 33.33, soporte de infraestructura de 19.68, déficit estructural promedio de 70.48 y score de prioridad territorial de 51.29. La intervención recomendada es MEJORAR_CONECTIVIDAD.",52.16973824999999,81,12,45,AMBA-P081,AMBAC-087,BAJA,ALTA,ALTA,ALTA,MEDIA,DEFICIT_ESTRUCTURAL_MEDIO,0.571747728957568,0.24344167959562163,0.37476409934040017,URGENCIA,AMBA-E005,50.08194960959839,ESCENARIO_DE_NECESIDAD,PRIORIDAD_3_MEDIA,ESCENARIO_DE_NECESIDAD,DEFICIT,PRIORIDAD_3_MEDIA,2,57.29611129376036,PRIORIDAD_3_MEDIA,INTERVENCION_PROGRAMADA,84.58186792401246
118,2,25,51,91,0,1,2,AUTOBUS,1,0,0,1,0,0,AUTOBUS|FERROCARRIL,2,1,0,1,0,0,AUTOBUS|FERROCARRIL,2,1,0,1,0,0,127.32395447351627,64.9352167814933,28.966199642724952,0.013171487603305785,0.49259414321024025,0.12590471182995822,0.4,1,0,0,0.3177714135489874,30.59,SOPORTE_FISICO_BAJO,63,MONOMODAL,50.0,43.05555555555556,18.055555555555554,69.44444444444444,46.18055555555556,50.34722222222222,85,83,85,2,70.0,INTERMODALIDAD_MEDIA,16,"POLYGON ((-58.60502044090244 -34.7429701170334, -58.6087739515938 -34.746057718103785, -58.613276131756066 -34.745312249678065, -58.61402447767669 -34.74147900139514, -58.610270685238476 -34.738391350582276, -58.61101902640743 -34.7345577578075, -58.607265552734674 -34.73146994136181, -58.6027640196294 -34.73221576743576, -58.60201563669015 -34.736049231094015, -58.60576882861385 -34.739136997802134, -58.60502044090244 -34.7429701170334))",43.05555555555556,43.05555555555556,47.8255,12.5905,40.0,33.1046,39.3629,63.1944,37.1528,42.26,46.53,78,78,CENTRALIDAD_ESTRUCTURAL_MEDIA,CENTRALIDAD_ESTRUCTURAL_MEDIA,9.95,66.8954,CENTRALIDAD_SECUNDARIA,29.81,83,43.05555555555556,33.1046,39.3629,63.1944,BAJO,MEDIO,BAJO,BAJO,ALTO,MUY_BAJO,PRIORIDAD_BAJA,CENTRALIDAD_LOCAL,IMPACTO,CONECTIVIDAD,PERFIL_EQUILIBRADO,78,83,MANTENER_Y_OPTIMIZAR,56.94444444444444,60.6371,36.8056,62.8472,56.796324999999996,46.846042777777775,IMPACTO_MEDIO,58.705635,MEDIA,51.72555816666667,PRIORIDAD_MEDIA,MEJORAR_INTEGRACION_TERRITORIAL,La integración territorial presenta un déficit relevante respecto de las demás dimensiones.,82,11,28,INFRAESTRUCTURA|INTEGRACION|INTERMODALIDAD,INTERVENCION_SELECTIVA,INTEGRACION_TERRITORIAL,ESCENARIO_MEDIANO_PLAZO,5-10 AÑOS,FASE_3,PRIORIDAD_3_MEDIA,INTERVENCION_ESTRUCTURAL_MEDIA,INFRAESTRUCTURA | INTEGRACION_TERRITORIAL | INTERMODALIDAD,Reducir déficits de integración territorial y mejorar la articulación de la centralidad con su entorno.,"Centralidad clasificada como CENTRALIDAD_LOCAL, con diagnóstico INTERVENCION_SELECTIVA. Presenta demanda estructural de 43.06, soporte de infraestructura de 33.10, déficit estructural promedio de 56.80 y score de prioridad territorial de 51.73. La intervención recomendada es MEJORAR_INTEGRACION_TERRITORIAL.",52.040642383333335,82,11,46,AMBA-P082,AMBAC-118,MEDIA,ALTA,ALTA,MEDIA,ALTA,DEFICIT_ESTRUCTURAL_MEDIO,0.5141367001456034,0.47010051477908527,0.48771498892569254,DEFICIT,AMBA-E003,53.74391081151112,ESCENARIO_DE_NECESIDAD,PRIORIDAD_3_MEDIA,ESCENARIO_DE_NECESIDAD,IMPACTO,PRIORIDAD_3_MEDIA,4,52.19918466555358,PRIORIDAD_3_MEDIA,INTERVENCION_PROGRAMADA,62.99172403916424
110,2,8,10,27,1,1,3,AUTOBUS|FERROCARRIL,2,1,0,1,0,0,AUTOBUS|FERROCARRIL,2,1,0,1,0,0,AUTOBUS|FERROCARRIL,2,1,0,1,0,0,40.74366543152521,12.732395447351628,8.594366926962348,0.0025826446280991736,0.30808740138835516,0.12590471182995822,0.4,1,0,0,0.3177714135489874,23.97,SOPORTE_FISICO_BAJO,99,MONOMODAL,50.0,42.36111111111111,17.36111111111111,69.44444444444444,46.18055555555556,50.34722222222222,86,84,86,2,70.0,INTERMODALIDAD_MEDIA,16,"POLYGON ((-58.456712537648905 -34.74341241361193, -58.4607093762287 -34.74528323529008, -58.46545655967753 -34.7433194021798, -58.46620701283593 -34.73948474823905, -58.46221041433315 -34.73761382456959, -58.462960907718475 -34.73377870949189, -58.45896424114069 -34.731907323820785, -58.454216841134176 -34.733871155239505, -58.453466215973776 -34.737706373173225, -58.45746312259108 -34.739577656840915, -58.456712537648905 -34.74341241361193))",42.36111111111111,42.36111111111111,29.0239,12.5905,40.0,25.531,39.3629,74.8264,36.9213,41.88,45.14,80,80,CENTRALIDAD_ESTRUCTURAL_MEDIA,CENTRALIDAD_ESTRUCTURAL_MEDIA,16.83,74.469,CENTRALIDAD_SECUNDARIA,32.15,80,42.36111111111111,25.531,39.3629,74.8264,BAJO,MEDIO,BAJO,BAJO,ALTO,MUY_BAJO,PRIORIDAD_BAJA,CENTRALIDAD_LOCAL,CONECTIVIDAD,CONECTIVIDAD,PERFIL_EQUILIBRADO,80,80,MANTENER_Y_OPTIMIZAR,57.63888888888889,60.6371,25.173599999999993,63.0787,55.8396,45.890475555555554,IMPACTO_MEDIO,59.4434,MEDIA,51.610985333333325,PRIORIDAD_MEDIA,MEJORAR_INTEGRACION_TERRITORIAL,La integración territorial presenta un déficit relevante respecto de las demás dimensiones.,83,12,29,INFRAESTRUCTURA|INTEGRACION|INTERMODALIDAD,CENTRALIDAD_CONECTIVA,INTEGRACION_TERRITORIAL,ESCENARIO_MEDIANO_PLAZO,5-10 AÑOS,FASE_3,PRIORIDAD_3_MEDIA,INTERVENCION_ESTRUCTURAL_MEDIA,INFRAESTRUCTURA | INTEGRACION_TERRITORIAL | INTERMODALIDAD,Reducir déficits de integración territorial y mejorar la articulación de la centralidad con su entorno.,"Centralidad clasificada como CENTRALIDAD_LOCAL, con diagnóstico CENTRALIDAD_CONECTIVA. Presenta demanda estructural de 42.36, soporte de infraestructura de 25.53, déficit estructural promedio de 55.84 y score de prioridad territorial de 51.61. La intervención recomendada es MEJORAR_INTEGRACION_TERRITORIAL.",51.927771066666665,83,12,47,AMBA-P083,AMBAC-110,MEDIA,ALTA,ALTA,BAJA,ALTA,DEFICIT_ESTRUCTURAL_MEDIO,0.5355169904714986,0.5168691251732613,0.5243282712925562,CONECTIVIDAD,AMBA-E007,47.93763362098484,ESCENARIO_DE_NECESIDAD,PRIORIDAD_4_MEDIA_BAJA,ESCENARIO_DE_NECESIDAD,CONECTIVIDAD,PRIORIDAD_4_MEDIA_BAJA,7,30.086574651033622,PRIORIDAD_4_MEDIA_BAJA,SEGUIMIENTO_TERRITORIAL,4.019084362637915
78,1,5,5,10,1,1,2,AUTOBUS|FERROCARRIL,2,1,0,1,0,0,AUTOBUS|FERROCARRIL,2,1,0,1,0,0,AUTOBUS|FERROCARRIL,2,1,0,1,0,0,25.464790894703256,6.366197723675814,3.183098861837907,0.0012913223140495868,0.23483860732538517,0.12590471182995822,0.4,1,0,0,0.3177714135489874,21.39,SOPORTE_FISICO_BAJO,106,MONOMODAL,50.0,37.5,53.47222222222222,23.26388888888889,46.18055555555556,50.34722222222222,101,91,101,10,65.0,INTERMODALIDAD_MEDIA,104,"POLYGON ((-58.19196041263974 -34.84544742531521, -58.18795339741474 -34.84357110484063, -58.18870816869215 -34.839740425723015, -58.19346982383954 -34.837786167908604, -58.19747660155969 -34.839662588760234, -58.19672196164136 -34.84349316704038, -58.19196041263974 -34.84544742531521))",37.5,37.5,21.6873,12.5905,40.0,22.5762,30.7691,50.7812,48.9583,35.56,29.86,102,102,CENTRALIDAD_ESTRUCTURAL_BAJA,CENTRALIDAD_ESTRUCTURAL_BAJA,14.92,77.4238,CENTRALIDAD_SECUNDARIA,28.47,84,37.5,22.5762,30.7691,50.7812,MEDIO,BAJO,BAJO,BAJO,MEDIO,MUY_BAJO,PRIORIDAD_BAJA,CENTRALIDAD_LOCAL,DEFICIT,CONECTIVIDAD,PERFIL_EQUILIBRADO,102,84,MANTENER_Y_OPTIMIZAR,62.5,69.23089999999999,49.2188,51.0417,61.72879999999999,40.05376,IMPACTO_MEDIO,65.77726,ALTA,51.202735999999994,PRIORIDAD_MEDIA,MEJORAR_CONECTIVIDAD,La conectividad constituye una de las principales restricciones estructurales de la centralidad.,85,13,31,INFRAESTRUCTURA|INTERMODALIDAD|INTEGRACION|CONECTIVIDAD,BAJO_DESEMPEÑO_ESTRUCTURAL,MEJORA_CONECTIVIDAD,ESCENARIO_MEDIANO_PLAZO,5-10 AÑOS,FASE_3,PRIORIDAD_3_MEDIA,INTERVENCION_ESTRUCTURAL_MEDIA,INFRAESTRUCTURA | INTERMODALIDAD | DEMANDA,Mejorar la conectividad territorial y la accesibilidad estructural de la centralidad.,"Centralidad clasificada como CENTRALIDAD_LOCAL, con diagnóstico BAJO_DESEMPEÑO_ESTRUCTURAL. Presenta demanda estructural de 37.50, soporte de infraestructura de 22.58, déficit estructural promedio de 61.73 y score de prioridad territorial de 51.20. La intervención recomendada es MEJORAR_CONECTIVIDAD.",51.71656819999999,84,13,48,AMBA-P084,AMBAC-078,BAJA,ALTA,ALTA,MEDIA,MEDIA,DEFICIT_ESTRUCTURAL_MEDIO,0.5661572658351769,0.36774643257736894,0.44711076588049214,DEFICIT,AMBA-E004,51.30732598678722,ESCENARIO_DE_NECESIDAD,PRIORIDAD_3_MEDIA,ESCENARIO_DE_NECESIDAD,DEFICIT,PRIORIDAD_3_MEDIA,5,51.25180617171997,PRIORIDAD_3_MEDIA,INTERVENCION_PROGRAMADA,72.7040020791035
95,2,54,98,213,8,11,18,AUTOBUS|FERROCARRIL,2,1,0,1,0,0,AUTOBUS|FERROCARRIL,2,1,0,1,0,0,AUTOBUS|FERROCARRIL,2,1,0,1,0,0,275.0197416627951,124.77747538404594,67.80000575714742,0.0253099173553719,0.5685460743856711,0.45136367057450355,0.4,1,0,0,0.415409101172351,41.56,SOPORTE_FISICO_MEDIO,13,MONOMODAL,50.0,45.83333333333333,25.0,23.26388888888889,46.18055555555556,50.34722222222222,107,79,107,28,70.0,INTERMODALIDAD_MEDIA,16,"POLYGON ((-58.52741171816463 -34.604736526336474, -58.5314049490569 -34.60661232474211, -58.536147249508375 -34.60464416025833, -58.53689642786791 -34.60080019861835, -58.532903437612 -34.598924297286885, -58.53365265624597 -34.59507987447384, -58.52965959745175 -34.59320351070274, -58.52491707942067 -34.59517167269102, -58.52416772896309 -34.59901619969642, -58.528161028356394 -34.60089246052993, -58.52741171816463 -34.604736526336474))",45.83333333333333,45.83333333333333,55.619,45.1364,40.0,47.2416,47.4994,59.0278,39.4676,47.86,57.64,62,62,CENTRALIDAD_ESTRUCTURAL_MEDIA,CENTRALIDAD_ESTRUCTURAL_MEDIA,-1.41,52.7584,CENTRALIDAD_SECUNDARIA,27.5,86,45.83333333333333,47.2416,47.4994,59.0278,BAJO,MEDIO,MEDIO,MEDIO,MEDIO,MUY_BAJO,PRIORIDAD_BAJA,CENTRALIDAD_LOCAL,CONECTIVIDAD,CONECTIVIDAD,PERFIL_EQUILIBRADO,62,86,MANTENER_Y_OPTIMIZAR,54.16666666666667,52.5006,40.9722,60.5324,51.6909,50.54684666666666,IMPACTO_MEDIO,51.50281,MEDIA,50.709628,PRIORIDAD_MEDIA,MEJORAR_INTEGRACION_TERRITORIAL,La integración territorial presenta un déficit relevante respecto de las demás dimensiones.,86,13,32,INTEGRACION|INFRAESTRUCTURA|INTERMODALIDAD|CONECTIVIDAD,INTERVENCION_SELECTIVA,INTEGRACION_TERRITORIAL,ESCENARIO_MEDIANO_PLAZO,5-10 AÑOS,FASE_3,PRIORIDAD_3_MEDIA,INTERVENCION_ESTRUCTURAL_MEDIA,INTEGRACION_TERRITORIAL | DEMANDA | INFRAESTRUCTURA,Reducir déficits de integración territorial y mejorar la articulación de la centralidad con su entorno.,"Centralidad clasificada como CENTRALIDAD_LOCAL, con diagnóstico INTERVENCION_SELECTIVA. Presenta demanda estructural de 45.83, soporte de infraestructura de 47.24, déficit estructural promedio de 51.69 y score de prioridad territorial de 50.71. La intervención recomendada es MEJORAR_INTEGRACION_TERRITORIAL.",50.80418809999999,85,13,49,AMBA-P085,AMBAC-095,MEDIA,MEDIA,MEDIA,MEDIA,ALTA,DEFICIT_ESTRUCTURAL_MEDIO,0.46880520461254077,0.48320707328973034,0.4774463258188545,CONECTIVIDAD,AMBA-E002,54.190890610285415,ESCENARIO_ESTRATEGICO,PRIORIDAD_3_MEDIA,ESCENARIO_ESTRATEGICO,CONECTIVIDAD,PRIORIDAD_3_MEDIA,3,53.952995705743206,PRIORIDAD_3_MEDIA,INTERVENCION_PROGRAMADA,37.849913208420595
69,1,13,19,37,1,1,1,AUTOBUS|FERROCARRIL|FLUVIAL,3,1,0,1,1,0,AUTOBUS|FERROCARRIL|FLUVIAL,3,1,0,1,1,0,AUTOBUS|FERROCARRIL|FLUVIAL,3,1,0,1,1,0,66.20845632622846,24.19155134996809,11.777465788800255,0.00490702479338843,0.3794422222409767,0.12590471182995822,0.6,1,0,1,0.4577714135489874,31.5,SOPORTE_FISICO_BAJO,59,MONOMODAL,50.0,44.44444444444444,59.72222222222222,69.44444444444444,46.18055555555556,50.34722222222222,61,81,61,20,85.0,INTERMODALIDAD_MUY_ALTA,3,"POLYGON ((-58.57932048215161 -34.42745163277387, -58.57533038296236 -34.42556759807284, -58.57607870083007 -34.42171101646817, -58.58081698607168 -34.41973857524512, -58.58480684433 -34.42162271387987, -58.584058658281435 -34.42547918979532, -58.57932048215161 -34.42745163277387))",44.44444444444444,44.44444444444444,36.2601,12.5905,60.0,33.1932,52.5226,65.7118,51.0417,47.1,54.86,66,66,CENTRALIDAD_ESTRUCTURAL_MEDIA,CENTRALIDAD_ESTRUCTURAL_MEDIA,11.25,66.80680000000001,CENTRALIDAD_SECUNDARIA,31.17,81,44.44444444444444,33.1932,52.5226,65.7118,MEDIO,MEDIO,BAJO,MEDIO,ALTO,MUY_BAJO,PRIORIDAD_BAJA,CENTRALIDAD_LOCAL,DEFICIT,CONECTIVIDAD,PERFIL_EQUILIBRADO,66,81,MANTENER_Y_OPTIMIZAR,55.55555555555556,47.4774,34.2882,48.9583,49.382675000000006,48.556757222222224,IMPACTO_MEDIO,52.79345500000001,MEDIA,50.555491833333335,PRIORIDAD_MEDIA,MEJORAR_INTEGRACION_TERRITORIAL,La integración territorial presenta un déficit relevante respecto de las demás dimensiones.,87,14,33,INFRAESTRUCTURA|INTEGRACION|INTERMODALIDAD,INTERVENCION_SELECTIVA,INTEGRACION_TERRITORIAL,ESCENARIO_MEDIANO_PLAZO,5-10 AÑOS,FASE_3,PRIORIDAD_3_MEDIA,INTERVENCION_SELECTIVA,INFRAESTRUCTURA | DEMANDA | INTEGRACION_TERRITORIAL,Reducir déficits de integración territorial y mejorar la articulación de la centralidad con su entorno.,"Centralidad clasificada como CENTRALIDAD_LOCAL, con diagnóstico INTERVENCION_SELECTIVA. Presenta demanda estructural de 44.44, soporte de infraestructura de 33.19, déficit estructural promedio de 49.38 y score de prioridad territorial de 50.56. La intervención recomendada es MEJORAR_INTEGRACION_TERRITORIAL.",50.591376116666666,86,14,50,AMBA-P086,AMBAC-069,MEDIA,ALTA,MEDIA,MEDIA,MEDIA,DEFICIT_ESTRUCTURAL_MEDIO,0.5325469814541728,0.5167225744381785,0.5230523372445761,CONECTIVIDAD,AMBA-E005,50.08194960959839,ESCENARIO_DE_NECESIDAD,PRIORIDAD_3_MEDIA,ESCENARIO_DE_NECESIDAD,DEFICIT,PRIORIDAD_3_MEDIA,2,57.29611129376036,PRIORIDAD_3_MEDIA,INTERVENCION_PROGRAMADA,84.58186792401246
124,2,7,11,17,1,2,2,AUTOBUS|FERROCARRIL,2,1,0,1,0,0,AUTOBUS|FERROCARRIL,2,1,0,1,0,0,AUTOBUS|FERROCARRIL,2,1,0,1,0,0,35.65070725258456,14.00563499208679,5.411268065124442,0.002840909090909091,0.3185149047398846,0.19955424691458712,0.4,1,0,0,0.3398662740743761,26.18,SOPORTE_FISICO_BAJO,87,MONOMODAL,50.0,38.88888888888889,6.944444444444445,69.44444444444444,46.18055555555556,50.34722222222222,93,89,93,4,70.0,INTERMODALIDAD_MEDIA,16,"POLYGON ((-58.57931828552385 -34.49475826551039, -58.583308797940774 -34.49663818181935, -58.58804743100277 -34.494666733752275, -58.58879566081826 -34.49081537095045, -58.584805389438145 -34.48893535099818, -58.5855536595613 -34.4850835269973, -58.58156331930609 -34.4832030442546, -58.57682446792429 -34.485174489176316, -58.576076065947085 -34.4890264184119, -58.58006664720191 -34.49090679749971, -58.57931828552385 -34.49475826551039))",38.88888888888889,38.88888888888889,30.0771,19.9554,40.0,28.4406,41.2041,57.8125,33.4491,39.03,35.42,94,94,CENTRALIDAD_ESTRUCTURAL_BAJA,CENTRALIDAD_ESTRUCTURAL_BAJA,10.45,71.5594,CENTRALIDAD_SECUNDARIA,27.51,85,38.88888888888889,28.4406,41.2041,57.8125,BAJO,BAJO,BAJO,MEDIO,MEDIO,MUY_BAJO,PRIORIDAD_BAJA,CENTRALIDAD_LOCAL,DEFICIT,CONECTIVIDAD,PERFIL_EQUILIBRADO,94,85,MANTENER_Y_OPTIMIZAR,61.11111111111111,58.7959,42.1875,66.5509,59.773425,42.025129444444445,IMPACTO_MEDIO,61.74287,ALTA,49.915295166666674,PRIORIDAD_MEDIA,MEJORAR_INTEGRACION_TERRITORIAL,La integración territorial presenta un déficit relevante respecto de las demás dimensiones.,90,17,36,INFRAESTRUCTURA|INTEGRACION|INTERMODALIDAD|CONECTIVIDAD,BAJO_DESEMPEÑO_ESTRUCTURAL,INTEGRACION_TERRITORIAL,ESCENARIO_MEDIANO_PLAZO,5-10 AÑOS,FASE_3,PRIORIDAD_4_BAJA,INTERVENCION_ESTRUCTURAL_MEDIA,INFRAESTRUCTURA | INTEGRACION_TERRITORIAL | DEMANDA,Reducir déficits de integración territorial y mejorar la articulación de la centralidad con su entorno.,"Centralidad clasificada como CENTRALIDAD_LOCAL, con diagnóstico BAJO_DESEMPEÑO_ESTRUCTURAL. Presenta demanda estructural de 38.89, soporte de infraestructura de 28.44, déficit estructural promedio de 59.77 y score de prioridad territorial de 49.92. La intervención recomendada es MEJORAR_INTEGRACION_TERRITORIAL.",50.50590653333333,87,15,51,AMBA-P087,AMBAC-124,BAJA,ALTA,MEDIA,MEDIA,ALTA,DEFICIT_ESTRUCTURAL_MEDIO,0.5116839163470013,0.4266975547302317,0.46069209937693956,DEFICIT,AMBA-E005,50.08194960959839,ESCENARIO_DE_NECESIDAD,PRIORIDAD_3_MEDIA,ESCENARIO_DE_NECESIDAD,DEFICIT,PRIORIDAD_3_MEDIA,2,57.29611129376036,PRIORIDAD_3_MEDIA,INTERVENCION_PROGRAMADA,84.58186792401246
83,1,3,3,12,1,1,1,AUTOBUS|FERROCARRIL,2,1,0,1,0,0,AUTOBUS|FERROCARRIL,2,1,0,1,0,0,AUTOBUS|FERROCARRIL,2,1,0,1,0,0,15.278874536821952,3.819718634205488,3.819718634205488,0.0007747933884297521,0.18495368961100384,0.12590471182995822,0.4,1,0,0,0.3177714135489874,19.63,SOPORTE_FISICO_MUY_BAJO,113,MONOMODAL,50.0,35.41666666666667,47.91666666666667,23.26388888888889,46.18055555555556,50.34722222222222,106,94,106,12,63.0,INTERMODALIDAD_MEDIA,108,"POLYGON ((-58.796983239677274 -34.450344135002034, -58.800744963644696 -34.45343603559451, -58.799998690014554 -34.45729413456029, -58.79549064960454 -34.458060201825795, -58.79172920545924 -34.45496834957928, -58.79247552188917 -34.45111038172861, -58.796983239677274 -34.450344135002034))",35.41666666666667,35.41666666666667,16.7796,12.5905,40.0,20.5945,30.1615,66.4062,47.1065,36.48,32.64,98,98,CENTRALIDAD_ESTRUCTURAL_BAJA,CENTRALIDAD_ESTRUCTURAL_BAJA,14.82,79.4055,CENTRALIDAD_SECUNDARIA,27.18,87,35.41666666666667,20.5945,30.1615,66.4062,MEDIO,BAJO,BAJO,BAJO,ALTO,MUY_BAJO,PRIORIDAD_BAJA,CENTRALIDAD_LOCAL,DEFICIT,CONECTIVIDAD,PERFIL_EQUILIBRADO,98,87,MANTENER_Y_OPTIMIZAR,64.58333333333333,69.8385,33.5938,52.8935,58.93282500000001,39.28689833333334,IMPACTO_BAJO,63.874610000000004,ALTA,50.039786500000005,PRIORIDAD_MEDIA,MEJORAR_INTEGRACION_TERRITORIAL,La integración territorial presenta un déficit relevante respecto de las demás dimensiones.,88,15,34,INFRAESTRUCTURA|INTERMODALIDAD|INTEGRACION,BAJO_DESEMPEÑO_ESTRUCTURAL,INTEGRACION_TERRITORIAL,ESCENARIO_MEDIANO_PLAZO,5-10 AÑOS,FASE_3,PRIORIDAD_3_MEDIA,INTERVENCION_ESTRUCTURAL_MEDIA,INFRAESTRUCTURA | INTERMODALIDAD | DEMANDA,Reducir déficits de integración territorial y mejorar la articulación de la centralidad con su entorno.,"Centralidad clasificada como CENTRALIDAD_LOCAL, con diagnóstico BAJO_DESEMPEÑO_ESTRUCTURAL. Presenta demanda estructural de 35.42, soporte de infraestructura de 20.59, déficit estructural promedio de 58.93 y score de prioridad territorial de 50.04. La intervención recomendada es MEJORAR_INTEGRACION_TERRITORIAL.",50.502076800000005,88,16,52,AMBA-P088,AMBAC-083,BAJA,ALTA,ALTA,MEDIA,MEDIA,DEFICIT_ESTRUCTURAL_MEDIO,0.5549164648103798,0.4275851218752319,0.4785176590492911,DEFICIT,AMBA-E006,47.97071742899471,ESCENARIO_DE_NECESIDAD,PRIORIDAD_4_MEDIA_BAJA,ESCENARIO_DE_NECESIDAD,DEFICIT,PRIORIDAD_4_MEDIA_BAJA,6,49.90764715705244,PRIORIDAD_3_MEDIA,INTERVENCION_PROGRAMADA,31.39553317201036
128,2,33,41,68,1,2,4,AUTOBUS|FERROCARRIL,2,1,0,1,0,0,AUTOBUS|FERROCARRIL,2,1,0,1,0,0,AUTOBUS|FERROCARRIL,2,1,0,1,0,0,168.06761990504148,52.202821334141674,21.645072260497766,0.010588842975206611,0.4673614186927018,0.19955424691458712,0.4,1,0,0,0.3398662740743761,31.51,SOPORTE_FISICO_BAJO,57,MONOMODAL,50.0,39.58333333333333,8.333333333333332,69.44444444444444,46.18055555555556,50.34722222222222,92,88,92,4,70.0,INTERMODALIDAD_MEDIA,16,"POLYGON ((-58.34570808778954 -34.77515841083383, -58.34495576853448 -34.77899193614156, -58.34895680880924 -34.780865391456075, -58.353709929335466 -34.77890542280172, -58.354462116984 -34.77507199953846, -58.359214906968056 -34.77311177292602, -58.35996700312437 -34.76927799037454, -58.355966440913754 -34.76740433231456, -58.35121354348631 -34.76936455821269, -58.35046131571682 -34.77319844287634, -58.34570808778954 -34.77515841083383))",39.58333333333333,39.58333333333333,45.2405,19.9554,40.0,34.5473,41.2041,61.1979,33.912,41.32,43.06,83,83,CENTRALIDAD_ESTRUCTURAL_MEDIA,CENTRALIDAD_ESTRUCTURAL_MEDIA,5.04,65.4527,CENTRALIDAD_SECUNDARIA,25.77,90,39.58333333333333,34.5473,41.2041,61.1979,BAJO,BAJO,BAJO,MEDIO,ALTO,MUY_BAJO,PRIORIDAD_BAJA,CENTRALIDAD_LOCAL,DEFICIT,CONECTIVIDAD,PERFIL_EQUILIBRADO,83,90,MANTENER_Y_OPTIMIZAR,60.41666666666667,58.7959,38.8021,66.088,57.284675,44.166601666666665,IMPACTO_MEDIO,58.553675,MEDIA,49.866028500000006,PRIORIDAD_MEDIA,MEJORAR_INTEGRACION_TERRITORIAL,La integración territorial presenta un déficit relevante respecto de las demás dimensiones.,91,18,37,INTEGRACION|INFRAESTRUCTURA|INTERMODALIDAD,BAJO_DESEMPEÑO_ESTRUCTURAL,INTEGRACION_TERRITORIAL,ESCENARIO_ESTRUCTURAL,10+ AÑOS,FASE_4,PRIORIDAD_4_BAJA,INTERVENCION_ESTRUCTURAL_MEDIA,INTEGRACION_TERRITORIAL | INFRAESTRUCTURA | DEMANDA,Reducir déficits de integración territorial y mejorar la articulación de la centralidad con su entorno.,"Centralidad clasificada como CENTRALIDAD_LOCAL, con diagnóstico BAJO_DESEMPEÑO_ESTRUCTURAL. Presenta demanda estructural de 39.58, soporte de infraestructura de 34.55, déficit estructural promedio de 57.28 y score de prioridad territorial de 49.87. La intervención recomendada es MEJORAR_INTEGRACION_TERRITORIAL.",50.314261450000004,89,17,1,AMBA-P089,AMBAC-128,BAJA,ALTA,MEDIA,MEDIA,ALTA,DEFICIT_ESTRUCTURAL_MEDIO,0.48875767941433,0.44930745108269265,0.4650875424153476,DEFICIT,AMBA-E004,51.30732598678722,ESCENARIO_DE_NECESIDAD,PRIORIDAD_3_MEDIA,ESCENARIO_DE_NECESIDAD,DEFICIT,PRIORIDAD_3_MEDIA,5,51.25180617171997,PRIORIDAD_3_MEDIA,INTERVENCION_PROGRAMADA,72.7040020791035
1,152,3439,3872,4337,214,245,279,AUTOBUS|FERROCARRIL|FLUVIAL|SUBTE|TRANVIA,5,1,1,1,1,1,AUTOBUS|FERROCARRIL|FLUVIAL|SUBTE|TRANVIA,5,1,1,1,1,1,AUTOBUS|FERROCARRIL|FLUVIAL|SUBTE|TRANVIA,5,1,1,1,1,1,17514.683177376897,4929.98351721455,1380.5099763791002,1.0,1.0,1.0,1.0,1,1,1,1.0,100.0,SOPORTE_FISICO_MUY_ALTO,1,INTERMODAL,100.0,100.0,81.94444444444444,100.0,100.0,50.34722222222222,2,1,2,1,100.0,INTERMODALIDAD_MUY_ALTA,1,"POLYGON ((-58.46273471359231 -34.645675218616326, -58.46348505990789 -34.64183334312397, -58.4594891529419 -34.639956721792174, -58.45474265970079 -34.641922078385306, -58.45074644478774 -34.640045097046546, -58.451496963030145 -34.636202656687665, -58.44750068015033 -34.63432521288481, -58.44825123858825 -34.63048231116056, -58.4529979482001 -34.628516956802486, -58.45699399119918 -34.63039450305298, -58.456243564470995 -34.63423730120518, -58.46023953946587 -34.63611438497967, -58.46498570122607 -34.634148773078955, -58.46898136818793 -34.63602549688459, -58.47372709010437 -34.634059628667494, -58.47772244888534 -34.635935992563745, -58.48246773079498 -34.633969868132134, -58.48646278124723 -34.63584587217858, -58.48571278996943 -34.639687898097954, -58.48096761647171 -34.64165402365295, -58.48021753365578 -34.64549569197696, -58.48421275610623 -34.647371131107036, -58.48895782116327 -34.645405004442495, -58.48970777220669 -34.64156343976612, -58.494452505464075 -34.63959705809424, -58.49844717916287 -34.6414722399937, -58.503191472017214 -34.639505602306905, -58.503941199722114 -34.6356637838612, -58.49994676637052 -34.63378849933559, -58.49520236496296 -34.635755135890555, -58.49120762298722 -34.63387949163433, -58.49195752272497 -34.630037108193854, -58.496702032657005 -34.62807047278459, -58.497451840852804 -34.62422773189727, -58.493457270897096 -34.622351522600994, -58.48871265246934 -34.624318156850656, -58.48796271249685 -34.62816100154748, -58.483217762303006 -34.63012738095023, -58.47922264366041 -34.62825091449213, -58.47447725336753 -34.630217037786494, -58.47048182645823 -34.62834021145709, -58.471232029938825 -34.62449715926832, -58.4759775285861 -34.622531037125036, -58.47672764054212 -34.618687627359556, -58.48147280755743 -34.61672125028135, -58.48222282798694 -34.6128774830135, -58.48696766332 -34.61091085112467, -58.48771759222106 -34.60706672642886, -58.48372281754365 -34.60518912972646, -58.47897787380109 -34.607155760414045, -58.47822781314929 -34.61099998899654, -58.47348253776638 -34.61296636489166, -58.47273238559258 -34.61681023597812, -58.46798677861965 -34.618776356956445, -58.467236534925775 -34.62261987047247, -58.46249059641313 -34.624585736409756, -58.45849479334328 -34.62270808766169, -58.45374841512835 -34.62467369729115, -58.449752304149676 -34.62279568853139, -58.45050281127383 -34.61895196764143, -58.446506632340174 -34.61707349633915, -58.44175970647271 -34.61903884840698, -58.43776321984042 -34.61716001701227, -58.43851389884002 -34.61331573107522, -58.44326093279209 -34.61135038017324, -58.44725717965607 -34.61322931405118, -58.45200377421062 -34.61126370674818, -58.4527542300239 -34.60741916675994, -58.45750049321508 -34.60545330434608, -58.461496192391664 -34.607331980740874, -58.46074586828373 -34.6111764169696, -58.45599971328997 -34.61314228057178, -58.45524929767296 -34.6169863591683, -58.45924516875987 -34.618864470437515, -58.46399121552746 -34.616898605660865, -58.46474149943041 -34.61305463079817, -58.46948721470029 -34.611088510998634, -58.470237407087716 -34.60724417857182, -58.474982790809484 -34.60527780387365, -58.475732891679414 -34.60143311395714, -58.47173774055843 -34.59955469486007, -58.46699224852657 -34.60152106834743, -58.46299678930117 -34.59964228933151, -58.458250857523815 -34.60160840673194, -58.45425509034196 -34.59972926773776, -58.45500549484736 -34.59588390871892, -58.45100965968485 -34.59400430709223, -58.45176010438274 -34.59015848664939, -58.45650625255254 -34.588192371703514, -58.45725660575298 -34.584346193722105, -58.45326094247331 -34.582466026773204, -58.454011335866625 -34.57861938735503, -58.45001560461807 -34.576738757695686, -58.45076603820009 -34.57289165682159, -58.45551207135097 -34.57092528959655, -58.459507562749636 -34.57280602197407, -58.46425315634557 -34.57083939878582, -58.465003366747155 -34.566992044527254, -58.46974862890405 -34.56502516678051, -58.473743572376534 -34.566905641998076, -58.472993493680114 -34.5707528921476, -58.47698836904682 -34.572632904652416, -58.47623833056101 -34.57647969340393, -58.471493284990764 -34.578446573742646, -58.470743154997145 -34.58229300517288, -58.47473820229245 -34.58417245221549, -58.479483139526245 -34.58220557060163, -58.480233137797335 -34.57835924322904, -58.48497774341598 -34.57639210712631, -58.48897224235256 -34.57827129712545, -58.493716407856816 -34.57630390536056, -58.494466182869594 -34.57245732490304, -58.490471924126055 -34.57057803203348, -58.485727650172805 -34.57254542250057, -58.481733083043835 -34.5706657698431, -58.482483030019914 -34.566818623845045, -58.47848839472316 -34.564938508496105, -58.47923838191431 -34.56109090110659, -58.47524367847438 -34.55921032303319, -58.470498747806865 -34.56117745521385, -58.46650373625322 -34.55929651725052, -58.46725389535833 -34.55544834424763, -58.471998934317966 -34.553481213402236, -58.472749001926886 -34.54963268317263, -58.47749370938874 -34.5476652980363, -58.47824368549953 -34.54381641065486, -58.48298806141334 -34.54184877135228, -58.483737946024064 -34.53799952689393, -58.479743586432065 -34.53611781736452, -58.48049351125449 -34.53226811147106, -58.48523766395908 -34.53030021953144, -58.48598749728402 -34.52645015664282, -58.490731318381975 -34.524482010804874, -58.49148106020751 -34.52063159099615, -58.4874871126504 -34.518749212489624, -58.48274318315018 -34.52071735689053, -58.4819933096132 -34.52456788122633, -58.47724904854823 -34.52653577174743, -58.47649908351828 -34.53038593909488, -58.47175449093879 -34.53235357561136, -58.46775975510336 -34.5304710433577, -58.463014722811835 -34.53243842434928, -58.46226453460742 -34.53628833898138, -58.466259510374115 -34.53817076828256, -58.465509362364024 -34.54202022142823, -58.46950427008592 -34.54390218787306, -58.468754162274365 -34.54775117955122, -58.46400901505138 -34.54971830904742, -58.46325881574811 -34.553566943505544, -58.45851333711961 -34.555533818604594, -58.45451794960557 -34.55365205789208, -58.45526828058801 -34.549803319247935, -58.46001386740918 -34.54783644549363, -58.46076410690642 -34.54398734956129, -58.456768891256864 -34.54210502316286, -58.45202319627181 -34.544071895558474, -58.44802767284254 -34.54218920914725, -58.44877808419145 -34.53833954748441, -58.44478249284152 -34.53645639817452, -58.44003625042776 -34.538423013362845, -58.43928570743218 -34.54227277922046, -58.44328153849316 -34.54415582570369, -58.442531035670044 -34.54800513001683, -58.44652679884781 -34.54988771361313, -58.44577633620131 -34.553736556400764, -58.441029978724345 -34.555702919701794, -58.4402794246011 -34.55955140505823, -58.435532735953814 -34.56151751362509, -58.434782090355775 -34.56536564147553, -58.43003507058875 -34.567331495183666, -58.42603858845657 -34.56544921973355, -58.42129112969528 -34.56741481717775, -58.42054026099508 -34.571262691344074, -58.42453698268163 -34.573144864178374, -58.42378615413991 -34.57699227679279, -58.41903847228501 -34.57895762041007, -58.415041511092724 -34.57707555014178, -58.41029339042884 -34.57904063728281, -58.40629612212128 -34.5771582067143, -58.401547562812105 -34.57912303727746, -58.40079637958439 -34.58297029964012, -58.39604748949271 -34.58493487475899, -58.39204967493368 -34.583052186271274, -58.38730034645339 -34.58501650460456, -58.38654894019286 -34.58886351263383, -58.381799281073704 -34.59082757529242, -58.37780092063316 -34.58894462870052, -58.378552458457385 -34.58509751710651, -58.37455403058303 -34.58321410764686, -58.369803825817456 -34.58517791210426, -58.36905215644488 -34.58902512722052, -58.37305082338234 -34.5909084343659, -58.372299194119634 -34.59475518780868, -58.36754876637383 -34.59671873756902, -58.36679704567467 -34.60056513278614, -58.36204628748479 -34.60252842651726, -58.36129447535125 -34.60637446343438, -58.36529355294747 -34.60825710326844, -58.36454178091878 -34.61210267851863, -58.36854079116942 -34.61398485555332, -58.36778905924978 -34.617829969155785, -58.363038185529575 -34.619793008999444, -58.362286362168426 -34.62363776421516, -58.36628554407824 -34.6255193763543, -58.36553376082574 -34.62936366993544, -58.360782664111376 -34.631326454559826, -58.35678324322093 -34.62944494449989, -58.35203170869834 -34.63140747159207, -58.35127970246036 -34.63525150981182, -58.355279362282474 -34.63713291784245, -58.35452739614394 -34.64097649441538, -58.35852698868404 -34.642857439748255, -58.36327830839726 -34.64089491051686, -58.36727759462362 -34.64277549519046, -58.366525800147734 -34.646618507081314, -58.37052501900501 -34.648498629111344, -58.36977326464572 -34.65234117941977, -58.3737724161092 -34.65422083883931, -58.37852308280469 -34.65225804997318, -58.37927470558081 -34.64841560273628, -58.375275793248534 -34.64653584128526, -58.376027456150034 -34.64269293249148, -58.380777899797955 -34.64072988827951, -58.38152947123963 -34.63688662107443, -58.38627958424109 -34.63492332060054, -58.3902780181645 -34.63680328626446, -58.395027692794045 -34.63483972855864, -58.39902581987087 -34.63671933377877, -58.39827451163728 -34.64056239452659, -58.39352494471126 -34.64252595331282, -58.39277354500465 -34.64636865578524, -58.388023647296976 -34.64833195839753, -58.38727215611935 -34.65217430252051, -58.39127069425942 -34.65405324088363, -58.39602048427691 -34.65208993722259, -58.39677184384065 -34.64824769625591, -58.40152130303436 -34.64628413640293, -58.40227257112049 -34.64244153715479, -58.40702169943963 -34.64047772123384, -58.411019451865386 -34.64235650349877, -58.4157681414138 -34.64039243054484, -58.41976558663366 -34.64227085250576, -58.42451383724761 -34.64030652262051, -58.42526475055422 -34.63646377187651, -58.42126754490833 -34.634585247632046, -58.41651918637799 -34.63654957642387, -58.41252167344001 -34.63467069191346, -58.40777287604615 -34.63663476377826, -58.40377505596449 -34.63475551894264, -58.404526272723025 -34.63091209999354, -58.40052838501013 -34.62903239255399, -58.39577904117086 -34.630996206291705, -58.39178084652507 -34.62911613844646, -58.392532235040974 -34.625272154640946, -58.39728168659703 -34.62330834201537, -58.40127964191648 -34.625188512091896, -58.40602865491473 -34.62322444244641, -58.41002630321497 -34.625104252155225, -58.40927517793351 -34.62894802923151, -58.41327275856494 -34.63082737632454, -58.41802122498284 -34.6288630486399, -58.422018498384375 -34.63074203544574, -58.42676652584602 -34.62877745094015, -58.43076349186928 -34.63065607751808, -58.43001267005738 -34.63449918625941, -58.43400956826279 -34.63637735029728, -58.438757048575276 -34.63441250795662, -58.44275363919196 -34.63629031184726, -58.4420029892463 -34.64013285571022, -58.43725561699196 -34.64209769915296, -58.433258786629054 -34.64021999762194, -58.42851097511315 -34.64218458433681, -58.427760101980134 -34.64602687365797, -58.4230119593114 -34.64799120462298, -58.41901458183434 -34.64611324517831, -58.41426600016021 -34.64807731920764, -58.41026831541502 -34.6461989994803, -58.40551929489921 -34.6481628164723, -58.40476806696468 -34.65200495424032, -58.40876599118654 -34.653883171784045, -58.40801480340778 -34.6577248480915, -58.412012659961974 -34.65960260314284, -58.41126151234315 -34.66344381800929, -58.41525930120501 -34.66532111060153, -58.420007998137784 -34.66335729047831, -58.420759014094656 -34.65951617880167, -58.41676146478459 -34.657638784049695, -58.41751252091013 -34.65379721095766, -58.422260994681146 -34.65183313586661, -58.426258304390764 -34.65371063282827, -58.4310063390855 -34.65174630079726, -58.431757172040726 -34.647904472879354, -58.43650487554052 -34.645939885080445, -58.4405016380363 -34.647817124137894, -58.44524890220369 -34.645852279606835, -58.44924535698647 -34.64772915855979, -58.453992181658066 -34.64576405739838, -58.457988328579745 -34.64764057630632, -58.46273471359231 -34.645675218616326), (-58.431028605835664 -34.58460218515476, -58.43027785762338 -34.58844867472267, -58.42553039162086 -34.590414020823424, -58.424779551930634 -34.59426015264847, -58.420031754875914 -34.59622524348069, -58.416034689616765 -34.594344201262516, -58.416785660940654 -34.590497965728325, -58.4215335658939 -34.588532876112716, -58.422284445746385 -34.584686282767564, -58.427032019689506 -34.58272093790161, -58.431028605835664 -34.58460218515476), (-58.434274375962374 -34.59032945923466, -58.439021402850685 -34.58836385675047, -58.443017613653524 -34.59024428112299, -58.44226703727629 -34.594090205402324, -58.43752011842827 -34.59605580911196, -58.43352366792105 -34.5941754873081, -58.434274375962374 -34.59032945923466), (-58.4362618105263 -34.62484776962877, -58.44100906765618 -34.62288267292034, -58.44500548639562 -34.62476104175121, -58.4442548877663 -34.62860440486032, -58.439507738707796 -34.630569502702635, -58.435511080211086 -34.62869123629324, -58.4362618105263 -34.62484776962877), (-58.43652639746778 -34.578789736673556, -58.441273201214216 -34.57682388040883, -58.44526924017094 -34.57870487013156, -58.4445187151005 -34.58255161348, -58.43977201940755 -34.58451747100227, -58.43577574073541 -34.58263658390982, -58.43652639746778 -34.578789736673556), (-58.3710363103237 -34.623556335398106, -58.371788002130124 -34.61971168342404, -58.37653843785572 -34.61774838626011, -58.380537074225145 -34.619629739962015, -58.37978551398886 -34.623474288652, -58.37503518580908 -34.625437586932904, -58.3710363103237 -34.623556335398106))",100.0,100.0,100.0,100.0,100.0,100.0,98.1771,77.2569,75.1157,93.74,100.0,1,1,CENTRALIDAD_ESTRUCTURAL_MUY_ALTA,CENTRALIDAD_ESTRUCTURAL_MUY_ALTA,0.0,0.0,CENTRALIDAD_ESTRATEGICA,60.0,41,100.0,100.0,98.1771,77.2569,ALTO,MUY_ALTO,MUY_ALTO,MUY_ALTO,ALTO,MUY_BAJO,PRIORIDAD_MEDIA,CENTRALIDAD_METROPOLITANA,INTEGRACION,DEMANDA|INFRAESTRUCTURA|INTERMODALIDAD,ALTA_DEMANDA_ALTO_SOPORTE,1,41,MANTENER_Y_OPTIMIZAR,0.0,1.8229000000000042,22.7431,24.884299999999996,12.362575,82.472515,IMPACTO_MUY_ALTO,8.73699,BAJA,52.03921150000001,PRIORIDAD_MEDIA,CONSOLIDAR_CENTRALIDAD,Centralidad con condiciones estructurales suficientes para consolidar y optimizar su funcionamiento.,81,1,27,SIN_DEFICIT_DOMINANTE,CENTRALIDAD_CONSOLIDADA,CONSOLIDACION_CENTRALIDAD,ESCENARIO_MEDIANO_PLAZO,5-10 AÑOS,FASE_3,PRIORIDAD_3_MEDIA,INTERVENCION_OPTIMIZACION,INTEGRACION_TERRITORIAL,Consolidar una centralidad de alto desempeño mediante optimización y mantenimiento de sus condiciones actuales.,"Centralidad clasificada como CENTRALIDAD_METROPOLITANA, con diagnóstico CENTRALIDAD_CONSOLIDADA. Presenta demanda estructural de 100.00, soporte de infraestructura de 100.00, déficit estructural promedio de 12.36 y score de prioridad territorial de 52.04. La intervención recomendada es CONSOLIDAR_CENTRALIDAD.",50.108873800000005,90,1,53,AMBA-P090,AMBAC-001,ALTA,BAJA,BAJA,BAJA,BAJA,ALTO_IMPACTO_POTENCIAL,0.4899998354288724,0.8314856425253744,0.6948913196867735,DEMANDA,AMBA-E001,54.190890610285415,ESCENARIO_DE_NECESIDAD,PRIORIDAD_3_MEDIA,ESCENARIO_ESTRATEGICO,CONECTIVIDAD,PRIORIDAD_3_MEDIA,1,78.9423286344931,PRIORIDAD_2_ALTA,INTERVENCION_PRIORITARIA,75.93742375877676
101,1,5,8,25,0,0,0,AUTOBUS,1,0,0,1,0,0,AUTOBUS,1,0,0,1,0,0,AUTOBUS,1,0,0,1,0,0,25.464790894703256,10.185916357881302,7.957747154594767,0.002066115702479339,0.28396708285127487,0.0,0.2,0,0,0,0.13999999999999999,14.97,SOPORTE_FISICO_MUY_BAJO,132,MONOMODAL,50.0,25.694444444444443,33.33333333333333,23.26388888888889,46.18055555555556,50.34722222222222,123,108,123,15,38.0,INTERMODALIDAD_BAJA,132,"POLYGON ((-58.72568441946251 -34.5034450148312, -58.7294421838102 -34.506536448252284, -58.72869530377532 -34.51038872586038, -58.72419061698653 -34.511149439241066, -58.72043313305784 -34.50805805456361, -58.72118005548627 -34.50420590776912, -58.72568441946251 -34.5034450148312))",25.694444444444443,25.694444444444443,26.595,0.0,20.0,15.5538,17.934,40.625,42.2454,25.5,9.72,131,131,CENTRALIDAD_ESTRUCTURAL_BAJA,CENTRALIDAD_ESTRUCTURAL_MUY_BAJA,10.14,84.4462,CENTRALIDAD_SECUNDARIA,19.47,102,25.694444444444443,15.5538,17.934,40.625,MEDIO,BAJO,MUY_BAJO,MUY_BAJO,MEDIO,MUY_BAJO,PRIORIDAD_BAJA,CENTRALIDAD_LOCAL,DEFICIT,TERRITORIAL,PERFIL_EQUILIBRADO,131,102,MANTENER_Y_OPTIMIZAR,74.30555555555556,82.066,59.375,57.7546,70.91045,29.94531222222222,IMPACTO_BAJO,74.83317000000001,ALTA,48.90051233333333,PRIORIDAD_MEDIA,MEJORAR_CONECTIVIDAD,La conectividad constituye una de las principales restricciones estructurales de la centralidad.,92,14,38,INFRAESTRUCTURA|INTERMODALIDAD|CONECTIVIDAD|INTEGRACION,BAJO_DESEMPEÑO_ESTRUCTURAL,MEJORA_CONECTIVIDAD,ESCENARIO_MEDIANO_PLAZO,5-10 AÑOS,FASE_3,PRIORIDAD_4_BAJA,INTERVENCION_ESTRUCTURAL_MEDIA,INFRAESTRUCTURA | INTERMODALIDAD | DEMANDA,Mejorar la conectividad territorial y la accesibilidad estructural de la centralidad.,"Centralidad clasificada como CENTRALIDAD_LOCAL, con diagnóstico BAJO_DESEMPEÑO_ESTRUCTURAL. Presenta demanda estructural de 25.69, soporte de infraestructura de 15.55, déficit estructural promedio de 70.91 y score de prioridad territorial de 48.90. La intervención recomendada es MEJORAR_CONECTIVIDAD.",49.94713096666666,91,14,54,AMBA-P091,AMBAC-101,BAJA,ALTA,ALTA,MEDIA,MEDIA,DEFICIT_ESTRUCTURAL_MEDIO,0.5495888452819189,0.24436953051400873,0.3664572564211728,URGENCIA,AMBA-E006,47.97071742899471,ESCENARIO_DE_NECESIDAD,PRIORIDAD_4_MEDIA_BAJA,ESCENARIO_DE_NECESIDAD,DEFICIT,PRIORIDAD_4_MEDIA_BAJA,6,49.90764715705244,PRIORIDAD_3_MEDIA,INTERVENCION_PROGRAMADA,31.39553317201036
73,1,38,62,138,5,7,15,AUTOBUS|FERROCARRIL,2,1,0,1,0,0,AUTOBUS|FERROCARRIL,2,1,0,1,0,0,AUTOBUS|FERROCARRIL,2,1,0,1,0,0,193.53241079974472,78.94085177358009,43.926764293363114,0.016012396694214875,0.515245873014789,0.3777141354898746,0.4,1,0,0,0.39331424064696235,37.72,SOPORTE_FISICO_BAJO,22,MONOMODAL,50.0,43.75,57.638888888888886,69.44444444444444,46.18055555555556,50.34722222222222,65,82,65,17,70.0,INTERMODALIDAD_MEDIA,16,"POLYGON ((-58.51618075270616 -34.59526285601533, -58.51218707590823 -34.59338577313749, -58.5129365984275 -34.58954068073813, -58.51767966594854 -34.587572775383656, -58.5216731022702 -34.58944996117278, -58.52092371155093 -34.593294949396366, -58.51618075270616 -34.59526285601533))",43.75,43.75,50.1482,37.7714,40.0,42.5413,45.6581,71.2674,50.3472,48.62,60.42,58,58,CENTRALIDAD_ESTRUCTURAL_MEDIA,CENTRALIDAD_ESTRUCTURAL_ALTA,1.21,57.4587,CENTRALIDAD_SECUNDARIA,26.73,88,43.75,42.5413,45.6581,71.2674,MEDIO,MEDIO,MEDIO,MEDIO,ALTO,MUY_BAJO,PRIORIDAD_BAJA,CENTRALIDAD_LOCAL,CONECTIVIDAD,CONECTIVIDAD,PERFIL_EQUILIBRADO,58,88,MANTENER_Y_OPTIMIZAR,56.25,54.3419,28.732600000000005,49.6528,47.54650000000001,49.51030000000001,IMPACTO_MEDIO,49.763395,MEDIA,49.950455000000005,PRIORIDAD_MEDIA,MEJORAR_INTEGRACION_TERRITORIAL,La integración territorial presenta un déficit relevante respecto de las demás dimensiones.,89,16,35,INFRAESTRUCTURA|INTERMODALIDAD|INTEGRACION,CENTRALIDAD_CONECTIVA,INTEGRACION_TERRITORIAL,ESCENARIO_ESTRUCTURAL,10+ AÑOS,FASE_4,PRIORIDAD_4_BAJA,INTERVENCION_SELECTIVA,INFRAESTRUCTURA | DEMANDA | INTERMODALIDAD,Reducir déficits de integración territorial y mejorar la articulación de la centralidad con su entorno.,"Centralidad clasificada como CENTRALIDAD_LOCAL, con diagnóstico CENTRALIDAD_CONECTIVA. Presenta demanda estructural de 43.75, soporte de infraestructura de 42.54, déficit estructural promedio de 47.55 y score de prioridad territorial de 49.95. La intervención recomendada es MEJORAR_INTEGRACION_TERRITORIAL.",49.856372750000006,92,18,2,AMBA-P092,AMBAC-073,MEDIA,MEDIA,MEDIA,BAJA,MEDIA,DEFICIT_ESTRUCTURAL_MEDIO,0.4923381347741378,0.5261112800176164,0.512602021920225,CONECTIVIDAD,AMBA-E002,54.190890610285415,ESCENARIO_ESTRATEGICO,PRIORIDAD_3_MEDIA,ESCENARIO_ESTRATEGICO,CONECTIVIDAD,PRIORIDAD_3_MEDIA,3,53.952995705743206,PRIORIDAD_3_MEDIA,INTERVENCION_PROGRAMADA,37.849913208420595
102,1,8,11,22,0,0,2,AUTOBUS,1,0,0,1,0,0,AUTOBUS,1,0,0,1,0,0,AUTOBUS|FERROCARRIL,2,1,0,1,0,0,40.74366543152521,14.00563499208679,7.002817496043395,0.002840909090909091,0.3185149047398846,0.0,0.2,0,0,0,0.13999999999999999,16.19,SOPORTE_FISICO_MUY_BAJO,127,MONOMODAL,50.0,25.0,32.63888888888889,69.44444444444444,46.18055555555556,50.34722222222222,94,109,94,15,40.0,INTERMODALIDAD_BAJA,115,"POLYGON ((-58.331446867650584 -34.78103728095121, -58.327445215181086 -34.779163103975314, -58.328197797602805 -34.77532937470517, -58.33295190092238 -34.77336992436224, -58.336953314557825 -34.775244202609734, -58.33620086371168 -34.77907782991974, -58.331446867650584 -34.78103728095121))",25.0,25.0,30.0771,0.0,20.0,16.9555,19.8438,40.4514,42.0139,25.98,11.11,129,129,CENTRALIDAD_ESTRUCTURAL_BAJA,CENTRALIDAD_ESTRUCTURAL_MUY_BAJA,8.04,83.0445,CENTRALIDAD_SECUNDARIA,18.22,105,25.0,16.9555,19.8438,40.4514,MEDIO,BAJO,MUY_BAJO,MUY_BAJO,MEDIO,MUY_BAJO,PRIORIDAD_BAJA,CENTRALIDAD_LOCAL,DEFICIT,TERRITORIAL,PERFIL_EQUILIBRADO,129,105,MANTENER_Y_OPTIMIZAR,75.0,80.1562,59.5486,57.9861,70.18384999999999,29.86977,IMPACTO_BAJO,73.864485,ALTA,48.38997200000001,PRIORIDAD_MEDIA,MEJORAR_CONECTIVIDAD,La conectividad constituye una de las principales restricciones estructurales de la centralidad.,97,15,43,INFRAESTRUCTURA|INTERMODALIDAD|CONECTIVIDAD|INTEGRACION,BAJO_DESEMPEÑO_ESTRUCTURAL,MEJORA_CONECTIVIDAD,ESCENARIO_MEDIANO_PLAZO,5-10 AÑOS,FASE_3,PRIORIDAD_4_BAJA,INTERVENCION_ESTRUCTURAL_MEDIA,INFRAESTRUCTURA | INTERMODALIDAD | DEMANDA,Mejorar la conectividad territorial y la accesibilidad estructural de la centralidad.,"Centralidad clasificada como CENTRALIDAD_LOCAL, con diagnóstico BAJO_DESEMPEÑO_ESTRUCTURAL. Presenta demanda estructural de 25.00, soporte de infraestructura de 16.96, déficit estructural promedio de 70.18 y score de prioridad territorial de 48.39. La intervención recomendada es MEJORAR_CONECTIVIDAD.",49.433118650000004,93,15,55,AMBA-P093,AMBAC-102,BAJA,ALTA,ALTA,MEDIA,MEDIA,DEFICIT_ESTRUCTURAL_MEDIO,0.5395723909084582,0.24613015310879888,0.36350704822866264,URGENCIA,AMBA-E004,51.30732598678722,ESCENARIO_DE_NECESIDAD,PRIORIDAD_3_MEDIA,ESCENARIO_DE_NECESIDAD,DEFICIT,PRIORIDAD_3_MEDIA,5,51.25180617171997,PRIORIDAD_3_MEDIA,INTERVENCION_PROGRAMADA,72.7040020791035
79,1,6,17,44,2,3,6,AUTOBUS|FERROCARRIL,2,1,0,1,0,0,AUTOBUS|FERROCARRIL,2,1,0,1,0,0,AUTOBUS|FERROCARRIL,2,1,0,1,0,0,30.557749073643905,21.645072260497766,14.00563499208679,0.004390495867768595,0.36690985424200945,0.25180942365991643,0.4,1,0,0,0.3555428270979749,29.2,SOPORTE_FISICO_BAJO,73,MONOMODAL,50.0,36.80555555555556,52.77777777777778,23.26388888888889,46.18055555555556,50.34722222222222,102,92,102,10,70.0,INTERMODALIDAD_MEDIA,16,"POLYGON ((-58.38450701886236 -34.68862034490109, -58.38050796546781 -34.68674309995796, -58.38125961065996 -34.68290321585695, -58.38601017763025 -34.68094067956612, -58.390008991754236 -34.68281802643082, -58.38925747818242 -34.68665780765605, -58.38450701886236 -34.68862034490109))",36.80555555555556,36.80555555555556,34.9848,25.1809,40.0,32.179,42.5105,62.934,48.7269,41.9,45.83,79,79,CENTRALIDAD_ESTRUCTURAL_MEDIA,CENTRALIDAD_ESTRUCTURAL_MEDIA,4.63,67.821,CENTRALIDAD_SECUNDARIA,23.94,96,36.80555555555556,32.179,42.5105,62.934,MEDIO,BAJO,BAJO,MEDIO,ALTO,MUY_BAJO,PRIORIDAD_BAJA,CENTRALIDAD_LOCAL,CONECTIVIDAD,CONECTIVIDAD,PERFIL_EQUILIBRADO,79,96,MANTENER_Y_OPTIMIZAR,63.19444444444444,57.4895,37.066,51.2731,53.4124,42.83425777777778,IMPACTO_MEDIO,56.60494,MEDIA,48.817194666666666,PRIORIDAD_MEDIA,MEJORAR_INTEGRACION_TERRITORIAL,La integración territorial presenta un déficit relevante respecto de las demás dimensiones.,93,19,39,INFRAESTRUCTURA|INTERMODALIDAD|INTEGRACION,BAJO_DESEMPEÑO_ESTRUCTURAL,INTEGRACION_TERRITORIAL,ESCENARIO_ESTRUCTURAL,10+ AÑOS,FASE_4,PRIORIDAD_4_BAJA,INTERVENCION_ESTRUCTURAL_MEDIA,INFRAESTRUCTURA | DEMANDA | INTERMODALIDAD,Reducir déficits de integración territorial y mejorar la articulación de la centralidad con su entorno.,"Centralidad clasificada como CENTRALIDAD_LOCAL, con diagnóstico BAJO_DESEMPEÑO_ESTRUCTURAL. Presenta demanda estructural de 36.81, soporte de infraestructura de 32.18, déficit estructural promedio de 53.41 y score de prioridad territorial de 48.82. La intervención recomendada es MEJORAR_INTEGRACION_TERRITORIAL.",49.087915933333335,94,19,3,AMBA-P094,AMBAC-079,BAJA,ALTA,MEDIA,MEDIA,MEDIA,DEFICIT_ESTRUCTURAL_MEDIO,0.5100444545220475,0.45176135825561264,0.4750745967621866,DEFICIT,AMBA-E007,47.93763362098484,ESCENARIO_DE_NECESIDAD,PRIORIDAD_4_MEDIA_BAJA,ESCENARIO_DE_NECESIDAD,CONECTIVIDAD,PRIORIDAD_4_MEDIA_BAJA,7,30.086574651033622,PRIORIDAD_4_MEDIA_BAJA,SEGUIMIENTO_TERRITORIAL,4.019084362637915
82,1,8,14,34,0,1,2,AUTOBUS|FERROCARRIL,2,1,0,1,0,0,AUTOBUS|FERROCARRIL,2,1,0,1,0,0,AUTOBUS|FERROCARRIL,2,1,0,1,0,0,40.74366543152521,17.82535362629228,10.822536130248883,0.003615702479338843,0.34518442464383275,0.12590471182995822,0.4,1,0,0,0.3177714135489874,25.28,SOPORTE_FISICO_BAJO,95,MONOMODAL,50.0,36.11111111111111,49.30555555555556,23.26388888888889,46.18055555555556,50.34722222222222,104,93,104,11,70.0,INTERMODALIDAD_MEDIA,16,"POLYGON ((-58.38973991474275 -34.728790318605526, -58.38574072034603 -34.726915588896716, -58.386492347807675 -34.7230787294063, -58.3912430380191 -34.721116702228045, -58.395241993054746 -34.72299153369804, -58.39449049724397 -34.726828290576336, -58.38973991474275 -34.728790318605526))",36.11111111111111,36.11111111111111,32.778,12.5905,40.0,27.0415,39.3629,61.2847,47.5694,39.42,36.11,93,93,CENTRALIDAD_ESTRUCTURAL_BAJA,CENTRALIDAD_ESTRUCTURAL_BAJA,9.07,72.9585,CENTRALIDAD_SECUNDARIA,25.29,93,36.11111111111111,27.0415,39.3629,61.2847,MEDIO,BAJO,BAJO,BAJO,ALTO,MUY_BAJO,PRIORIDAD_BAJA,CENTRALIDAD_LOCAL,CONECTIVIDAD,CONECTIVIDAD,PERFIL_EQUILIBRADO,93,93,MANTENER_Y_OPTIMIZAR,63.88888888888889,60.6371,38.7153,52.4306,56.185375,40.12563055555556,IMPACTO_MEDIO,59.950325,MEDIA,48.63716583333333,PRIORIDAD_MEDIA,MEJORAR_INTEGRACION_TERRITORIAL,La integración territorial presenta un déficit relevante respecto de las demás dimensiones.,94,20,40,INFRAESTRUCTURA|INTERMODALIDAD|INTEGRACION,BAJO_DESEMPEÑO_ESTRUCTURAL,INTEGRACION_TERRITORIAL,ESCENARIO_ESTRUCTURAL,10+ AÑOS,FASE_4,PRIORIDAD_4_BAJA,INTERVENCION_ESTRUCTURAL_MEDIA,INFRAESTRUCTURA | DEMANDA | INTERMODALIDAD,Reducir déficits de integración territorial y mejorar la articulación de la centralidad con su entorno.,"Centralidad clasificada como CENTRALIDAD_LOCAL, con diagnóstico BAJO_DESEMPEÑO_ESTRUCTURAL. Presenta demanda estructural de 36.11, soporte de infraestructura de 27.04, déficit estructural promedio de 56.19 y score de prioridad territorial de 48.64. La intervención recomendada es MEJORAR_INTEGRACION_TERRITORIAL.",49.05740941666666,95,20,4,AMBA-P095,AMBAC-082,BAJA,ALTA,ALTA,MEDIA,MEDIA,DEFICIT_ESTRUCTURAL_MEDIO,0.5290434154688779,0.4266887751788625,0.46763063129486865,DEFICIT,AMBA-E007,47.93763362098484,ESCENARIO_DE_NECESIDAD,PRIORIDAD_4_MEDIA_BAJA,ESCENARIO_DE_NECESIDAD,CONECTIVIDAD,PRIORIDAD_4_MEDIA_BAJA,7,30.086574651033622,PRIORIDAD_4_MEDIA_BAJA,SEGUIMIENTO_TERRITORIAL,4.019084362637915
89,1,4,5,10,0,1,1,AUTOBUS,1,0,0,1,0,0,AUTOBUS|FERROCARRIL,2,1,0,1,0,0,AUTOBUS|FERROCARRIL,2,1,0,1,0,0,20.371832715762604,6.366197723675814,3.183098861837907,0.0012913223140495868,0.23483860732538517,0.12590471182995822,0.4,1,0,0,0.3177714135489874,21.39,SOPORTE_FISICO_BAJO,106,MONOMODAL,50.0,31.944444444444443,40.97222222222222,69.44444444444444,46.18055555555556,50.34722222222222,83,99,83,16,65.0,INTERMODALIDAD_MEDIA,104,"POLYGON ((-58.484687773139385 -34.75650241219867, -58.48069168745822 -34.754633234204384, -58.48144192833405 -34.75079960529783, -58.48618812306355 -34.74883525723979, -58.490183968421036 -34.750704537277365, -58.489433859376575 -34.75453806332097, -58.484687773139385 -34.75650241219867))",31.944444444444443,31.944444444444443,21.6873,12.5905,40.0,22.5762,30.7691,62.3264,44.7917,35.21,29.17,103,103,CENTRALIDAD_ESTRUCTURAL_BAJA,CENTRALIDAD_ESTRUCTURAL_BAJA,9.37,77.4238,CENTRALIDAD_SECUNDARIA,22.91,98,31.944444444444443,22.5762,30.7691,62.3264,MEDIO,BAJO,BAJO,BAJO,ALTO,MUY_BAJO,PRIORIDAD_BAJA,CENTRALIDAD_LOCAL,CONECTIVIDAD,CONECTIVIDAD,PERFIL_EQUILIBRADO,103,98,MANTENER_Y_OPTIMIZAR,68.05555555555556,69.23089999999999,37.6736,55.2083,59.88415,36.70005222222222,IMPACTO_BAJO,64.09321,ALTA,48.428786333333335,PRIORIDAD_MEDIA,MEJORAR_INTEGRACION_TERRITORIAL,La integración territorial presenta un déficit relevante respecto de las demás dimensiones.,95,21,41,INFRAESTRUCTURA|INTERMODALIDAD|INTEGRACION,BAJO_DESEMPEÑO_ESTRUCTURAL,INTEGRACION_TERRITORIAL,ESCENARIO_MEDIANO_PLAZO,5-10 AÑOS,FASE_3,PRIORIDAD_4_BAJA,INTERVENCION_ESTRUCTURAL_MEDIA,INFRAESTRUCTURA | INTERMODALIDAD | DEMANDA,Reducir déficits de integración territorial y mejorar la articulación de la centralidad con su entorno.,"Centralidad clasificada como CENTRALIDAD_LOCAL, con diagnóstico BAJO_DESEMPEÑO_ESTRUCTURAL. Presenta demanda estructural de 31.94, soporte de infraestructura de 22.58, déficit estructural promedio de 59.88 y score de prioridad territorial de 48.43. La intervención recomendada es MEJORAR_INTEGRACION_TERRITORIAL.",49.01913976666666,96,21,56,AMBA-P096,AMBAC-089,BAJA,ALTA,ALTA,MEDIA,MEDIA,DEFICIT_ESTRUCTURAL_MEDIO,0.5307962102900308,0.3957938233626306,0.44979477813359064,DEFICIT,AMBA-E007,47.93763362098484,ESCENARIO_DE_NECESIDAD,PRIORIDAD_4_MEDIA_BAJA,ESCENARIO_DE_NECESIDAD,CONECTIVIDAD,PRIORIDAD_4_MEDIA_BAJA,7,30.086574651033622,PRIORIDAD_4_MEDIA_BAJA,SEGUIMIENTO_TERRITORIAL,4.019084362637915
111,1,2,3,18,0,0,0,AUTOBUS,1,0,0,1,0,0,AUTOBUS,1,0,0,1,0,0,AUTOBUS|FERROCARRIL,2,1,0,1,0,0,10.185916357881302,3.819718634205488,5.729577951308232,0.0007747933884297521,0.18495368961100384,0.0,0.2,0,0,0,0.13999999999999999,11.49,SOPORTE_FISICO_MUY_BAJO,138,MONOMODAL,50.0,19.444444444444446,24.305555555555554,23.26388888888889,46.18055555555556,50.34722222222222,132,117,132,15,33.0,INTERMODALIDAD_BAJA,138,"POLYGON ((-58.411211609362276 -34.79744193359345, -58.40721261227466 -34.7955720275772, -58.4079640211398 -34.791740498863284, -58.41271429537137 -34.789778978377086, -58.41671305281934 -34.79164898593253, -58.415961775679314 -34.795480412426244, -58.411211609362276 -34.79744193359345))",19.444444444444446,19.444444444444446,16.7796,0.0,20.0,11.5964,16.7188,42.1875,39.2361,22.33,7.64,134,134,CENTRALIDAD_ESTRUCTURAL_BAJA,CENTRALIDAD_ESTRUCTURAL_MUY_BAJA,7.85,88.4036,CENTRALIDAD_SECUNDARIA,14.81,112,19.444444444444446,11.5964,16.7188,42.1875,BAJO,MUY_BAJO,MUY_BAJO,MUY_BAJO,MEDIO,MUY_BAJO,PRIORIDAD_BAJA,CENTRALIDAD_LOCAL,INTEGRACION,CONECTIVIDAD,PERFIL_EQUILIBRADO,134,112,MANTENER_Y_OPTIMIZAR,80.55555555555556,83.2812,57.8125,60.7639,72.5653,26.527282222222222,IMPACTO_BAJO,76.85882500000001,URGENTE,47.65218433333334,PRIORIDAD_MEDIA,MEJORAR_CONECTIVIDAD,La conectividad constituye una de las principales restricciones estructurales de la centralidad.,100,16,46,INFRAESTRUCTURA|INTERMODALIDAD|INTEGRACION|CONECTIVIDAD,BAJO_DESEMPEÑO_ESTRUCTURAL,MEJORA_CONECTIVIDAD,ESCENARIO_MEDIANO_PLAZO,5-10 AÑOS,FASE_3,PRIORIDAD_4_BAJA,INTERVENCION_ESTRUCTURAL_MEDIA,INFRAESTRUCTURA | INTERMODALIDAD | DEMANDA,Mejorar la conectividad territorial y la accesibilidad estructural de la centralidad.,"Centralidad clasificada como CENTRALIDAD_LOCAL, con diagnóstico BAJO_DESEMPEÑO_ESTRUCTURAL. Presenta demanda estructural de 19.44, soporte de infraestructura de 11.60, déficit estructural promedio de 72.57 y score de prioridad territorial de 47.65. La intervención recomendada es MEJORAR_CONECTIVIDAD.",48.86444511666667,97,16,57,AMBA-P097,AMBAC-111,BAJA,ALTA,ALTA,MEDIA,ALTA,DEFICIT_ESTRUCTURAL_MEDIO,0.5354028230689438,0.22931285834043894,0.35174884423184094,URGENCIA,AMBA-E001,55.751448155260405,ESCENARIO_DE_NECESIDAD,PRIORIDAD_3_MEDIA,ESCENARIO_DE_NECESIDAD,INTEGRACION,PRIORIDAD_3_MEDIA,1,78.9423286344931,PRIORIDAD_2_ALTA,INTERVENCION_PRIORITARIA,75.93742375877676
96,1,1,5,13,0,0,1,FERROCARRIL,1,1,0,0,0,0,AUTOBUS|FERROCARRIL,2,1,0,1,0,0,AUTOBUS|FERROCARRIL,2,1,0,1,0,0,5.092958178940651,6.366197723675814,4.138028520389279,0.0012913223140495868,0.23483860732538517,0.0,0.4,1,0,0,0.27999999999999997,18.24,SOPORTE_FISICO_MUY_BAJO,120,MONOMODAL,50.0,28.47222222222222,36.11111111111111,23.26388888888889,46.18055555555556,50.34722222222222,120,104,120,16,60.0,INTERMODALIDAD_MEDIA,113,"POLYGON ((-58.30390830746695 -34.80999340190161, -58.2999054615641 -34.80811973053012, -58.30065850131509 -34.804287799809494, -58.305414255431 -34.80232964207346, -58.30941686274553 -34.80420341446531, -58.30866395453642 -34.80803524356402, -58.30390830746695 -34.80999340190161))",28.47222222222222,28.47222222222222,21.6873,0.0,40.0,18.3266,26.3194,59.2014,43.1713,31.58,20.83,115,115,CENTRALIDAD_ESTRUCTURAL_BAJA,CENTRALIDAD_ESTRUCTURAL_BAJA,10.15,81.6734,CENTRALIDAD_SECUNDARIA,21.14,99,28.47222222222222,18.3266,26.3194,59.2014,MEDIO,BAJO,MUY_BAJO,BAJO,MEDIO,MUY_BAJO,PRIORIDAD_BAJA,CENTRALIDAD_LOCAL,DEFICIT,CONECTIVIDAD,PERFIL_EQUILIBRADO,115,99,MANTENER_Y_OPTIMIZAR,71.52777777777777,73.6806,40.7986,56.8287,63.245324999999994,33.13417611111111,IMPACTO_BAJO,67.77353500000001,ALTA,47.86403816666666,PRIORIDAD_MEDIA,MEJORAR_INTEGRACION_TERRITORIAL,La integración territorial presenta un déficit relevante respecto de las demás dimensiones.,99,24,45,INFRAESTRUCTURA|INTERMODALIDAD|INTEGRACION|CONECTIVIDAD,BAJO_DESEMPEÑO_ESTRUCTURAL,INTEGRACION_TERRITORIAL,ESCENARIO_MEDIANO_PLAZO,5-10 AÑOS,FASE_3,PRIORIDAD_4_BAJA,INTERVENCION_ESTRUCTURAL_MEDIA,INFRAESTRUCTURA | INTERMODALIDAD | DEMANDA,Reducir déficits de integración territorial y mejorar la articulación de la centralidad con su entorno.,"Centralidad clasificada como CENTRALIDAD_LOCAL, con diagnóstico BAJO_DESEMPEÑO_ESTRUCTURAL. Presenta demanda estructural de 28.47, soporte de infraestructura de 18.33, déficit estructural promedio de 63.25 y score de prioridad territorial de 47.86. La intervención recomendada es MEJORAR_INTEGRACION_TERRITORIAL.",48.64098338333333,98,22,58,AMBA-P098,AMBAC-096,BAJA,ALTA,ALTA,MEDIA,MEDIA,DEFICIT_ESTRUCTURAL_MEDIO,0.5358679425026687,0.3555300127151663,0.4276651846301672,DEFICIT,AMBA-E004,51.30732598678722,ESCENARIO_DE_NECESIDAD,PRIORIDAD_3_MEDIA,ESCENARIO_DE_NECESIDAD,DEFICIT,PRIORIDAD_3_MEDIA,5,51.25180617171997,PRIORIDAD_3_MEDIA,INTERVENCION_PROGRAMADA,72.7040020791035
119,2,12,19,41,3,5,6,AUTOBUS|FERROCARRIL|TRANVIA,3,1,0,1,0,1,AUTOBUS|FERROCARRIL|TRANVIA,3,1,0,1,0,1,AUTOBUS|FERROCARRIL|TRANVIA,3,1,0,1,0,1,61.11549814728781,24.19155134996809,13.050705333535419,0.00490702479338843,0.3794422222409767,0.3254589587445453,0.6,1,0,0,0.5176376876233636,36.49,SOPORTE_FISICO_BAJO,30,MONOMODAL,50.0,41.66666666666667,16.666666666666664,69.44444444444444,95.48611111111111,50.34722222222222,70,85,70,15,85.0,INTERMODALIDAD_MUY_ALTA,3,"POLYGON ((-58.33421784051573 -34.74464968932592, -58.32946407601726 -34.74660965359893, -58.32871155624329 -34.750445486238426, -58.33271293252639 -34.75232125244155, -58.33746658976849 -34.7503612874049, -58.341467660042774 -34.75223669275964, -58.346220879626735 -34.75027646908471, -58.34697313626011 -34.74644084083169, -58.34297230489154 -34.74456533403048, -58.33821897797993 -34.74652555693757, -58.33421784051573 -34.74464968932592))",41.66666666666667,41.66666666666667,36.2601,32.5459,60.0,39.9283,57.5115,81.9444,36.6898,49.95,64.58,52,52,CENTRALIDAD_ESTRUCTURAL_MEDIA,CENTRALIDAD_ESTRUCTURAL_ALTA,1.74,60.0717,CENTRALIDAD_SECUNDARIA,25.7,91,41.66666666666667,39.9283,57.5115,81.9444,BAJO,MEDIO,BAJO,MEDIO,MUY_ALTO,MUY_BAJO,PRIORIDAD_BAJA,CENTRALIDAD_LOCAL,DEFICIT,CONECTIVIDAD,FUERTE_CONECTIVIDAD,52,91,MANTENER_Y_OPTIMIZAR,58.33333333333333,42.4885,18.0556,63.3102,45.981500000000004,49.40363333333334,IMPACTO_MEDIO,47.758455000000005,MEDIA,48.402715,PRIORIDAD_MEDIA,MEJORAR_INTEGRACION_TERRITORIAL,La integración territorial presenta un déficit relevante respecto de las demás dimensiones.,96,22,42,INTEGRACION|INFRAESTRUCTURA|INTERMODALIDAD,CENTRALIDAD_CONECTIVA,INTEGRACION_TERRITORIAL,ESCENARIO_ESTRUCTURAL,10+ AÑOS,FASE_4,PRIORIDAD_4_BAJA,INTERVENCION_SELECTIVA,INTEGRACION_TERRITORIAL | INFRAESTRUCTURA | DEMANDA,Reducir déficits de integración territorial y mejorar la articulación de la centralidad con su entorno.,"Centralidad clasificada como CENTRALIDAD_LOCAL, con diagnóstico CENTRALIDAD_CONECTIVA. Presenta demanda estructural de 41.67, soporte de infraestructura de 39.93, déficit estructural promedio de 45.98 y score de prioridad territorial de 48.40. La intervención recomendada es MEJORAR_INTEGRACION_TERRITORIAL.",48.45621375,99,23,5,AMBA-P099,AMBAC-119,MEDIA,ALTA,MEDIA,BAJA,ALTA,DEFICIT_ESTRUCTURAL_MEDIO,0.4584374758982563,0.5944728693520154,0.5400587119705117,CONECTIVIDAD,AMBA-E004,51.30732598678722,ESCENARIO_DE_NECESIDAD,PRIORIDAD_3_MEDIA,ESCENARIO_DE_NECESIDAD,DEFICIT,PRIORIDAD_3_MEDIA,5,51.25180617171997,PRIORIDAD_3_MEDIA,INTERVENCION_PROGRAMADA,72.7040020791035
113,1,3,4,9,0,0,1,AUTOBUS,1,0,0,1,0,0,AUTOBUS,1,0,0,1,0,0,AUTOBUS|FERROCARRIL,2,1,0,1,0,0,15.278874536821952,5.092958178940651,2.864788975654116,0.0010330578512396695,0.2125216136193653,0.0,0.2,0,0,0,0.13999999999999999,12.45,SOPORTE_FISICO_MUY_BAJO,136,MONOMODAL,50.0,18.055555555555554,22.916666666666664,69.44444444444444,46.18055555555556,50.34722222222222,105,119,105,14,34.0,INTERMODALIDAD_BAJA,136,"POLYGON ((-58.324948700523414 -34.76962054482874, -58.32094691382638 -34.767745443512574, -58.32169957643299 -34.763910791268174, -58.32645389418266 -34.76195134234233, -58.3304554421212 -34.76382654495449, -58.32970291107251 -34.767661095187684, -58.324948700523414 -34.76962054482874))",18.055555555555554,18.055555555555554,19.4805,0.0,20.0,12.6857,17.2396,39.4965,38.7731,21.84,6.94,135,135,CENTRALIDAD_ESTRUCTURAL_BAJA,CENTRALIDAD_ESTRUCTURAL_MUY_BAJA,5.37,87.3143,CENTRALIDAD_SECUNDARIA,12.98,116,18.055555555555554,12.6857,17.2396,39.4965,BAJO,MUY_BAJO,MUY_BAJO,MUY_BAJO,BAJO,MUY_BAJO,PRIORIDAD_BAJA,CENTRALIDAD_LOCAL,DEFICIT,CONECTIVIDAD,PERFIL_EQUILIBRADO,135,116,MANTENER_Y_OPTIMIZAR,81.94444444444444,82.7604,60.5035,61.2269,72.95127500000001,25.70003277777778,IMPACTO_BAJO,76.900555,URGENTE,47.11350716666667,PRIORIDAD_MEDIA,MEJORAR_CONECTIVIDAD,La conectividad constituye una de las principales restricciones estructurales de la centralidad.,103,17,49,INFRAESTRUCTURA|INTERMODALIDAD|INTEGRACION|CONECTIVIDAD,BAJO_DESEMPEÑO_ESTRUCTURAL,MEJORA_CONECTIVIDAD,ESCENARIO_MEDIANO_PLAZO,5-10 AÑOS,FASE_3,PRIORIDAD_4_BAJA,INTERVENCION_ESTRUCTURAL_MEDIA,INFRAESTRUCTURA | INTERMODALIDAD | DEMANDA,Mejorar la conectividad territorial y la accesibilidad estructural de la centralidad.,"Centralidad clasificada como CENTRALIDAD_LOCAL, con diagnóstico BAJO_DESEMPEÑO_ESTRUCTURAL. Presenta demanda estructural de 18.06, soporte de infraestructura de 12.69, déficit estructural promedio de 72.95 y score de prioridad territorial de 47.11. La intervención recomendada es MEJORAR_CONECTIVIDAD.",48.369543183333334,100,17,59,AMBA-P100,AMBAC-113,BAJA,ALTA,ALTA,ALTA,ALTA,DEFICIT_ESTRUCTURAL_MEDIO,0.5256973933454308,0.21365294882199942,0.33847072663137195,URGENCIA,AMBA-E004,51.30732598678722,ESCENARIO_DE_NECESIDAD,PRIORIDAD_3_MEDIA,ESCENARIO_DE_NECESIDAD,DEFICIT,PRIORIDAD_3_MEDIA,5,51.25180617171997,PRIORIDAD_3_MEDIA,INTERVENCION_PROGRAMADA,72.7040020791035
75,1,16,36,99,1,3,6,AUTOBUS|FERROCARRIL,2,1,0,1,0,0,AUTOBUS|FERROCARRIL|FLUVIAL,3,1,0,1,1,0,AUTOBUS|FERROCARRIL|FLUVIAL,3,1,0,1,1,0,81.48733086305042,45.83662361046586,31.512678732195276,0.009297520661157025,0.4523735823652385,0.25180942365991643,0.6,1,0,1,0.4955428270979749,37.27,SOPORTE_FISICO_BAJO,26,MONOMODAL,50.0,40.97222222222222,56.25,23.26388888888889,46.18055555555556,50.34722222222222,97,86,97,11,85.0,INTERMODALIDAD_MUY_ALTA,3,"POLYGON ((-58.586050352204474 -34.59451618147729, -58.5820591509529 -34.59264197359366, -58.58280761865395 -34.58879771578653, -58.58754715569118 -34.58682777036886, -58.59153811578426 -34.5887020814687, -58.590789780002396 -34.592546234761315, -58.586050352204474 -34.59451618147729))",40.97222222222222,40.97222222222222,43.7063,25.1809,60.0,40.442,55.6702,64.7569,49.8843,48.24,58.33,61,61,CENTRALIDAD_ESTRUCTURAL_MEDIA,CENTRALIDAD_ESTRUCTURAL_MEDIA,0.53,59.558,CENTRALIDAD_SECUNDARIA,24.8,94,40.97222222222222,40.442,55.6702,64.7569,MEDIO,MEDIO,MEDIO,MEDIO,ALTO,MUY_BAJO,PRIORIDAD_BAJA,CENTRALIDAD_LOCAL,CONECTIVIDAD,CONECTIVIDAD,PERFIL_EQUILIBRADO,61,94,MANTENER_Y_OPTIMIZAR,59.02777777777778,44.3298,35.2431,50.1157,47.31165,47.44744111111111,IMPACTO_MEDIO,49.471625,MEDIA,48.32846466666667,PRIORIDAD_MEDIA,MEJORAR_INTEGRACION_TERRITORIAL,La integración territorial presenta un déficit relevante respecto de las demás dimensiones.,98,23,44,INFRAESTRUCTURA|INTEGRACION|INTERMODALIDAD,INTERVENCION_SELECTIVA,INTEGRACION_TERRITORIAL,ESCENARIO_ESTRUCTURAL,10+ AÑOS,FASE_4,PRIORIDAD_4_BAJA,INTERVENCION_SELECTIVA,INFRAESTRUCTURA | DEMANDA | INTEGRACION_TERRITORIAL,Reducir déficits de integración territorial y mejorar la articulación de la centralidad con su entorno.,"Centralidad clasificada como CENTRALIDAD_LOCAL, con diagnóstico INTERVENCION_SELECTIVA. Presenta demanda estructural de 40.97, soporte de infraestructura de 40.44, déficit estructural promedio de 47.31 y score de prioridad territorial de 48.33. La intervención recomendada es MEJORAR_INTEGRACION_TERRITORIAL.",48.36778518333333,101,24,6,AMBA-P101,AMBAC-075,MEDIA,MEDIA,MEDIA,MEDIA,MEDIA,DEFICIT_ESTRUCTURAL_MEDIO,0.4857305457823734,0.5082402230299392,0.4992363521309129,CONECTIVIDAD,AMBA-E002,54.190890610285415,ESCENARIO_ESTRATEGICO,PRIORIDAD_3_MEDIA,ESCENARIO_ESTRATEGICO,CONECTIVIDAD,PRIORIDAD_3_MEDIA,3,53.952995705743206,PRIORIDAD_3_MEDIA,INTERVENCION_PROGRAMADA,37.849913208420595
114,1,4,4,11,0,0,1,AUTOBUS,1,0,0,1,0,0,AUTOBUS,1,0,0,1,0,0,AUTOBUS|FERROCARRIL,2,1,0,1,0,0,20.371832715762604,5.092958178940651,3.5014087480216975,0.0010330578512396695,0.2125216136193653,0.0,0.2,0,0,0,0.13999999999999999,12.45,SOPORTE_FISICO_MUY_BAJO,136,MONOMODAL,50.0,17.36111111111111,22.22222222222222,23.26388888888889,46.18055555555556,50.34722222222222,133,120,133,13,34.0,INTERMODALIDAD_BAJA,136,"POLYGON ((-58.28567842196743 -34.74702083961204, -58.28167545106743 -34.74514280589373, -58.28242866846795 -34.74130600137295, -58.28718472529658 -34.739347332548085, -58.291187457850285 -34.74122546749713, -58.29043437192564 -34.74506217003153, -58.28567842196743 -34.74702083961204))",17.36111111111111,17.36111111111111,19.4805,0.0,20.0,12.6857,17.2396,34.8958,38.5417,20.92,4.86,138,138,CENTRALIDAD_ESTRUCTURAL_BAJA,CENTRALIDAD_ESTRUCTURAL_MUY_BAJA,4.68,87.3143,CENTRALIDAD_SECUNDARIA,12.29,118,17.36111111111111,12.6857,17.2396,34.8958,BAJO,MUY_BAJO,MUY_BAJO,MUY_BAJO,BAJO,MUY_BAJO,PRIORIDAD_BAJA,CENTRALIDAD_LOCAL,DEFICIT,TERRITORIAL,PERFIL_EQUILIBRADO,138,118,MANTENER_Y_OPTIMIZAR,82.63888888888889,82.7604,65.10419999999999,61.4583,74.1593,24.970415555555554,IMPACTO_BAJO,77.855405,URGENTE,47.026574333333336,PRIORIDAD_MEDIA,MEJORAR_CONECTIVIDAD,La conectividad constituye una de las principales restricciones estructurales de la centralidad.,104,18,50,INFRAESTRUCTURA|INTERMODALIDAD|CONECTIVIDAD|INTEGRACION,BAJO_DESEMPEÑO_ESTRUCTURAL,MEJORA_CONECTIVIDAD,ESCENARIO_MEDIANO_PLAZO,5-10 AÑOS,FASE_3,PRIORIDAD_4_BAJA,INTERVENCION_ESTRUCTURAL_MEDIA,INFRAESTRUCTURA | INTERMODALIDAD | DEMANDA,Mejorar la conectividad territorial y la accesibilidad estructural de la centralidad.,"Centralidad clasificada como CENTRALIDAD_LOCAL, con diagnóstico BAJO_DESEMPEÑO_ESTRUCTURAL. Presenta demanda estructural de 17.36, soporte de infraestructura de 12.69, déficit estructural promedio de 74.16 y score de prioridad territorial de 47.03. La intervención recomendada es MEJORAR_CONECTIVIDAD.",48.34247511666667,102,18,60,AMBA-P102,AMBAC-114,BAJA,ALTA,ALTA,ALTA,ALTA,DEFICIT_ESTRUCTURAL_MEDIO,0.524925845177412,0.19034913568464076,0.3241798194817493,URGENCIA,AMBA-E004,51.30732598678722,ESCENARIO_DE_NECESIDAD,PRIORIDAD_3_MEDIA,ESCENARIO_DE_NECESIDAD,DEFICIT,PRIORIDAD_3_MEDIA,5,51.25180617171997,PRIORIDAD_3_MEDIA,INTERVENCION_PROGRAMADA,72.7040020791035
136,2,71,131,264,3,4,13,AUTOBUS|FERROCARRIL,2,1,0,1,0,0,AUTOBUS|FERROCARRIL,2,1,0,1,0,0,AUTOBUS|FERROCARRIL,2,1,0,1,0,0,361.6000307047862,166.79438036030632,84.03380995252074,0.03383264462809917,0.6024417664347088,0.2923416876766772,0.4,1,0,0,0.3677025063030031,38.9,SOPORTE_FISICO_BAJO,18,MONOMODAL,50.0,38.19444444444444,5.555555555555555,95.83333333333334,46.18055555555556,50.34722222222222,78,90,78,12,70.0,INTERMODALIDAD_MEDIA,16,"POLYGON ((-58.50219601892666 -34.62226084174726, -58.50619028023452 -34.62413669132946, -58.51093401779183 -34.62216954538108, -58.51168360264565 -34.61832655104113, -58.50768958174413 -34.61645059872099, -58.50843920685032 -34.61260714316306, -58.50444511758431 -34.610730728417195, -58.4997011628393 -34.612697871987734, -58.498951405943636 -34.61654143149134, -58.5029457355786 -34.61841774348742, -58.50219601892666 -34.62226084174726))",38.19444444444444,38.19444444444444,59.1011,29.2342,40.0,43.2906,43.5238,75.0,32.9861,45.53,52.78,69,69,CENTRALIDAD_ESTRUCTURAL_MEDIA,CENTRALIDAD_ESTRUCTURAL_MEDIA,-5.1,56.7094,CENTRALIDAD_SECUNDARIA,22.92,97,38.19444444444444,43.2906,43.5238,75.0,BAJO,BAJO,MEDIO,MEDIO,ALTO,MUY_BAJO,PRIORIDAD_BAJA,CENTRALIDAD_LOCAL,IMPACTO,CONECTIVIDAD,FUERTE_CONECTIVIDAD,69,97,MANTENER_Y_OPTIMIZAR,61.80555555555556,56.4762,25.0,67.0139,51.299875,45.191197222222215,IMPACTO_MEDIO,51.854895,MEDIA,47.64873583333333,PRIORIDAD_MEDIA,MEJORAR_INTEGRACION_TERRITORIAL,La integración territorial presenta un déficit relevante respecto de las demás dimensiones.,101,25,47,INTEGRACION|INFRAESTRUCTURA|INTERMODALIDAD,CENTRALIDAD_CONECTIVA,INTEGRACION_TERRITORIAL,ESCENARIO_ESTRUCTURAL,10+ AÑOS,FASE_4,PRIORIDAD_4_BAJA,INTERVENCION_ESTRUCTURAL_MEDIA,INTEGRACION_TERRITORIAL | DEMANDA | INFRAESTRUCTURA,Reducir déficits de integración territorial y mejorar la articulación de la centralidad con su entorno.,"Centralidad clasificada como CENTRALIDAD_LOCAL, con diagnóstico CENTRALIDAD_CONECTIVA. Presenta demanda estructural de 38.19, soporte de infraestructura de 43.29, déficit estructural promedio de 51.30 y score de prioridad territorial de 47.65. La intervención recomendada es MEJORAR_INTEGRACION_TERRITORIAL.",47.911028916666666,103,25,7,AMBA-P103,AMBAC-136,BAJA,MEDIA,MEDIA,BAJA,ALTA,DEFICIT_ESTRUCTURAL_MEDIO,0.43747807829208135,0.5120937048509446,0.48224745422739934,CONECTIVIDAD,AMBA-E003,54.190890610285415,ESCENARIO_DE_NECESIDAD,PRIORIDAD_3_MEDIA,ESCENARIO_ESTRATEGICO,CONECTIVIDAD,PRIORIDAD_3_MEDIA,4,52.19918466555358,PRIORIDAD_3_MEDIA,INTERVENCION_PROGRAMADA,62.99172403916424
107,1,6,8,27,0,0,1,AUTOBUS,1,0,0,1,0,0,AUTOBUS,1,0,0,1,0,0,AUTOBUS|FERROCARRIL,2,1,0,1,0,0,30.557749073643905,10.185916357881302,8.594366926962348,0.002066115702479339,0.28396708285127487,0.0,0.2,0,0,0,0.13999999999999999,14.97,SOPORTE_FISICO_MUY_BAJO,132,MONOMODAL,50.0,21.52777777777778,27.77777777777778,69.44444444444444,46.18055555555556,50.34722222222222,99,114,99,15,38.0,INTERMODALIDAD_BAJA,132,"POLYGON ((-58.4652122852108 -34.72227172547498, -58.46121579063318 -34.72039977570283, -58.461966272910146 -34.7165633800689, -58.46671311798922 -34.71459903721585, -58.470709372467816 -34.716471089103784, -58.469959021970205 -34.72030738172024, -58.4652122852108 -34.72227172547498))",21.52777777777778,21.52777777777778,26.595,0.0,20.0,15.5538,17.934,52.9514,40.3935,25.92,10.42,130,130,CENTRALIDAD_ESTRUCTURAL_BAJA,CENTRALIDAD_ESTRUCTURAL_MUY_BAJA,5.97,84.4462,CENTRALIDAD_SECUNDARIA,15.3,111,21.52777777777778,15.5538,17.934,52.9514,MEDIO,BAJO,MUY_BAJO,MUY_BAJO,MEDIO,MUY_BAJO,PRIORIDAD_BAJA,CENTRALIDAD_LOCAL,CONECTIVIDAD,CONECTIVIDAD,PERFIL_EQUILIBRADO,130,111,MANTENER_Y_OPTIMIZAR,78.47222222222223,82.066,47.0486,59.6065,68.291825,27.54825388888889,IMPACTO_BAJO,72.645675,ALTA,46.58409483333333,PRIORIDAD_MEDIA,MEJORAR_CONECTIVIDAD,La conectividad constituye una de las principales restricciones estructurales de la centralidad.,107,20,53,INFRAESTRUCTURA|INTERMODALIDAD|INTEGRACION|CONECTIVIDAD,BAJO_DESEMPEÑO_ESTRUCTURAL,MEJORA_CONECTIVIDAD,ESCENARIO_MEDIANO_PLAZO,5-10 AÑOS,FASE_3,PRIORIDAD_4_BAJA,INTERVENCION_ESTRUCTURAL_MEDIA,INFRAESTRUCTURA | INTERMODALIDAD | DEMANDA,Mejorar la conectividad territorial y la accesibilidad estructural de la centralidad.,"Centralidad clasificada como CENTRALIDAD_LOCAL, con diagnóstico BAJO_DESEMPEÑO_ESTRUCTURAL. Presenta demanda estructural de 21.53, soporte de infraestructura de 15.55, déficit estructural promedio de 68.29 y score de prioridad territorial de 46.58. La intervención recomendada es MEJORAR_CONECTIVIDAD.",47.63795571666666,104,19,61,AMBA-P104,AMBAC-107,BAJA,ALTA,ALTA,MEDIA,MEDIA,DEFICIT_ESTRUCTURAL_MEDIO,0.5232648453156064,0.2813124837167662,0.3780934283563022,DEFICIT,AMBA-E007,47.93763362098484,ESCENARIO_DE_NECESIDAD,PRIORIDAD_4_MEDIA_BAJA,ESCENARIO_DE_NECESIDAD,CONECTIVIDAD,PRIORIDAD_4_MEDIA_BAJA,7,30.086574651033622,PRIORIDAD_4_MEDIA_BAJA,SEGUIMIENTO_TERRITORIAL,4.019084362637915
85,1,23,38,74,0,2,2,AUTOBUS,1,0,0,1,0,0,AUTOBUS|FERROCARRIL,2,1,0,1,0,0,AUTOBUS|FERROCARRIL,2,1,0,1,0,0,117.13803811563497,48.38310269993618,23.55493157760051,0.00981404958677686,0.45859974178108265,0.19955424691458712,0.4,1,0,0,0.3398662740743761,31.19,SOPORTE_FISICO_BAJO,60,MONOMODAL,50.0,34.02777777777778,45.13888888888889,69.44444444444444,46.18055555555556,50.34722222222222,79,96,79,17,70.0,INTERMODALIDAD_MEDIA,16,"POLYGON ((-58.62750535633185 -34.69471045043639, -58.631259600639645 -34.69779884593036, -58.63051150182082 -34.70163549543745, -58.6260091168039 -34.7023836200694, -58.62225515402354 -34.699295274149776, -58.62300329472005 -34.695458754031165, -58.62750535633185 -34.69471045043639))",34.02777777777778,34.02777777777778,44.3435,19.9554,40.0,34.1853,41.2041,66.059,46.1806,41.52,43.75,82,82,CENTRALIDAD_ESTRUCTURAL_MEDIA,CENTRALIDAD_ESTRUCTURAL_MEDIA,-0.16,65.8147,CENTRALIDAD_SECUNDARIA,20.42,100,34.02777777777778,34.1853,41.2041,66.059,MEDIO,BAJO,BAJO,MEDIO,ALTO,MUY_BAJO,PRIORIDAD_BAJA,CENTRALIDAD_LOCAL,IMPACTO,CONECTIVIDAD,PERFIL_EQUILIBRADO,82,100,MANTENER_Y_OPTIMIZAR,65.97222222222223,58.7959,33.941,53.8194,53.09275,40.75743888888889,IMPACTO_MEDIO,55.885965000000006,MEDIA,47.212583333333335,PRIORIDAD_MEDIA,MEJORAR_INTEGRACION_TERRITORIAL,La integración territorial presenta un déficit relevante respecto de las demás dimensiones.,102,26,48,INFRAESTRUCTURA|INTERMODALIDAD|INTEGRACION,BAJO_DESEMPEÑO_ESTRUCTURAL,INTEGRACION_TERRITORIAL,ESCENARIO_ESTRUCTURAL,10+ AÑOS,FASE_4,PRIORIDAD_4_BAJA,INTERVENCION_ESTRUCTURAL_MEDIA,DEMANDA | INFRAESTRUCTURA | INTERMODALIDAD,Reducir déficits de integración territorial y mejorar la articulación de la centralidad con su entorno.,"Centralidad clasificada como CENTRALIDAD_LOCAL, con diagnóstico BAJO_DESEMPEÑO_ESTRUCTURAL. Presenta demanda estructural de 34.03, soporte de infraestructura de 34.19, déficit estructural promedio de 53.09 y score de prioridad territorial de 47.21. La intervención recomendada es MEJORAR_INTEGRACION_TERRITORIAL.",47.545318916666666,105,26,8,AMBA-P105,AMBAC-085,BAJA,ALTA,MEDIA,MEDIA,MEDIA,DEFICIT_ESTRUCTURAL_MEDIO,0.4857149584326977,0.4491304915358889,0.4637642782946124,CONECTIVIDAD,AMBA-E003,53.74391081151112,ESCENARIO_DE_NECESIDAD,PRIORIDAD_3_MEDIA,ESCENARIO_DE_NECESIDAD,IMPACTO,PRIORIDAD_3_MEDIA,4,52.19918466555358,PRIORIDAD_3_MEDIA,INTERVENCION_PROGRAMADA,62.99172403916424
97,1,20,34,92,0,0,2,AUTOBUS,1,0,0,1,0,0,AUTOBUS|TRANVIA,2,0,0,1,0,1,AUTOBUS|FERROCARRIL|TRANVIA,3,1,0,1,0,1,101.85916357881302,43.29014452099553,29.284509528908742,0.00878099173553719,0.4457992744134685,0.0,0.4,0,0,0,0.27999999999999997,25.73,SOPORTE_FISICO_BAJO,94,MONOMODAL,50.0,27.77777777777778,36.80555555555556,69.44444444444444,46.18055555555556,50.34722222222222,90,105,90,15,65.0,INTERMODALIDAD_MEDIA,104,"POLYGON ((-58.59303405051705 -34.715114326319686, -58.58904212580825 -34.71324730765869, -58.58979067016531 -34.70941200090529, -58.5945310072397 -34.70744381647908, -58.598522690604575 -34.70931093783974, -58.59777427824278 -34.71314614091822, -58.59303405051705 -34.715114326319686))",27.77777777777778,27.77777777777778,43.0337,0.0,40.0,26.9213,27.6215,50.9549,43.4028,32.57,21.53,114,114,CENTRALIDAD_ESTRUCTURAL_BAJA,CENTRALIDAD_ESTRUCTURAL_BAJA,0.86,73.0787,CENTRALIDAD_SECUNDARIA,17.01,108,27.77777777777778,26.9213,27.6215,50.9549,MEDIO,BAJO,BAJO,BAJO,MEDIO,MUY_BAJO,PRIORIDAD_BAJA,CENTRALIDAD_LOCAL,IMPACTO,CONECTIVIDAD,PERFIL_EQUILIBRADO,114,108,MANTENER_Y_OPTIMIZAR,72.22222222222223,72.3785,49.0451,56.5972,62.774874999999994,32.90286388888889,IMPACTO_BAJO,65.624705,ALTA,46.67111583333333,PRIORIDAD_MEDIA,MEJORAR_CONECTIVIDAD,La conectividad constituye una de las principales restricciones estructurales de la centralidad.,106,19,52,INFRAESTRUCTURA|INTERMODALIDAD|INTEGRACION|CONECTIVIDAD,BAJO_DESEMPEÑO_ESTRUCTURAL,MEJORA_CONECTIVIDAD,ESCENARIO_MEDIANO_PLAZO,5-10 AÑOS,FASE_3,PRIORIDAD_4_BAJA,INTERVENCION_ESTRUCTURAL_MEDIA,INFRAESTRUCTURA | INTERMODALIDAD | DEMANDA,Mejorar la conectividad territorial y la accesibilidad estructural de la centralidad.,"Centralidad clasificada como CENTRALIDAD_LOCAL, con diagnóstico BAJO_DESEMPEÑO_ESTRUCTURAL. Presenta demanda estructural de 27.78, soporte de infraestructura de 26.92, déficit estructural promedio de 62.77 y score de prioridad territorial de 46.67. La intervención recomendada es MEJORAR_CONECTIVIDAD.",47.44891641666666,106,20,62,AMBA-P106,AMBAC-097,BAJA,ALTA,ALTA,MEDIA,MEDIA,DEFICIT_ESTRUCTURAL_MEDIO,0.5021330011836184,0.3182777944057767,0.39181987711691335,URGENCIA,AMBA-E003,53.74391081151112,ESCENARIO_DE_NECESIDAD,PRIORIDAD_3_MEDIA,ESCENARIO_DE_NECESIDAD,IMPACTO,PRIORIDAD_3_MEDIA,4,52.19918466555358,PRIORIDAD_3_MEDIA,INTERVENCION_PROGRAMADA,62.99172403916424
117,1,8,9,14,0,0,0,AUTOBUS,1,0,0,1,0,0,AUTOBUS,1,0,0,1,0,0,AUTOBUS,1,0,0,1,0,0,40.74366543152521,11.459155902616464,4.45633840657307,0.0023243801652892563,0.29664455240180393,0.0,0.2,0,0,0,0.13999999999999999,15.42,SOPORTE_FISICO_MUY_BAJO,129,MONOMODAL,50.0,15.277777777777779,20.13888888888889,69.44444444444444,46.18055555555556,50.34722222222222,110,123,110,13,39.0,INTERMODALIDAD_BAJA,129,"POLYGON ((-58.79785057404829 -34.53596440624478, -58.80161376465277 -34.5390545854789, -58.80086721701917 -34.54290722052175, -58.796357435931384 -34.54366954595119, -58.79259452535278 -34.54057941527003, -58.793341115823424 -34.536726910613766, -58.79785057404829 -34.53596440624478))",15.277777777777779,15.277777777777779,27.8703,0.0,20.0,16.0676,18.3681,32.5521,37.8472,20.94,5.56,137,137,CENTRALIDAD_ESTRUCTURAL_BAJA,CENTRALIDAD_ESTRUCTURAL_MUY_BAJA,-0.79,83.9324,CENTRALIDAD_SECUNDARIA,9.17,123,15.277777777777779,16.0676,18.3681,32.5521,BAJO,MUY_BAJO,MUY_BAJO,MUY_BAJO,BAJO,MUY_BAJO,PRIORIDAD_BAJA,CENTRALIDAD_LOCAL,DEFICIT,TERRITORIAL,PERFIL_EQUILIBRADO,137,123,MANTENER_Y_OPTIMIZAR,84.72222222222223,81.6319,67.4479,62.1528,73.79125,24.06513888888889,IMPACTO_BAJO,76.793435,URGENTE,45.94365333333334,PRIORIDAD_MEDIA,MEJORAR_CONECTIVIDAD,La conectividad constituye una de las principales restricciones estructurales de la centralidad.,110,21,56,INFRAESTRUCTURA|INTERMODALIDAD|CONECTIVIDAD|INTEGRACION,BAJO_DESEMPEÑO_ESTRUCTURAL,MEJORA_CONECTIVIDAD,ESCENARIO_MEDIANO_PLAZO,5-10 AÑOS,FASE_3,PRIORIDAD_4_BAJA,INTERVENCION_ESTRUCTURAL_MEDIA,DEMANDA | INFRAESTRUCTURA | INTERMODALIDAD,Mejorar la conectividad territorial y la accesibilidad estructural de la centralidad.,"Centralidad clasificada como CENTRALIDAD_LOCAL, con diagnóstico BAJO_DESEMPEÑO_ESTRUCTURAL. Presenta demanda estructural de 15.28, soporte de infraestructura de 16.07, déficit estructural promedio de 73.79 y score de prioridad territorial de 45.94. La intervención recomendada es MEJORAR_CONECTIVIDAD.",47.289343416666675,107,21,63,AMBA-P107,AMBAC-117,BAJA,ALTA,ALTA,ALTA,ALTA,DEFICIT_ESTRUCTURAL_MEDIO,0.5021775260767269,0.17553194054761295,0.3061901747592585,URGENCIA,AMBA-E006,47.97071742899471,ESCENARIO_DE_NECESIDAD,PRIORIDAD_4_MEDIA_BAJA,ESCENARIO_DE_NECESIDAD,DEFICIT,PRIORIDAD_4_MEDIA_BAJA,6,49.90764715705244,PRIORIDAD_3_MEDIA,INTERVENCION_PROGRAMADA,31.39553317201036
129,2,57,92,188,5,8,18,AUTOBUS|FERROCARRIL,2,1,0,1,0,0,AUTOBUS|FERROCARRIL|SUBTE,3,1,1,1,0,0,AUTOBUS|FERROCARRIL|FLUVIAL|SUBTE,4,1,1,1,1,0,290.29861619961713,117.13803811563497,59.84225860255265,0.023760330578512397,0.5611771037469505,0.39910849382917424,0.6,1,1,0,0.5397325481487523,44.98,SOPORTE_FISICO_MEDIO,8,MONOMODAL,50.0,40.27777777777778,11.11111111111111,69.44444444444444,95.48611111111111,50.34722222222222,74,87,74,13,85.0,INTERMODALIDAD_MUY_ALTA,3,"POLYGON ((-58.47247122841596 -34.66282516704124, -58.47646686302033 -34.66469993893606, -58.48121248314022 -34.66273432159883, -58.4819625770375 -34.6588939334352, -58.47796718258701 -34.657019059114255, -58.47871731671378 -34.653178209715016, -58.47472185409851 -34.651302873073014, -58.469976017236185 -34.65326848827705, -58.4692257513498 -34.65710944118785, -58.47322145408151 -34.658984675391785, -58.47247122841596 -34.66282516704124))",40.27777777777778,40.27777777777778,54.8622,39.9108,60.0,49.922,59.3527,81.3368,34.838,52.12,70.14,44,44,CENTRALIDAD_ESTRUCTURAL_MEDIA,CENTRALIDAD_ESTRUCTURAL_ALTA,-9.64,50.078,CENTRALIDAD_SECUNDARIA,24.17,95,40.27777777777778,49.922,59.3527,81.3368,BAJO,MEDIO,MEDIO,MEDIO,MUY_ALTO,MUY_BAJO,PRIORIDAD_BAJA,CENTRALIDAD_LOCAL,CONECTIVIDAD,CONECTIVIDAD,FUERTE_CONECTIVIDAD,44,95,MANTENER_Y_OPTIMIZAR,59.72222222222222,40.6473,18.663200000000003,65.162,43.637625,49.90841388888889,IMPACTO_MEDIO,43.699965000000006,MEDIA,46.818400833333335,PRIORIDAD_MEDIA,MEJORAR_INTEGRACION_TERRITORIAL,La integración territorial presenta un déficit relevante respecto de las demás dimensiones.,105,27,51,INTEGRACION|INFRAESTRUCTURA|INTERMODALIDAD,CENTRALIDAD_CONECTIVA,INTEGRACION_TERRITORIAL,ESCENARIO_ESTRUCTURAL,10+ AÑOS,FASE_4,PRIORIDAD_4_BAJA,INTERVENCION_SELECTIVA,INTEGRACION_TERRITORIAL | DEMANDA | INFRAESTRUCTURA,Reducir déficits de integración territorial y mejorar la articulación de la centralidad con su entorno.,"Centralidad clasificada como CENTRALIDAD_LOCAL, con diagnóstico CENTRALIDAD_CONECTIVA. Presenta demanda estructural de 40.28, soporte de infraestructura de 49.92, déficit estructural promedio de 43.64 y score de prioridad territorial de 46.82. La intervención recomendada es MEJORAR_INTEGRACION_TERRITORIAL.",46.81413741666667,108,27,9,AMBA-P108,AMBAC-129,MEDIA,MEDIA,MEDIA,BAJA,ALTA,DEFICIT_ESTRUCTURAL_MEDIO,0.40841944547126624,0.5929189446669054,0.5191191449886497,CONECTIVIDAD,AMBA-E007,47.93763362098484,ESCENARIO_DE_NECESIDAD,PRIORIDAD_4_MEDIA_BAJA,ESCENARIO_DE_NECESIDAD,CONECTIVIDAD,PRIORIDAD_4_MEDIA_BAJA,7,30.086574651033622,PRIORIDAD_4_MEDIA_BAJA,SEGUIMIENTO_TERRITORIAL,4.019084362637915
115,1,16,25,55,0,0,1,AUTOBUS,1,0,0,1,0,0,AUTOBUS,1,0,0,1,0,0,AUTOBUS|FERROCARRIL,2,1,0,1,0,0,81.48733086305042,31.830988618379067,17.507043740108486,0.006456611570247934,0.4105906428291123,0.0,0.2,0,0,0,0.13999999999999999,19.47,SOPORTE_FISICO_MUY_BAJO,116,MONOMODAL,50.0,16.666666666666664,21.52777777777778,23.26388888888889,46.18055555555556,50.34722222222222,134,121,134,13,40.0,INTERMODALIDAD_BAJA,115,"POLYGON ((-58.64033928642726 -34.807577352322035, -58.6440962679204 -34.8106633395562, -58.64334787488014 -34.81449313897327, -58.63884245833806 -34.81523682275987, -58.635085758568906 -34.81215088531558, -58.63583419360519 -34.808321214302126, -58.64033928642726 -34.807577352322035))",16.666666666666664,16.666666666666664,39.4357,0.0,20.0,20.723,19.8438,33.6806,38.3102,23.03,8.33,133,133,CENTRALIDAD_ESTRUCTURAL_BAJA,CENTRALIDAD_ESTRUCTURAL_MUY_BAJA,-4.06,79.277,CENTRALIDAD_SECUNDARIA,10.0,121,16.666666666666664,20.723,19.8438,33.6806,BAJO,MUY_BAJO,BAJO,MUY_BAJO,BAJO,MUY_BAJO,PRIORIDAD_BAJA,CENTRALIDAD_LOCAL,IMPACTO,TERRITORIAL,PERFIL_EQUILIBRADO,133,121,MANTENER_Y_OPTIMIZAR,83.33333333333334,80.1562,66.3194,61.6898,71.8606,25.204453333333333,IMPACTO_BAJO,74.2672,ALTA,45.531872,PRIORIDAD_MEDIA,MEJORAR_CONECTIVIDAD,La conectividad constituye una de las principales restricciones estructurales de la centralidad.,111,22,57,INTERMODALIDAD|INFRAESTRUCTURA|CONECTIVIDAD|INTEGRACION,BAJO_DESEMPEÑO_ESTRUCTURAL,MEJORA_CONECTIVIDAD,ESCENARIO_MEDIANO_PLAZO,5-10 AÑOS,FASE_3,PRIORIDAD_4_BAJA,INTERVENCION_ESTRUCTURAL_MEDIA,DEMANDA | INTERMODALIDAD | INFRAESTRUCTURA,Mejorar la conectividad territorial y la accesibilidad estructural de la centralidad.,"Centralidad clasificada como CENTRALIDAD_LOCAL, con diagnóstico BAJO_DESEMPEÑO_ESTRUCTURAL. Presenta demanda estructural de 16.67, soporte de infraestructura de 20.72, déficit estructural promedio de 71.86 y score de prioridad territorial de 45.53. La intervención recomendada es MEJORAR_CONECTIVIDAD.",46.79305839999999,109,22,64,AMBA-P109,AMBAC-115,BAJA,ALTA,ALTA,ALTA,ALTA,DEFICIT_ESTRUCTURAL_MEDIO,0.4881395317592351,0.1877098748243764,0.3078817375983199,URGENCIA,AMBA-E003,53.74391081151112,ESCENARIO_DE_NECESIDAD,PRIORIDAD_3_MEDIA,ESCENARIO_DE_NECESIDAD,IMPACTO,PRIORIDAD_3_MEDIA,4,52.19918466555358,PRIORIDAD_3_MEDIA,INTERVENCION_PROGRAMADA,62.99172403916424
88,1,20,39,97,2,3,5,AUTOBUS|FERROCARRIL,2,1,0,1,0,0,AUTOBUS|FERROCARRIL,2,1,0,1,0,0,AUTOBUS|FERROCARRIL,2,1,0,1,0,0,101.85916357881302,49.65634224467134,30.876058959827695,0.010072314049586776,0.46159341995125097,0.25180942365991643,0.4,1,0,0,0.3555428270979749,32.6,SOPORTE_FISICO_BAJO,52,MONOMODAL,50.0,32.63888888888889,42.36111111111111,23.26388888888889,46.18055555555556,50.34722222222222,113,98,113,15,70.0,INTERMODALIDAD_MEDIA,16,"POLYGON ((-58.51868583578939 -34.53764966271166, -58.51469271031838 -34.53576939201401, -58.5154421081959 -34.53192010410815, -58.52018449977449 -34.52995119149448, -58.52417738480044 -34.531831565373096, -58.523428118696685 -34.53568074867575, -58.51868583578939 -34.53764966271166))",32.63888888888889,32.63888888888889,44.6499,25.1809,40.0,36.0718,42.5105,62.6736,45.2546,41.24,42.36,84,84,CENTRALIDAD_ESTRUCTURAL_MEDIA,CENTRALIDAD_ESTRUCTURAL_MEDIA,-3.43,63.9282,CENTRALIDAD_SECUNDARIA,19.58,101,32.63888888888889,36.0718,42.5105,62.6736,MEDIO,BAJO,BAJO,MEDIO,ALTO,MUY_BAJO,PRIORIDAD_BAJA,CENTRALIDAD_LOCAL,DEFICIT,CONECTIVIDAD,PERFIL_EQUILIBRADO,84,101,MANTENER_Y_OPTIMIZAR,67.36111111111111,57.4895,37.3264,54.7454,53.372375,39.70191944444445,IMPACTO_BAJO,55.620745,MEDIA,46.36288916666666,PRIORIDAD_MEDIA,MEJORAR_INTEGRACION_TERRITORIAL,La integración territorial presenta un déficit relevante respecto de las demás dimensiones.,108,28,54,INFRAESTRUCTURA|INTERMODALIDAD|INTEGRACION,BAJO_DESEMPEÑO_ESTRUCTURAL,INTEGRACION_TERRITORIAL,ESCENARIO_ESTRUCTURAL,10+ AÑOS,FASE_4,PRIORIDAD_4_BAJA,INTERVENCION_ESTRUCTURAL_MEDIA,DEMANDA | INFRAESTRUCTURA | INTERMODALIDAD,Reducir déficits de integración territorial y mejorar la articulación de la centralidad con su entorno.,"Centralidad clasificada como CENTRALIDAD_LOCAL, con diagnóstico BAJO_DESEMPEÑO_ESTRUCTURAL. Presenta demanda estructural de 32.64, soporte de infraestructura de 36.07, déficit estructural promedio de 53.37 y score de prioridad territorial de 46.36. La intervención recomendada es MEJORAR_INTEGRACION_TERRITORIAL.",46.75242208333333,110,28,10,AMBA-P110,AMBAC-088,BAJA,ALTA,MEDIA,MEDIA,MEDIA,DEFICIT_ESTRUCTURAL_MEDIO,0.47186127407536205,0.43066856668948456,0.4471456496438356,CONECTIVIDAD,AMBA-E005,50.08194960959839,ESCENARIO_DE_NECESIDAD,PRIORIDAD_3_MEDIA,ESCENARIO_DE_NECESIDAD,DEFICIT,PRIORIDAD_3_MEDIA,2,57.29611129376036,PRIORIDAD_3_MEDIA,INTERVENCION_PROGRAMADA,84.58186792401246
125,1,1,3,9,0,0,0,AUTOBUS,1,0,0,1,0,0,AUTOBUS,1,0,0,1,0,0,AUTOBUS,1,0,0,1,0,0,5.092958178940651,3.819718634205488,2.864788975654116,0.0007747933884297521,0.18495368961100384,0.0,0.2,0,0,0,0.13999999999999999,11.49,SOPORTE_FISICO_MUY_BAJO,138,MONOMODAL,50.0,11.805555555555555,14.583333333333334,23.26388888888889,46.18055555555556,50.34722222222222,136,128,136,8,33.0,INTERMODALIDAD_BAJA,138,"POLYGON ((-58.74367955202885 -34.47803755241082, -58.747438119269 -34.481129344087634, -58.746691431241544 -34.48498386133339, -58.74218613346969 -34.48574645591762, -58.73842784646877 -34.4826547128545, -58.73917457698782 -34.47880032660074, -58.74367955202885 -34.47803755241082))",11.805555555555555,11.805555555555555,16.7796,0.0,20.0,11.5964,16.7188,35.8507,35.9954,18.76,1.39,143,143,CENTRALIDAD_ESTRUCTURAL_MUY_BAJA,CENTRALIDAD_ESTRUCTURAL_MUY_BAJA,0.21,88.4036,CENTRALIDAD_SECUNDARIA,7.17,128,11.805555555555555,11.5964,16.7188,35.8507,BAJO,MUY_BAJO,MUY_BAJO,MUY_BAJO,BAJO,MUY_BAJO,PRIORIDAD_BAJA,CENTRALIDAD_LOCAL,DEFICIT,TERRITORIAL,PERFIL_EQUILIBRADO,143,128,MANTENER_Y_OPTIMIZAR,88.19444444444444,83.2812,64.1493,64.00460000000001,74.959675,21.311712777777778,IMPACTO_BAJO,78.61229,URGENTE,45.07912016666667,PRIORIDAD_MEDIA,MEJORAR_CONECTIVIDAD,La conectividad constituye una de las principales restricciones estructurales de la centralidad.,113,23,59,INFRAESTRUCTURA|INTERMODALIDAD|CONECTIVIDAD|INTEGRACION,BAJO_DESEMPEÑO_ESTRUCTURAL,MEJORA_CONECTIVIDAD,ESCENARIO_MEDIANO_PLAZO,5-10 AÑOS,FASE_3,PRIORIDAD_4_BAJA,INTERVENCION_ESTRUCTURAL_MEDIA,INFRAESTRUCTURA | DEMANDA | INTERMODALIDAD,Mejorar la conectividad territorial y la accesibilidad estructural de la centralidad.,"Centralidad clasificada como CENTRALIDAD_LOCAL, con diagnóstico BAJO_DESEMPEÑO_ESTRUCTURAL. Presenta demanda estructural de 11.81, soporte de infraestructura de 11.60, déficit estructural promedio de 74.96 y score de prioridad territorial de 45.08. La intervención recomendada es MEJORAR_CONECTIVIDAD.",46.54398453333333,111,23,65,AMBA-P111,AMBAC-125,BAJA,ALTA,ALTA,ALTA,ALTA,DEFICIT_ESTRUCTURAL_MEDIO,0.5025610441361704,0.17203015262544855,0.3042425092297373,URGENCIA,AMBA-E006,47.97071742899471,ESCENARIO_DE_NECESIDAD,PRIORIDAD_4_MEDIA_BAJA,ESCENARIO_DE_NECESIDAD,DEFICIT,PRIORIDAD_4_MEDIA_BAJA,6,49.90764715705244,PRIORIDAD_3_MEDIA,INTERVENCION_PROGRAMADA,31.39553317201036
92,1,6,25,71,0,1,5,AUTOBUS,1,0,0,1,0,0,AUTOBUS|FERROCARRIL,2,1,0,1,0,0,AUTOBUS|FERROCARRIL,2,1,0,1,0,0,30.557749073643905,31.830988618379067,22.600001919049138,0.006456611570247934,0.4105906428291123,0.12590471182995822,0.4,1,0,0,0.3177714135489874,27.62,SOPORTE_FISICO_BAJO,81,MONOMODAL,50.0,30.555555555555557,39.58333333333333,23.26388888888889,46.18055555555556,50.34722222222222,116,101,116,15,70.0,INTERMODALIDAD_MEDIA,16,"POLYGON ((-58.6349569158676 -34.611738860964046, -58.63871029978938 -34.614828870997, -58.63796251812035 -34.618671114281035, -58.63346131062522 -34.61942321746017, -58.629708207977764 -34.61633325677518, -58.630456031538486 -34.61249114357038, -58.6349569158676 -34.611738860964046))",30.555555555555557,30.555555555555557,39.4357,12.5905,40.0,29.7227,39.3629,65.1042,44.3287,38.67,34.72,95,95,CENTRALIDAD_ESTRUCTURAL_BAJA,CENTRALIDAD_ESTRUCTURAL_BAJA,0.83,70.2773,CENTRALIDAD_SECUNDARIA,18.67,104,30.555555555555557,29.7227,39.3629,65.1042,MEDIO,BAJO,BAJO,BAJO,ALTO,MUY_BAJO,PRIORIDAD_BAJA,CENTRALIDAD_LOCAL,CONECTIVIDAD,CONECTIVIDAD,PERFIL_EQUILIBRADO,95,104,MANTENER_Y_OPTIMIZAR,69.44444444444444,60.6371,34.895799999999994,55.6713,55.370375,36.767852777777776,IMPACTO_BAJO,58.60005,MEDIA,45.94784416666666,PRIORIDAD_MEDIA,MEJORAR_INTEGRACION_TERRITORIAL,La integración territorial presenta un déficit relevante respecto de las demás dimensiones.,109,29,55,INFRAESTRUCTURA|INTERMODALIDAD|INTEGRACION,BAJO_DESEMPEÑO_ESTRUCTURAL,INTEGRACION_TERRITORIAL,ESCENARIO_ESTRUCTURAL,10+ AÑOS,FASE_4,PRIORIDAD_4_BAJA,INTERVENCION_ESTRUCTURAL_MEDIA,INFRAESTRUCTURA | DEMANDA | INTERMODALIDAD,Reducir déficits de integración territorial y mejorar la articulación de la centralidad con su entorno.,"Centralidad clasificada como CENTRALIDAD_LOCAL, con diagnóstico BAJO_DESEMPEÑO_ESTRUCTURAL. Presenta demanda estructural de 30.56, soporte de infraestructura de 29.72, déficit estructural promedio de 55.37 y score de prioridad territorial de 45.95. La intervención recomendada es MEJORAR_INTEGRACION_TERRITORIAL.",46.46867633333333,112,29,11,AMBA-P112,AMBAC-092,BAJA,ALTA,ALTA,MEDIA,MEDIA,DEFICIT_ESTRUCTURAL_MEDIO,0.4884179448912759,0.42121990566940354,0.4480991213581525,DEFICIT,AMBA-E002,54.190890610285415,ESCENARIO_ESTRATEGICO,PRIORIDAD_3_MEDIA,ESCENARIO_ESTRATEGICO,CONECTIVIDAD,PRIORIDAD_3_MEDIA,3,53.952995705743206,PRIORIDAD_3_MEDIA,INTERVENCION_PROGRAMADA,37.849913208420595
93,1,29,43,103,1,2,6,AUTOBUS|FERROCARRIL,2,1,0,1,0,0,AUTOBUS|FERROCARRIL,2,1,0,1,0,0,AUTOBUS|FERROCARRIL,2,1,0,1,0,0,147.6957871892789,54.749300423612,32.78591827693044,0.011105371900826446,0.47285969214745543,0.19955424691458712,0.4,1,0,0,0.3398662740743761,31.71,SOPORTE_FISICO_BAJO,56,MONOMODAL,50.0,29.86111111111111,38.88888888888889,23.26388888888889,46.18055555555556,50.34722222222222,117,102,117,15,70.0,INTERMODALIDAD_MEDIA,16,"POLYGON ((-58.48944821930124 -34.687551758473376, -58.48545285745236 -34.685678835479756, -58.4862029221931 -34.68184018867839, -58.49094821698366 -34.67987456824477, -58.49494333852903 -34.681747593616706, -58.49419340559119 -34.6855861370352, -58.48944821930124 -34.687551758473376))",29.86111111111111,29.86111111111111,45.8035,19.9554,40.0,34.7744,41.2041,61.9792,44.0972,39.6,37.5,91,91,CENTRALIDAD_ESTRUCTURAL_BAJA,CENTRALIDAD_ESTRUCTURAL_BAJA,-4.91,65.2256,CENTRALIDAD_SECUNDARIA,17.92,106,29.86111111111111,34.7744,41.2041,61.9792,MEDIO,BAJO,BAJO,MEDIO,ALTO,MUY_BAJO,PRIORIDAD_BAJA,CENTRALIDAD_LOCAL,CONECTIVIDAD,CONECTIVIDAD,PERFIL_EQUILIBRADO,91,106,MANTENER_Y_OPTIMIZAR,70.13888888888889,58.7959,38.0208,55.9028,54.486275000000006,37.07781055555556,IMPACTO_BAJO,56.778795,MEDIA,45.259783833333344,PRIORIDAD_MEDIA,MEJORAR_INTEGRACION_TERRITORIAL,La integración territorial presenta un déficit relevante respecto de las demás dimensiones.,112,30,58,INFRAESTRUCTURA|INTERMODALIDAD|INTEGRACION,BAJO_DESEMPEÑO_ESTRUCTURAL,INTEGRACION_TERRITORIAL,ESCENARIO_ESTRUCTURAL,10+ AÑOS,FASE_4,PRIORIDAD_4_BAJA,INTERVENCION_ESTRUCTURAL_MEDIA,DEMANDA | INFRAESTRUCTURA | INTERMODALIDAD,Reducir déficits de integración territorial y mejorar la articulación de la centralidad con su entorno.,"Centralidad clasificada como CENTRALIDAD_LOCAL, con diagnóstico BAJO_DESEMPEÑO_ESTRUCTURAL. Presenta demanda estructural de 29.86, soporte de infraestructura de 34.77, déficit estructural promedio de 54.49 y score de prioridad territorial de 45.26. La intervención recomendada es MEJORAR_INTEGRACION_TERRITORIAL.",45.760339516666676,113,30,12,AMBA-P113,AMBAC-093,BAJA,ALTA,MEDIA,MEDIA,MEDIA,DEFICIT_ESTRUCTURAL_MEDIO,0.4652177842472947,0.4108004627676171,0.4325673913594882,DEFICIT,AMBA-E007,47.93763362098484,ESCENARIO_DE_NECESIDAD,PRIORIDAD_4_MEDIA_BAJA,ESCENARIO_DE_NECESIDAD,CONECTIVIDAD,PRIORIDAD_4_MEDIA_BAJA,7,30.086574651033622,PRIORIDAD_4_MEDIA_BAJA,SEGUIMIENTO_TERRITORIAL,4.019084362637915
104,1,0,1,11,0,1,1,,0,0,0,0,0,0,AUTOBUS|FERROCARRIL,2,1,0,1,0,0,AUTOBUS|FERROCARRIL,2,1,0,1,0,0,0.0,1.2732395447351628,3.5014087480216975,0.00025826446280991736,0.096575039169877,0.12590471182995822,0.4,1,0,0,0.3177714135489874,16.53,SOPORTE_FISICO_MUY_BAJO,124,MONOMODAL,50.0,23.61111111111111,29.86111111111111,69.44444444444444,46.18055555555556,50.34722222222222,96,111,96,15,61.0,INTERMODALIDAD_MEDIA,111,"POLYGON ((-58.305176380126824 -34.781290466110676, -58.30117381048579 -34.77941520619752, -58.30192678754093 -34.775581171299905, -58.30668220271214 -34.7736224981403, -58.31068453377988 -34.77549785921104, -58.30993168825367 -34.77933179227502, -58.305176380126824 -34.781290466110676))",23.61111111111111,23.61111111111111,8.3898,12.5905,40.0,17.1931,29.7275,78.9062,41.088,33.27,24.31,110,110,CENTRALIDAD_ESTRUCTURAL_BAJA,CENTRALIDAD_ESTRUCTURAL_BAJA,6.42,82.8069,CENTRALIDAD_SECUNDARIA,16.73,109,23.61111111111111,17.1931,29.7275,78.9062,MEDIO,BAJO,MUY_BAJO,BAJO,ALTO,MUY_BAJO,PRIORIDAD_BAJA,CENTRALIDAD_LOCAL,DEFICIT,CONECTIVIDAD,FUERTE_CONECTIVIDAD,110,109,MANTENER_Y_OPTIMIZAR,76.38888888888889,70.27250000000001,21.0938,58.912,58.271300000000004,30.752815555555557,IMPACTO_BAJO,63.74644500000001,ALTA,44.78179433333333,PRIORIDAD_MEDIA,MEJORAR_INTEGRACION_TERRITORIAL,La integración territorial presenta un déficit relevante respecto de las demás dimensiones.,114,31,60,INFRAESTRUCTURA|INTERMODALIDAD|INTEGRACION,CENTRALIDAD_CONECTIVA,INTEGRACION_TERRITORIAL,ESCENARIO_MEDIANO_PLAZO,5-10 AÑOS,FASE_3,PRIORIDAD_4_BAJA,INTERVENCION_ESTRUCTURAL_MEDIA,INFRAESTRUCTURA | DEMANDA | INTERMODALIDAD,Reducir déficits de integración territorial y mejorar la articulación de la centralidad con su entorno.,"Centralidad clasificada como CENTRALIDAD_LOCAL, con diagnóstico CENTRALIDAD_CONECTIVA. Presenta demanda estructural de 23.61, soporte de infraestructura de 17.19, déficit estructural promedio de 58.27 y score de prioridad territorial de 44.78. La intervención recomendada es MEJORAR_INTEGRACION_TERRITORIAL.",45.522145116666664,114,31,66,AMBA-P114,AMBAC-104,BAJA,ALTA,ALTA,BAJA,MEDIA,DEFICIT_ESTRUCTURAL_MEDIO,0.5048515373898785,0.43041996956995515,0.46019259669792445,CONECTIVIDAD,AMBA-E004,51.30732598678722,ESCENARIO_DE_NECESIDAD,PRIORIDAD_3_MEDIA,ESCENARIO_DE_NECESIDAD,DEFICIT,PRIORIDAD_3_MEDIA,5,51.25180617171997,PRIORIDAD_3_MEDIA,INTERVENCION_PROGRAMADA,72.7040020791035
90,1,17,37,88,0,3,6,AUTOBUS|FERROCARRIL,2,1,0,1,0,0,AUTOBUS|FERROCARRIL|TRANVIA,3,1,0,1,0,1,AUTOBUS|FERROCARRIL|TRANVIA,3,1,0,1,0,1,86.58028904199107,47.10986315520102,28.01126998417358,0.009555785123966942,0.4555278610995459,0.25180942365991643,0.6,1,0,0,0.4955428270979749,37.38,SOPORTE_FISICO_BAJO,24,MONOMODAL,50.0,31.25,40.27777777777778,23.26388888888889,46.18055555555556,50.34722222222222,114,100,114,14,85.0,INTERMODALIDAD_MUY_ALTA,3,"POLYGON ((-58.49918394249093 -34.70468092824954, -58.49518878546704 -34.70280939157882, -58.49593872947063 -34.698972128205355, -58.500683698673114 -34.69700650479945, -58.50467861528129 -34.6988781438125, -58.50392880310657 -34.7027153038804, -58.49918394249093 -34.70468092824954))",31.25,31.25,44.0291,25.1809,60.0,40.5715,55.6702,61.8056,44.5602,44.38,51.39,71,71,CENTRALIDAD_ESTRUCTURAL_MEDIA,CENTRALIDAD_ESTRUCTURAL_MEDIA,-9.32,59.4285,CENTRALIDAD_SECUNDARIA,18.75,103,31.25,40.5715,55.6702,61.8056,MEDIO,BAJO,MEDIO,MEDIO,ALTO,MUY_BAJO,PRIORIDAD_BAJA,CENTRALIDAD_LOCAL,CONECTIVIDAD,CONECTIVIDAD,PERFIL_EQUILIBRADO,71,103,MANTENER_Y_OPTIMIZAR,68.75,44.3298,38.1944,55.4398,49.348124999999996,40.911625,IMPACTO_MEDIO,50.8087,MEDIA,44.73876250000001,PRIORIDAD_MEDIA,MEJORAR_INTEGRACION_TERRITORIAL,La integración territorial presenta un déficit relevante respecto de las demás dimensiones.,115,32,61,INFRAESTRUCTURA|INTEGRACION|INTERMODALIDAD,INTERVENCION_SELECTIVA,INTEGRACION_TERRITORIAL,ESCENARIO_ESTRUCTURAL,10+ AÑOS,FASE_4,PRIORIDAD_4_BAJA,INTERVENCION_SELECTIVA,DEMANDA | INFRAESTRUCTURA | INTEGRACION_TERRITORIAL,Reducir déficits de integración territorial y mejorar la articulación de la centralidad con su entorno.,"Centralidad clasificada como CENTRALIDAD_LOCAL, con diagnóstico INTERVENCION_SELECTIVA. Presenta demanda estructural de 31.25, soporte de infraestructura de 40.57, déficit estructural promedio de 49.35 y score de prioridad territorial de 44.74. La intervención recomendada es MEJORAR_INTEGRACION_TERRITORIAL.",45.075182500000004,115,32,13,AMBA-P115,AMBAC-090,BAJA,MEDIA,MEDIA,MEDIA,MEDIA,DEFICIT_ESTRUCTURAL_MEDIO,0.43873188631626414,0.45716902478602306,0.44979416939811945,CONECTIVIDAD,AMBA-E007,47.93763362098484,ESCENARIO_DE_NECESIDAD,PRIORIDAD_4_MEDIA_BAJA,ESCENARIO_DE_NECESIDAD,CONECTIVIDAD,PRIORIDAD_4_MEDIA_BAJA,7,30.086574651033622,PRIORIDAD_4_MEDIA_BAJA,SEGUIMIENTO_TERRITORIAL,4.019084362637915
137,1,6,11,16,0,0,0,AUTOBUS,1,0,0,1,0,0,AUTOBUS,1,0,0,1,0,0,AUTOBUS|FERROCARRIL,2,1,0,1,0,0,30.557749073643905,14.00563499208679,5.092958178940651,0.002840909090909091,0.3185149047398846,0.0,0.2,0,0,0,0.13999999999999999,16.19,SOPORTE_FISICO_MUY_BAJO,127,MONOMODAL,50.0,5.555555555555555,6.25,23.26388888888889,46.18055555555556,50.34722222222222,141,137,141,4,40.0,INTERMODALIDAD_BAJA,115,"POLYGON ((-58.431955783691954 -34.80295695105956, -58.42795746940482 -34.80108822742471, -58.42870857460551 -34.79725736433277, -58.43345786233291 -34.79529532714551, -58.437455936770405 -34.7971641523835, -58.43670496333404 -34.80099491319683, -58.431955783691954 -34.80295695105956))",5.555555555555555,5.555555555555555,30.0771,0.0,20.0,16.9555,19.8438,20.4861,33.2176,16.27,0.69,144,144,CENTRALIDAD_ESTRUCTURAL_MUY_BAJA,CENTRALIDAD_ESTRUCTURAL_MUY_BAJA,-11.4,83.0445,CENTRALIDAD_SECUNDARIA,3.33,137,5.555555555555555,16.9555,19.8438,20.4861,BAJO,MUY_BAJO,MUY_BAJO,MUY_BAJO,BAJO,MUY_BAJO,PRIORIDAD_BAJA,CENTRALIDAD_LOCAL,INTEGRACION,TERRITORIAL,PERFIL_EQUILIBRADO,144,137,MANTENER_Y_OPTIMIZAR,94.44444444444444,80.1562,79.5139,66.7824,77.37424999999999,18.459627777777776,IMPACTO_BAJO,79.17699,URGENTE,43.26119166666667,PRIORIDAD_MEDIA,MEJORAR_CONECTIVIDAD,La conectividad constituye una de las principales restricciones estructurales de la centralidad.,117,25,63,INFRAESTRUCTURA|INTERMODALIDAD|CONECTIVIDAD|INTEGRACION,BAJO_DESEMPEÑO_ESTRUCTURAL,MEJORA_CONECTIVIDAD,ESCENARIO_MEDIANO_PLAZO,5-10 AÑOS,FASE_3,PRIORIDAD_4_BAJA,INTERVENCION_ESTRUCTURAL_MEDIA,DEMANDA | INFRAESTRUCTURA | INTERMODALIDAD,Mejorar la conectividad territorial y la accesibilidad estructural de la centralidad.,"Centralidad clasificada como CENTRALIDAD_LOCAL, con diagnóstico BAJO_DESEMPEÑO_ESTRUCTURAL. Presenta demanda estructural de 5.56, soporte de infraestructura de 16.96, déficit estructural promedio de 77.37 y score de prioridad territorial de 43.26. La intervención recomendada es MEJORAR_CONECTIVIDAD.",44.92832683333333,116,24,67,AMBA-P116,AMBAC-137,BAJA,ALTA,ALTA,ALTA,ALTA,DEFICIT_ESTRUCTURAL_MEDIO,0.45707409401259896,0.09377636323626526,0.23909545554679873,URGENCIA,AMBA-E001,55.751448155260405,ESCENARIO_DE_NECESIDAD,PRIORIDAD_3_MEDIA,ESCENARIO_DE_NECESIDAD,INTEGRACION,PRIORIDAD_3_MEDIA,1,78.9423286344931,PRIORIDAD_2_ALTA,INTERVENCION_PRIORITARIA,75.93742375877676
121,1,24,30,62,0,0,1,AUTOBUS,1,0,0,1,0,0,AUTOBUS,1,0,0,1,0,0,AUTOBUS|FERROCARRIL,2,1,0,1,0,0,122.23099629457562,38.197186342054884,19.735212943395023,0.007747933884297521,0.4314334042643508,0.0,0.2,0,0,0,0.13999999999999999,20.22,SOPORTE_FISICO_BAJO,110,MONOMODAL,50.0,13.88888888888889,18.75,69.44444444444444,46.18055555555556,50.34722222222222,112,125,112,13,40.0,INTERMODALIDAD_BAJA,115,"POLYGON ((-58.431226965541484 -34.73985267877429, -58.42722913546966 -34.73798031475344, -58.42798015586417 -34.73414478850459, -58.43272887460492 -34.73218172899742, -58.436726464895386 -34.734054194907436, -58.43597557623037 -34.737889618426706, -58.431226965541484 -34.73985267877429))",13.88888888888889,13.88888888888889,41.5647,0.0,20.0,21.5807,19.8438,43.4028,37.3843,23.78,9.03,132,132,CENTRALIDAD_ESTRUCTURAL_BAJA,CENTRALIDAD_ESTRUCTURAL_MUY_BAJA,-7.69,78.41929999999999,CENTRALIDAD_SECUNDARIA,8.33,125,13.88888888888889,21.5807,19.8438,43.4028,BAJO,MUY_BAJO,BAJO,MUY_BAJO,MEDIO,MUY_BAJO,PRIORIDAD_BAJA,CENTRALIDAD_LOCAL,CONECTIVIDAD,CONECTIVIDAD,PERFIL_EQUILIBRADO,132,125,MANTENER_Y_OPTIMIZAR,86.11111111111111,80.1562,56.5972,62.6157,69.44709999999999,23.542864444444444,IMPACTO_BAJO,72.11856499999999,ALTA,43.678803666666674,PRIORIDAD_MEDIA,MEJORAR_CONECTIVIDAD,La conectividad constituye una de las principales restricciones estructurales de la centralidad.,116,24,62,INTERMODALIDAD|INFRAESTRUCTURA|INTEGRACION|CONECTIVIDAD,BAJO_DESEMPEÑO_ESTRUCTURAL,MEJORA_CONECTIVIDAD,ESCENARIO_MEDIANO_PLAZO,5-10 AÑOS,FASE_3,PRIORIDAD_4_BAJA,INTERVENCION_ESTRUCTURAL_MEDIA,DEMANDA | INTERMODALIDAD | INFRAESTRUCTURA,Mejorar la conectividad territorial y la accesibilidad estructural de la centralidad.,"Centralidad clasificada como CENTRALIDAD_LOCAL, con diagnóstico BAJO_DESEMPEÑO_ESTRUCTURAL. Presenta demanda estructural de 13.89, soporte de infraestructura de 21.58, déficit estructural promedio de 69.45 y score de prioridad territorial de 43.68. La intervención recomendada es MEJORAR_CONECTIVIDAD.",44.92437698333333,117,25,68,AMBA-P117,AMBAC-121,BAJA,ALTA,ALTA,MEDIA,ALTA,DEFICIT_ESTRUCTURAL_MEDIO,0.4668435601532197,0.21790424834152827,0.3174799730662049,URGENCIA,AMBA-E007,47.93763362098484,ESCENARIO_DE_NECESIDAD,PRIORIDAD_4_MEDIA_BAJA,ESCENARIO_DE_NECESIDAD,CONECTIVIDAD,PRIORIDAD_4_MEDIA_BAJA,7,30.086574651033622,PRIORIDAD_4_MEDIA_BAJA,SEGUIMIENTO_TERRITORIAL,4.019084362637915
127,1,5,6,20,0,0,1,AUTOBUS,1,0,0,1,0,0,AUTOBUS,1,0,0,1,0,0,AUTOBUS|FERROCARRIL|FLUVIAL,3,1,0,1,1,0,25.464790894703256,7.639437268410976,6.366197723675814,0.0015495867768595042,0.25358849344279244,0.0,0.2,0,0,0,0.13999999999999999,13.9,SOPORTE_FISICO_MUY_BAJO,134,MONOMODAL,50.0,10.416666666666668,13.194444444444445,69.44444444444444,46.18055555555556,50.34722222222222,118,130,118,12,36.0,INTERMODALIDAD_BAJA,134,"POLYGON ((-58.580317471842996 -34.4447574846175, -58.576327269351026 -34.44287447985484, -58.57707559817208 -34.43901917660181, -58.58181399765883 -34.43704698367188, -58.585803959193385 -34.43893009229581, -58.58505576220238 -34.442785289979746, -58.580317471842996 -34.4447574846175))",10.416666666666668,10.416666666666668,23.5531,0.0,20.0,14.3286,17.6736,52.5174,35.5324,21.67,6.25,136,136,CENTRALIDAD_ESTRUCTURAL_BAJA,CENTRALIDAD_ESTRUCTURAL_MUY_BAJA,-3.91,85.6714,CENTRALIDAD_SECUNDARIA,6.25,130,10.416666666666668,14.3286,17.6736,52.5174,BAJO,MUY_BAJO,MUY_BAJO,MUY_BAJO,MEDIO,MUY_BAJO,PRIORIDAD_BAJA,CENTRALIDAD_LOCAL,DEFICIT,CONECTIVIDAD,PERFIL_EQUILIBRADO,136,130,MANTENER_Y_OPTIMIZAR,89.58333333333333,82.3264,47.4826,64.4676,69.987,21.080733333333335,IMPACTO_BAJO,74.01682000000001,ALTA,43.10462,PRIORIDAD_MEDIA,MEJORAR_CONECTIVIDAD,La conectividad constituye una de las principales restricciones estructurales de la centralidad.,119,26,65,INFRAESTRUCTURA|INTERMODALIDAD|INTEGRACION|CONECTIVIDAD,BAJO_DESEMPEÑO_ESTRUCTURAL,MEJORA_CONECTIVIDAD,ESCENARIO_MEDIANO_PLAZO,5-10 AÑOS,FASE_3,PRIORIDAD_4_BAJA,INTERVENCION_ESTRUCTURAL_MEDIA,DEMANDA | INFRAESTRUCTURA | INTERMODALIDAD,Mejorar la conectividad territorial y la accesibilidad estructural de la centralidad.,"Centralidad clasificada como CENTRALIDAD_LOCAL, con diagnóstico BAJO_DESEMPEÑO_ESTRUCTURAL. Presenta demanda estructural de 10.42, soporte de infraestructura de 14.33, déficit estructural promedio de 69.99 y score de prioridad territorial de 43.10. La intervención recomendada es MEJORAR_CONECTIVIDAD.",44.437867,118,26,69,AMBA-P118,AMBAC-127,BAJA,ALTA,ALTA,MEDIA,ALTA,DEFICIT_ESTRUCTURAL_MEDIO,0.4757775979721804,0.24035754401404685,0.3345255655973003,DEFICIT,AMBA-E005,50.08194960959839,ESCENARIO_DE_NECESIDAD,PRIORIDAD_3_MEDIA,ESCENARIO_DE_NECESIDAD,DEFICIT,PRIORIDAD_3_MEDIA,2,57.29611129376036,PRIORIDAD_3_MEDIA,INTERVENCION_PROGRAMADA,84.58186792401246
99,1,287,357,376,2,3,6,AUTOBUS|FERROCARRIL,2,1,0,1,0,0,AUTOBUS|FERROCARRIL,2,1,0,1,0,0,AUTOBUS|FERROCARRIL,2,1,0,1,0,0,1461.6789973559669,454.5465174704531,119.6845172051053,0.0922004132231405,0.7198972562974655,0.25180942365991643,0.4,1,0,0,0.3555428270979749,42.87,SOPORTE_FISICO_MEDIO,10,MONOMODAL,50.0,27.083333333333332,35.41666666666667,69.44444444444444,46.18055555555556,50.34722222222222,91,106,91,15,70.0,INTERMODALIDAD_MEDIA,16,"POLYGON ((-58.501471742979284 -34.49170202754429, -58.497478379464575 -34.48981841356084, -58.498227967458206 -34.4859655391282, -58.50297078725062 -34.48399638352184, -58.506963910533294 -34.485880100817305, -58.50621445425944 -34.48973287039839, -58.501471742979284 -34.49170202754429))",27.083333333333332,27.083333333333332,71.1775,25.1809,40.0,46.8969,42.5105,55.2951,42.9398,40.94,41.67,85,85,CENTRALIDAD_ESTRUCTURAL_MEDIA,CENTRALIDAD_ESTRUCTURAL_MEDIA,-19.81,53.1031,CENTRALIDAD_SECUNDARIA,16.25,110,27.083333333333332,46.8969,42.5105,55.2951,MEDIO,BAJO,MEDIO,MEDIO,MEDIO,MUY_BAJO,PRIORIDAD_BAJA,CENTRALIDAD_LOCAL,DEFICIT,CONECTIVIDAD,PERFIL_EQUILIBRADO,85,110,MANTENER_Y_OPTIMIZAR,72.91666666666667,57.4895,44.7049,57.0602,53.089425000000006,36.66055166666666,IMPACTO_BAJO,53.113625000000006,MEDIA,43.25493350000001,PRIORIDAD_MEDIA,MEJORAR_INTEGRACION_TERRITORIAL,La integración territorial presenta un déficit relevante respecto de las demás dimensiones.,118,33,64,INTERMODALIDAD|INTEGRACION|INFRAESTRUCTURA|CONECTIVIDAD,INTERVENCION_SELECTIVA,INTEGRACION_TERRITORIAL,ESCENARIO_ESTRUCTURAL,10+ AÑOS,FASE_4,PRIORIDAD_4_BAJA,INTERVENCION_ESTRUCTURAL_MEDIA,DEMANDA | INTERMODALIDAD | INTEGRACION_TERRITORIAL,Reducir déficits de integración territorial y mejorar la articulación de la centralidad con su entorno.,"Centralidad clasificada como CENTRALIDAD_LOCAL, con diagnóstico INTERVENCION_SELECTIVA. Presenta demanda estructural de 27.08, soporte de infraestructura de 46.90, déficit estructural promedio de 53.09 y score de prioridad territorial de 43.25. La intervención recomendada es MEJORAR_INTEGRACION_TERRITORIAL.",43.74457995,119,33,14,AMBA-P119,AMBAC-099,BAJA,MEDIA,MEDIA,MEDIA,MEDIA,DEFICIT_ESTRUCTURAL_MEDIO,0.4056779114980599,0.37633768723175137,0.3880737769382748,URGENCIA,AMBA-E005,50.08194960959839,ESCENARIO_DE_NECESIDAD,PRIORIDAD_3_MEDIA,ESCENARIO_DE_NECESIDAD,DEFICIT,PRIORIDAD_3_MEDIA,2,57.29611129376036,PRIORIDAD_3_MEDIA,INTERVENCION_PROGRAMADA,84.58186792401246
108,1,5,14,29,0,2,5,AUTOBUS,1,0,0,1,0,0,AUTOBUS|FERROCARRIL,2,1,0,1,0,0,AUTOBUS|FERROCARRIL,2,1,0,1,0,0,25.464790894703256,17.82535362629228,9.23098669932993,0.003615702479338843,0.34518442464383275,0.19955424691458712,0.4,1,0,0,0.3398662740743761,27.12,SOPORTE_FISICO_BAJO,83,MONOMODAL,50.0,20.833333333333336,26.38888888888889,23.26388888888889,46.18055555555556,50.34722222222222,127,115,127,12,70.0,INTERMODALIDAD_MEDIA,16,"POLYGON ((-58.74452638050373 -34.563589350731085, -58.74828641206488 -34.566679421647855, -58.74753944969255 -34.570528476578744, -58.74303241321793 -34.57128733033675, -58.7392726621003 -34.5681973082398, -58.740019667001114 -34.56434838357233, -58.74452638050373 -34.563589350731085))",20.833333333333336,20.833333333333336,32.778,19.9554,40.0,29.5269,41.2041,55.2951,39.9306,34.16,27.08,106,106,CENTRALIDAD_ESTRUCTURAL_BAJA,CENTRALIDAD_ESTRUCTURAL_BAJA,-8.69,70.4731,CENTRALIDAD_SECUNDARIA,12.5,117,20.833333333333336,29.5269,41.2041,55.2951,BAJO,BAJO,BAJO,MEDIO,MEDIO,MUY_BAJO,PRIORIDAD_BAJA,CENTRALIDAD_LOCAL,DEFICIT,CONECTIVIDAD,PERFIL_EQUILIBRADO,106,117,MANTENER_Y_OPTIMIZAR,79.16666666666666,58.7959,44.7049,60.0694,58.510825000000004,30.242831666666667,IMPACTO_BAJO,60.839605000000006,ALTA,42.6825815,PRIORIDAD_MEDIA,MEJORAR_INTEGRACION_TERRITORIAL,La integración territorial presenta un déficit relevante respecto de las demás dimensiones.,120,34,66,INFRAESTRUCTURA|INTEGRACION|INTERMODALIDAD|CONECTIVIDAD,BAJO_DESEMPEÑO_ESTRUCTURAL,INTEGRACION_TERRITORIAL,ESCENARIO_MEDIANO_PLAZO,5-10 AÑOS,FASE_3,PRIORIDAD_4_BAJA,INTERVENCION_ESTRUCTURAL_MEDIA,DEMANDA | INFRAESTRUCTURA | INTEGRACION_TERRITORIAL,Reducir déficits de integración territorial y mejorar la articulación de la centralidad con su entorno.,"Centralidad clasificada como CENTRALIDAD_LOCAL, con diagnóstico BAJO_DESEMPEÑO_ESTRUCTURAL. Presenta demanda estructural de 20.83, soporte de infraestructura de 29.53, déficit estructural promedio de 58.51 y score de prioridad territorial de 42.68. La intervención recomendada es MEJORAR_INTEGRACION_TERRITORIAL.",43.54017255,120,34,70,AMBA-P120,AMBAC-108,BAJA,ALTA,MEDIA,MEDIA,ALTA,DEFICIT_ESTRUCTURAL_MEDIO,0.44666456510995856,0.34545810782931485,0.38594069074157233,DEFICIT,AMBA-E006,47.97071742899471,ESCENARIO_DE_NECESIDAD,PRIORIDAD_4_MEDIA_BAJA,ESCENARIO_DE_NECESIDAD,DEFICIT,PRIORIDAD_4_MEDIA_BAJA,6,49.90764715705244,PRIORIDAD_3_MEDIA,INTERVENCION_PROGRAMADA,31.39553317201036
103,1,18,26,60,1,2,2,AUTOBUS|FERROCARRIL,2,1,0,1,0,0,AUTOBUS|FERROCARRIL,2,1,0,1,0,0,AUTOBUS|FERROCARRIL,2,1,0,1,0,0,91.67324722093171,33.10422816311423,19.098593171027442,0.006714876033057851,0.41506520603744346,0.19955424691458712,0.4,1,0,0,0.3398662740743761,29.62,SOPORTE_FISICO_BAJO,70,MONOMODAL,50.0,24.305555555555554,31.944444444444443,69.44444444444444,46.18055555555556,50.34722222222222,95,110,95,15,70.0,INTERMODALIDAD_MEDIA,16,"POLYGON ((-58.442225541347234 -34.72825509603846, -58.43822819088671 -34.726382528189106, -58.43897902821363 -34.722546285004405, -58.443727084262456 -34.72058271252562, -58.447724194844454 -34.722455382364465, -58.44697348926005 -34.7262915226839, -58.442225541347234 -34.72825509603846))",24.305555555555554,24.305555555555554,39.8926,19.9554,40.0,32.392,41.2041,71.7882,41.7824,38.58,34.03,96,96,CENTRALIDAD_ESTRUCTURAL_BAJA,CENTRALIDAD_ESTRUCTURAL_BAJA,-8.09,67.608,CENTRALIDAD_SECUNDARIA,14.58,113,24.305555555555554,32.392,41.2041,71.7882,MEDIO,BAJO,BAJO,MEDIO,ALTO,MUY_BAJO,PRIORIDAD_BAJA,CENTRALIDAD_LOCAL,CONECTIVIDAD,CONECTIVIDAD,PERFIL_EQUILIBRADO,96,113,MANTENER_Y_OPTIMIZAR,75.69444444444444,58.7959,28.211799999999997,58.2176,53.208325,33.00344277777778,IMPACTO_BAJO,56.117175,MEDIA,42.55427816666666,PRIORIDAD_MEDIA,MEJORAR_INTEGRACION_TERRITORIAL,La integración territorial presenta un déficit relevante respecto de las demás dimensiones.,121,35,67,INFRAESTRUCTURA|INTERMODALIDAD|INTEGRACION,CENTRALIDAD_CONECTIVA,INTEGRACION_TERRITORIAL,ESCENARIO_ESTRUCTURAL,10+ AÑOS,FASE_4,PRIORIDAD_4_BAJA,INTERVENCION_ESTRUCTURAL_MEDIA,DEMANDA | INFRAESTRUCTURA | INTERMODALIDAD,Reducir déficits de integración territorial y mejorar la articulación de la centralidad con su entorno.,"Centralidad clasificada como CENTRALIDAD_LOCAL, con diagnóstico CENTRALIDAD_CONECTIVA. Presenta demanda estructural de 24.31, soporte de infraestructura de 32.39, déficit estructural promedio de 53.21 y score de prioridad territorial de 42.55. La intervención recomendada es MEJORAR_INTEGRACION_TERRITORIAL.",43.15608738333333,121,35,15,AMBA-P121,AMBAC-103,BAJA,ALTA,MEDIA,BAJA,MEDIA,DEFICIT_ESTRUCTURAL_MEDIO,0.4434920729446627,0.42900905607819506,0.4348022628247821,CONECTIVIDAD,AMBA-E007,47.93763362098484,ESCENARIO_DE_NECESIDAD,PRIORIDAD_4_MEDIA_BAJA,ESCENARIO_DE_NECESIDAD,CONECTIVIDAD,PRIORIDAD_4_MEDIA_BAJA,7,30.086574651033622,PRIORIDAD_4_MEDIA_BAJA,SEGUIMIENTO_TERRITORIAL,4.019084362637915
138,1,13,25,53,0,0,2,AUTOBUS,1,0,0,1,0,0,AUTOBUS,1,0,0,1,0,0,AUTOBUS|FERROCARRIL,2,1,0,1,0,0,66.20845632622846,31.830988618379067,16.870423967740905,0.006456611570247934,0.4105906428291123,0.0,0.2,0,0,0,0.13999999999999999,19.47,SOPORTE_FISICO_MUY_BAJO,116,MONOMODAL,50.0,4.861111111111112,4.861111111111112,23.26388888888889,46.18055555555556,50.34722222222222,142,138,142,4,40.0,INTERMODALIDAD_BAJA,115,"POLYGON ((-58.68981427044333 -34.68805030113222, -58.69357264012058 -34.69113831360197, -58.69282493859255 -34.69497750482136, -58.68831882512696 -34.69572855425947, -58.68456073655665 -34.69264059111336, -58.68530848033232 -34.68880152921285, -58.68981427044333 -34.68805030113222))",4.861111111111112,4.861111111111112,39.4357,0.0,20.0,20.723,19.8438,32.6389,32.7546,18.78,2.08,142,142,CENTRALIDAD_ESTRUCTURAL_MUY_BAJA,CENTRALIDAD_ESTRUCTURAL_MUY_BAJA,-15.86,79.277,CENTRALIDAD_SECUNDARIA,2.92,138,4.861111111111112,20.723,19.8438,32.6389,BAJO,MUY_BAJO,BAJO,MUY_BAJO,BAJO,MUY_BAJO,PRIORIDAD_BAJA,CENTRALIDAD_LOCAL,IMPACTO,TERRITORIAL,PERFIL_EQUILIBRADO,142,138,MANTENER_Y_OPTIMIZAR,95.13888888888889,80.1562,67.3611,67.24539999999999,73.509925,17.756540555555556,IMPACTO_BAJO,75.30888,URGENTE,41.28014183333333,PRIORIDAD_MEDIA,MEJORAR_CONECTIVIDAD,La conectividad constituye una de las principales restricciones estructurales de la centralidad.,124,27,70,INTERMODALIDAD|INFRAESTRUCTURA|CONECTIVIDAD|INTEGRACION,BAJO_DESEMPEÑO_ESTRUCTURAL,MEJORA_CONECTIVIDAD,ESCENARIO_MEDIANO_PLAZO,5-10 AÑOS,FASE_3,PRIORIDAD_4_BAJA,INTERVENCION_ESTRUCTURAL_MEDIA,DEMANDA | INTERMODALIDAD | INFRAESTRUCTURA,Mejorar la conectividad territorial y la accesibilidad estructural de la centralidad.,"Centralidad clasificada como CENTRALIDAD_LOCAL, con diagnóstico BAJO_DESEMPEÑO_ESTRUCTURAL. Presenta demanda estructural de 4.86, soporte de infraestructura de 20.72, déficit estructural promedio de 73.51 y score de prioridad territorial de 41.28. La intervención recomendada es MEJORAR_CONECTIVIDAD.",42.855912366666665,122,27,71,AMBA-P122,AMBAC-138,BAJA,ALTA,ALTA,ALTA,ALTA,DEFICIT_ESTRUCTURAL_MEDIO,0.4318876107006174,0.13885193608777652,0.25606620593291285,URGENCIA,AMBA-E003,53.74391081151112,ESCENARIO_DE_NECESIDAD,PRIORIDAD_3_MEDIA,ESCENARIO_DE_NECESIDAD,IMPACTO,PRIORIDAD_3_MEDIA,4,52.19918466555358,PRIORIDAD_3_MEDIA,INTERVENCION_PROGRAMADA,62.99172403916424
109,1,13,18,57,1,2,6,AUTOBUS|FERROCARRIL,2,1,0,1,0,0,AUTOBUS|FERROCARRIL,2,1,0,1,0,0,AUTOBUS|FERROCARRIL,2,1,0,1,0,0,66.20845632622846,22.91831180523293,18.14366351247607,0.0046487603305785125,0.3733429004851337,0.19955424691458712,0.4,1,0,0,0.3398662740743761,28.13,SOPORTE_FISICO_BAJO,78,MONOMODAL,50.0,20.13888888888889,25.694444444444443,23.26388888888889,46.18055555555556,50.34722222222222,129,116,129,13,70.0,INTERMODALIDAD_MEDIA,16,"POLYGON ((-58.64168629348164 -34.57714577231865, -58.645439565669875 -34.5802364221248, -58.64469193782504 -34.58408111718081, -58.64019099586017 -34.58483503207803, -58.6364380048175 -34.58174443151079, -58.63718567458151 -34.57789986681472, -58.64168629348164 -34.57714577231865))",20.13888888888889,20.13888888888889,35.6393,19.9554,40.0,30.6799,41.2041,66.4062,39.6991,35.88,31.25,100,100,CENTRALIDAD_ESTRUCTURAL_BAJA,CENTRALIDAD_ESTRUCTURAL_BAJA,-10.54,69.3201,CENTRALIDAD_SECUNDARIA,12.08,119,20.13888888888889,30.6799,41.2041,66.4062,BAJO,BAJO,BAJO,MEDIO,ALTO,MUY_BAJO,PRIORIDAD_BAJA,CENTRALIDAD_LOCAL,CONECTIVIDAD,CONECTIVIDAD,PERFIL_EQUILIBRADO,100,119,MANTENER_Y_OPTIMIZAR,79.86111111111111,58.7959,33.5938,60.3009,55.502674999999996,30.544979444444444,IMPACTO_BAJO,58.19091,MEDIA,41.834550166666666,PRIORIDAD_MEDIA,MEJORAR_INTEGRACION_TERRITORIAL,La integración territorial presenta un déficit relevante respecto de las demás dimensiones.,123,37,69,INFRAESTRUCTURA|INTEGRACION|INTERMODALIDAD,BAJO_DESEMPEÑO_ESTRUCTURAL,INTEGRACION_TERRITORIAL,ESCENARIO_ESTRUCTURAL,10+ AÑOS,FASE_4,PRIORIDAD_4_BAJA,INTERVENCION_ESTRUCTURAL_MEDIA,DEMANDA | INFRAESTRUCTURA | INTEGRACION_TERRITORIAL,Reducir déficits de integración territorial y mejorar la articulación de la centralidad con su entorno.,"Centralidad clasificada como CENTRALIDAD_LOCAL, con diagnóstico BAJO_DESEMPEÑO_ESTRUCTURAL. Presenta demanda estructural de 20.14, soporte de infraestructura de 30.68, déficit estructural promedio de 55.50 y score de prioridad territorial de 41.83. La intervención recomendada es MEJORAR_INTEGRACION_TERRITORIAL.",42.59456853333333,123,36,16,AMBA-P123,AMBAC-109,BAJA,ALTA,MEDIA,MEDIA,ALTA,DEFICIT_ESTRUCTURAL_MEDIO,0.4329926379957998,0.3924533776115421,0.4086690817652452,CONECTIVIDAD,AMBA-E002,54.190890610285415,ESCENARIO_ESTRATEGICO,PRIORIDAD_3_MEDIA,ESCENARIO_ESTRATEGICO,CONECTIVIDAD,PRIORIDAD_3_MEDIA,3,53.952995705743206,PRIORIDAD_3_MEDIA,INTERVENCION_PROGRAMADA,37.849913208420595
94,1,31,46,106,5,7,19,AUTOBUS|FERROCARRIL|TRANVIA,3,1,0,1,0,1,AUTOBUS|FERROCARRIL|TRANVIA,3,1,0,1,0,1,AUTOBUS|FERROCARRIL|FLUVIAL|TRANVIA,4,1,0,1,1,1,157.88170354716019,58.569019057817485,33.74084793548181,0.011880165289256199,0.4806532324681198,0.3777141354898746,0.6,1,0,0,0.5333142406469623,41.44,SOPORTE_FISICO_MEDIO,14,MONOMODAL,50.0,29.166666666666668,38.19444444444444,69.44444444444444,46.18055555555556,50.34722222222222,88,103,88,15,85.0,INTERMODALIDAD_MUY_ALTA,3,"POLYGON ((-58.44149559683031 -34.665058595529, -58.43749873033257 -34.66318238359264, -58.43824948291979 -34.65934147842251, -58.44299697030098 -34.65737688849676, -58.44699359698854 -34.65925320270694, -58.44624297610899 -34.66309400456038, -58.44149559683031 -34.665058595529))",29.166666666666668,29.166666666666668,46.6019,37.7714,60.0,45.8581,58.8179,72.6562,43.8657,47.26,55.56,65,65,CENTRALIDAD_ESTRUCTURAL_MEDIA,CENTRALIDAD_ESTRUCTURAL_MEDIA,-16.69,54.1419,CENTRALIDAD_SECUNDARIA,17.5,107,29.166666666666668,45.8581,58.8179,72.6562,MEDIO,BAJO,MEDIO,MEDIO,ALTO,MUY_BAJO,PRIORIDAD_BAJA,CENTRALIDAD_LOCAL,CONECTIVIDAD,CONECTIVIDAD,PERFIL_EQUILIBRADO,65,107,MANTENER_Y_OPTIMIZAR,70.83333333333333,41.1821,27.3438,56.1343,44.700525,40.19143833333334,IMPACTO_MEDIO,45.841190000000005,MEDIA,42.1916005,PRIORIDAD_MEDIA,MEJORAR_INTEGRACION_TERRITORIAL,La integración territorial presenta un déficit relevante respecto de las demás dimensiones.,122,36,68,INTEGRACION|INFRAESTRUCTURA|INTERMODALIDAD,CENTRALIDAD_CONECTIVA,INTEGRACION_TERRITORIAL,ESCENARIO_ESTRUCTURAL,10+ AÑOS,FASE_4,PRIORIDAD_4_BAJA,INTERVENCION_SELECTIVA,DEMANDA | INTEGRACION_TERRITORIAL | INFRAESTRUCTURA,Reducir déficits de integración territorial y mejorar la articulación de la centralidad con su entorno.,"Centralidad clasificada como CENTRALIDAD_LOCAL, con diagnóstico CENTRALIDAD_CONECTIVA. Presenta demanda estructural de 29.17, soporte de infraestructura de 45.86, déficit estructural promedio de 44.70 y score de prioridad territorial de 42.19. La intervención recomendada es MEJORAR_INTEGRACION_TERRITORIAL.",42.4390146,124,37,17,AMBA-P124,AMBAC-094,BAJA,MEDIA,MEDIA,BAJA,MEDIA,DEFICIT_ESTRUCTURAL_MEDIO,0.4000370766930782,0.5016387202034607,0.46099806279930766,CONECTIVIDAD,AMBA-E007,47.93763362098484,ESCENARIO_DE_NECESIDAD,PRIORIDAD_4_MEDIA_BAJA,ESCENARIO_DE_NECESIDAD,CONECTIVIDAD,PRIORIDAD_4_MEDIA_BAJA,7,30.086574651033622,PRIORIDAD_4_MEDIA_BAJA,SEGUIMIENTO_TERRITORIAL,4.019084362637915
112,1,7,15,40,1,2,3,AUTOBUS|FERROCARRIL,2,1,0,1,0,0,AUTOBUS|FERROCARRIL,2,1,0,1,0,0,AUTOBUS|FERROCARRIL,2,1,0,1,0,0,35.65070725258456,19.098593171027442,12.732395447351628,0.0038739669421487604,0.35288088494021963,0.19955424691458712,0.4,1,0,0,0.3398662740743761,27.4,SOPORTE_FISICO_BAJO,82,MONOMODAL,50.0,18.75,23.61111111111111,69.44444444444444,46.18055555555556,50.34722222222222,103,118,103,15,70.0,INTERMODALIDAD_MEDIA,16,"POLYGON ((-58.65518973431085 -34.57488214989942, -58.658943887052565 -34.57797273426308, -58.6581963478221 -34.581818033428924, -58.65369461383832 -34.5825726178868, -58.64994074214923 -34.57948208270577, -58.65068832337865 -34.575636913891536, -58.65518973431085 -34.57488214989942))",18.75,18.75,33.5592,19.9554,40.0,29.8423,41.2041,75.1736,39.0046,36.5,33.33,97,97,CENTRALIDAD_ESTRUCTURAL_BAJA,CENTRALIDAD_ESTRUCTURAL_BAJA,-11.09,70.1577,CENTRALIDAD_SECUNDARIA,11.25,120,18.75,29.8423,41.2041,75.1736,BAJO,MUY_BAJO,BAJO,MEDIO,ALTO,MUY_BAJO,PRIORIDAD_BAJA,CENTRALIDAD_LOCAL,CONECTIVIDAD,CONECTIVIDAD,FUERTE_CONECTIVIDAD,97,120,MANTENER_Y_OPTIMIZAR,81.25,58.7959,24.826400000000007,60.9954,53.69385,30.112769999999998,IMPACTO_BAJO,56.876645,MEDIA,41.081612,PRIORIDAD_MEDIA,MEJORAR_INTEGRACION_TERRITORIAL,La integración territorial presenta un déficit relevante respecto de las demás dimensiones.,125,38,71,INFRAESTRUCTURA|INTEGRACION|INTERMODALIDAD,CENTRALIDAD_CONECTIVA,INTEGRACION_TERRITORIAL,ESCENARIO_ESTRUCTURAL,10+ AÑOS,FASE_4,PRIORIDAD_4_BAJA,INTERVENCION_ESTRUCTURAL_MEDIA,DEMANDA | INFRAESTRUCTURA | INTEGRACION_TERRITORIAL,Reducir déficits de integración territorial y mejorar la articulación de la centralidad con su entorno.,"Centralidad clasificada como CENTRALIDAD_LOCAL, con diagnóstico CENTRALIDAD_CONECTIVA. Presenta demanda estructural de 18.75, soporte de infraestructura de 29.84, déficit estructural promedio de 53.69 y score de prioridad territorial de 41.08. La intervención recomendada es MEJORAR_INTEGRACION_TERRITORIAL.",41.80554065,125,38,18,AMBA-P125,AMBAC-112,BAJA,ALTA,MEDIA,BAJA,ALTA,DEFICIT_ESTRUCTURAL_MEDIO,0.4250390168205521,0.42645604582343394,0.4258892342222812,CONECTIVIDAD,AMBA-E002,54.190890610285415,ESCENARIO_ESTRATEGICO,PRIORIDAD_3_MEDIA,ESCENARIO_ESTRATEGICO,CONECTIVIDAD,PRIORIDAD_3_MEDIA,3,53.952995705743206,PRIORIDAD_3_MEDIA,INTERVENCION_PROGRAMADA,37.849913208420595
105,1,14,29,81,1,3,5,AUTOBUS|FERROCARRIL|TRANVIA,3,1,0,1,0,1,AUTOBUS|FERROCARRIL|TRANVIA,3,1,0,1,0,1,AUTOBUS|FERROCARRIL|TRANVIA,3,1,0,1,0,1,71.30141450516912,36.92394679731972,25.783100780887047,0.0074896694214876035,0.42754994286110287,0.25180942365991643,0.6,1,0,0,0.4955428270979749,36.37,SOPORTE_FISICO_BAJO,31,MONOMODAL,50.0,22.916666666666664,30.555555555555557,23.26388888888889,46.18055555555556,50.34722222222222,125,112,125,13,85.0,INTERMODALIDAD_MUY_ALTA,3,"POLYGON ((-58.50567428430051 -34.71609575896268, -58.50167926394961 -34.71422514633859, -58.50242912744103 -34.71038880515071, -58.50717387944108 -34.70842317983215, -58.511168659301504 -34.710293894774544, -58.5104189276562 -34.71413013270844, -58.50567428430051 -34.71609575896268))",22.916666666666664,22.916666666666664,41.1678,25.1809,60.0,39.4185,55.6702,64.9306,41.3194,41.74,44.44,81,81,CENTRALIDAD_ESTRUCTURAL_MEDIA,CENTRALIDAD_ESTRUCTURAL_MEDIA,-16.5,60.5815,CENTRALIDAD_SECUNDARIA,13.75,114,22.916666666666664,39.4185,55.6702,64.9306,MEDIO,BAJO,BAJO,MEDIO,ALTO,MUY_BAJO,PRIORIDAD_BAJA,CENTRALIDAD_LOCAL,CONECTIVIDAD,CONECTIVIDAD,PERFIL_EQUILIBRADO,81,114,MANTENER_Y_OPTIMIZAR,77.08333333333334,44.3298,35.0694,58.6806,49.665325,34.72339833333333,IMPACTO_BAJO,51.13102,MEDIA,41.0742465,PRIORIDAD_MEDIA,MEJORAR_INTEGRACION_TERRITORIAL,La integración territorial presenta un déficit relevante respecto de las demás dimensiones.,126,39,72,INFRAESTRUCTURA|INTEGRACION|INTERMODALIDAD,BAJO_DESEMPEÑO_ESTRUCTURAL,INTEGRACION_TERRITORIAL,ESCENARIO_ESTRUCTURAL,10+ AÑOS,FASE_4,PRIORIDAD_4_BAJA,INTERVENCION_SELECTIVA,DEMANDA | INFRAESTRUCTURA | INTEGRACION_TERRITORIAL,Reducir déficits de integración territorial y mejorar la articulación de la centralidad con su entorno.,"Centralidad clasificada como CENTRALIDAD_LOCAL, con diagnóstico BAJO_DESEMPEÑO_ESTRUCTURAL. Presenta demanda estructural de 22.92, soporte de infraestructura de 39.42, déficit estructural promedio de 49.67 y score de prioridad territorial de 41.07. La intervención recomendada es MEJORAR_INTEGRACION_TERRITORIAL.",41.63013529999999,126,39,19,AMBA-P126,AMBAC-105,BAJA,ALTA,MEDIA,MEDIA,MEDIA,DEFICIT_ESTRUCTURAL_MEDIO,0.402802144512591,0.43460278493452004,0.4218825287657484,CONECTIVIDAD,AMBA-E007,47.93763362098484,ESCENARIO_DE_NECESIDAD,PRIORIDAD_4_MEDIA_BAJA,ESCENARIO_DE_NECESIDAD,CONECTIVIDAD,PRIORIDAD_4_MEDIA_BAJA,7,30.086574651033622,PRIORIDAD_4_MEDIA_BAJA,SEGUIMIENTO_TERRITORIAL,4.019084362637915
106,1,31,51,139,3,4,16,AUTOBUS|FERROCARRIL,2,1,0,1,0,0,AUTOBUS|FERROCARRIL,2,1,0,1,0,0,AUTOBUS|FERROCARRIL,2,1,0,1,0,0,157.88170354716019,64.9352167814933,44.245074179546904,0.013171487603305785,0.49259414321024025,0.2923416876766772,0.4,1,0,0,0.3677025063030031,34.75,SOPORTE_FISICO_BAJO,37,MONOMODAL,50.0,22.22222222222222,29.166666666666668,69.44444444444444,46.18055555555556,50.34722222222222,98,113,98,15,70.0,INTERMODALIDAD_MEDIA,16,"POLYGON ((-58.54563107704841 -34.60070732199288, -58.54163839607712 -34.598831780103765, -58.542387482872556 -34.594987461525434, -58.54712911878956 -34.593018789104576, -58.551121558991035 -34.59489443400752, -58.550372604049095 -34.5987386483088, -58.54563107704841 -34.60070732199288))",22.22222222222222,22.22222222222222,47.8255,29.2342,40.0,38.7217,43.5238,76.1285,40.8565,40.56,39.58,88,88,CENTRALIDAD_ESTRUCTURAL_MEDIA,CENTRALIDAD_ESTRUCTURAL_BAJA,-16.5,61.2783,CENTRALIDAD_SECUNDARIA,13.33,115,22.22222222222222,38.7217,43.5238,76.1285,MEDIO,BAJO,BAJO,MEDIO,ALTO,MUY_BAJO,PRIORIDAD_BAJA,CENTRALIDAD_LOCAL,IMPACTO,CONECTIVIDAD,FUERTE_CONECTIVIDAD,88,115,MANTENER_Y_OPTIMIZAR,77.77777777777777,56.4762,23.871499999999997,59.1435,50.192375,33.02358611111111,IMPACTO_BAJO,52.276194999999994,MEDIA,40.86632916666666,PRIORIDAD_MEDIA,MEJORAR_INTEGRACION_TERRITORIAL,La integración territorial presenta un déficit relevante respecto de las demás dimensiones.,127,40,73,INFRAESTRUCTURA|INTEGRACION|INTERMODALIDAD,CENTRALIDAD_CONECTIVA,INTEGRACION_TERRITORIAL,ESCENARIO_ESTRUCTURAL,10+ AÑOS,FASE_4,PRIORIDAD_4_BAJA,INTERVENCION_ESTRUCTURAL_MEDIA,DEMANDA | INFRAESTRUCTURA | INTEGRACION_TERRITORIAL,Reducir déficits de integración territorial y mejorar la articulación de la centralidad con su entorno.,"Centralidad clasificada como CENTRALIDAD_LOCAL, con diagnóstico CENTRALIDAD_CONECTIVA. Presenta demanda estructural de 22.22, soporte de infraestructura de 38.72, déficit estructural promedio de 50.19 y score de prioridad territorial de 40.87. La intervención recomendada es MEJORAR_INTEGRACION_TERRITORIAL.",41.40139758333333,127,40,20,AMBA-P127,AMBAC-106,BAJA,ALTA,MEDIA,BAJA,MEDIA,DEFICIT_ESTRUCTURAL_MEDIO,0.4041434140876617,0.4478932811985173,0.43039333435417504,CONECTIVIDAD,AMBA-E003,54.190890610285415,ESCENARIO_DE_NECESIDAD,PRIORIDAD_3_MEDIA,ESCENARIO_ESTRATEGICO,CONECTIVIDAD,PRIORIDAD_3_MEDIA,4,52.19918466555358,PRIORIDAD_3_MEDIA,INTERVENCION_PROGRAMADA,62.99172403916424
140,1,9,18,42,0,0,3,AUTOBUS,1,0,0,1,0,0,AUTOBUS,1,0,0,1,0,0,AUTOBUS|FERROCARRIL,2,1,0,1,0,0,45.83662361046586,22.91831180523293,13.36901521971921,0.0046487603305785125,0.3733429004851337,0.0,0.2,0,0,0,0.13999999999999999,18.14,SOPORTE_FISICO_MUY_BAJO,121,MONOMODAL,50.0,3.4722222222222223,3.4722222222222223,69.44444444444444,46.18055555555556,50.34722222222222,126,140,126,14,40.0,INTERMODALIDAD_BAJA,115,"POLYGON ((-58.7882026252651 -34.63068461325508, -58.7919667231426 -34.63377296151715, -58.791219806994754 -34.637619177886236, -58.786708750141905 -34.63837691639721, -58.78294493258618 -34.635288616952465, -58.78369189154886 -34.63144253018678, -58.7882026252651 -34.63068461325508))",3.4722222222222223,3.4722222222222223,35.6393,0.0,20.0,19.1947,19.8438,46.6146,32.2917,20.03,2.78,141,141,CENTRALIDAD_ESTRUCTURAL_BAJA,CENTRALIDAD_ESTRUCTURAL_MUY_BAJA,-15.72,80.8053,CENTRALIDAD_SECUNDARIA,2.08,140,3.4722222222222223,19.1947,19.8438,46.6146,BAJO,MUY_BAJO,MUY_BAJO,MUY_BAJO,MEDIO,MUY_BAJO,PRIORIDAD_BAJA,CENTRALIDAD_LOCAL,DEFICIT,CONECTIVIDAD,PERFIL_EQUILIBRADO,141,140,MANTENER_Y_OPTIMIZAR,96.52777777777777,80.1562,53.3854,67.70830000000001,70.5138,16.672871111111114,IMPACTO_BAJO,73.194495,ALTA,39.86078766666668,PRIORIDAD_BAJA,MEJORAR_CONECTIVIDAD,La conectividad constituye una de las principales restricciones estructurales de la centralidad.,129,28,1,INFRAESTRUCTURA|INTERMODALIDAD|INTEGRACION|CONECTIVIDAD,BAJO_DESEMPEÑO_ESTRUCTURAL,MEJORA_CONECTIVIDAD,ESCENARIO_MEDIANO_PLAZO,5-10 AÑOS,FASE_3,PRIORIDAD_4_BAJA,INTERVENCION_ESTRUCTURAL_MEDIA,DEMANDA | INFRAESTRUCTURA | INTERMODALIDAD,Mejorar la conectividad territorial y la accesibilidad estructural de la centralidad.,"Centralidad clasificada como CENTRALIDAD_LOCAL, con diagnóstico BAJO_DESEMPEÑO_ESTRUCTURAL. Presenta demanda estructural de 3.47, soporte de infraestructura de 19.19, déficit estructural promedio de 70.51 y score de prioridad territorial de 39.86. La intervención recomendada es MEJORAR_CONECTIVIDAD.",41.38265628333334,128,28,72,AMBA-P128,AMBAC-140,BAJA,ALTA,ALTA,MEDIA,ALTA,DEFICIT_ESTRUCTURAL_MEDIO,0.42438623400036884,0.1916101976860076,0.2847206122117521,URGENCIA,AMBA-E006,47.97071742899471,ESCENARIO_DE_NECESIDAD,PRIORIDAD_4_MEDIA_BAJA,ESCENARIO_DE_NECESIDAD,DEFICIT,PRIORIDAD_4_MEDIA_BAJA,6,49.90764715705244,PRIORIDAD_3_MEDIA,INTERVENCION_PROGRAMADA,31.39553317201036
122,1,3,9,28,0,1,5,AUTOBUS,1,0,0,1,0,0,AUTOBUS|FERROCARRIL,2,1,0,1,0,0,AUTOBUS|FERROCARRIL|TRANVIA,3,1,0,1,0,1,15.278874536821952,11.459155902616464,8.91267681314614,0.0023243801652892563,0.29664455240180393,0.12590471182995822,0.4,1,0,0,0.3177714135489874,23.57,SOPORTE_FISICO_BAJO,101,MONOMODAL,50.0,13.194444444444445,15.972222222222221,23.26388888888889,46.18055555555556,50.34722222222222,135,126,135,9,69.0,INTERMODALIDAD_MEDIA,97,"POLYGON ((-58.47620603646759 -34.71066983866969, -58.47221002213643 -34.708797684615824, -58.47296032130807 -34.70496057275879, -58.477706503022475 -34.70299571810018, -58.4817022771578 -34.70486797437007, -58.480952109778435 -34.70870498307382, -58.47620603646759 -34.71066983866969))",13.194444444444445,13.194444444444445,27.8703,12.5905,40.0,25.0673,32.158,65.7986,36.4583,30.17,17.36,120,120,CENTRALIDAD_ESTRUCTURAL_BAJA,CENTRALIDAD_ESTRUCTURAL_MUY_BAJA,-11.87,74.9327,CENTRALIDAD_SECUNDARIA,7.92,126,13.194444444444445,25.0673,32.158,65.7986,BAJO,MUY_BAJO,BAJO,BAJO,ALTO,MUY_BAJO,PRIORIDAD_BAJA,CENTRALIDAD_LOCAL,CONECTIVIDAD,CONECTIVIDAD,PERFIL_EQUILIBRADO,120,126,MANTENER_Y_OPTIMIZAR,86.80555555555556,67.842,34.20140000000001,63.5417,60.12945,23.831112222222224,IMPACTO_BAJO,63.305115,ALTA,40.04578733333334,PRIORIDAD_MEDIA,MEJORAR_INTEGRACION_TERRITORIAL,La integración territorial presenta un déficit relevante respecto de las demás dimensiones.,128,41,74,INFRAESTRUCTURA|INTERMODALIDAD|INTEGRACION,BAJO_DESEMPEÑO_ESTRUCTURAL,INTEGRACION_TERRITORIAL,ESCENARIO_MEDIANO_PLAZO,5-10 AÑOS,FASE_3,PRIORIDAD_4_BAJA,INTERVENCION_ESTRUCTURAL_MEDIA,DEMANDA | INFRAESTRUCTURA | INTERMODALIDAD,Reducir déficits de integración territorial y mejorar la articulación de la centralidad con su entorno.,"Centralidad clasificada como CENTRALIDAD_LOCAL, con diagnóstico BAJO_DESEMPEÑO_ESTRUCTURAL. Presenta demanda estructural de 13.19, soporte de infraestructura de 25.07, déficit estructural promedio de 60.13 y score de prioridad territorial de 40.05. La intervención recomendada es MEJORAR_INTEGRACION_TERRITORIAL.",41.102485216666665,129,41,73,AMBA-P129,AMBAC-122,BAJA,ALTA,ALTA,MEDIA,ALTA,DEFICIT_ESTRUCTURAL_MEDIO,0.4285906880048052,0.3360150366041367,0.3730452971644041,DEFICIT,AMBA-E007,47.93763362098484,ESCENARIO_DE_NECESIDAD,PRIORIDAD_4_MEDIA_BAJA,ESCENARIO_DE_NECESIDAD,CONECTIVIDAD,PRIORIDAD_4_MEDIA_BAJA,7,30.086574651033622,PRIORIDAD_4_MEDIA_BAJA,SEGUIMIENTO_TERRITORIAL,4.019084362637915
141,1,1,1,1,1,1,1,AUTOBUS|FERROCARRIL,2,1,0,1,0,0,AUTOBUS|FERROCARRIL,2,1,0,1,0,0,AUTOBUS|FERROCARRIL,2,1,0,1,0,0,5.092958178940651,1.2732395447351628,0.3183098861837907,0.00025826446280991736,0.096575039169877,0.12590471182995822,0.4,1,0,0,0.3177714135489874,16.53,SOPORTE_FISICO_MUY_BAJO,124,MONOMODAL,50.0,2.7777777777777777,2.7777777777777777,23.26388888888889,46.18055555555556,50.34722222222222,144,141,144,3,61.0,INTERMODALIDAD_MEDIA,111,"POLYGON ((-58.79629718276156 -34.49895116238722, -58.8000596591826 -34.50204209739763, -58.79931322288325 -34.505897056221094, -58.794804267336275 -34.5066609493375, -58.791042070860726 -34.50357006279543, -58.79178854997397 -34.499715234675904, -58.79629718276156 -34.49895116238722))",2.7777777777777777,2.7777777777777777,8.3898,12.5905,40.0,17.1931,29.7275,42.7083,32.0602,20.69,4.17,139,139,CENTRALIDAD_ESTRUCTURAL_BAJA,CENTRALIDAD_ESTRUCTURAL_MUY_BAJA,-14.42,82.8069,CENTRALIDAD_SECUNDARIA,1.67,141,2.7777777777777777,17.1931,29.7275,42.7083,BAJO,MUY_BAJO,MUY_BAJO,BAJO,MEDIO,MUY_BAJO,PRIORIDAD_BAJA,CENTRALIDAD_LOCAL,DEFICIT,CONECTIVIDAD,PERFIL_EQUILIBRADO,139,141,MANTENER_Y_OPTIMIZAR,97.22222222222223,70.27250000000001,57.2917,67.93979999999999,69.577725,16.555433888888892,IMPACTO_BAJO,72.340195,ALTA,39.20390283333333,PRIORIDAD_BAJA,MEJORAR_CONECTIVIDAD,La conectividad constituye una de las principales restricciones estructurales de la centralidad.,131,29,3,INFRAESTRUCTURA|INTERMODALIDAD|INTEGRACION|CONECTIVIDAD,BAJO_DESEMPEÑO_ESTRUCTURAL,MEJORA_CONECTIVIDAD,ESCENARIO_MEDIANO_PLAZO,5-10 AÑOS,FASE_3,PRIORIDAD_4_BAJA,INTERVENCION_ESTRUCTURAL_MEDIA,DEMANDA | INFRAESTRUCTURA | INTERMODALIDAD,Mejorar la conectividad territorial y la accesibilidad estructural de la centralidad.,"Centralidad clasificada como CENTRALIDAD_LOCAL, con diagnóstico BAJO_DESEMPEÑO_ESTRUCTURAL. Presenta demanda estructural de 2.78, soporte de infraestructura de 17.19, déficit estructural promedio de 69.58 y score de prioridad territorial de 39.20. La intervención recomendada es MEJORAR_CONECTIVIDAD.",40.77707631666666,130,29,74,AMBA-P130,AMBAC-141,BAJA,ALTA,ALTA,MEDIA,ALTA,DEFICIT_ESTRUCTURAL_MEDIO,0.42487936468708337,0.19537285208308772,0.28717545712468595,URGENCIA,AMBA-E006,47.97071742899471,ESCENARIO_DE_NECESIDAD,PRIORIDAD_4_MEDIA_BAJA,ESCENARIO_DE_NECESIDAD,DEFICIT,PRIORIDAD_4_MEDIA_BAJA,6,49.90764715705244,PRIORIDAD_3_MEDIA,INTERVENCION_PROGRAMADA,31.39553317201036
131,1,6,6,14,1,1,3,AUTOBUS|FERROCARRIL,2,1,0,1,0,0,AUTOBUS|FERROCARRIL,2,1,0,1,0,0,AUTOBUS|FERROCARRIL,2,1,0,1,0,0,30.557749073643905,7.639437268410976,4.45633840657307,0.0015495867768595042,0.25358849344279244,0.12590471182995822,0.4,1,0,0,0.3177714135489874,22.05,SOPORTE_FISICO_BAJO,105,MONOMODAL,50.0,9.027777777777777,11.805555555555555,23.26388888888889,46.18055555555556,50.34722222222222,138,132,138,6,66.0,INTERMODALIDAD_MEDIA,102,"POLYGON ((-58.254594419802785 -34.81619690765055, -58.25058981010306 -34.81432153091794, -58.251343598754566 -34.810489452985806, -58.25610186565299 -34.80853285312118, -58.26010623724969 -34.810408330634026, -58.259352580054994 -34.814240307222484, -58.254594419802785 -34.81619690765055))",9.027777777777777,9.027777777777777,23.5531,12.5905,40.0,23.3282,31.29,56.8576,35.0694,26.83,11.81,128,128,CENTRALIDAD_ESTRUCTURAL_BAJA,CENTRALIDAD_ESTRUCTURAL_MUY_BAJA,-14.3,76.6718,CENTRALIDAD_SECUNDARIA,5.42,132,9.027777777777777,23.3282,31.29,56.8576,BAJO,MUY_BAJO,BAJO,BAJO,MEDIO,MUY_BAJO,PRIORIDAD_BAJA,CENTRALIDAD_LOCAL,DEFICIT,CONECTIVIDAD,PERFIL_EQUILIBRADO,128,132,MANTENER_Y_OPTIMIZAR,90.97222222222223,68.71000000000001,43.1424,64.9306,63.3637,20.72962888888889,IMPACTO_BAJO,66.21429,ALTA,39.303037333333336,PRIORIDAD_BAJA,MEJORAR_INTEGRACION_TERRITORIAL,La integración territorial presenta un déficit relevante respecto de las demás dimensiones.,130,42,2,INFRAESTRUCTURA|INTERMODALIDAD|INTEGRACION|CONECTIVIDAD,BAJO_DESEMPEÑO_ESTRUCTURAL,INTEGRACION_TERRITORIAL,ESCENARIO_MEDIANO_PLAZO,5-10 AÑOS,FASE_3,PRIORIDAD_4_BAJA,INTERVENCION_ESTRUCTURAL_MEDIA,DEMANDA | INFRAESTRUCTURA | INTERMODALIDAD,Reducir déficits de integración territorial y mejorar la articulación de la centralidad con su entorno.,"Centralidad clasificada como CENTRALIDAD_LOCAL, con diagnóstico BAJO_DESEMPEÑO_ESTRUCTURAL. Presenta demanda estructural de 9.03, soporte de infraestructura de 23.33, déficit estructural promedio de 63.36 y score de prioridad territorial de 39.30. La intervención recomendada es MEJORAR_INTEGRACION_TERRITORIAL.",40.55371396666667,131,42,75,AMBA-P131,AMBAC-131,BAJA,ALTA,ALTA,MEDIA,ALTA,DEFICIT_ESTRUCTURAL_MEDIO,0.4217895566594805,0.27958426372659295,0.336466380899748,DEFICIT,AMBA-E004,51.30732598678722,ESCENARIO_DE_NECESIDAD,PRIORIDAD_3_MEDIA,ESCENARIO_DE_NECESIDAD,DEFICIT,PRIORIDAD_3_MEDIA,5,51.25180617171997,PRIORIDAD_3_MEDIA,INTERVENCION_PROGRAMADA,72.7040020791035
123,1,12,17,29,1,1,2,AUTOBUS|FERROCARRIL,2,1,0,1,0,0,AUTOBUS|FERROCARRIL,2,1,0,1,0,0,AUTOBUS|FERROCARRIL,2,1,0,1,0,0,61.11549814728781,21.645072260497766,9.23098669932993,0.004390495867768595,0.36690985424200945,0.12590471182995822,0.4,1,0,0,0.3177714135489874,26.06,SOPORTE_FISICO_BAJO,89,MONOMODAL,50.0,12.5,15.277777777777779,69.44444444444444,46.18055555555556,50.34722222222222,115,127,115,12,70.0,INTERMODALIDAD_MEDIA,16,"POLYGON ((-58.67405423153677 -34.70181847613, -58.67781175775673 -34.70490634053684, -58.677063915842254 -34.708744110236076, -58.67255850553668 -34.709493886301814, -58.66880126056016 -34.706406071310546, -58.66954914463313 -34.70256843084531, -58.67405423153677 -34.70181847613))",12.5,12.5,34.9848,12.5905,40.0,27.9308,39.3629,61.0243,36.2269,31.38,20.14,116,116,CENTRALIDAD_ESTRUCTURAL_BAJA,CENTRALIDAD_ESTRUCTURAL_BAJA,-15.43,72.0692,CENTRALIDAD_SECUNDARIA,7.5,127,12.5,27.9308,39.3629,61.0243,BAJO,MUY_BAJO,BAJO,BAJO,ALTO,MUY_BAJO,PRIORIDAD_BAJA,CENTRALIDAD_LOCAL,IMPACTO,CONECTIVIDAD,PERFIL_EQUILIBRADO,116,127,MANTENER_Y_OPTIMIZAR,87.5,60.6371,38.9757,63.7731,58.863775000000004,24.064755,IMPACTO_BAJO,61.348060000000004,ALTA,39.1481055,PRIORIDAD_BAJA,MEJORAR_INTEGRACION_TERRITORIAL,La integración territorial presenta un déficit relevante respecto de las demás dimensiones.,132,43,4,INFRAESTRUCTURA|INTEGRACION|INTERMODALIDAD,BAJO_DESEMPEÑO_ESTRUCTURAL,INTEGRACION_TERRITORIAL,ESCENARIO_MEDIANO_PLAZO,5-10 AÑOS,FASE_3,PRIORIDAD_4_BAJA,INTERVENCION_ESTRUCTURAL_MEDIA,DEMANDA | INFRAESTRUCTURA | INTEGRACION_TERRITORIAL,Reducir déficits de integración territorial y mejorar la articulación de la centralidad con su entorno.,"Centralidad clasificada como CENTRALIDAD_LOCAL, con diagnóstico BAJO_DESEMPEÑO_ESTRUCTURAL. Presenta demanda estructural de 12.50, soporte de infraestructura de 27.93, déficit estructural promedio de 58.86 y score de prioridad territorial de 39.15. La intervención recomendada es MEJORAR_INTEGRACION_TERRITORIAL.",40.2155961,132,43,76,AMBA-P132,AMBAC-123,BAJA,ALTA,ALTA,MEDIA,ALTA,DEFICIT_ESTRUCTURAL_MEDIO,0.4115995413960015,0.330258549210576,0.3627949460847462,DEFICIT,AMBA-E003,53.74391081151112,ESCENARIO_DE_NECESIDAD,PRIORIDAD_3_MEDIA,ESCENARIO_DE_NECESIDAD,IMPACTO,PRIORIDAD_3_MEDIA,4,52.19918466555358,PRIORIDAD_3_MEDIA,INTERVENCION_PROGRAMADA,62.99172403916424
120,1,35,60,121,3,3,8,AUTOBUS|FERROCARRIL,2,1,0,1,0,0,AUTOBUS|FERROCARRIL,2,1,0,1,0,0,AUTOBUS|FERROCARRIL,2,1,0,1,0,0,178.25353626292278,76.39437268410977,38.515496228238675,0.015495867768595042,0.5114387677034817,0.25180942365991643,0.4,1,0,0,0.3555428270979749,34.43,SOPORTE_FISICO_BAJO,41,MONOMODAL,50.0,14.583333333333334,19.444444444444446,69.44444444444444,46.18055555555556,50.34722222222222,111,124,111,13,70.0,INTERMODALIDAD_MEDIA,16,"POLYGON ((-58.48797726785782 -34.56100373151982, -58.48398287267934 -34.55912351327695, -58.48473276836337 -34.555275548722285, -58.48947692749654 -34.55330790668957, -58.493471082508435 -34.55518822787616, -58.492721318557585 -34.55903608814304, -58.48797726785782 -34.56100373151982))",14.583333333333334,14.583333333333334,49.7577,25.1809,40.0,38.134,42.5105,67.7951,37.6157,36.34,31.94,99,99,CENTRALIDAD_ESTRUCTURAL_BAJA,CENTRALIDAD_ESTRUCTURAL_BAJA,-23.55,61.866,CENTRALIDAD_SECUNDARIA,8.75,124,14.583333333333334,38.134,42.5105,67.7951,BAJO,MUY_BAJO,BAJO,MEDIO,ALTO,MUY_BAJO,PRIORIDAD_BAJA,CENTRALIDAD_LOCAL,CONECTIVIDAD,CONECTIVIDAD,PERFIL_EQUILIBRADO,99,124,MANTENER_Y_OPTIMIZAR,85.41666666666667,57.4895,32.204899999999995,62.3843,53.486175,27.57090166666667,IMPACTO_BAJO,54.917399999999994,MEDIA,38.53025349999999,PRIORIDAD_BAJA,MEJORAR_INTEGRACION_TERRITORIAL,La integración territorial presenta un déficit relevante respecto de las demás dimensiones.,133,44,5,INTEGRACION|INFRAESTRUCTURA|INTERMODALIDAD,BAJO_DESEMPEÑO_ESTRUCTURAL,INTEGRACION_TERRITORIAL,ESCENARIO_ESTRUCTURAL,10+ AÑOS,FASE_4,PRIORIDAD_4_BAJA,INTERVENCION_ESTRUCTURAL_MEDIA,DEMANDA | INTEGRACION_TERRITORIAL | INFRAESTRUCTURA,Reducir déficits de integración territorial y mejorar la articulación de la centralidad con su entorno.,"Centralidad clasificada como CENTRALIDAD_LOCAL, con diagnóstico BAJO_DESEMPEÑO_ESTRUCTURAL. Presenta demanda estructural de 14.58, soporte de infraestructura de 38.13, déficit estructural promedio de 53.49 y score de prioridad territorial de 38.53. La intervención recomendada es MEJORAR_INTEGRACION_TERRITORIAL.",39.344422699999996,133,44,21,AMBA-P133,AMBAC-120,BAJA,ALTA,MEDIA,MEDIA,ALTA,DEFICIT_ESTRUCTURAL_MEDIO,0.37539037999236097,0.379270913407326,0.37771870004134,CONECTIVIDAD,AMBA-E002,54.190890610285415,ESCENARIO_ESTRATEGICO,PRIORIDAD_3_MEDIA,ESCENARIO_ESTRATEGICO,CONECTIVIDAD,PRIORIDAD_3_MEDIA,3,53.952995705743206,PRIORIDAD_3_MEDIA,INTERVENCION_PROGRAMADA,37.849913208420595
116,1,27,50,122,1,1,3,AUTOBUS|TRANVIA,2,0,0,1,0,1,AUTOBUS|FERROCARRIL|TRANVIA,3,1,0,1,0,1,AUTOBUS|FERROCARRIL|TRANVIA,3,1,0,1,0,1,137.50987083139756,63.66197723675813,38.833806114422465,0.012913223140495868,0.490300991187029,0.12590471182995822,0.6,1,0,0,0.4577714135489874,35.5,SOPORTE_FISICO_BAJO,33,MONOMODAL,50.0,15.972222222222221,20.833333333333336,69.44444444444444,46.18055555555556,50.34722222222222,108,122,108,14,85.0,INTERMODALIDAD_MUY_ALTA,3,"POLYGON ((-58.57007789578691 -34.721118007008585, -58.566085109646885 -34.71925037260887, -58.56683400957825 -34.715415215964974, -58.57157556369406 -34.71344779723493, -58.57556810870832 -34.715315534207825, -58.574819340736326 -34.719150587328905, -58.57007789578691 -34.721118007008585))",15.972222222222221,15.972222222222221,47.5905,12.5905,60.0,37.7588,52.5226,73.8715,38.0787,39.62,38.19,90,90,CENTRALIDAD_ESTRUCTURAL_BAJA,CENTRALIDAD_ESTRUCTURAL_BAJA,-21.79,62.2412,CENTRALIDAD_SECUNDARIA,9.58,122,15.972222222222221,37.7588,52.5226,73.8715,BAJO,MUY_BAJO,BAJO,MEDIO,ALTO,MUY_BAJO,PRIORIDAD_BAJA,CENTRALIDAD_LOCAL,IMPACTO,CONECTIVIDAD,PERFIL_EQUILIBRADO,90,122,MANTENER_Y_OPTIMIZAR,84.02777777777777,47.4774,26.128500000000003,61.9213,49.4421,29.33153111111111,IMPACTO_BAJO,51.279725000000006,MEDIA,37.933473666666664,PRIORIDAD_BAJA,MEJORAR_INTEGRACION_TERRITORIAL,La integración territorial presenta un déficit relevante respecto de las demás dimensiones.,134,45,6,INFRAESTRUCTURA|INTEGRACION|INTERMODALIDAD,CENTRALIDAD_CONECTIVA,INTEGRACION_TERRITORIAL,ESCENARIO_ESTRUCTURAL,10+ AÑOS,FASE_4,PRIORIDAD_4_BAJA,INTERVENCION_SELECTIVA,DEMANDA | INFRAESTRUCTURA | INTEGRACION_TERRITORIAL,Reducir déficits de integración territorial y mejorar la articulación de la centralidad con su entorno.,"Centralidad clasificada como CENTRALIDAD_LOCAL, con diagnóstico CENTRALIDAD_CONECTIVA. Presenta demanda estructural de 15.97, soporte de infraestructura de 37.76, déficit estructural promedio de 49.44 y score de prioridad territorial de 37.93. La intervención recomendada es MEJORAR_INTEGRACION_TERRITORIAL.",38.64511998333333,134,45,22,AMBA-P134,AMBAC-116,BAJA,ALTA,MEDIA,BAJA,ALTA,DEFICIT_ESTRUCTURAL_MEDIO,0.3735322482418052,0.4349472125938157,0.4103812268530115,CONECTIVIDAD,AMBA-E003,53.74391081151112,ESCENARIO_DE_NECESIDAD,PRIORIDAD_3_MEDIA,ESCENARIO_DE_NECESIDAD,IMPACTO,PRIORIDAD_3_MEDIA,4,52.19918466555358,PRIORIDAD_3_MEDIA,INTERVENCION_PROGRAMADA,62.99172403916424
126,1,22,40,84,2,4,6,AUTOBUS|FERROCARRIL,2,1,0,1,0,0,AUTOBUS|FERROCARRIL,2,1,0,1,0,0,AUTOBUS|FERROCARRIL|FLUVIAL,3,1,0,1,1,0,112.04507993669432,50.92958178940651,26.73803043943842,0.010330578512396695,0.4645127786483475,0.2923416876766772,0.4,1,0,0,0.3677025063030031,33.72,SOPORTE_FISICO_BAJO,45,MONOMODAL,50.0,11.11111111111111,13.88888888888889,23.26388888888889,46.18055555555556,50.34722222222222,137,129,137,8,70.0,INTERMODALIDAD_MEDIA,16,"POLYGON ((-58.53291191173313 -34.53174241220291, -58.52891933569144 -34.52986239784564, -58.52966851026577 -34.52601285788902, -58.53441012909052 -34.52404343699493, -58.538402464553585 -34.52592355462097, -58.53765342177434 -34.529772989863666, -58.53291191173313 -34.53174241220291))",11.11111111111111,11.11111111111111,44.9488,29.2342,40.0,37.5603,43.5238,57.8125,35.7639,33.68,25.69,108,108,CENTRALIDAD_ESTRUCTURAL_BAJA,CENTRALIDAD_ESTRUCTURAL_BAJA,-26.45,62.4397,CENTRALIDAD_SECUNDARIA,6.67,129,11.11111111111111,37.5603,43.5238,57.8125,BAJO,MUY_BAJO,BAJO,MEDIO,MEDIO,MUY_BAJO,PRIORIDAD_BAJA,CENTRALIDAD_LOCAL,DEFICIT,CONECTIVIDAD,PERFIL_EQUILIBRADO,108,129,MANTENER_Y_OPTIMIZAR,88.88888888888889,56.4762,42.1875,64.2361,56.334875,24.529530555555553,IMPACTO_BAJO,57.167845,MEDIA,37.47415583333333,PRIORIDAD_BAJA,MEJORAR_INTEGRACION_TERRITORIAL,La integración territorial presenta un déficit relevante respecto de las demás dimensiones.,135,46,7,INTEGRACION|INFRAESTRUCTURA|INTERMODALIDAD|CONECTIVIDAD,BAJO_DESEMPEÑO_ESTRUCTURAL,INTEGRACION_TERRITORIAL,ESCENARIO_ESTRUCTURAL,10+ AÑOS,FASE_4,PRIORIDAD_4_BAJA,INTERVENCION_ESTRUCTURAL_MEDIA,DEMANDA | INTEGRACION_TERRITORIAL | INFRAESTRUCTURA,Reducir déficits de integración territorial y mejorar la articulación de la centralidad con su entorno.,"Centralidad clasificada como CENTRALIDAD_LOCAL, con diagnóstico BAJO_DESEMPEÑO_ESTRUCTURAL. Presenta demanda estructural de 11.11, soporte de infraestructura de 37.56, déficit estructural promedio de 56.33 y score de prioridad territorial de 37.47. La intervención recomendada es MEJORAR_INTEGRACION_TERRITORIAL.",38.486515416666656,135,46,23,AMBA-P135,AMBAC-126,BAJA,ALTA,MEDIA,MEDIA,ALTA,DEFICIT_ESTRUCTURAL_MEDIO,0.3652121501182553,0.32252492321240733,0.3395998139747465,URGENCIA,AMBA-E005,50.08194960959839,ESCENARIO_DE_NECESIDAD,PRIORIDAD_3_MEDIA,ESCENARIO_DE_NECESIDAD,DEFICIT,PRIORIDAD_3_MEDIA,2,57.29611129376036,PRIORIDAD_3_MEDIA,INTERVENCION_PROGRAMADA,84.58186792401246
133,1,4,7,18,1,2,3,AUTOBUS|FERROCARRIL,2,1,0,1,0,0,AUTOBUS|FERROCARRIL,2,1,0,1,0,0,AUTOBUS|FERROCARRIL,2,1,0,1,0,0,20.371832715762604,8.91267681314614,5.729577951308232,0.0018078512396694215,0.26975599025240704,0.19955424691458712,0.4,1,0,0,0.3398662740743761,24.46,SOPORTE_FISICO_BAJO,97,MONOMODAL,50.0,7.638888888888889,10.416666666666668,69.44444444444444,46.18055555555556,50.34722222222222,121,134,121,13,67.0,INTERMODALIDAD_MEDIA,100,"POLYGON ((-58.47170422619751 -34.73368564668395, -58.46770786782022 -34.73181462097301, -58.46845826964674 -34.727979147662076, -58.473204898057745 -34.726014803019304, -58.47720101626112 -34.72788593082193, -58.47645074623129 -34.73172130116688, -58.47170422619751 -34.73368564668395))",7.638888888888889,7.638888888888889,25.1694,19.9554,40.0,26.4649,33.4784,72.3958,34.6065,29.92,16.67,121,121,CENTRALIDAD_ESTRUCTURAL_BAJA,CENTRALIDAD_ESTRUCTURAL_MUY_BAJA,-18.83,73.5351,CENTRALIDAD_SECUNDARIA,4.58,134,7.638888888888889,26.4649,33.4784,72.3958,BAJO,MUY_BAJO,BAJO,BAJO,ALTO,MUY_BAJO,PRIORIDAD_BAJA,CENTRALIDAD_LOCAL,CONECTIVIDAD,CONECTIVIDAD,PERFIL_EQUILIBRADO,121,134,MANTENER_Y_OPTIMIZAR,92.36111111111111,66.5216,27.604200000000006,65.3935,58.26360000000001,20.473164444444446,IMPACTO_BAJO,61.374305,ALTA,37.172893666666674,PRIORIDAD_BAJA,MEJORAR_INTEGRACION_TERRITORIAL,La integración territorial presenta un déficit relevante respecto de las demás dimensiones.,136,47,8,INFRAESTRUCTURA|INTERMODALIDAD|INTEGRACION,CENTRALIDAD_CONECTIVA,INTEGRACION_TERRITORIAL,ESCENARIO_MEDIANO_PLAZO,5-10 AÑOS,FASE_3,PRIORIDAD_4_BAJA,INTERVENCION_ESTRUCTURAL_MEDIA,DEMANDA | INFRAESTRUCTURA | INTERMODALIDAD,Reducir déficits de integración territorial y mejorar la articulación de la centralidad con su entorno.,"Centralidad clasificada como CENTRALIDAD_LOCAL, con diagnóstico CENTRALIDAD_CONECTIVA. Presenta demanda estructural de 7.64, soporte de infraestructura de 26.46, déficit estructural promedio de 58.26 y score de prioridad territorial de 37.17. La intervención recomendada es MEJORAR_INTEGRACION_TERRITORIAL.",38.298145983333335,136,47,77,AMBA-P136,AMBAC-133,BAJA,ALTA,ALTA,BAJA,ALTA,DEFICIT_ESTRUCTURAL_MEDIO,0.3931521946900685,0.3454055125338331,0.3645041853963273,CONECTIVIDAD,AMBA-E007,47.93763362098484,ESCENARIO_DE_NECESIDAD,PRIORIDAD_4_MEDIA_BAJA,ESCENARIO_DE_NECESIDAD,CONECTIVIDAD,PRIORIDAD_4_MEDIA_BAJA,7,30.086574651033622,PRIORIDAD_4_MEDIA_BAJA,SEGUIMIENTO_TERRITORIAL,4.019084362637915
134,1,5,7,22,0,1,3,AUTOBUS,1,0,0,1,0,0,AUTOBUS|FERROCARRIL,2,1,0,1,0,0,AUTOBUS|FERROCARRIL,2,1,0,1,0,0,25.464790894703256,8.91267681314614,7.002817496043395,0.0018078512396694215,0.26975599025240704,0.12590471182995822,0.4,1,0,0,0.3177714135489874,22.62,SOPORTE_FISICO_BAJO,104,MONOMODAL,50.0,6.944444444444445,9.027777777777777,69.44444444444444,46.18055555555556,50.34722222222222,124,135,124,11,67.0,INTERMODALIDAD_MEDIA,100,"POLYGON ((-58.48369254830011 -34.73929708006921, -58.47969656647044 -34.73742687621681, -58.48044679626015 -34.73359196697747, -58.48519287606293 -34.73162736456411, -58.48918861759543 -34.733497670534156, -58.48843851962618 -34.73733247679118, -58.48369254830011 -34.73929708006921))",6.944444444444445,6.944444444444445,25.1694,12.5905,40.0,23.9794,31.6372,76.9097,34.1435,29.36,15.62,122,122,CENTRALIDAD_ESTRUCTURAL_BAJA,CENTRALIDAD_ESTRUCTURAL_MUY_BAJA,-17.03,76.0206,CENTRALIDAD_SECUNDARIA,4.17,135,6.944444444444445,23.9794,31.6372,76.9097,BAJO,MUY_BAJO,BAJO,BAJO,ALTO,MUY_BAJO,PRIORIDAD_BAJA,CENTRALIDAD_LOCAL,CONECTIVIDAD,CONECTIVIDAD,FUERTE_CONECTIVIDAD,123,135,MANTENER_Y_OPTIMIZAR,93.05555555555556,68.3628,23.0903,65.8565,58.33255,19.824732222222224,IMPACTO_BAJO,61.995475000000006,ALTA,37.12197933333334,PRIORIDAD_BAJA,MEJORAR_INTEGRACION_TERRITORIAL,La integración territorial presenta un déficit relevante respecto de las demás dimensiones.,137,48,9,INFRAESTRUCTURA|INTERMODALIDAD|INTEGRACION,CENTRALIDAD_CONECTIVA,INTEGRACION_TERRITORIAL,ESCENARIO_MEDIANO_PLAZO,5-10 AÑOS,FASE_3,PRIORIDAD_4_BAJA,INTERVENCION_ESTRUCTURAL_MEDIA,DEMANDA | INFRAESTRUCTURA | INTERMODALIDAD,Reducir déficits de integración territorial y mejorar la articulación de la centralidad con su entorno.,"Centralidad clasificada como CENTRALIDAD_LOCAL, con diagnóstico CENTRALIDAD_CONECTIVA. Presenta demanda estructural de 6.94, soporte de infraestructura de 23.98, déficit estructural promedio de 58.33 y score de prioridad territorial de 37.12. La intervención recomendada es MEJORAR_INTEGRACION_TERRITORIAL.",38.25841661666667,137,48,78,AMBA-P137,AMBAC-134,BAJA,ALTA,ALTA,BAJA,ALTA,DEFICIT_ESTRUCTURAL_MEDIO,0.3984864821255005,0.3579586445350588,0.3741697795712355,CONECTIVIDAD,AMBA-E007,47.93763362098484,ESCENARIO_DE_NECESIDAD,PRIORIDAD_4_MEDIA_BAJA,ESCENARIO_DE_NECESIDAD,CONECTIVIDAD,PRIORIDAD_4_MEDIA_BAJA,7,30.086574651033622,PRIORIDAD_4_MEDIA_BAJA,SEGUIMIENTO_TERRITORIAL,4.019084362637915
132,1,12,16,41,2,2,3,AUTOBUS|FERROCARRIL,2,1,0,1,0,0,AUTOBUS|FERROCARRIL,2,1,0,1,0,0,AUTOBUS|FERROCARRIL|FLUVIAL,3,1,0,1,1,0,61.11549814728781,20.371832715762604,13.050705333535419,0.004132231404958678,0.360104439427627,0.19955424691458712,0.4,1,0,0,0.3398662740743761,27.65,SOPORTE_FISICO_BAJO,80,MONOMODAL,50.0,8.333333333333332,9.722222222222223,23.26388888888889,46.18055555555556,50.34722222222222,139,133,139,6,70.0,INTERMODALIDAD_MEDIA,16,"POLYGON ((-58.52892834749326 -34.46258629825104, -58.524936185620454 -34.46070216721116, -58.52568531612758 -34.45684751054244, -58.53042647675969 -34.4548770900982, -58.53441839815972 -34.45676132469821, -58.533669399404225 -34.460615876173634, -58.52892834749326 -34.46258629825104))",8.333333333333332,8.333333333333332,34.293,19.9554,40.0,30.1367,41.2041,62.5,34.375,31.09,18.75,118,118,CENTRALIDAD_ESTRUCTURAL_BAJA,CENTRALIDAD_ESTRUCTURAL_MUY_BAJA,-21.8,69.8633,CENTRALIDAD_SECUNDARIA,5.0,133,8.333333333333332,30.1367,41.2041,62.5,BAJO,MUY_BAJO,BAJO,MEDIO,ALTO,MUY_BAJO,PRIORIDAD_BAJA,CENTRALIDAD_LOCAL,DEFICIT,CONECTIVIDAD,PERFIL_EQUILIBRADO,118,133,MANTENER_Y_OPTIMIZAR,91.66666666666667,58.7959,37.5,65.625,57.94605,21.380876666666666,IMPACTO_BAJO,59.988045,MEDIA,36.857215999999994,PRIORIDAD_BAJA,MEJORAR_INTEGRACION_TERRITORIAL,La integración territorial presenta un déficit relevante respecto de las demás dimensiones.,138,49,10,INFRAESTRUCTURA|INTEGRACION|INTERMODALIDAD,BAJO_DESEMPEÑO_ESTRUCTURAL,INTEGRACION_TERRITORIAL,ESCENARIO_ESTRUCTURAL,10+ AÑOS,FASE_4,PRIORIDAD_4_BAJA,INTERVENCION_ESTRUCTURAL_MEDIA,DEMANDA | INFRAESTRUCTURA | INTEGRACION_TERRITORIAL,Reducir déficits de integración territorial y mejorar la articulación de la centralidad con su entorno.,"Centralidad clasificada como CENTRALIDAD_LOCAL, con diagnóstico BAJO_DESEMPEÑO_ESTRUCTURAL. Presenta demanda estructural de 8.33, soporte de infraestructura de 30.14, déficit estructural promedio de 57.95 y score de prioridad territorial de 36.86. La intervención recomendada es MEJORAR_INTEGRACION_TERRITORIAL.",38.005389449999996,138,49,24,AMBA-P138,AMBAC-132,BAJA,ALTA,MEDIA,MEDIA,ALTA,DEFICIT_ESTRUCTURAL_MEDIO,0.38082581269859395,0.32319017515816517,0.3462444301743367,DEFICIT,AMBA-E005,50.08194960959839,ESCENARIO_DE_NECESIDAD,PRIORIDAD_3_MEDIA,ESCENARIO_DE_NECESIDAD,DEFICIT,PRIORIDAD_3_MEDIA,2,57.29611129376036,PRIORIDAD_3_MEDIA,INTERVENCION_PROGRAMADA,84.58186792401246
130,1,19,35,83,1,2,4,AUTOBUS|FERROCARRIL,2,1,0,1,0,0,AUTOBUS|FERROCARRIL,2,1,0,1,0,0,AUTOBUS|FERROCARRIL,2,1,0,1,0,0,96.76620539987236,44.563384065730695,26.419720553254628,0.009039256198347107,0.44913236307384297,0.19955424691458712,0.4,1,0,0,0.3398662740743761,30.84,SOPORTE_FISICO_BAJO,62,MONOMODAL,50.0,9.722222222222223,12.5,69.44444444444444,46.18055555555556,50.34722222222222,119,131,119,12,70.0,INTERMODALIDAD_MEDIA,16,"POLYGON ((-58.627464634753196 -34.627857961804445, -58.63121777457179 -34.630947708846605, -58.630469895035354 -34.63478866104993, -58.62596883381484 -34.635539736261066, -58.62221597535874 -34.63245003863386, -58.62296389674805 -34.62860921638782, -58.627464634753196 -34.627857961804445))",9.722222222222223,9.722222222222223,43.3746,19.9554,40.0,33.7937,41.2041,73.1771,35.3009,34.11,26.39,107,107,CENTRALIDAD_ESTRUCTURAL_BAJA,CENTRALIDAD_ESTRUCTURAL_BAJA,-24.07,66.2063,CENTRALIDAD_SECUNDARIA,5.83,131,9.722222222222223,33.7937,41.2041,73.1771,BAJO,MUY_BAJO,BAJO,MEDIO,ALTO,MUY_BAJO,PRIORIDAD_BAJA,CENTRALIDAD_LOCAL,CONECTIVIDAD,CONECTIVIDAD,PERFIL_EQUILIBRADO,107,131,MANTENER_Y_OPTIMIZAR,90.27777777777777,58.7959,26.822900000000004,64.6991,54.13105,23.604321111111112,IMPACTO_BAJO,56.25094,MEDIA,36.72737766666667,PRIORIDAD_BAJA,MEJORAR_INTEGRACION_TERRITORIAL,La integración territorial presenta un déficit relevante respecto de las demás dimensiones.,139,50,11,INFRAESTRUCTURA|INTEGRACION|INTERMODALIDAD,CENTRALIDAD_CONECTIVA,INTEGRACION_TERRITORIAL,ESCENARIO_ESTRUCTURAL,10+ AÑOS,FASE_4,PRIORIDAD_4_BAJA,INTERVENCION_ESTRUCTURAL_MEDIA,DEMANDA | INFRAESTRUCTURA | INTEGRACION_TERRITORIAL,Reducir déficits de integración territorial y mejorar la articulación de la centralidad con su entorno.,"Centralidad clasificada como CENTRALIDAD_LOCAL, con diagnóstico CENTRALIDAD_CONECTIVA. Presenta demanda estructural de 9.72, soporte de infraestructura de 33.79, déficit estructural promedio de 54.13 y score de prioridad territorial de 36.73. La intervención recomendada es MEJORAR_INTEGRACION_TERRITORIAL.",37.68745353333333,139,50,25,AMBA-P139,AMBAC-130,BAJA,ALTA,MEDIA,BAJA,ALTA,DEFICIT_ESTRUCTURAL_MEDIO,0.3675628271992975,0.37816098344424487,0.3739217209462659,CONECTIVIDAD,AMBA-E002,54.190890610285415,ESCENARIO_ESTRATEGICO,PRIORIDAD_3_MEDIA,ESCENARIO_ESTRATEGICO,CONECTIVIDAD,PRIORIDAD_3_MEDIA,3,53.952995705743206,PRIORIDAD_3_MEDIA,INTERVENCION_PROGRAMADA,37.849913208420595
139,1,6,10,27,1,2,6,AUTOBUS|FERROCARRIL,2,1,0,1,0,0,AUTOBUS|FERROCARRIL,2,1,0,1,0,0,AUTOBUS|FERROCARRIL,2,1,0,1,0,0,30.557749073643905,12.732395447351628,8.594366926962348,0.0025826446280991736,0.30808740138835516,0.19955424691458712,0.4,1,0,0,0.3398662740743761,25.81,SOPORTE_FISICO_BAJO,90,MONOMODAL,50.0,4.166666666666666,4.166666666666666,23.26388888888889,46.18055555555556,50.34722222222222,143,139,143,4,70.0,INTERMODALIDAD_MEDIA,16,"POLYGON ((-58.29796446057619 -34.70668282665552, -58.29396224260793 -34.7048030002155, -58.29471521447024 -34.70096337246878, -58.29947027282834 -34.69900367348699, -58.30347225236687 -34.70088360139451, -58.302719411981 -34.704723126807565, -58.29796446057619 -34.70668282665552))",4.166666666666666,4.166666666666666,29.0239,19.9554,40.0,28.0165,41.2041,63.2812,32.5231,29.24,14.58,124,124,CENTRALIDAD_ESTRUCTURAL_BAJA,CENTRALIDAD_ESTRUCTURAL_MUY_BAJA,-23.85,71.98349999999999,CENTRALIDAD_SECUNDARIA,2.5,139,4.166666666666666,28.0165,41.2041,63.2812,BAJO,MUY_BAJO,BAJO,MEDIO,ALTO,MUY_BAJO,PRIORIDAD_BAJA,CENTRALIDAD_LOCAL,DEFICIT,CONECTIVIDAD,PERFIL_EQUILIBRADO,124,139,MANTENER_Y_OPTIMIZAR,95.83333333333333,58.7959,36.7188,67.4769,58.743775,18.206088333333334,IMPACTO_BAJO,60.95767,ALTA,35.3110855,PRIORIDAD_BAJA,MEJORAR_INTEGRACION_TERRITORIAL,La integración territorial presenta un déficit relevante respecto de las demás dimensiones.,140,51,12,INFRAESTRUCTURA|INTEGRACION|INTERMODALIDAD,BAJO_DESEMPEÑO_ESTRUCTURAL,INTEGRACION_TERRITORIAL,ESCENARIO_MEDIANO_PLAZO,5-10 AÑOS,FASE_3,PRIORIDAD_4_BAJA,INTERVENCION_ESTRUCTURAL_MEDIA,DEMANDA | INFRAESTRUCTURA | INTEGRACION_TERRITORIAL,Reducir déficits de integración territorial y mejorar la articulación de la centralidad con su entorno.,"Centralidad clasificada como CENTRALIDAD_LOCAL, con diagnóstico BAJO_DESEMPEÑO_ESTRUCTURAL. Presenta demanda estructural de 4.17, soporte de infraestructura de 28.02, déficit estructural promedio de 58.74 y score de prioridad territorial de 35.31. La intervención recomendada es MEJORAR_INTEGRACION_TERRITORIAL.",36.5923236,140,51,79,AMBA-P140,AMBAC-139,BAJA,ALTA,MEDIA,MEDIA,ALTA,DEFICIT_ESTRUCTURAL_MEDIO,0.36913396667012305,0.30893241529195326,0.3330130358432212,DEFICIT,AMBA-E004,51.30732598678722,ESCENARIO_DE_NECESIDAD,PRIORIDAD_3_MEDIA,ESCENARIO_DE_NECESIDAD,DEFICIT,PRIORIDAD_3_MEDIA,5,51.25180617171997,PRIORIDAD_3_MEDIA,INTERVENCION_PROGRAMADA,72.7040020791035
135,1,30,47,125,0,3,8,AUTOBUS,1,0,0,1,0,0,AUTOBUS|FERROCARRIL,2,1,0,1,0,0,AUTOBUS|FERROCARRIL|TRANVIA,3,1,0,1,0,1,152.78874536821954,59.84225860255265,39.78873577297384,0.012138429752066115,0.4831403823338039,0.25180942365991643,0.4,1,0,0,0.3555428270979749,33.39,SOPORTE_FISICO_BAJO,46,MONOMODAL,50.0,6.25,7.638888888888889,23.26388888888889,46.18055555555556,50.34722222222222,140,136,140,4,70.0,INTERMODALIDAD_MEDIA,16,"POLYGON ((-58.573824878167436 -34.63491082034172, -58.569832919114916 -34.63303841151067, -58.57058163224524 -34.62919696364614, -58.57532217251201 -34.627228028768165, -58.57931389048608 -34.62910054058025, -58.578565309275604 -34.6329418842806, -58.573824878167436 -34.63491082034172))",6.25,6.25,46.8567,25.1809,40.0,36.9626,42.5105,64.0625,33.6806,32.6,22.22,113,113,CENTRALIDAD_ESTRUCTURAL_BAJA,CENTRALIDAD_ESTRUCTURAL_BAJA,-30.71,63.0374,CENTRALIDAD_SECUNDARIA,3.75,136,6.25,36.9626,42.5105,64.0625,BAJO,MUY_BAJO,BAJO,MEDIO,ALTO,MUY_BAJO,PRIORIDAD_BAJA,CENTRALIDAD_LOCAL,CONECTIVIDAD,CONECTIVIDAD,PERFIL_EQUILIBRADO,113,136,MANTENER_Y_OPTIMIZAR,93.75,57.4895,35.9375,66.3194,55.69595,20.930190000000003,IMPACTO_BAJO,56.722745,MEDIA,35.129144,PRIORIDAD_BAJA,MEJORAR_INTEGRACION_TERRITORIAL,La integración territorial presenta un déficit relevante respecto de las demás dimensiones.,141,52,13,INTEGRACION|INFRAESTRUCTURA|INTERMODALIDAD,BAJO_DESEMPEÑO_ESTRUCTURAL,INTEGRACION_TERRITORIAL,ESCENARIO_ESTRUCTURAL,10+ AÑOS,FASE_4,PRIORIDAD_4_BAJA,INTERVENCION_ESTRUCTURAL_MEDIA,DEMANDA | INTEGRACION_TERRITORIAL | INFRAESTRUCTURA,Reducir déficits de integración territorial y mejorar la articulación de la centralidad con su entorno.,"Centralidad clasificada como CENTRALIDAD_LOCAL, con diagnóstico BAJO_DESEMPEÑO_ESTRUCTURAL. Presenta demanda estructural de 6.25, soporte de infraestructura de 36.96, déficit estructural promedio de 55.70 y score de prioridad territorial de 35.13. La intervención recomendada es MEJORAR_INTEGRACION_TERRITORIAL.",36.238341049999995,141,52,26,AMBA-P141,AMBAC-135,BAJA,ALTA,MEDIA,MEDIA,ALTA,DEFICIT_ESTRUCTURAL_MEDIO,0.3419730448235936,0.3258000128079631,0.3322692256142153,CONECTIVIDAD,AMBA-E002,54.190890610285415,ESCENARIO_ESTRATEGICO,PRIORIDAD_3_MEDIA,ESCENARIO_ESTRATEGICO,CONECTIVIDAD,PRIORIDAD_3_MEDIA,3,53.952995705743206,PRIORIDAD_3_MEDIA,INTERVENCION_PROGRAMADA,37.849913208420595
143,1,10,20,40,1,1,2,AUTOBUS|FERROCARRIL,2,1,0,1,0,0,AUTOBUS|FERROCARRIL,2,1,0,1,0,0,AUTOBUS|FERROCARRIL,2,1,0,1,0,0,50.92958178940651,25.464790894703256,12.732395447351628,0.005165289256198347,0.3852407435141075,0.12590471182995822,0.4,1,0,0,0.3177714135489874,26.71,SOPORTE_FISICO_BAJO,84,MONOMODAL,50.0,1.3888888888888888,1.3888888888888888,69.44444444444444,46.18055555555556,50.34722222222222,130,143,130,13,70.0,INTERMODALIDAD_MEDIA,16,"POLYGON ((-58.53740635872397 -34.50864221522088, -58.533414126780904 -34.50676106869273, -58.53416319881493 -34.50290989302545, -58.53890437100528 -34.50093996877974, -58.54289636234814 -34.50282121869935, -58.542147422104655 -34.50667228946457, -58.53740635872397 -34.50864221522088))",1.3888888888888888,1.3888888888888888,36.8507,12.5905,40.0,28.6814,39.3629,66.2326,31.5972,28.55,13.89,125,125,CENTRALIDAD_ESTRUCTURAL_BAJA,CENTRALIDAD_ESTRUCTURAL_MUY_BAJA,-27.29,71.3186,CENTRALIDAD_SECUNDARIA,0.83,143,1.3888888888888888,28.6814,39.3629,66.2326,BAJO,MUY_BAJO,BAJO,BAJO,ALTO,MUY_BAJO,PRIORIDAD_BAJA,CENTRALIDAD_LOCAL,INTEGRACION,CONECTIVIDAD,PERFIL_EQUILIBRADO,125,143,MANTENER_Y_OPTIMIZAR,98.61111111111111,60.6371,33.767399999999995,68.4028,58.531475,16.567739444444445,IMPACTO_BAJO,60.700615,ALTA,34.24366116666666,PRIORIDAD_BAJA,MEJORAR_INTEGRACION_TERRITORIAL,La integración territorial presenta un déficit relevante respecto de las demás dimensiones.,142,53,14,INFRAESTRUCTURA|INTEGRACION|INTERMODALIDAD,BAJO_DESEMPEÑO_ESTRUCTURAL,INTEGRACION_TERRITORIAL,ESCENARIO_MEDIANO_PLAZO,5-10 AÑOS,FASE_3,PRIORIDAD_4_BAJA,INTERVENCION_ESTRUCTURAL_MEDIA,DEMANDA | INFRAESTRUCTURA | INTEGRACION_TERRITORIAL,Reducir déficits de integración territorial y mejorar la articulación de la centralidad con su entorno.,"Centralidad clasificada como CENTRALIDAD_LOCAL, con diagnóstico BAJO_DESEMPEÑO_ESTRUCTURAL. Presenta demanda estructural de 1.39, soporte de infraestructura de 28.68, déficit estructural promedio de 58.53 y score de prioridad territorial de 34.24. La intervención recomendada es MEJORAR_INTEGRACION_TERRITORIAL.",35.56081598333333,142,53,80,AMBA-P142,AMBAC-143,BAJA,ALTA,ALTA,MEDIA,ALTA,DEFICIT_ESTRUCTURAL_MEDIO,0.3533722744724745,0.3072892109372097,0.3257224363513156,DEFICIT,AMBA-E001,50.08194960959839,ESCENARIO_DE_NECESIDAD,PRIORIDAD_3_MEDIA,ESCENARIO_DE_NECESIDAD,DEFICIT,PRIORIDAD_3_MEDIA,1,78.9423286344931,PRIORIDAD_2_ALTA,INTERVENCION_PRIORITARIA,75.93742375877676
144,1,12,30,69,0,3,6,AUTOBUS|FERROCARRIL,2,1,0,1,0,0,AUTOBUS|FERROCARRIL,2,1,0,1,0,0,AUTOBUS|FERROCARRIL|TRANVIA,3,1,0,1,0,1,61.11549814728781,38.197186342054884,21.963382146681557,0.007747933884297521,0.4314334042643508,0.25180942365991643,0.4,1,0,0,0.3555428270979749,31.51,SOPORTE_FISICO_BAJO,57,MONOMODAL,50.0,0.6944444444444444,0.6944444444444444,69.44444444444444,46.18055555555556,50.34722222222222,131,144,131,13,70.0,INTERMODALIDAD_MEDIA,16,"POLYGON ((-58.46971457823846 -34.69925038356258, -58.46571842765568 -34.697377305264496, -58.466468807279234 -34.69353927102742, -58.47121520571448 -34.691574418284446, -58.4752111161763 -34.69344759882262, -58.47446086832769 -34.69728552985492, -58.46971457823846 -34.69925038356258))",0.6944444444444444,0.6944444444444444,41.5647,25.1809,40.0,34.8284,42.5105,71.9618,31.3657,31.35,19.44,117,117,CENTRALIDAD_ESTRUCTURAL_BAJA,CENTRALIDAD_ESTRUCTURAL_MUY_BAJA,-34.13,65.1716,CENTRALIDAD_SECUNDARIA,0.42,144,0.6944444444444444,34.8284,42.5105,71.9618,BAJO,MUY_BAJO,BAJO,MEDIO,ALTO,MUY_BAJO,PRIORIDAD_BAJA,CENTRALIDAD_LOCAL,INTEGRACION,CONECTIVIDAD,PERFIL_EQUILIBRADO,117,144,MANTENER_Y_OPTIMIZAR,99.30555555555556,57.4895,28.038200000000003,68.6343,54.8334,17.145902222222222,IMPACTO_BAJO,56.3438,MEDIA,32.697481333333336,PRIORIDAD_BAJA,MEJORAR_INTEGRACION_TERRITORIAL,La integración territorial presenta un déficit relevante respecto de las demás dimensiones.,144,55,16,INTEGRACION|INFRAESTRUCTURA|INTERMODALIDAD,CENTRALIDAD_CONECTIVA,INTEGRACION_TERRITORIAL,ESCENARIO_ESTRUCTURAL,10+ AÑOS,FASE_4,PRIORIDAD_4_BAJA,INTERVENCION_ESTRUCTURAL_MEDIA,DEMANDA | INTEGRACION_TERRITORIAL | INFRAESTRUCTURA,Reducir déficits de integración territorial y mejorar la articulación de la centralidad con su entorno.,"Centralidad clasificada como CENTRALIDAD_LOCAL, con diagnóstico CENTRALIDAD_CONECTIVA. Presenta demanda estructural de 0.69, soporte de infraestructura de 34.83, déficit estructural promedio de 54.83 y score de prioridad territorial de 32.70. La intervención recomendada es MEJORAR_INTEGRACION_TERRITORIAL.",33.91169226666667,143,54,27,AMBA-P143,AMBAC-144,BAJA,ALTA,MEDIA,BAJA,ALTA,DEFICIT_ESTRUCTURAL_MEDIO,0.32024312731210064,0.33738022226389824,0.33052538428317924,CONECTIVIDAD,AMBA-E001,47.93763362098484,ESCENARIO_DE_NECESIDAD,PRIORIDAD_3_MEDIA,ESCENARIO_DE_NECESIDAD,CONECTIVIDAD,PRIORIDAD_4_MEDIA_BAJA,1,78.9423286344931,PRIORIDAD_2_ALTA,INTERVENCION_PRIORITARIA,75.93742375877676
142,1,25,48,128,3,4,11,AUTOBUS|FERROCARRIL,2,1,0,1,0,0,AUTOBUS|FERROCARRIL,2,1,0,1,0,0,AUTOBUS|FERROCARRIL|FLUVIAL|TRANVIA,4,1,0,1,1,1,127.32395447351627,61.11549814728781,40.74366543152521,0.012396694214876033,0.4855760191199227,0.2923416876766772,0.4,1,0,0,0.3677025063030031,34.49,SOPORTE_FISICO_BAJO,40,MONOMODAL,50.0,2.083333333333333,2.083333333333333,69.44444444444444,46.18055555555556,50.34722222222222,128,142,128,14,70.0,INTERMODALIDAD_MEDIA,16,"POLYGON ((-58.49944257697199 -34.658710601213855, -58.49544779952726 -34.65683644647988, -58.49619767008953 -34.652995804230656, -58.50094218629552 -34.65102942034512, -58.504936723366605 -34.65290367763145, -58.504186984609184 -34.656744216242224, -58.49944257697199 -34.658710601213855))",2.083333333333333,2.083333333333333,47.1063,29.2342,40.0,38.431,43.5238,75.7812,31.8287,33.49,25.0,109,109,CENTRALIDAD_ESTRUCTURAL_BAJA,CENTRALIDAD_ESTRUCTURAL_BAJA,-36.35,61.569,CENTRALIDAD_SECUNDARIA,1.25,142,2.083333333333333,38.431,43.5238,75.7812,BAJO,MUY_BAJO,BAJO,MEDIO,ALTO,MUY_BAJO,PRIORIDAD_BAJA,CENTRALIDAD_LOCAL,IMPACTO,CONECTIVIDAD,FUERTE_CONECTIVIDAD,109,142,MANTENER_Y_OPTIMIZAR,97.91666666666667,56.4762,24.2188,68.1713,52.608825,19.063431666666666,IMPACTO_BAJO,53.81610500000001,MEDIA,32.792851500000005,PRIORIDAD_BAJA,MEJORAR_INTEGRACION_TERRITORIAL,La integración territorial presenta un déficit relevante respecto de las demás dimensiones.,143,54,15,INTEGRACION|INFRAESTRUCTURA|INTERMODALIDAD,CENTRALIDAD_CONECTIVA,INTEGRACION_TERRITORIAL,ESCENARIO_ESTRUCTURAL,10+ AÑOS,FASE_4,PRIORIDAD_4_BAJA,INTERVENCION_ESTRUCTURAL_MEDIA,DEMANDA | INTEGRACION_TERRITORIAL | INFRAESTRUCTURA,Reducir déficits de integración territorial y mejorar la articulación de la centralidad con su entorno.,"Centralidad clasificada como CENTRALIDAD_LOCAL, con diagnóstico CENTRALIDAD_CONECTIVA. Presenta demanda estructural de 2.08, soporte de infraestructura de 38.43, déficit estructural promedio de 52.61 y score de prioridad territorial de 32.79. La intervención recomendada es MEJORAR_INTEGRACION_TERRITORIAL.",33.886926550000005,144,55,28,AMBA-P144,AMBAC-142,BAJA,ALTA,MEDIA,BAJA,ALTA,DEFICIT_ESTRUCTURAL_MEDIO,0.3093597078410672,0.36427482285687696,0.34230877685055305,CONECTIVIDAD,AMBA-E003,47.93763362098484,ESCENARIO_DE_NECESIDAD,PRIORIDAD_3_MEDIA,ESCENARIO_DE_NECESIDAD,CONECTIVIDAD,PRIORIDAD_4_MEDIA_BAJA,4,52.19918466555358,PRIORIDAD_3_MEDIA,INTERVENCION_PROGRAMADA,62.99172403916424
