id_h3,provincia,jurisdiccion,operaciones_totales,categoria_demanda,hora_pico,modo_dominante,metodo_asignacion,distancia_asignacion_m
88c2e31101fffff,Ciudad Autónoma de Buenos Aires,Comuna 1,385544,HOTSPOT_EXTREMO,8,TREN,REPRESENTATIVE_POINT,
88c2e31113fffff,Ciudad Autónoma de Buenos Aires,Comuna 3,187709,HOTSPOT_EXTREMO,17,TREN,REPRESENTATIVE_POINT,
88c2e38ccdfffff,Buenos Aires,Morón,134803,HOTSPOT_EXTREMO,18,COLECTIVO,REPRESENTATIVE_POINT,
88c2e3c6d3fffff,Buenos Aires,Lanús,123220,HOTSPOT_EXTREMO,17,COLECTIVO,REPRESENTATIVE_POINT,
88c2e3ba6bfffff,Buenos Aires,Merlo,113887,HOTSPOT_EXTREMO,18,COLECTIVO,REPRESENTATIVE_POINT,
88c2e3895dfffff,Buenos Aires,Lomas de Zamora,107844,HOTSPOT_EXTREMO,17,TREN,REPRESENTATIVE_POINT,
88c2e31ad1fffff,Ciudad Autónoma de Buenos Aires,Comuna 1,99078,HOTSPOT_EXTREMO,17,TREN,REPRESENTATIVE_POINT,
88c2e312d9fffff,Ciudad Autónoma de Buenos Aires,Comuna 9,95342,HOTSPOT_EXTREMO,7,COLECTIVO,REPRESENTATIVE_POINT,
88c2e3b135fffff,Buenos Aires,Moreno,93481,HOTSPOT_EXTREMO,18,COLECTIVO,REPRESENTATIVE_POINT,
88c2e310adfffff,Ciudad Autónoma de Buenos Aires,Comuna 15,90242,HOTSPOT_EXTREMO,8,TREN,REPRESENTATIVE_POINT,
88c2e31ad7fffff,Ciudad Autónoma de Buenos Aires,Comuna 1,89427,HOTSPOT_EXTREMO,17,TREN,REPRESENTATIVE_POINT,
88c2e3aa11fffff,Buenos Aires,José C. Paz,75833,HOTSPOT_EXTREMO,17,COLECTIVO,REPRESENTATIVE_POINT,
88c2e31183fffff,Ciudad Autónoma de Buenos Aires,Comuna 14,73461,HOTSPOT_EXTREMO,17,COLECTIVO,REPRESENTATIVE_POINT,
88c2e38dc1fffff,Buenos Aires,La Matanza,59427,HOTSPOT_EXTREMO,7,COLECTIVO,REPRESENTATIVE_POINT,
88c2e398a7fffff,Buenos Aires,Esteban Echeverría,58830,HOTSPOT_EXTREMO,18,TREN,REPRESENTATIVE_POINT,
88c2e3c737fffff,Buenos Aires,Quilmes,58414,HOTSPOT_EXTREMO,17,COLECTIVO,REPRESENTATIVE_POINT,
88c2e31317fffff,Ciudad Autónoma de Buenos Aires,Comuna 4,54584,HOTSPOT_EXTREMO,17,COLECTIVO,REPRESENTATIVE_POINT,
88c2e3d513fffff,Buenos Aires,Florencio Varela,50584,HOTSPOT_EXTREMO,18,COLECTIVO,REPRESENTATIVE_POINT,
88c2e31133fffff,Ciudad Autónoma de Buenos Aires,Comuna 1,48707,HOTSPOT_EXTREMO,17,COLECTIVO,REPRESENTATIVE_POINT,
88c2e3b137fffff,Buenos Aires,Moreno,46510,HOTSPOT_EXTREMO,18,COLECTIVO,REPRESENTATIVE_POINT,
88c2e3d699fffff,Buenos Aires,Almirante Brown,44338,HOTSPOT_EXTREMO,17,TREN,REPRESENTATIVE_POINT,
88c2e30243fffff,Ciudad Autónoma de Buenos Aires,Comuna 13,43621,HOTSPOT_EXTREMO,18,COLECTIVO,REPRESENTATIVE_POINT,
88c2e31053fffff,Ciudad Autónoma de Buenos Aires,Comuna 7,42631,HOTSPOT_EXTREMO,17,COLECTIVO,REPRESENTATIVE_POINT,
88c2e31007fffff,Ciudad Autónoma de Buenos Aires,Comuna 6,42080,HOTSPOT_EXTREMO,18,COLECTIVO,REPRESENTATIVE_POINT,
88c2e30219fffff,Ciudad Autónoma de Buenos Aires,Comuna 12,41749,HOTSPOT_EXTREMO,7,COLECTIVO,INTERSECCION_MAYOR_AREA,
88c2e3b997fffff,Buenos Aires,San Miguel,41663,HOTSPOT_EXTREMO,17,COLECTIVO,REPRESENTATIVE_POINT,
88c2e39945fffff,Buenos Aires,Almirante Brown,41188,HOTSPOT_EXTREMO,17,TREN,REPRESENTATIVE_POINT,
88c2e3105bfffff,Ciudad Autónoma de Buenos Aires,Comuna 7,40786,HOTSPOT_EXTREMO,17,COLECTIVO,REPRESENTATIVE_POINT,
88c2e311e1fffff,Ciudad Autónoma de Buenos Aires,Comuna 2,37776,HOTSPOT_EXTREMO,12,COLECTIVO,REPRESENTATIVE_POINT,
88c2e31135fffff,Ciudad Autónoma de Buenos Aires,Comuna 1,37499,HOTSPOT_EXTREMO,17,COLECTIVO,REPRESENTATIVE_POINT,
88c2e389d3fffff,Buenos Aires,Lomas de Zamora,37486,HOTSPOT_EXTREMO,7,COLECTIVO,REPRESENTATIVE_POINT,
88c2e30241fffff,Ciudad Autónoma de Buenos Aires,Comuna 13,36450,HOTSPOT_EXTREMO,17,COLECTIVO,REPRESENTATIVE_POINT,
88c2e31095fffff,Ciudad Autónoma de Buenos Aires,Comuna 12,35838,HOTSPOT_EXTREMO,8,SUBTE,REPRESENTATIVE_POINT,
88c2e2acd3fffff,Buenos Aires,La Plata,35759,HOTSPOT_EXTREMO,13,COLECTIVO,REPRESENTATIVE_POINT,
88c2e311e3fffff,Ciudad Autónoma de Buenos Aires,Comuna 2,35368,HOTSPOT_EXTREMO,16,COLECTIVO,REPRESENTATIVE_POINT,
88c2e31131fffff,Ciudad Autónoma de Buenos Aires,Comuna 1,34898,HOTSPOT_EXTREMO,17,COLECTIVO,REPRESENTATIVE_POINT,
88c2e31addfffff,Ciudad Autónoma de Buenos Aires,Comuna 1,34100,HOTSPOT_EXTREMO,17,COLECTIVO,REPRESENTATIVE_POINT,
88c2e311e5fffff,Ciudad Autónoma de Buenos Aires,Comuna 2,33820,HOTSPOT_EXTREMO,16,COLECTIVO,REPRESENTATIVE_POINT,
88c2e31139fffff,Ciudad Autónoma de Buenos Aires,Comuna 1,33425,HOTSPOT_EXTREMO,17,COLECTIVO,REPRESENTATIVE_POINT,
88c2e39a95fffff,Buenos Aires,Ezeiza,33121,HOTSPOT_EXTREMO,17,TREN,REPRESENTATIVE_POINT,
88c2e311edfffff,Ciudad Autónoma de Buenos Aires,Comuna 1,32433,HOTSPOT_EXTREMO,16,COLECTIVO,REPRESENTATIVE_POINT,
88c2e2ac99fffff,Buenos Aires,La Plata,31695,HOTSPOT_EXTREMO,13,TREN,REPRESENTATIVE_POINT,
88c2e38903fffff,Buenos Aires,Lomas de Zamora,30791,HOTSPOT_EXTREMO,17,TREN,REPRESENTATIVE_POINT,
88c2e31acbfffff,Ciudad Autónoma de Buenos Aires,Comuna 1,30530,HOTSPOT_EXTREMO,17,COLECTIVO,REPRESENTATIVE_POINT,
88c2e3993dfffff,Buenos Aires,Almirante Brown,29884,HOTSPOT_EXTREMO,7,TREN,REPRESENTATIVE_POINT,
88c2e3aa6dfffff,Buenos Aires,San Miguel,29695,HOTSPOT_EXTREMO,17,COLECTIVO,REPRESENTATIVE_POINT,
88c2e31181fffff,Ciudad Autónoma de Buenos Aires,Comuna 14,29476,HOTSPOT_EXTREMO,17,COLECTIVO,REPRESENTATIVE_POINT,
88c2e3c0c3fffff,Buenos Aires,Berazategui,28802,HOTSPOT_EXTREMO,17,TREN,REPRESENTATIVE_POINT,
88c2e3173dfffff,Buenos Aires,General San Martín,28727,HOTSPOT_EXTREMO,17,COLECTIVO,REPRESENTATIVE_POINT,
88c2e31195fffff,Ciudad Autónoma de Buenos Aires,Comuna 14,28446,HOTSPOT_EXTREMO,17,COLECTIVO,REPRESENTATIVE_POINT,
88c2e3a855fffff,Buenos Aires,Malvinas Argentinas,28222,HOTSPOT_EXTREMO,17,TREN,REPRESENTATIVE_POINT,
88c2e311dbfffff,Ciudad Autónoma de Buenos Aires,Comuna 15,27952,HOTSPOT_EXTREMO,17,COLECTIVO,REPRESENTATIVE_POINT,
88c2e385b7fffff,Buenos Aires,Merlo,27808,HOTSPOT_EXTREMO,18,TREN,REPRESENTATIVE_POINT,
88c2e30247fffff,Ciudad Autónoma de Buenos Aires,Comuna 13,27796,HOTSPOT_EXTREMO,17,COLECTIVO,REPRESENTATIVE_POINT,
88c2e3a943fffff,Buenos Aires,Tigre,27723,HOTSPOT_EXTREMO,17,COLECTIVO,REPRESENTATIVE_POINT,
88c2e315d5fffff,Buenos Aires,San Isidro,27680,HOTSPOT_EXTREMO,7,COLECTIVO,REPRESENTATIVE_POINT,
88c2e31185fffff,Ciudad Autónoma de Buenos Aires,Comuna 14,27616,HOTSPOT_EXTREMO,17,COLECTIVO,REPRESENTATIVE_POINT,
88c2e381d5fffff,Buenos Aires,La Matanza,27063,HOTSPOT_EXTREMO,17,TREN,REPRESENTATIVE_POINT,
88c2e38e93fffff,Buenos Aires,Ituzaingó,27032,HOTSPOT_EXTREMO,7,TREN,REPRESENTATIVE_POINT,
88c2e388adfffff,Buenos Aires,Lomas de Zamora,26545,HOTSPOT_EXTREMO,18,COLECTIVO,REPRESENTATIVE_POINT,
88c2e31057fffff,Ciudad Autónoma de Buenos Aires,Comuna 7,26230,HOTSPOT_EXTREMO,17,COLECTIVO,REPRESENTATIVE_POINT,
88c2e3d4ebfffff,Buenos Aires,Almirante Brown,25945,HOTSPOT_EXTREMO,17,COLECTIVO,REPRESENTATIVE_POINT,
88c2e30211fffff,Buenos Aires,Vicente López,25796,HOTSPOT_EXTREMO,16,COLECTIVO,REPRESENTATIVE_POINT,
88c2e311c5fffff,Ciudad Autónoma de Buenos Aires,Comuna 3,25311,HOTSPOT_EXTREMO,17,COLECTIVO,REPRESENTATIVE_POINT,
88c2e3ab59fffff,Buenos Aires,Malvinas Argentinas,25295,HOTSPOT_EXTREMO,6,TREN,REPRESENTATIVE_POINT,
88c2e311a9fffff,Ciudad Autónoma de Buenos Aires,Comuna 2,25169,HOTSPOT_EXTREMO,16,COLECTIVO,REPRESENTATIVE_POINT,
88c2e311c1fffff,Ciudad Autónoma de Buenos Aires,Comuna 5,24339,HOTSPOT_EXTREMO,17,COLECTIVO,REPRESENTATIVE_POINT,
88c2e31ad9fffff,Ciudad Autónoma de Buenos Aires,Comuna 1,24338,HOTSPOT_EXTREMO,18,COLECTIVO,REPRESENTATIVE_POINT,
88c2e31315fffff,Ciudad Autónoma de Buenos Aires,Comuna 4,23936,HOTSPOT_ALTO,7,COLECTIVO,REPRESENTATIVE_POINT,
88c2e31117fffff,Ciudad Autónoma de Buenos Aires,Comuna 3,23775,HOTSPOT_ALTO,18,COLECTIVO,REPRESENTATIVE_POINT,
88c2e311d9fffff,Ciudad Autónoma de Buenos Aires,Comuna 15,23449,HOTSPOT_ALTO,18,COLECTIVO,REPRESENTATIVE_POINT,
88c2e31137fffff,Ciudad Autónoma de Buenos Aires,Comuna 1,23170,HOTSPOT_ALTO,17,SUBTE,REPRESENTATIVE_POINT,
88c2e33745fffff,Buenos Aires,Escobar,22992,HOTSPOT_ALTO,17,COLECTIVO,REPRESENTATIVE_POINT,
88c2e31003fffff,Ciudad Autónoma de Buenos Aires,Comuna 6,22892,HOTSPOT_ALTO,7,COLECTIVO,REPRESENTATIVE_POINT,
88c2e3aecbfffff,Buenos Aires,Pilar,22749,HOTSPOT_ALTO,7,COLECTIVO,REPRESENTATIVE_POINT,
88c2e314b1fffff,Buenos Aires,Tigre,22728,HOTSPOT_ALTO,7,COLECTIVO,REPRESENTATIVE_POINT,
88c2e311cdfffff,Ciudad Autónoma de Buenos Aires,Comuna 3,22490,HOTSPOT_ALTO,17,COLECTIVO,REPRESENTATIVE_POINT,
88c2e31065fffff,Ciudad Autónoma de Buenos Aires,Comuna 4,22431,HOTSPOT_ALTO,7,COLECTIVO,REPRESENTATIVE_POINT,
88c2e38d67fffff,Ciudad Autónoma de Buenos Aires,Comuna 9,22132,HOTSPOT_ALTO,7,COLECTIVO,REPRESENTATIVE_POINT,
88c2e31707fffff,Buenos Aires,General San Martín,22074,HOTSPOT_ALTO,17,COLECTIVO,REPRESENTATIVE_POINT,
88c2e3ae6dfffff,Buenos Aires,Pilar,21731,HOTSPOT_ALTO,18,COLECTIVO,REPRESENTATIVE_POINT,
88c2e315c5fffff,Buenos Aires,San Isidro,21635,HOTSPOT_ALTO,7,COLECTIVO,REPRESENTATIVE_POINT,
88c2e314d3fffff,Buenos Aires,Tigre,21236,HOTSPOT_ALTO,7,COLECTIVO,REPRESENTATIVE_POINT,
88c2e38eb1fffff,Buenos Aires,Morón,20831,HOTSPOT_ALTO,7,TREN,REPRESENTATIVE_POINT,
88c2e3165bfffff,Buenos Aires,Hurlingham,20756,HOTSPOT_ALTO,17,TREN,REPRESENTATIVE_POINT,
88c2e06cd9fffff,Buenos Aires,Presidente Perón,20676,HOTSPOT_ALTO,7,TREN,REPRESENTATIVE_POINT,
88c2e39907fffff,Buenos Aires,Almirante Brown,20645,HOTSPOT_ALTO,17,COLECTIVO,REPRESENTATIVE_POINT,
88c2e3ba19fffff,Buenos Aires,Moreno,20176,HOTSPOT_ALTO,18,TREN,REPRESENTATIVE_POINT,
88c2e3d4a5fffff,Buenos Aires,Almirante Brown,20122,HOTSPOT_ALTO,12,COLECTIVO,REPRESENTATIVE_POINT,
88c2e311ebfffff,Ciudad Autónoma de Buenos Aires,Comuna 2,20055,HOTSPOT_ALTO,18,COLECTIVO,INTERSECCION_MAYOR_AREA,
88c2e31467fffff,Buenos Aires,General San Martín,19980,HOTSPOT_ALTO,17,COLECTIVO,REPRESENTATIVE_POINT,
88c2e311c9fffff,Ciudad Autónoma de Buenos Aires,Comuna 5,19878,HOTSPOT_ALTO,17,COLECTIVO,REPRESENTATIVE_POINT,
88c2e311e9fffff,Ciudad Autónoma de Buenos Aires,Comuna 3,19774,HOTSPOT_ALTO,17,COLECTIVO,REPRESENTATIVE_POINT,
88c2e3c429fffff,Buenos Aires,Quilmes,19752,HOTSPOT_ALTO,17,TREN,REPRESENTATIVE_POINT,
88c2e380ddfffff,Buenos Aires,La Matanza,19674,HOTSPOT_ALTO,18,TREN,REPRESENTATIVE_POINT,
88c2e3ab17fffff,Buenos Aires,Malvinas Argentinas,19644,HOTSPOT_ALTO,18,TREN,REPRESENTATIVE_POINT,
88c2e31325fffff,Buenos Aires,Avellaneda,19640,HOTSPOT_ALTO,17,COLECTIVO,REPRESENTATIVE_POINT,
88c2e38b23fffff,Buenos Aires,Lomas de Zamora,19165,HOTSPOT_ALTO,7,TREN,REPRESENTATIVE_POINT,
88c2e311e7fffff,Ciudad Autónoma de Buenos Aires,Comuna 2,19156,HOTSPOT_ALTO,18,COLECTIVO,REPRESENTATIVE_POINT,
88c2e380ebfffff,Buenos Aires,La Matanza,19146,HOTSPOT_ALTO,6,COLECTIVO,REPRESENTATIVE_POINT,
88c2e38b6bfffff,Buenos Aires,Almirante Brown,19108,HOTSPOT_ALTO,12,TREN,REPRESENTATIVE_POINT,
88c2e3c499fffff,Buenos Aires,Avellaneda,18823,HOTSPOT_ALTO,17,COLECTIVO,REPRESENTATIVE_POINT,
88c2e31159fffff,Ciudad Autónoma de Buenos Aires,Comuna 4,18793,HOTSPOT_ALTO,17,COLECTIVO,REPRESENTATIVE_POINT,
88c2e38d33fffff,Ciudad Autónoma de Buenos Aires,Comuna 9,18283,HOTSPOT_ALTO,17,COLECTIVO,REPRESENTATIVE_POINT,
88c2e38de5fffff,Buenos Aires,Tres de Febrero,18171,HOTSPOT_ALTO,17,COLECTIVO,REPRESENTATIVE_POINT,
88c2e3a845fffff,Buenos Aires,Malvinas Argentinas,18161,HOTSPOT_ALTO,7,TREN,REPRESENTATIVE_POINT,
88c2e38c6dfffff,Buenos Aires,La Matanza,18139,HOTSPOT_ALTO,7,COLECTIVO,REPRESENTATIVE_POINT,
88c2e31115fffff,Ciudad Autónoma de Buenos Aires,Comuna 1,18104,HOTSPOT_ALTO,17,COLECTIVO,REPRESENTATIVE_POINT,
88c2e311abfffff,Ciudad Autónoma de Buenos Aires,Comuna 14,18094,HOTSPOT_ALTO,16,COLECTIVO,REPRESENTATIVE_POINT,
88c2e3d5a7fffff,Buenos Aires,Florencio Varela,18039,HOTSPOT_ALTO,7,COLECTIVO,INTERSECCION_MAYOR_AREA,
88c2e3d4d5fffff,Buenos Aires,Almirante Brown,17976,HOTSPOT_ALTO,17,COLECTIVO,REPRESENTATIVE_POINT,
88c2e3176dfffff,Ciudad Autónoma de Buenos Aires,Comuna 11,17621,HOTSPOT_ALTO,8,TREN,REPRESENTATIVE_POINT,
88c2e38c33fffff,Buenos Aires,Morón,17407,HOTSPOT_ALTO,18,TREN,REPRESENTATIVE_POINT,
88c2e31193fffff,Ciudad Autónoma de Buenos Aires,Comuna 14,17375,HOTSPOT_ALTO,17,COLECTIVO,REPRESENTATIVE_POINT,
88c2e3db25fffff,Buenos Aires,La Plata,16988,HOTSPOT_ALTO,15,COLECTIVO,REPRESENTATIVE_POINT,
88c2e3111dfffff,Ciudad Autónoma de Buenos Aires,Comuna 3,16956,HOTSPOT_ALTO,8,COLECTIVO,REPRESENTATIVE_POINT,
88c2e311cbfffff,Ciudad Autónoma de Buenos Aires,Comuna 5,16889,HOTSPOT_ALTO,16,COLECTIVO,REPRESENTATIVE_POINT,
88c2e3111bfffff,Ciudad Autónoma de Buenos Aires,Comuna 3,16733,HOTSPOT_ALTO,12,COLECTIVO,REPRESENTATIVE_POINT,
88c2e312b7fffff,Ciudad Autónoma de Buenos Aires,Comuna 11,16702,HOTSPOT_ALTO,8,TREN,REPRESENTATIVE_POINT,
88c2e310e9fffff,Ciudad Autónoma de Buenos Aires,Comuna 15,16612,HOTSPOT_ALTO,17,COLECTIVO,REPRESENTATIVE_POINT,
88c2e3113dfffff,Ciudad Autónoma de Buenos Aires,Comuna 1,16207,HOTSPOT_ALTO,17,COLECTIVO,REPRESENTATIVE_POINT,
88c2e31105fffff,Ciudad Autónoma de Buenos Aires,Comuna 1,16199,HOTSPOT_ALTO,16,COLECTIVO,REPRESENTATIVE_POINT,
88c2e38c65fffff,Buenos Aires,La Matanza,15972,HOTSPOT_ALTO,12,COLECTIVO,REPRESENTATIVE_POINT,
88c2e3024dfffff,Ciudad Autónoma de Buenos Aires,Comuna 13,15956,HOTSPOT_ALTO,16,COLECTIVO,REPRESENTATIVE_POINT,
88c2e3026bfffff,Ciudad Autónoma de Buenos Aires,Comuna 13,15879,HOTSPOT_ALTO,16,COLECTIVO,REPRESENTATIVE_POINT,
88c2e3aed5fffff,Buenos Aires,Pilar,15727,HOTSPOT_ALTO,17,COLECTIVO,REPRESENTATIVE_POINT,
88c2e31191fffff,Ciudad Autónoma de Buenos Aires,Comuna 14,15560,HOTSPOT_ALTO,17,TREN,REPRESENTATIVE_POINT,
88c2e38d07fffff,Ciudad Autónoma de Buenos Aires,Comuna 9,15549,HOTSPOT_ALTO,17,COLECTIVO,REPRESENTATIVE_POINT,
88c2e380e3fffff,Buenos Aires,La Matanza,15459,HOTSPOT_ALTO,18,COLECTIVO,REPRESENTATIVE_POINT,
88c2e06525fffff,Buenos Aires,San Vicente,15452,HOTSPOT_ALTO,6,TREN,REPRESENTATIVE_POINT,
88c2e2acd1fffff,Buenos Aires,La Plata,15186,HOTSPOT_ALTO,12,COLECTIVO,REPRESENTATIVE_POINT,
88c2e30447fffff,Buenos Aires,San Fernando,15042,HOTSPOT_ALTO,17,COLECTIVO,REPRESENTATIVE_POINT,
88c2e38f33fffff,Buenos Aires,La Matanza,14870,HOTSPOT_ALTO,18,COLECTIVO,REPRESENTATIVE_POINT,
88c2e3113bfffff,Ciudad Autónoma de Buenos Aires,Comuna 1,14841,HOTSPOT_ALTO,12,COLECTIVO,REPRESENTATIVE_POINT,
88c2e31407fffff,Buenos Aires,General San Martín,14688,HOTSPOT_ALTO,7,TREN,REPRESENTATIVE_POINT,
88c2e3b5e9fffff,Buenos Aires,General Rodríguez,14632,HOTSPOT_ALTO,12,COLECTIVO,REPRESENTATIVE_POINT,
88c2e3102dfffff,Ciudad Autónoma de Buenos Aires,Comuna 5,14600,HOTSPOT_ALTO,7,COLECTIVO,REPRESENTATIVE_POINT,
88c2e3112bfffff,Ciudad Autónoma de Buenos Aires,Comuna 1,14469,HOTSPOT_ALTO,17,COLECTIVO,REPRESENTATIVE_POINT,
88c2e31adbfffff,Ciudad Autónoma de Buenos Aires,Comuna 1,14422,HOTSPOT_ALTO,17,COLECTIVO,REPRESENTATIVE_POINT,
88c2e3c72dfffff,Buenos Aires,Quilmes,14387,HOTSPOT_ALTO,7,TREN,REPRESENTATIVE_POINT,
88c2e3022bfffff,Ciudad Autónoma de Buenos Aires,Comuna 13,14339,HOTSPOT_ALTO,21,COLECTIVO,REPRESENTATIVE_POINT,
88c2e31187fffff,Ciudad Autónoma de Buenos Aires,Comuna 14,14180,HOTSPOT_ALTO,16,COLECTIVO,REPRESENTATIVE_POINT,
88c2e30249fffff,Ciudad Autónoma de Buenos Aires,Comuna 13,14046,HOTSPOT_ALTO,16,TREN,REPRESENTATIVE_POINT,
88c2e3175bfffff,Buenos Aires,Tres de Febrero,14022,HOTSPOT_ALTO,17,TREN,REPRESENTATIVE_POINT,
88c2e3a921fffff,Buenos Aires,Tigre,14016,HOTSPOT_ALTO,12,COLECTIVO,REPRESENTATIVE_POINT,
88c2e312e7fffff,Ciudad Autónoma de Buenos Aires,Comuna 10,14000,HOTSPOT_ALTO,16,TREN,REPRESENTATIVE_POINT,
88c2e3103dfffff,Ciudad Autónoma de Buenos Aires,Comuna 6,13939,HOTSPOT_ALTO,17,COLECTIVO,REPRESENTATIVE_POINT,
88c2e31321fffff,Buenos Aires,Avellaneda,13900,HOTSPOT_ALTO,8,TREN,REPRESENTATIVE_POINT,
88c2e30761fffff,Buenos Aires,San Isidro,13831,HOTSPOT_ALTO,17,COLECTIVO,REPRESENTATIVE_POINT,
88c2e3aa69fffff,Buenos Aires,San Miguel,13827,HOTSPOT_ALTO,15,COLECTIVO,REPRESENTATIVE_POINT,
88c2e38aabfffff,Buenos Aires,Esteban Echeverría,13762,HOTSPOT_ALTO,6,COLECTIVO,REPRESENTATIVE_POINT,
88c2e3c6edfffff,Buenos Aires,Lanús,13754,HOTSPOT_ALTO,7,COLECTIVO,REPRESENTATIVE_POINT,
88c2e3b9e3fffff,Buenos Aires,San Miguel,13745,HOTSPOT_ALTO,17,COLECTIVO,REPRESENTATIVE_POINT,
88c2e39889fffff,Buenos Aires,Esteban Echeverría,13740,HOTSPOT_ALTO,7,TREN,REPRESENTATIVE_POINT,
88c2e3d5c5fffff,Buenos Aires,Florencio Varela,13694,HOTSPOT_ALTO,12,COLECTIVO,REPRESENTATIVE_POINT,
88c2e3891dfffff,Buenos Aires,Lomas de Zamora,13504,HOTSPOT_ALTO,17,COLECTIVO,REPRESENTATIVE_POINT,
88c2e31151fffff,Ciudad Autónoma de Buenos Aires,Comuna 4,13489,HOTSPOT_ALTO,17,COLECTIVO,REPRESENTATIVE_POINT,
88c2e3a8e1fffff,Buenos Aires,Malvinas Argentinas,13311,HOTSPOT_ALTO,17,COLECTIVO,REPRESENTATIVE_POINT,
88c2e31037fffff,Ciudad Autónoma de Buenos Aires,Comuna 6,13277,HOTSPOT_ALTO,16,COLECTIVO,REPRESENTATIVE_POINT,
88c2e38db3fffff,Buenos Aires,Tres de Febrero,12990,HOTSPOT_ALTO,17,TREN,REPRESENTATIVE_POINT,
88c2e31587fffff,Buenos Aires,San Isidro,12952,HOTSPOT_ALTO,17,COLECTIVO,REPRESENTATIVE_POINT,
88c2e3040bfffff,Buenos Aires,Tigre,12692,HOTSPOT_ALTO,17,COLECTIVO,REPRESENTATIVE_POINT,
88c2e31103fffff,Ciudad Autónoma de Buenos Aires,Comuna 1,12688,HOTSPOT_ALTO,12,COLECTIVO,REPRESENTATIVE_POINT,
88c2e3aa17fffff,Buenos Aires,José C. Paz,12684,HOTSPOT_ALTO,18,COLECTIVO,REPRESENTATIVE_POINT,
88c2e311c3fffff,Ciudad Autónoma de Buenos Aires,Comuna 5,12663,HOTSPOT_ALTO,17,COLECTIVO,REPRESENTATIVE_POINT,
88c2e3100bfffff,Ciudad Autónoma de Buenos Aires,Comuna 6,12583,HOTSPOT_ALTO,17,COLECTIVO,REPRESENTATIVE_POINT,
88c2e3154dfffff,Buenos Aires,General San Martín,12578,HOTSPOT_ALTO,17,COLECTIVO,REPRESENTATIVE_POINT,
88c2e31087fffff,Ciudad Autónoma de Buenos Aires,Comuna 15,12453,HOTSPOT_ALTO,16,COLECTIVO,REPRESENTATIVE_POINT,
88c2e38c61fffff,Buenos Aires,La Matanza,12449,HOTSPOT_ALTO,12,COLECTIVO,REPRESENTATIVE_POINT,
88c2e30711fffff,Buenos Aires,San Fernando,12362,HOTSPOT_ALTO,7,COLECTIVO,REPRESENTATIVE_POINT,
88c2e3129bfffff,Ciudad Autónoma de Buenos Aires,Comuna 10,12238,HOTSPOT_ALTO,8,COLECTIVO,REPRESENTATIVE_POINT,
88c2e31767fffff,Ciudad Autónoma de Buenos Aires,Comuna 11,12231,HOTSPOT_ALTO,17,COLECTIVO,REPRESENTATIVE_POINT,
88c2e31023fffff,Ciudad Autónoma de Buenos Aires,Comuna 5,12208,HOTSPOT_ALTO,13,COLECTIVO,REPRESENTATIVE_POINT,
88c2e3131dfffff,Ciudad Autónoma de Buenos Aires,Comuna 4,12141,HOTSPOT_ALTO,7,COLECTIVO,INTERSECCION_MAYOR_AREA,
88c2e30763fffff,Buenos Aires,San Isidro,11933,HOTSPOT_ALTO,12,COLECTIVO,REPRESENTATIVE_POINT,
88c2e31031fffff,Ciudad Autónoma de Buenos Aires,Comuna 6,11928,HOTSPOT_ALTO,8,COLECTIVO,REPRESENTATIVE_POINT,
88c2e3028dfffff,Buenos Aires,Vicente López,11884,HOTSPOT_ALTO,16,COLECTIVO,REPRESENTATIVE_POINT,
88c2e311adfffff,Ciudad Autónoma de Buenos Aires,Comuna 2,11864,HOTSPOT_ALTO,17,COLECTIVO,REPRESENTATIVE_POINT,
88c2e31119fffff,Ciudad Autónoma de Buenos Aires,Comuna 3,11749,HOTSPOT_ALTO,16,COLECTIVO,REPRESENTATIVE_POINT,
88c2e31663fffff,Buenos Aires,Tres de Febrero,11633,HOTSPOT_ALTO,17,TREN,REPRESENTATIVE_POINT,
88c2e3c559fffff,Buenos Aires,Quilmes,11553,HOTSPOT_ALTO,17,COLECTIVO,REPRESENTATIVE_POINT,
88c2e3d6d7fffff,Buenos Aires,Almirante Brown,11547,HOTSPOT_ALTO,18,COLECTIVO,REPRESENTATIVE_POINT,
88c2e31005fffff,Ciudad Autónoma de Buenos Aires,Comuna 6,11536,HOTSPOT_ALTO,17,COLECTIVO,REPRESENTATIVE_POINT,
88c2e310b9fffff,Ciudad Autónoma de Buenos Aires,Comuna 12,11355,HOTSPOT_ALTO,17,COLECTIVO,REPRESENTATIVE_POINT,
88c2e38db1fffff,Buenos Aires,Tres de Febrero,11294,HOTSPOT_ALTO,17,COLECTIVO,REPRESENTATIVE_POINT,
88c2e3125dfffff,Ciudad Autónoma de Buenos Aires,Comuna 8,11286,HOTSPOT_ALTO,7,COLECTIVO,REPRESENTATIVE_POINT,
88c2e30269fffff,Ciudad Autónoma de Buenos Aires,Comuna 14,11283,HOTSPOT_ALTO,17,COLECTIVO,REPRESENTATIVE_POINT,
88c2e3c41dfffff,Buenos Aires,Avellaneda,11283,HOTSPOT_ALTO,7,COLECTIVO,REPRESENTATIVE_POINT,
88c2e38de1fffff,Buenos Aires,Tres de Febrero,11018,HOTSPOT_ALTO,7,TREN,REPRESENTATIVE_POINT,
88c2e31025fffff,Ciudad Autónoma de Buenos Aires,Comuna 3,10831,HOTSPOT_ALTO,16,COLECTIVO,REPRESENTATIVE_POINT,
88c2e38943fffff,Buenos Aires,Lomas de Zamora,10803,HOTSPOT_ALTO,16,COLECTIVO,REPRESENTATIVE_POINT,
88c2e31155fffff,Ciudad Autónoma de Buenos Aires,Comuna 4,10772,HOTSPOT_ALTO,16,COLECTIVO,REPRESENTATIVE_POINT,
88c2e3c243fffff,Buenos Aires,Florencio Varela,10766,HOTSPOT_ALTO,7,COLECTIVO,REPRESENTATIVE_POINT,
88c2e3164dfffff,Buenos Aires,Morón,10715,HOTSPOT_ALTO,17,COLECTIVO,REPRESENTATIVE_POINT,
88c2e31369fffff,Buenos Aires,Lanús,10691,HOTSPOT_ALTO,7,COLECTIVO,REPRESENTATIVE_POINT,
88c2e31237fffff,Ciudad Autónoma de Buenos Aires,Comuna 7,10677,HOTSPOT_ALTO,17,COLECTIVO,REPRESENTATIVE_POINT,
88c2e3c4c3fffff,Buenos Aires,Avellaneda,10633,HOTSPOT_ALTO,7,COLECTIVO,REPRESENTATIVE_POINT,
88c2e3104bfffff,Ciudad Autónoma de Buenos Aires,Comuna 7,10612,HOTSPOT_ALTO,7,COLECTIVO,REPRESENTATIVE_POINT,
88c2e3aa15fffff,Buenos Aires,José C. Paz,10425,HOTSPOT_ALTO,12,COLECTIVO,REPRESENTATIVE_POINT,
88c2e3894bfffff,Buenos Aires,Lomas de Zamora,10299,HOTSPOT_ALTO,17,COLECTIVO,REPRESENTATIVE_POINT,
88c2e31029fffff,Ciudad Autónoma de Buenos Aires,Comuna 5,10290,HOTSPOT_ALTO,8,COLECTIVO,REPRESENTATIVE_POINT,
88c2e30255fffff,Ciudad Autónoma de Buenos Aires,Comuna 13,10207,HOTSPOT_ALTO,18,COLECTIVO,REPRESENTATIVE_POINT,
88c2e38a3dfffff,Buenos Aires,Esteban Echeverría,10051,HOTSPOT_ALTO,18,COLECTIVO,REPRESENTATIVE_POINT,
88c2e3102bfffff,Ciudad Autónoma de Buenos Aires,Comuna 5,9856,HOTSPOT_ALTO,17,COLECTIVO,REPRESENTATIVE_POINT,
88c2e310a5fffff,Ciudad Autónoma de Buenos Aires,Comuna 13,9796,HOTSPOT_ALTO,16,COLECTIVO,REPRESENTATIVE_POINT,
88c2e380d9fffff,Buenos Aires,La Matanza,9751,HOTSPOT_ALTO,18,COLECTIVO,REPRESENTATIVE_POINT,
88c2e3aa65fffff,Buenos Aires,San Miguel,9687,HOTSPOT_ALTO,17,COLECTIVO,REPRESENTATIVE_POINT,
88c2e38933fffff,Buenos Aires,Lanús,9635,HOTSPOT_ALTO,8,TREN,REPRESENTATIVE_POINT,
88c2e31027fffff,Ciudad Autónoma de Buenos Aires,Comuna 5,9538,HOTSPOT_ALTO,8,COLECTIVO,REPRESENTATIVE_POINT,
88c2e310c9fffff,Ciudad Autónoma de Buenos Aires,Comuna 11,9519,HOTSPOT_ALTO,8,COLECTIVO,REPRESENTATIVE_POINT,
88c2e3af2bfffff,Buenos Aires,Pilar,9508,HOTSPOT_ALTO,7,COLECTIVO,REPRESENTATIVE_POINT,
88c2e30257fffff,Ciudad Autónoma de Buenos Aires,Comuna 12,9490,HOTSPOT_ALTO,8,COLECTIVO,REPRESENTATIVE_POINT,
88c2e312a7fffff,Ciudad Autónoma de Buenos Aires,Comuna 11,9409,HOTSPOT_ALTO,7,COLECTIVO,REPRESENTATIVE_POINT,
88c2e310ddfffff,Ciudad Autónoma de Buenos Aires,Comuna 11,9404,HOTSPOT_ALTO,16,COLECTIVO,REPRESENTATIVE_POINT,
88c2e3c55dfffff,Buenos Aires,Quilmes,9378,HOTSPOT_ALTO,13,COLECTIVO,REPRESENTATIVE_POINT,
88c2e3110bfffff,Ciudad Autónoma de Buenos Aires,Comuna 1,9371,HOTSPOT_ALTO,8,COLECTIVO,REPRESENTATIVE_POINT,
88c2e3114dfffff,Ciudad Autónoma de Buenos Aires,Comuna 4,9237,HOTSPOT_ALTO,17,COLECTIVO,REPRESENTATIVE_POINT,
88c2e311d5fffff,Ciudad Autónoma de Buenos Aires,Comuna 14,9201,HOTSPOT_ALTO,16,COLECTIVO,REPRESENTATIVE_POINT,
88c2e311c7fffff,Ciudad Autónoma de Buenos Aires,Comuna 5,9160,HOTSPOT_ALTO,8,COLECTIVO,REPRESENTATIVE_POINT,
88c2e3103bfffff,Ciudad Autónoma de Buenos Aires,Comuna 6,8936,HOTSPOT_ALTO,18,COLECTIVO,REPRESENTATIVE_POINT,
88c2e311bbfffff,Ciudad Autónoma de Buenos Aires,Comuna 14,8885,HOTSPOT_ALTO,17,COLECTIVO,REPRESENTATIVE_POINT,
88c2e38c67fffff,Buenos Aires,La Matanza,8849,HOTSPOT_ALTO,11,COLECTIVO,REPRESENTATIVE_POINT,
88c2e38a6dfffff,Buenos Aires,Esteban Echeverría,8840,HOTSPOT_ALTO,7,TREN,REPRESENTATIVE_POINT,
88c2e38e11fffff,Buenos Aires,La Matanza,8838,HOTSPOT_ALTO,7,COLECTIVO,REPRESENTATIVE_POINT,
88c2e3b88dfffff,Buenos Aires,Moreno,8828,HOTSPOT_ALTO,6,COLECTIVO,REPRESENTATIVE_POINT,
88c2e30767fffff,Buenos Aires,San Isidro,8779,HOTSPOT_ALTO,17,TREN,REPRESENTATIVE_POINT,
88c2e3c4d7fffff,Buenos Aires,Avellaneda,8759,HOTSPOT_ALTO,7,COLECTIVO,REPRESENTATIVE_POINT,
88c2e30621fffff,Buenos Aires,San Fernando,8713,HOTSPOT_ALTO,7,COLECTIVO,REPRESENTATIVE_POINT,
88c2e31751fffff,Buenos Aires,General San Martín,8623,HOTSPOT_ALTO,7,TREN,REPRESENTATIVE_POINT,
88c2e30215fffff,Ciudad Autónoma de Buenos Aires,Comuna 13,8610,HOTSPOT_ALTO,17,COLECTIVO,INTERSECCION_MAYOR_AREA,
88c2e312a5fffff,Ciudad Autónoma de Buenos Aires,Comuna 7,8581,HOTSPOT_ALTO,17,COLECTIVO,REPRESENTATIVE_POINT,
88c2e31539fffff,Buenos Aires,Vicente López,8514,HOTSPOT_ALTO,7,TREN,REPRESENTATIVE_POINT,
88c2e3110dfffff,Ciudad Autónoma de Buenos Aires,Comuna 4,8508,HOTSPOT_ALTO,17,COLECTIVO,REPRESENTATIVE_POINT,
88c2e3ac13fffff,Buenos Aires,Pilar,8491,HOTSPOT_ALTO,7,COLECTIVO,REPRESENTATIVE_POINT,
88c2e31197fffff,Ciudad Autónoma de Buenos Aires,Comuna 14,8478,HOTSPOT_ALTO,17,COLECTIVO,REPRESENTATIVE_POINT,
88c2e31033fffff,Ciudad Autónoma de Buenos Aires,Comuna 15,8429,HOTSPOT_ALTO,16,COLECTIVO,REPRESENTATIVE_POINT,
88c2e302c5fffff,Buenos Aires,Vicente López,8422,HOTSPOT_ALTO,16,COLECTIVO,REPRESENTATIVE_POINT,
88c2e3d5d3fffff,Buenos Aires,Quilmes,8410,HOTSPOT_ALTO,7,COLECTIVO,INTERSECCION_MAYOR_AREA,
88c2e38ae7fffff,Buenos Aires,Esteban Echeverría,8334,HOTSPOT_ALTO,7,COLECTIVO,REPRESENTATIVE_POINT,
88c2e31061fffff,Ciudad Autónoma de Buenos Aires,Comuna 5,8334,HOTSPOT_ALTO,7,COLECTIVO,REPRESENTATIVE_POINT,
88c2e3889dfffff,Buenos Aires,La Matanza,8314,HOTSPOT_ALTO,12,COLECTIVO,REPRESENTATIVE_POINT,
88c2e31529fffff,Buenos Aires,Vicente López,8304,HOTSPOT_ALTO,17,COLECTIVO,REPRESENTATIVE_POINT,
88c2e31161fffff,Ciudad Autónoma de Buenos Aires,Comuna 4,8288,HOTSPOT_ALTO,7,COLECTIVO,INTERSECCION_MAYOR_AREA,
88c2e312ebfffff,Ciudad Autónoma de Buenos Aires,Comuna 10,8209,HOTSPOT_ALTO,17,COLECTIVO,REPRESENTATIVE_POINT,
88c2e3118dfffff,Ciudad Autónoma de Buenos Aires,Comuna 2,8201,HOTSPOT_ALTO,7,COLECTIVO,REPRESENTATIVE_POINT,
88c2e38b61fffff,Buenos Aires,Almirante Brown,8192,HOTSPOT_ALTO,12,COLECTIVO,REPRESENTATIVE_POINT,
88c2e30205fffff,Ciudad Autónoma de Buenos Aires,Comuna 13,8144,HOTSPOT_ALTO,8,TREN,REPRESENTATIVE_POINT,
88c2e31145fffff,Ciudad Autónoma de Buenos Aires,Comuna 4,8076,HOTSPOT_ALTO,17,COLECTIVO,REPRESENTATIVE_POINT,
88c2e3890bfffff,Buenos Aires,Lomas de Zamora,8058,HOTSPOT_ALTO,17,COLECTIVO,REPRESENTATIVE_POINT,
88c2e310c5fffff,Ciudad Autónoma de Buenos Aires,Comuna 11,8039,HOTSPOT_ALTO,8,COLECTIVO,REPRESENTATIVE_POINT,
88c2e310d9fffff,Ciudad Autónoma de Buenos Aires,Comuna 11,8007,HOTSPOT_ALTO,8,COLECTIVO,REPRESENTATIVE_POINT,
88c2e312c7fffff,Ciudad Autónoma de Buenos Aires,Comuna 10,7952,HOTSPOT_ALTO,8,TREN,REPRESENTATIVE_POINT,
88c2e38c95fffff,Buenos Aires,Hurlingham,7945,HOTSPOT_ALTO,12,COLECTIVO,REPRESENTATIVE_POINT,
88c2e3119bfffff,Ciudad Autónoma de Buenos Aires,Comuna 13,7855,HOTSPOT_ALTO,8,COLECTIVO,REPRESENTATIVE_POINT,
88c2e3116bfffff,Ciudad Autónoma de Buenos Aires,Comuna 4,7835,HOTSPOT_ALTO,16,COLECTIVO,REPRESENTATIVE_POINT,
88c2e3ab2bfffff,Buenos Aires,Malvinas Argentinas,7816,HOTSPOT_ALTO,7,TREN,REPRESENTATIVE_POINT,
88c2e388b3fffff,Buenos Aires,La Matanza,7794,HOTSPOT_ALTO,7,TREN,REPRESENTATIVE_POINT,
88c2e31051fffff,Ciudad Autónoma de Buenos Aires,Comuna 7,7787,HOTSPOT_ALTO,17,COLECTIVO,REPRESENTATIVE_POINT,
88c2e31221fffff,Ciudad Autónoma de Buenos Aires,Comuna 8,7764,HOTSPOT_ALTO,7,COLECTIVO,REPRESENTATIVE_POINT,
88c2e31109fffff,Ciudad Autónoma de Buenos Aires,Comuna 4,7736,HOTSPOT_ALTO,8,COLECTIVO,REPRESENTATIVE_POINT,
88c2e389dbfffff,Buenos Aires,Lomas de Zamora,7733,HOTSPOT_ALTO,7,COLECTIVO,REPRESENTATIVE_POINT,
88c2e31745fffff,Buenos Aires,Tres de Febrero,7714,HOTSPOT_ALTO,6,TREN,REPRESENTATIVE_POINT,
88c2e31739fffff,Buenos Aires,General San Martín,7695,HOTSPOT_ALTO,17,COLECTIVO,REPRESENTATIVE_POINT,
88c2e31147fffff,Ciudad Autónoma de Buenos Aires,Comuna 4,7657,HOTSPOT_ALTO,17,COLECTIVO,REPRESENTATIVE_POINT,
88c2e31167fffff,Ciudad Autónoma de Buenos Aires,Comuna 4,7645,HOTSPOT_ALTO,7,COLECTIVO,REPRESENTATIVE_POINT,
88c2e3d437fffff,Buenos Aires,Florencio Varela,7640,HOTSPOT_ALTO,7,TREN,REPRESENTATIVE_POINT,
88c2e38e63fffff,Buenos Aires,La Matanza,7639,HOTSPOT_ALTO,12,COLECTIVO,REPRESENTATIVE_POINT,
88c2e311d7fffff,Ciudad Autónoma de Buenos Aires,Comuna 14,7637,HOTSPOT_ALTO,16,COLECTIVO,REPRESENTATIVE_POINT,
88c2e311ddfffff,Ciudad Autónoma de Buenos Aires,Comuna 15,7633,HOTSPOT_ALTO,17,COLECTIVO,REPRESENTATIVE_POINT,
88c2e31291fffff,Ciudad Autónoma de Buenos Aires,Comuna 11,7593,HOTSPOT_ALTO,17,COLECTIVO,REPRESENTATIVE_POINT,
88c2e302dbfffff,Buenos Aires,San Isidro,7553,HOTSPOT_ALTO,17,COLECTIVO,REPRESENTATIVE_POINT,
88c2e302bbfffff,Buenos Aires,San Isidro,7522,HOTSPOT_ALTO,16,COLECTIVO,REPRESENTATIVE_POINT,
88c2e3c4d1fffff,Buenos Aires,Avellaneda,7485,HOTSPOT_ALTO,12,COLECTIVO,REPRESENTATIVE_POINT,
88c2e30213fffff,Buenos Aires,Vicente López,7420,HOTSPOT_ALTO,17,COLECTIVO,REPRESENTATIVE_POINT,
88c2e3a123fffff,Buenos Aires,José C. Paz,7369,HOTSPOT_ALTO,7,COLECTIVO,REPRESENTATIVE_POINT,
88c2e3021dfffff,Ciudad Autónoma de Buenos Aires,Comuna 13,7315,HOTSPOT_ALTO,17,COLECTIVO,REPRESENTATIVE_POINT,
88c2e3a8cbfffff,Buenos Aires,Malvinas Argentinas,7278,HOTSPOT_ALTO,18,TREN,REPRESENTATIVE_POINT,
88c2e3aa35fffff,Buenos Aires,Malvinas Argentinas,7261,HOTSPOT_ALTO,17,COLECTIVO,REPRESENTATIVE_POINT,
88c2e38da5fffff,Buenos Aires,Tres de Febrero,7232,HOTSPOT_ALTO,7,COLECTIVO,REPRESENTATIVE_POINT,
88c2e2ac9bfffff,Buenos Aires,La Plata,7194,HOTSPOT_ALTO,17,COLECTIVO,REPRESENTATIVE_POINT,
88c2e31563fffff,Buenos Aires,Vicente López,7175,HOTSPOT_ALTO,7,COLECTIVO,REPRESENTATIVE_POINT,
88c2e3d4a3fffff,Buenos Aires,Almirante Brown,7150,HOTSPOT_ALTO,7,COLECTIVO,REPRESENTATIVE_POINT,
88c2e381d1fffff,Buenos Aires,La Matanza,7131,HOTSPOT_ALTO,7,COLECTIVO,REPRESENTATIVE_POINT,
88c2e30281fffff,Buenos Aires,Vicente López,7118,HOTSPOT_ALTO,16,COLECTIVO,REPRESENTATIVE_POINT,
88c2e38837fffff,Buenos Aires,Lomas de Zamora,7110,HOTSPOT_ALTO,7,COLECTIVO,REPRESENTATIVE_POINT,
88c2e3d591fffff,Buenos Aires,Quilmes,7078,HOTSPOT_ALTO,12,COLECTIVO,REPRESENTATIVE_POINT,
88c2e388d1fffff,Buenos Aires,La Matanza,7065,HOTSPOT_ALTO,7,TREN,REPRESENTATIVE_POINT,
88c2e31743fffff,Buenos Aires,Tres de Febrero,7060,HOTSPOT_ALTO,7,COLECTIVO,REPRESENTATIVE_POINT,
88c2e3c6dbfffff,Buenos Aires,Lanús,6957,HOTSPOT_ALTO,7,COLECTIVO,REPRESENTATIVE_POINT,
88c2e31537fffff,Buenos Aires,Vicente López,6954,HOTSPOT_ALTO,17,COLECTIVO,REPRESENTATIVE_POINT,
88c2e3c4d3fffff,Buenos Aires,Avellaneda,6952,HOTSPOT_ALTO,17,COLECTIVO,REPRESENTATIVE_POINT,
88c2e388e1fffff,Buenos Aires,Lomas de Zamora,6927,HOTSPOT_ALTO,12,COLECTIVO,REPRESENTATIVE_POINT,
88c2e3024bfffff,Ciudad Autónoma de Buenos Aires,Comuna 13,6881,HOTSPOT_ALTO,16,COLECTIVO,REPRESENTATIVE_POINT,
88c2e38a2bfffff,Buenos Aires,Esteban Echeverría,6879,HOTSPOT_ALTO,6,COLECTIVO,REPRESENTATIVE_POINT,
88c2e3b8abfffff,Buenos Aires,San Miguel,6838,HOTSPOT_ALTO,12,COLECTIVO,REPRESENTATIVE_POINT,
88c2e3b921fffff,Buenos Aires,Hurlingham,6806,HOTSPOT_ALTO,17,COLECTIVO,REPRESENTATIVE_POINT,
88c2e38815fffff,Buenos Aires,Lomas de Zamora,6785,HOTSPOT_ALTO,7,COLECTIVO,REPRESENTATIVE_POINT,
88c2e38b09fffff,Buenos Aires,Lomas de Zamora,6759,HOTSPOT_ALTO,7,TREN,REPRESENTATIVE_POINT,
88c2e381d7fffff,Buenos Aires,La Matanza,6734,HOTSPOT_ALTO,18,COLECTIVO,REPRESENTATIVE_POINT,
88c2e312e3fffff,Ciudad Autónoma de Buenos Aires,Comuna 10,6667,HOTSPOT_ALTO,16,COLECTIVO,REPRESENTATIVE_POINT,
88c2e31041fffff,Ciudad Autónoma de Buenos Aires,Comuna 7,6663,HOTSPOT_ALTO,7,COLECTIVO,REPRESENTATIVE_POINT,
88c2e3b93dfffff,Buenos Aires,Hurlingham,6643,HOTSPOT_ALTO,7,COLECTIVO,REPRESENTATIVE_POINT,
88c2e31009fffff,Ciudad Autónoma de Buenos Aires,Comuna 7,6627,HOTSPOT_ALTO,8,COLECTIVO,REPRESENTATIVE_POINT,
88c2e31111fffff,Ciudad Autónoma de Buenos Aires,Comuna 3,6614,HOTSPOT_ALTO,14,COLECTIVO,REPRESENTATIVE_POINT,
88c2e3c641fffff,Buenos Aires,Quilmes,6607,HOTSPOT_ALTO,6,COLECTIVO,REPRESENTATIVE_POINT,
88c2e31043fffff,Ciudad Autónoma de Buenos Aires,Comuna 7,6593,HOTSPOT_ALTO,7,COLECTIVO,REPRESENTATIVE_POINT,
88c2e3a8dbfffff,Buenos Aires,Pilar,6582,HOTSPOT_ALTO,7,TREN,REPRESENTATIVE_POINT,
88c2e3c719fffff,Buenos Aires,Quilmes,6568,HOTSPOT_ALTO,17,COLECTIVO,REPRESENTATIVE_POINT,
88c2e31013fffff,Ciudad Autónoma de Buenos Aires,Comuna 11,6553,HOTSPOT_ALTO,8,COLECTIVO,REPRESENTATIVE_POINT,
88c2e2acddfffff,Buenos Aires,La Plata,6550,HOTSPOT_ALTO,9,COLECTIVO,REPRESENTATIVE_POINT,
88c2e310edfffff,Ciudad Autónoma de Buenos Aires,Comuna 15,6523,HOTSPOT_ALTO,17,COLECTIVO,REPRESENTATIVE_POINT,
88c2e31337fffff,Ciudad Autónoma de Buenos Aires,Comuna 4,6517,HOTSPOT_ALTO,7,TREN,REPRESENTATIVE_POINT,
88c2e382ebfffff,Buenos Aires,La Matanza,6502,HOTSPOT_ALTO,7,COLECTIVO,REPRESENTATIVE_POINT,
88c2e38f59fffff,Buenos Aires,La Matanza,6450,HOTSPOT_ALTO,7,COLECTIVO,REPRESENTATIVE_POINT,
88c2e3a103fffff,Buenos Aires,Moreno,6445,HOTSPOT_ALTO,6,COLECTIVO,REPRESENTATIVE_POINT,
88c2e31011fffff,Ciudad Autónoma de Buenos Aires,Comuna 7,6409,HOTSPOT_ALTO,8,COLECTIVO,REPRESENTATIVE_POINT,
88c2e380a7fffff,Buenos Aires,La Matanza,6403,HOTSPOT_ALTO,7,COLECTIVO,REPRESENTATIVE_POINT,
88c2e3c657fffff,Buenos Aires,Lomas de Zamora,6392,HOTSPOT_ALTO,7,COLECTIVO,REPRESENTATIVE_POINT,
88c2e3994dfffff,Buenos Aires,Almirante Brown,6382,HOTSPOT_ALTO,17,COLECTIVO,REPRESENTATIVE_POINT,
88c2e3c415fffff,Buenos Aires,Avellaneda,6332,HOTSPOT_ALTO,7,TREN,REPRESENTATIVE_POINT,
88c2e3143dfffff,Buenos Aires,General San Martín,6299,HOTSPOT_ALTO,7,COLECTIVO,REPRESENTATIVE_POINT,
88c2e31285fffff,Ciudad Autónoma de Buenos Aires,Comuna 10,6266,HOTSPOT_ALTO,16,COLECTIVO,REPRESENTATIVE_POINT,
88c2e3aa1bfffff,Buenos Aires,José C. Paz,6252,HOTSPOT_ALTO,6,COLECTIVO,REPRESENTATIVE_POINT,
88c2e3133bfffff,Ciudad Autónoma de Buenos Aires,Comuna 4,6226,HOTSPOT_ALTO,7,COLECTIVO,REPRESENTATIVE_POINT,
88c2e31565fffff,Ciudad Autónoma de Buenos Aires,Comuna 12,6194,HOTSPOT_ALTO,17,COLECTIVO,REPRESENTATIVE_POINT,
88c2e3c41bfffff,Buenos Aires,Avellaneda,6180,HOTSPOT_ALTO,17,COLECTIVO,REPRESENTATIVE_POINT,
88c2e38823fffff,Buenos Aires,Lomas de Zamora,6135,HOTSPOT_ALTO,7,COLECTIVO,REPRESENTATIVE_POINT,
88c2e31313fffff,Ciudad Autónoma de Buenos Aires,Comuna 4,6127,HOTSPOT_ALTO,7,COLECTIVO,REPRESENTATIVE_POINT,
88c2e31045fffff,Ciudad Autónoma de Buenos Aires,Comuna 7,6085,HOTSPOT_ALTO,7,COLECTIVO,REPRESENTATIVE_POINT,
88c2e302d9fffff,Buenos Aires,Vicente López,6081,HOTSPOT_ALTO,17,COLECTIVO,REPRESENTATIVE_POINT,
88c2e310e5fffff,Ciudad Autónoma de Buenos Aires,Comuna 15,6066,HOTSPOT_ALTO,17,COLECTIVO,REPRESENTATIVE_POINT,
88c2e3109bfffff,Ciudad Autónoma de Buenos Aires,Comuna 12,6051,HOTSPOT_ALTO,17,COLECTIVO,REPRESENTATIVE_POINT,
88c2e3c6e5fffff,Buenos Aires,Avellaneda,5975,HOTSPOT_ALTO,7,COLECTIVO,REPRESENTATIVE_POINT,
88c2e30201fffff,Ciudad Autónoma de Buenos Aires,Comuna 13,5968,HOTSPOT_ALTO,18,COLECTIVO,REPRESENTATIVE_POINT,
88c2e38885fffff,Buenos Aires,La Matanza,5944,HOTSPOT_ALTO,7,COLECTIVO,REPRESENTATIVE_POINT,
88c2e3853bfffff,Buenos Aires,Merlo,5937,HOTSPOT_ALTO,6,COLECTIVO,REPRESENTATIVE_POINT,
88c2e39ab9fffff,Buenos Aires,Ezeiza,5903,HOTSPOT_ALTO,7,COLECTIVO,REPRESENTATIVE_POINT,
88c2e389a5fffff,Buenos Aires,Lanús,5862,HOTSPOT_ALTO,16,COLECTIVO,REPRESENTATIVE_POINT,
88c2e31593fffff,Buenos Aires,San Isidro,5854,HOTSPOT_ALTO,7,COLECTIVO,REPRESENTATIVE_POINT,
88c2e3176bfffff,Buenos Aires,Tres de Febrero,5842,HOTSPOT_ALTO,17,TREN,REPRESENTATIVE_POINT,
88c2e3aaa5fffff,Buenos Aires,Malvinas Argentinas,5832,DEMANDA_ALTA,7,TREN,REPRESENTATIVE_POINT,
88c2e380a1fffff,Buenos Aires,La Matanza,5827,DEMANDA_ALTA,6,COLECTIVO,REPRESENTATIVE_POINT,
88c2e31517fffff,Buenos Aires,Vicente López,5825,DEMANDA_ALTA,7,TREN,REPRESENTATIVE_POINT,
88c2e3044bfffff,Buenos Aires,San Fernando,5814,DEMANDA_ALTA,7,COLECTIVO,REPRESENTATIVE_POINT,
88c2e3d4b9fffff,Buenos Aires,Almirante Brown,5794,DEMANDA_ALTA,7,COLECTIVO,REPRESENTATIVE_POINT,
88c2e3c4cdfffff,Buenos Aires,Avellaneda,5756,DEMANDA_ALTA,12,COLECTIVO,REPRESENTATIVE_POINT,
88c2e3119dfffff,Ciudad Autónoma de Buenos Aires,Comuna 14,5746,DEMANDA_ALTA,17,COLECTIVO,REPRESENTATIVE_POINT,
88c2e3121dfffff,Ciudad Autónoma de Buenos Aires,Comuna 8,5727,DEMANDA_ALTA,7,COLECTIVO,REPRESENTATIVE_POINT,
88c2e3100dfffff,Ciudad Autónoma de Buenos Aires,Comuna 7,5714,DEMANDA_ALTA,16,COLECTIVO,REPRESENTATIVE_POINT,
88c2e3020dfffff,Ciudad Autónoma de Buenos Aires,Comuna 13,5672,DEMANDA_ALTA,17,COLECTIVO,REPRESENTATIVE_POINT,
88c2e38c89fffff,Buenos Aires,Morón,5669,DEMANDA_ALTA,17,COLECTIVO,INTERSECCION_MAYOR_AREA,
88c2e3d53bfffff,Buenos Aires,Florencio Varela,5645,DEMANDA_ALTA,7,TREN,REPRESENTATIVE_POINT,
88c2e3c42dfffff,Buenos Aires,Quilmes,5643,DEMANDA_ALTA,17,COLECTIVO,REPRESENTATIVE_POINT,
88c2e3c005fffff,Buenos Aires,Berazategui,5631,DEMANDA_ALTA,17,TREN,REPRESENTATIVE_POINT,
88c2e38db7fffff,Buenos Aires,Tres de Febrero,5624,DEMANDA_ALTA,17,COLECTIVO,REPRESENTATIVE_POINT,
88c2e3c60bfffff,Buenos Aires,Quilmes,5623,DEMANDA_ALTA,7,COLECTIVO,REPRESENTATIVE_POINT,
88c2e38d61fffff,Buenos Aires,La Matanza,5607,DEMANDA_ALTA,18,COLECTIVO,REPRESENTATIVE_POINT,
88c2e3db2dfffff,Buenos Aires,La Plata,5603,DEMANDA_ALTA,17,COLECTIVO,REPRESENTATIVE_POINT,
88c2e31241fffff,Ciudad Autónoma de Buenos Aires,Comuna 8,5595,DEMANDA_ALTA,7,COLECTIVO,REPRESENTATIVE_POINT,
88c2e311d3fffff,Ciudad Autónoma de Buenos Aires,Comuna 15,5594,DEMANDA_ALTA,17,COLECTIVO,REPRESENTATIVE_POINT,
88c2e31335fffff,Ciudad Autónoma de Buenos Aires,Comuna 4,5551,DEMANDA_ALTA,17,COLECTIVO,REPRESENTATIVE_POINT,
88c2e389d7fffff,Buenos Aires,Lomas de Zamora,5548,DEMANDA_ALTA,7,COLECTIVO,REPRESENTATIVE_POINT,
88c2e3d5a5fffff,Buenos Aires,Florencio Varela,5544,DEMANDA_ALTA,6,COLECTIVO,REPRESENTATIVE_POINT,
88c2e30707fffff,Buenos Aires,San Isidro,5541,DEMANDA_ALTA,17,COLECTIVO,REPRESENTATIVE_POINT,
88c2e38813fffff,Buenos Aires,Lomas de Zamora,5539,DEMANDA_ALTA,12,COLECTIVO,REPRESENTATIVE_POINT,
88c2e31021fffff,Ciudad Autónoma de Buenos Aires,Comuna 5,5531,DEMANDA_ALTA,17,COLECTIVO,REPRESENTATIVE_POINT,
88c2e38aa7fffff,Buenos Aires,Lomas de Zamora,5513,DEMANDA_ALTA,6,COLECTIVO,REPRESENTATIVE_POINT,
88c2e30713fffff,Buenos Aires,San Fernando,5500,DEMANDA_ALTA,7,COLECTIVO,REPRESENTATIVE_POINT,
88c2e38dd5fffff,Buenos Aires,Morón,5491,DEMANDA_ALTA,12,COLECTIVO,REPRESENTATIVE_POINT,
88c2e31283fffff,Ciudad Autónoma de Buenos Aires,Comuna 10,5481,DEMANDA_ALTA,7,COLECTIVO,REPRESENTATIVE_POINT,
88c2e312e9fffff,Ciudad Autónoma de Buenos Aires,Comuna 9,5465,DEMANDA_ALTA,7,COLECTIVO,REPRESENTATIVE_POINT,
88c2e38b59fffff,Buenos Aires,Lomas de Zamora,5455,DEMANDA_ALTA,7,TREN,REPRESENTATIVE_POINT,
88c2e30245fffff,Ciudad Autónoma de Buenos Aires,Comuna 13,5448,DEMANDA_ALTA,18,COLECTIVO,REPRESENTATIVE_POINT,
88c2e3db65fffff,Buenos Aires,La Plata,5440,DEMANDA_ALTA,13,COLECTIVO,REPRESENTATIVE_POINT,
88c2e31215fffff,Ciudad Autónoma de Buenos Aires,Comuna 9,5430,DEMANDA_ALTA,7,COLECTIVO,REPRESENTATIVE_POINT,
88c2e310b1fffff,Ciudad Autónoma de Buenos Aires,Comuna 12,5402,DEMANDA_ALTA,8,COLECTIVO,REPRESENTATIVE_POINT,
88c2e3b8c7fffff,Buenos Aires,Moreno,5393,DEMANDA_ALTA,17,COLECTIVO,REPRESENTATIVE_POINT,
88c2e398a5fffff,Buenos Aires,Esteban Echeverría,5380,DEMANDA_ALTA,12,COLECTIVO,REPRESENTATIVE_POINT,
88c2e310b7fffff,Ciudad Autónoma de Buenos Aires,Comuna 12,5372,DEMANDA_ALTA,7,COLECTIVO,REPRESENTATIVE_POINT,
88c2e385e3fffff,Buenos Aires,Merlo,5358,DEMANDA_ALTA,7,COLECTIVO,REPRESENTATIVE_POINT,
88c2e3c407fffff,Buenos Aires,Quilmes,5355,DEMANDA_ALTA,7,TREN,REPRESENTATIVE_POINT,
88c2e3c4c1fffff,Buenos Aires,Avellaneda,5355,DEMANDA_ALTA,12,COLECTIVO,REPRESENTATIVE_POINT,
88c2e31243fffff,Ciudad Autónoma de Buenos Aires,Comuna 8,5349,DEMANDA_ALTA,12,COLECTIVO,REPRESENTATIVE_POINT,
88c2e3bad5fffff,Buenos Aires,Moreno,5347,DEMANDA_ALTA,17,COLECTIVO,REPRESENTATIVE_POINT,
88c2e3881dfffff,Buenos Aires,Lomas de Zamora,5330,DEMANDA_ALTA,7,COLECTIVO,REPRESENTATIVE_POINT,
88c2e38d39fffff,Ciudad Autónoma de Buenos Aires,Comuna 9,5320,DEMANDA_ALTA,7,COLECTIVO,REPRESENTATIVE_POINT,
88c2e3aad3fffff,Buenos Aires,José C. Paz,5316,DEMANDA_ALTA,18,COLECTIVO,REPRESENTATIVE_POINT,
88c2e312b9fffff,Ciudad Autónoma de Buenos Aires,Comuna 10,5308,DEMANDA_ALTA,16,COLECTIVO,REPRESENTATIVE_POINT,
88c2e31163fffff,Ciudad Autónoma de Buenos Aires,Comuna 4,5306,DEMANDA_ALTA,8,COLECTIVO,REPRESENTATIVE_POINT,
88c2e2acd9fffff,Buenos Aires,La Plata,5286,DEMANDA_ALTA,13,COLECTIVO,REPRESENTATIVE_POINT,
88c2e3aec3fffff,Buenos Aires,Pilar,5256,DEMANDA_ALTA,17,COLECTIVO,REPRESENTATIVE_POINT,
88c2e3d4bbfffff,Buenos Aires,Almirante Brown,5232,DEMANDA_ALTA,7,COLECTIVO,REPRESENTATIVE_POINT,
88c2e38d27fffff,Ciudad Autónoma de Buenos Aires,Comuna 9,5155,DEMANDA_ALTA,16,COLECTIVO,REPRESENTATIVE_POINT,
88c2e31035fffff,Ciudad Autónoma de Buenos Aires,Comuna 6,5151,DEMANDA_ALTA,14,COLECTIVO,REPRESENTATIVE_POINT,
88c2e315a9fffff,Buenos Aires,San Isidro,5129,DEMANDA_ALTA,17,COLECTIVO,REPRESENTATIVE_POINT,
88c2e3159bfffff,Buenos Aires,San Isidro,5112,DEMANDA_ALTA,7,COLECTIVO,REPRESENTATIVE_POINT,
88c2e388a3fffff,Ciudad Autónoma de Buenos Aires,Comuna 8,5108,DEMANDA_ALTA,7,COLECTIVO,REPRESENTATIVE_POINT,
88c2e38d05fffff,Buenos Aires,La Matanza,5083,DEMANDA_ALTA,6,COLECTIVO,REPRESENTATIVE_POINT,
88c2e3a857fffff,Buenos Aires,Malvinas Argentinas,5067,DEMANDA_ALTA,12,COLECTIVO,REPRESENTATIVE_POINT,
88c2e3106dfffff,Ciudad Autónoma de Buenos Aires,Comuna 4,5065,DEMANDA_ALTA,16,COLECTIVO,REPRESENTATIVE_POINT,
88c2e38965fffff,Buenos Aires,Lomas de Zamora,5050,DEMANDA_ALTA,7,COLECTIVO,REPRESENTATIVE_POINT,
88c2e31703fffff,Buenos Aires,General San Martín,5043,DEMANDA_ALTA,17,COLECTIVO,REPRESENTATIVE_POINT,
88c2e3d6a1fffff,Buenos Aires,Almirante Brown,5042,DEMANDA_ALTA,7,COLECTIVO,REPRESENTATIVE_POINT,
88c2e310abfffff,Ciudad Autónoma de Buenos Aires,Comuna 15,5035,DEMANDA_ALTA,16,SUBTE,REPRESENTATIVE_POINT,
88c2e384a9fffff,Buenos Aires,Merlo,5035,DEMANDA_ALTA,12,COLECTIVO,REPRESENTATIVE_POINT,
88c2e3a165fffff,Buenos Aires,José C. Paz,5033,DEMANDA_ALTA,7,COLECTIVO,REPRESENTATIVE_POINT,
88c2e302c7fffff,Buenos Aires,Vicente López,5031,DEMANDA_ALTA,17,COLECTIVO,REPRESENTATIVE_POINT,
88c2e3b9b7fffff,Buenos Aires,San Miguel,5025,DEMANDA_ALTA,18,TREN,REPRESENTATIVE_POINT,
88c2e3c651fffff,Buenos Aires,Lomas de Zamora,5021,DEMANDA_ALTA,12,COLECTIVO,REPRESENTATIVE_POINT,
88c2e3a925fffff,Buenos Aires,Tigre,4976,DEMANDA_ALTA,17,COLECTIVO,REPRESENTATIVE_POINT,
88c2e31507fffff,Buenos Aires,Vicente López,4973,DEMANDA_ALTA,7,TREN,REPRESENTATIVE_POINT,
88c2e3ad29fffff,Buenos Aires,Escobar,4966,DEMANDA_ALTA,7,COLECTIVO,REPRESENTATIVE_POINT,
88c2e38899fffff,Buenos Aires,La Matanza,4953,DEMANDA_ALTA,7,COLECTIVO,REPRESENTATIVE_POINT,
88c2e3c409fffff,Buenos Aires,Quilmes,4948,DEMANDA_ALTA,7,COLECTIVO,REPRESENTATIVE_POINT,
88c2e310dbfffff,Ciudad Autónoma de Buenos Aires,Comuna 11,4942,DEMANDA_ALTA,8,COLECTIVO,REPRESENTATIVE_POINT,
88c2e3b895fffff,Buenos Aires,Moreno,4901,DEMANDA_ALTA,6,COLECTIVO,REPRESENTATIVE_POINT,
88c2e169d9fffff,Buenos Aires,Luján,4896,DEMANDA_ALTA,17,COLECTIVO,REPRESENTATIVE_POINT,
88c2e3d59dfffff,Buenos Aires,Quilmes,4891,DEMANDA_ALTA,7,COLECTIVO,REPRESENTATIVE_POINT,
88c2e2acdbfffff,Buenos Aires,La Plata,4889,DEMANDA_ALTA,17,COLECTIVO,REPRESENTATIVE_POINT,
88c2e31255fffff,Ciudad Autónoma de Buenos Aires,Comuna 8,4883,DEMANDA_ALTA,7,COLECTIVO,REPRESENTATIVE_POINT,
88c2e3b995fffff,Buenos Aires,San Miguel,4877,DEMANDA_ALTA,7,TREN,REPRESENTATIVE_POINT,
88c2e31249fffff,Ciudad Autónoma de Buenos Aires,Comuna 8,4876,DEMANDA_ALTA,7,COLECTIVO,REPRESENTATIVE_POINT,
88c2e3c63dfffff,Buenos Aires,Quilmes,4869,DEMANDA_ALTA,7,COLECTIVO,REPRESENTATIVE_POINT,
88c2e31531fffff,Buenos Aires,Vicente López,4863,DEMANDA_ALTA,18,COLECTIVO,REPRESENTATIVE_POINT,
88c2e06527fffff,Buenos Aires,San Vicente,4852,DEMANDA_ALTA,18,COLECTIVO,REPRESENTATIVE_POINT,
88c2e3c49bfffff,Buenos Aires,Avellaneda,4846,DEMANDA_ALTA,18,COLECTIVO,REPRESENTATIVE_POINT,
88c2e31063fffff,Ciudad Autónoma de Buenos Aires,Comuna 7,4816,DEMANDA_ALTA,16,COLECTIVO,REPRESENTATIVE_POINT,
88c2e310c7fffff,Ciudad Autónoma de Buenos Aires,Comuna 15,4815,DEMANDA_ALTA,12,COLECTIVO,REPRESENTATIVE_POINT,
88c2e389e1fffff,Buenos Aires,Lanús,4798,DEMANDA_ALTA,7,COLECTIVO,REPRESENTATIVE_POINT,
88c2e3a849fffff,Buenos Aires,Malvinas Argentinas,4790,DEMANDA_ALTA,7,COLECTIVO,REPRESENTATIVE_POINT,
88c2e3ba69fffff,Buenos Aires,Merlo,4787,DEMANDA_ALTA,12,COLECTIVO,REPRESENTATIVE_POINT,
88c2e312ddfffff,Ciudad Autónoma de Buenos Aires,Comuna 9,4785,DEMANDA_ALTA,7,COLECTIVO,REPRESENTATIVE_POINT,
88c2e3d487fffff,Buenos Aires,Almirante Brown,4765,DEMANDA_ALTA,7,COLECTIVO,REPRESENTATIVE_POINT,
88c2e38dc7fffff,Buenos Aires,La Matanza,4759,DEMANDA_ALTA,7,COLECTIVO,REPRESENTATIVE_POINT,
88c2e31633fffff,Buenos Aires,Tres de Febrero,4753,DEMANDA_ALTA,6,COLECTIVO,REPRESENTATIVE_POINT,
88c2e302b1fffff,Buenos Aires,San Isidro,4748,DEMANDA_ALTA,8,TREN,REPRESENTATIVE_POINT,
88c2e31ad3fffff,Ciudad Autónoma de Buenos Aires,Comuna 1,4740,DEMANDA_ALTA,17,COLECTIVO,REPRESENTATIVE_POINT,
88c2e38817fffff,Buenos Aires,Lomas de Zamora,4722,DEMANDA_ALTA,7,COLECTIVO,REPRESENTATIVE_POINT,
88c2e3a1a7fffff,Buenos Aires,José C. Paz,4722,DEMANDA_ALTA,6,COLECTIVO,REPRESENTATIVE_POINT,
88c2e3896dfffff,Buenos Aires,Lomas de Zamora,4720,DEMANDA_ALTA,12,COLECTIVO,REPRESENTATIVE_POINT,
88c2e3105dfffff,Ciudad Autónoma de Buenos Aires,Comuna 7,4703,DEMANDA_ALTA,7,COLECTIVO,REPRESENTATIVE_POINT,
88c2e3846dfffff,Buenos Aires,Merlo,4687,DEMANDA_ALTA,12,COLECTIVO,REPRESENTATIVE_POINT,
88c2e3374dfffff,Buenos Aires,Escobar,4680,DEMANDA_ALTA,17,COLECTIVO,REPRESENTATIVE_POINT,
88c2e3120bfffff,Ciudad Autónoma de Buenos Aires,Comuna 8,4679,DEMANDA_ALTA,12,COLECTIVO,REPRESENTATIVE_POINT,
88c2e302e3fffff,Buenos Aires,Vicente López,4676,DEMANDA_ALTA,17,TREN,REPRESENTATIVE_POINT,
88c2e31311fffff,Ciudad Autónoma de Buenos Aires,Comuna 4,4675,DEMANDA_ALTA,7,COLECTIVO,REPRESENTATIVE_POINT,
88c2e38e2dfffff,Buenos Aires,La Matanza,4668,DEMANDA_ALTA,12,COLECTIVO,REPRESENTATIVE_POINT,
88c2e380e5fffff,Buenos Aires,La Matanza,4666,DEMANDA_ALTA,7,TREN,REPRESENTATIVE_POINT,
88c2e31439fffff,Buenos Aires,General San Martín,4649,DEMANDA_ALTA,17,COLECTIVO,REPRESENTATIVE_POINT,
88c2e380a9fffff,Buenos Aires,La Matanza,4645,DEMANDA_ALTA,18,COLECTIVO,REPRESENTATIVE_POINT,
88c2e332e9fffff,Buenos Aires,Escobar,4643,DEMANDA_ALTA,17,COLECTIVO,REPRESENTATIVE_POINT,
88c2e3c749fffff,Buenos Aires,Florencio Varela,4641,DEMANDA_ALTA,12,COLECTIVO,INTERSECCION_MAYOR_AREA,
88c2e3c6e1fffff,Buenos Aires,Lanús,4638,DEMANDA_ALTA,12,COLECTIVO,REPRESENTATIVE_POINT,
88c2e3d539fffff,Buenos Aires,Florencio Varela,4630,DEMANDA_ALTA,7,COLECTIVO,REPRESENTATIVE_POINT,
88c2e38e6bfffff,Buenos Aires,La Matanza,4626,DEMANDA_ALTA,8,COLECTIVO,REPRESENTATIVE_POINT,
88c2e310c3fffff,Ciudad Autónoma de Buenos Aires,Comuna 15,4615,DEMANDA_ALTA,12,COLECTIVO,REPRESENTATIVE_POINT,
88c2e3c629fffff,Buenos Aires,Quilmes,4607,DEMANDA_ALTA,7,COLECTIVO,REPRESENTATIVE_POINT,
88c2e3c62bfffff,Buenos Aires,Quilmes,4607,DEMANDA_ALTA,7,COLECTIVO,REPRESENTATIVE_POINT,
88c2e312a9fffff,Ciudad Autónoma de Buenos Aires,Comuna 10,4604,DEMANDA_ALTA,16,COLECTIVO,REPRESENTATIVE_POINT,
88c2e3124dfffff,Ciudad Autónoma de Buenos Aires,Comuna 8,4596,DEMANDA_ALTA,7,COLECTIVO,REPRESENTATIVE_POINT,
88c2e31309fffff,Buenos Aires,Lanús,4569,DEMANDA_ALTA,7,COLECTIVO,REPRESENTATIVE_POINT,
88c2e38ec9fffff,Buenos Aires,Morón,4563,DEMANDA_ALTA,7,COLECTIVO,REPRESENTATIVE_POINT,
88c2e3c6e3fffff,Buenos Aires,Lanús,4548,DEMANDA_ALTA,7,COLECTIVO,REPRESENTATIVE_POINT,
88c2e38d21fffff,Ciudad Autónoma de Buenos Aires,Comuna 9,4543,DEMANDA_ALTA,8,COLECTIVO,REPRESENTATIVE_POINT,
88c2e389e5fffff,Buenos Aires,Lanús,4542,DEMANDA_ALTA,7,COLECTIVO,REPRESENTATIVE_POINT,
88c2e30609fffff,Buenos Aires,San Fernando,4539,DEMANDA_ALTA,7,COLECTIVO,REPRESENTATIVE_POINT,
88c2e3152dfffff,Ciudad Autónoma de Buenos Aires,Comuna 12,4535,DEMANDA_ALTA,18,COLECTIVO,REPRESENTATIVE_POINT,
88c2e381b7fffff,Buenos Aires,La Matanza,4521,DEMANDA_ALTA,7,COLECTIVO,REPRESENTATIVE_POINT,
88c2e38561fffff,Buenos Aires,La Matanza,4508,DEMANDA_ALTA,6,COLECTIVO,REPRESENTATIVE_POINT,
88c2e38f1bfffff,Buenos Aires,La Matanza,4499,DEMANDA_ALTA,12,COLECTIVO,REPRESENTATIVE_POINT,
88c2e3c75dfffff,Buenos Aires,Quilmes,4490,DEMANDA_ALTA,12,COLECTIVO,REPRESENTATIVE_POINT,
88c2e388edfffff,Buenos Aires,Lomas de Zamora,4478,DEMANDA_ALTA,7,COLECTIVO,REPRESENTATIVE_POINT,
88c2e38ea7fffff,Buenos Aires,Morón,4469,DEMANDA_ALTA,17,COLECTIVO,REPRESENTATIVE_POINT,
88c2e3b9a1fffff,Buenos Aires,San Miguel,4467,DEMANDA_ALTA,7,TREN,REPRESENTATIVE_POINT,
88c2e31289fffff,Ciudad Autónoma de Buenos Aires,Comuna 10,4465,DEMANDA_ALTA,7,COLECTIVO,REPRESENTATIVE_POINT,
88c2e31129fffff,Ciudad Autónoma de Buenos Aires,Comuna 4,4453,DEMANDA_ALTA,8,COLECTIVO,REPRESENTATIVE_POINT,
88c2e3120dfffff,Ciudad Autónoma de Buenos Aires,Comuna 8,4446,DEMANDA_ALTA,12,COLECTIVO,REPRESENTATIVE_POINT,
88c2e31357fffff,Buenos Aires,Lanús,4439,DEMANDA_ALTA,7,COLECTIVO,INTERSECCION_MAYOR_AREA,
88c2e3b897fffff,Buenos Aires,Moreno,4432,DEMANDA_ALTA,6,COLECTIVO,REPRESENTATIVE_POINT,
88c2e312adfffff,Ciudad Autónoma de Buenos Aires,Comuna 7,4423,DEMANDA_ALTA,16,COLECTIVO,REPRESENTATIVE_POINT,
88c2e3c619fffff,Buenos Aires,Lomas de Zamora,4421,DEMANDA_ALTA,7,COLECTIVO,REPRESENTATIVE_POINT,
88c2e31213fffff,Ciudad Autónoma de Buenos Aires,Comuna 9,4418,DEMANDA_ALTA,17,COLECTIVO,REPRESENTATIVE_POINT,
88c2e38c13fffff,Buenos Aires,Morón,4417,DEMANDA_ALTA,17,COLECTIVO,REPRESENTATIVE_POINT,
88c2e3808dfffff,Buenos Aires,La Matanza,4413,DEMANDA_ALTA,5,COLECTIVO,REPRESENTATIVE_POINT,
88c2e38893fffff,Buenos Aires,La Matanza,4410,DEMANDA_ALTA,7,TREN,REPRESENTATIVE_POINT,
88c2e3b9bbfffff,Buenos Aires,San Miguel,4396,DEMANDA_ALTA,17,COLECTIVO,REPRESENTATIVE_POINT,
88c2e311d1fffff,Ciudad Autónoma de Buenos Aires,Comuna 15,4387,DEMANDA_ALTA,17,COLECTIVO,REPRESENTATIVE_POINT,
88c2e38431fffff,Buenos Aires,Merlo,4384,DEMANDA_ALTA,6,COLECTIVO,REPRESENTATIVE_POINT,
88c2e3ad4dfffff,Buenos Aires,Pilar,4380,DEMANDA_ALTA,17,COLECTIVO,REPRESENTATIVE_POINT,
88c2e380cdfffff,Buenos Aires,La Matanza,4375,DEMANDA_ALTA,17,COLECTIVO,REPRESENTATIVE_POINT,
88c2e3c613fffff,Buenos Aires,Lanús,4375,DEMANDA_ALTA,7,COLECTIVO,REPRESENTATIVE_POINT,
88c2e384e5fffff,Buenos Aires,Merlo,4362,DEMANDA_ALTA,7,COLECTIVO,REPRESENTATIVE_POINT,
88c2e310a1fffff,Ciudad Autónoma de Buenos Aires,Comuna 15,4356,DEMANDA_ALTA,17,COLECTIVO,REPRESENTATIVE_POINT,
88c2e388b5fffff,Ciudad Autónoma de Buenos Aires,Comuna 8,4354,DEMANDA_ALTA,7,COLECTIVO,REPRESENTATIVE_POINT,
88c2e389d1fffff,Buenos Aires,Lomas de Zamora,4352,DEMANDA_ALTA,7,COLECTIVO,REPRESENTATIVE_POINT,
88c2e3c4d9fffff,Buenos Aires,Avellaneda,4351,DEMANDA_ALTA,16,COLECTIVO,REPRESENTATIVE_POINT,
88c2e3150bfffff,Buenos Aires,General San Martín,4348,DEMANDA_ALTA,7,COLECTIVO,REPRESENTATIVE_POINT,
88c2e3a127fffff,Buenos Aires,José C. Paz,4348,DEMANDA_ALTA,12,COLECTIVO,REPRESENTATIVE_POINT,
88c2e31189fffff,Ciudad Autónoma de Buenos Aires,Comuna 14,4346,DEMANDA_ALTA,16,COLECTIVO,REPRESENTATIVE_POINT,
88c2e3c64dfffff,Buenos Aires,Quilmes,4329,DEMANDA_ALTA,12,COLECTIVO,REPRESENTATIVE_POINT,
88c2e3c237fffff,Buenos Aires,Berazategui,4319,DEMANDA_ALTA,7,COLECTIVO,REPRESENTATIVE_POINT,
88c2e31157fffff,Ciudad Autónoma de Buenos Aires,Comuna 3,4309,DEMANDA_ALTA,15,COLECTIVO,REPRESENTATIVE_POINT,
88c2e2ac95fffff,Buenos Aires,Ensenada,4308,DEMANDA_ALTA,16,COLECTIVO,INTERSECCION_MAYOR_AREA,
88c2e3076dfffff,Buenos Aires,San Isidro,4306,DEMANDA_ALTA,17,COLECTIVO,REPRESENTATIVE_POINT,
88c2e3880bfffff,Buenos Aires,Lomas de Zamora,4294,DEMANDA_ALTA,7,COLECTIVO,REPRESENTATIVE_POINT,
88c2e3d4c5fffff,Buenos Aires,Almirante Brown,4292,DEMANDA_ALTA,12,COLECTIVO,REPRESENTATIVE_POINT,
88c2e3d523fffff,Buenos Aires,Florencio Varela,4282,DEMANDA_ALTA,7,TREN,REPRESENTATIVE_POINT,
88c2e3c6d1fffff,Buenos Aires,Lanús,4281,DEMANDA_ALTA,12,COLECTIVO,REPRESENTATIVE_POINT,
88c2e3d5a1fffff,Buenos Aires,Florencio Varela,4280,DEMANDA_ALTA,17,COLECTIVO,REPRESENTATIVE_POINT,
88c2e389adfffff,Buenos Aires,Lanús,4264,DEMANDA_ALTA,12,COLECTIVO,REPRESENTATIVE_POINT,
88c2e399bdfffff,Buenos Aires,Almirante Brown,4251,DEMANDA_ALTA,12,COLECTIVO,REPRESENTATIVE_POINT,
88c2e3b365fffff,Buenos Aires,Merlo,4246,DEMANDA_ALTA,12,COLECTIVO,REPRESENTATIVE_POINT,
88c2e38983fffff,Buenos Aires,Lanús,4246,DEMANDA_ALTA,7,COLECTIVO,REPRESENTATIVE_POINT,
88c2e31153fffff,Ciudad Autónoma de Buenos Aires,Comuna 3,4245,DEMANDA_ALTA,17,COLECTIVO,REPRESENTATIVE_POINT,
88c2e3ba61fffff,Buenos Aires,Merlo,4243,DEMANDA_ALTA,12,COLECTIVO,REPRESENTATIVE_POINT,
88c2e3c693fffff,Buenos Aires,Lanús,4242,DEMANDA_ALTA,17,COLECTIVO,REPRESENTATIVE_POINT,
88c2e3321dfffff,Buenos Aires,Escobar,4241,DEMANDA_ALTA,17,COLECTIVO,REPRESENTATIVE_POINT,
88c2e3ab39fffff,Buenos Aires,Malvinas Argentinas,4235,DEMANDA_ALTA,7,TREN,REPRESENTATIVE_POINT,
88c2e31233fffff,Ciudad Autónoma de Buenos Aires,Comuna 9,4234,DEMANDA_ALTA,17,COLECTIVO,REPRESENTATIVE_POINT,
88c2e38853fffff,Buenos Aires,Lomas de Zamora,4229,DEMANDA_ALTA,7,COLECTIVO,REPRESENTATIVE_POINT,
88c2e38e53fffff,Buenos Aires,La Matanza,4225,DEMANDA_ALTA,7,COLECTIVO,REPRESENTATIVE_POINT,
88c2e31523fffff,Buenos Aires,Vicente López,4210,DEMANDA_ALTA,15,COLECTIVO,REPRESENTATIVE_POINT,
88c2e312c9fffff,Ciudad Autónoma de Buenos Aires,Comuna 9,4206,DEMANDA_ALTA,17,COLECTIVO,REPRESENTATIVE_POINT,
88c2e2aeb7fffff,Buenos Aires,La Plata,4182,DEMANDA_ALTA,12,COLECTIVO,REPRESENTATIVE_POINT,
88c2e3c413fffff,Buenos Aires,Avellaneda,4179,DEMANDA_ALTA,8,TREN,REPRESENTATIVE_POINT,
88c2e38b35fffff,Buenos Aires,Lomas de Zamora,4178,DEMANDA_ALTA,13,COLECTIVO,REPRESENTATIVE_POINT,
88c2e391cdfffff,Buenos Aires,Ezeiza,4174,DEMANDA_ALTA,16,COLECTIVO,REPRESENTATIVE_POINT,
88c2e3aa31fffff,Buenos Aires,José C. Paz,4167,DEMANDA_ALTA,12,COLECTIVO,REPRESENTATIVE_POINT,
88c2e38e67fffff,Buenos Aires,La Matanza,4164,DEMANDA_ALTA,12,COLECTIVO,REPRESENTATIVE_POINT,
88c2e315abfffff,Buenos Aires,San Isidro,4159,DEMANDA_ALTA,17,COLECTIVO,REPRESENTATIVE_POINT,
88c2e3d4e7fffff,Buenos Aires,Almirante Brown,4157,DEMANDA_ALTA,12,COLECTIVO,REPRESENTATIVE_POINT,
88c2e3129dfffff,Ciudad Autónoma de Buenos Aires,Comuna 10,4141,DEMANDA_ALTA,12,COLECTIVO,REPRESENTATIVE_POINT,
88c2e3114bfffff,Ciudad Autónoma de Buenos Aires,Comuna 4,4127,DEMANDA_ALTA,7,COLECTIVO,REPRESENTATIVE_POINT,
88c2e38801fffff,Buenos Aires,Lomas de Zamora,4127,DEMANDA_ALTA,7,COLECTIVO,REPRESENTATIVE_POINT,
88c2e3d4dbfffff,Buenos Aires,Almirante Brown,4120,DEMANDA_ALTA,7,TREN,REPRESENTATIVE_POINT,
88c2e38d35fffff,Ciudad Autónoma de Buenos Aires,Comuna 9,4119,DEMANDA_ALTA,12,COLECTIVO,REPRESENTATIVE_POINT,
88c2e3999bfffff,Buenos Aires,Esteban Echeverría,4118,DEMANDA_ALTA,12,COLECTIVO,REPRESENTATIVE_POINT,
88c2e38d59fffff,Buenos Aires,La Matanza,4118,DEMANDA_ALTA,14,COLECTIVO,REPRESENTATIVE_POINT,
88c2e31359fffff,Buenos Aires,Lanús,4117,DEMANDA_ALTA,7,COLECTIVO,REPRESENTATIVE_POINT,
88c2e388b9fffff,Buenos Aires,La Matanza,4115,DEMANDA_ALTA,7,COLECTIVO,REPRESENTATIVE_POINT,
88c2e312bbfffff,Ciudad Autónoma de Buenos Aires,Comuna 11,4104,DEMANDA_ALTA,17,COLECTIVO,REPRESENTATIVE_POINT,
88c2e39959fffff,Buenos Aires,Presidente Perón,4102,DEMANDA_ALTA,7,COLECTIVO,REPRESENTATIVE_POINT,
88c2e312c3fffff,Ciudad Autónoma de Buenos Aires,Comuna 10,4100,DEMANDA_ALTA,8,COLECTIVO,REPRESENTATIVE_POINT,
88c2e3c665fffff,Buenos Aires,Quilmes,4088,DEMANDA_ALTA,7,COLECTIVO,REPRESENTATIVE_POINT,
88c2e31099fffff,Ciudad Autónoma de Buenos Aires,Comuna 12,4079,DEMANDA_ALTA,8,TREN,REPRESENTATIVE_POINT,
88c2e3025dfffff,Ciudad Autónoma de Buenos Aires,Comuna 12,4079,DEMANDA_ALTA,16,COLECTIVO,REPRESENTATIVE_POINT,
88c2e38809fffff,Buenos Aires,Lomas de Zamora,4077,DEMANDA_ALTA,7,COLECTIVO,REPRESENTATIVE_POINT,
88c2e3898bfffff,Buenos Aires,Lomas de Zamora,4066,DEMANDA_ALTA,7,COLECTIVO,REPRESENTATIVE_POINT,
88c2e38985fffff,Buenos Aires,Lanús,4061,DEMANDA_ALTA,12,COLECTIVO,REPRESENTATIVE_POINT,
88c2e06c93fffff,Buenos Aires,Almirante Brown,4061,DEMANDA_ALTA,18,COLECTIVO,REPRESENTATIVE_POINT,
88c2e3d6b1fffff,Buenos Aires,Almirante Brown,4057,DEMANDA_ALTA,7,COLECTIVO,REPRESENTATIVE_POINT,
88c2e31747fffff,Buenos Aires,Tres de Febrero,4054,DEMANDA_ALTA,7,TREN,REPRESENTATIVE_POINT,
88c2e31349fffff,Buenos Aires,Lanús,4053,DEMANDA_ALTA,12,COLECTIVO,REPRESENTATIVE_POINT,
88c2e31019fffff,Ciudad Autónoma de Buenos Aires,Comuna 7,4051,DEMANDA_ALTA,7,COLECTIVO,REPRESENTATIVE_POINT,
88c2e31543fffff,Buenos Aires,General San Martín,4050,DEMANDA_ALTA,7,COLECTIVO,REPRESENTATIVE_POINT,
88c2e31085fffff,Ciudad Autónoma de Buenos Aires,Comuna 15,4048,DEMANDA_ALTA,12,COLECTIVO,REPRESENTATIVE_POINT,
88c2e38f17fffff,Buenos Aires,La Matanza,4043,DEMANDA_ALTA,12,COLECTIVO,REPRESENTATIVE_POINT,
88c2e310e3fffff,Ciudad Autónoma de Buenos Aires,Comuna 15,4042,DEMANDA_ALTA,17,TREN,REPRESENTATIVE_POINT,
88c2e38d4dfffff,Buenos Aires,La Matanza,4040,DEMANDA_ALTA,7,COLECTIVO,REPRESENTATIVE_POINT,
88c2e311b9fffff,Ciudad Autónoma de Buenos Aires,Comuna 14,4033,DEMANDA_ALTA,17,COLECTIVO,REPRESENTATIVE_POINT,
88c2e389c3fffff,Buenos Aires,Lomas de Zamora,4031,DEMANDA_ALTA,7,COLECTIVO,REPRESENTATIVE_POINT,
88c2e31015fffff,Ciudad Autónoma de Buenos Aires,Comuna 6,4027,DEMANDA_ALTA,7,COLECTIVO,REPRESENTATIVE_POINT,
88c2e38989fffff,Buenos Aires,Lomas de Zamora,4026,DEMANDA_ALTA,7,COLECTIVO,INTERSECCION_MAYOR_AREA,
88c2e31331fffff,Ciudad Autónoma de Buenos Aires,Comuna 4,4010,DEMANDA_ALTA,7,COLECTIVO,REPRESENTATIVE_POINT,
88c2e310ebfffff,Ciudad Autónoma de Buenos Aires,Comuna 15,3994,DEMANDA_ALTA,8,COLECTIVO,REPRESENTATIVE_POINT,
88c2e31055fffff,Ciudad Autónoma de Buenos Aires,Comuna 7,3994,DEMANDA_ALTA,17,COLECTIVO,REPRESENTATIVE_POINT,
88c2e3115bfffff,Ciudad Autónoma de Buenos Aires,Comuna 4,3985,DEMANDA_ALTA,17,COLECTIVO,REPRESENTATIVE_POINT,
88c2e380b3fffff,Buenos Aires,La Matanza,3983,DEMANDA_ALTA,7,COLECTIVO,REPRESENTATIVE_POINT,
88c2e38e03fffff,Buenos Aires,La Matanza,3974,DEMANDA_ALTA,7,COLECTIVO,REPRESENTATIVE_POINT,
88c2e3b169fffff,Buenos Aires,Merlo,3974,DEMANDA_ALTA,6,COLECTIVO,REPRESENTATIVE_POINT,
88c2e3c6c7fffff,Buenos Aires,Lanús,3974,DEMANDA_ALTA,12,COLECTIVO,REPRESENTATIVE_POINT,
88c2e3d59bfffff,Buenos Aires,Quilmes,3960,DEMANDA_ALTA,12,COLECTIVO,REPRESENTATIVE_POINT,
88c2e30259fffff,Ciudad Autónoma de Buenos Aires,Comuna 12,3955,DEMANDA_ALTA,17,COLECTIVO,REPRESENTATIVE_POINT,
88c2e31251fffff,Ciudad Autónoma de Buenos Aires,Comuna 8,3940,DEMANDA_ALTA,7,COLECTIVO,REPRESENTATIVE_POINT,
88c2e382cdfffff,Buenos Aires,La Matanza,3932,DEMANDA_ALTA,7,COLECTIVO,REPRESENTATIVE_POINT,
88c2e3d4a7fffff,Buenos Aires,Almirante Brown,3927,DEMANDA_ALTA,12,COLECTIVO,REPRESENTATIVE_POINT,
88c2e310cbfffff,Ciudad Autónoma de Buenos Aires,Comuna 11,3925,DEMANDA_ALTA,8,COLECTIVO,REPRESENTATIVE_POINT,
88c2e31107fffff,Ciudad Autónoma de Buenos Aires,Comuna 1,3915,DEMANDA_ALTA,12,SUBTE,REPRESENTATIVE_POINT,
88c2e388e9fffff,Buenos Aires,Lomas de Zamora,3915,DEMANDA_ALTA,11,COLECTIVO,REPRESENTATIVE_POINT,
88c2e38f1dfffff,Buenos Aires,La Matanza,3910,DEMANDA_ALTA,7,COLECTIVO,REPRESENTATIVE_POINT,
88c2e38f07fffff,Buenos Aires,La Matanza,3909,DEMANDA_ALTA,7,COLECTIVO,REPRESENTATIVE_POINT,
88c2e388d7fffff,Buenos Aires,La Matanza,3903,DEMANDA_ALTA,7,COLECTIVO,REPRESENTATIVE_POINT,
88c2e311bdfffff,Ciudad Autónoma de Buenos Aires,Comuna 14,3901,DEMANDA_ALTA,18,COLECTIVO,REPRESENTATIVE_POINT,
88c2e3d5b3fffff,Buenos Aires,Quilmes,3900,DEMANDA_ALTA,12,COLECTIVO,REPRESENTATIVE_POINT,
88c2e30409fffff,Buenos Aires,Tigre,3891,DEMANDA_ALTA,17,COLECTIVO,REPRESENTATIVE_POINT,
88c2e38f67fffff,Buenos Aires,La Matanza,3885,DEMANDA_ALTA,17,COLECTIVO,REPRESENTATIVE_POINT,
88c2e2362bfffff,Buenos Aires,Berisso,3879,DEMANDA_ALTA,12,COLECTIVO,REPRESENTATIVE_POINT,
88c2e30705fffff,Buenos Aires,San Isidro,3877,DEMANDA_ALTA,16,COLECTIVO,REPRESENTATIVE_POINT,
88c2e3d81dfffff,Buenos Aires,La Plata,3876,DEMANDA_ALTA,7,TREN,REPRESENTATIVE_POINT,
88c2e38465fffff,Buenos Aires,Merlo,3872,DEMANDA_ALTA,7,COLECTIVO,REPRESENTATIVE_POINT,
88c2e30203fffff,Ciudad Autónoma de Buenos Aires,Comuna 13,3872,DEMANDA_ALTA,18,COLECTIVO,REPRESENTATIVE_POINT,
88c2e3c505fffff,Buenos Aires,Quilmes,3858,DEMANDA_ALTA,7,COLECTIVO,INTERSECCION_MAYOR_AREA,
88c2e38e45fffff,Buenos Aires,La Matanza,3856,DEMANDA_ALTA,7,COLECTIVO,REPRESENTATIVE_POINT,
88c2e3c441fffff,Buenos Aires,Quilmes,3844,DEMANDA_ALTA,7,COLECTIVO,REPRESENTATIVE_POINT,
88c2e06cdbfffff,Buenos Aires,Presidente Perón,3843,DEMANDA_ALTA,12,COLECTIVO,REPRESENTATIVE_POINT,
88c2e3c731fffff,Buenos Aires,Quilmes,3839,DEMANDA_ALTA,12,COLECTIVO,REPRESENTATIVE_POINT,
88c2e3d5a3fffff,Buenos Aires,Florencio Varela,3833,DEMANDA_ALTA,17,COLECTIVO,REPRESENTATIVE_POINT,
88c2e31297fffff,Ciudad Autónoma de Buenos Aires,Comuna 11,3820,DEMANDA_ALTA,16,COLECTIVO,REPRESENTATIVE_POINT,
88c2e38e25fffff,Buenos Aires,La Matanza,3816,DEMANDA_ALTA,13,COLECTIVO,REPRESENTATIVE_POINT,
88c2e3c529fffff,Buenos Aires,Quilmes,3814,DEMANDA_ALTA,7,COLECTIVO,NEAREST,768.5042423368744
88c2e3d0a1fffff,Buenos Aires,Florencio Varela,3804,DEMANDA_ALTA,12,COLECTIVO,REPRESENTATIVE_POINT,
88c2e3b993fffff,Buenos Aires,San Miguel,3796,DEMANDA_ALTA,7,COLECTIVO,REPRESENTATIVE_POINT,
88c2e31535fffff,Buenos Aires,Vicente López,3779,DEMANDA_ALTA,17,COLECTIVO,REPRESENTATIVE_POINT,
88c2e312a1fffff,Ciudad Autónoma de Buenos Aires,Comuna 11,3778,DEMANDA_ALTA,17,COLECTIVO,REPRESENTATIVE_POINT,
88c2e3aac3fffff,Buenos Aires,José C. Paz,3776,DEMANDA_ALTA,7,COLECTIVO,REPRESENTATIVE_POINT,
88c2e31067fffff,Ciudad Autónoma de Buenos Aires,Comuna 5,3774,DEMANDA_ALTA,17,COLECTIVO,REPRESENTATIVE_POINT,
88c2e31339fffff,Ciudad Autónoma de Buenos Aires,Comuna 4,3771,DEMANDA_ALTA,7,COLECTIVO,REPRESENTATIVE_POINT,
88c2e3c643fffff,Buenos Aires,Quilmes,3759,DEMANDA_ALTA,7,COLECTIVO,REPRESENTATIVE_POINT,
88c2e38835fffff,Buenos Aires,Lomas de Zamora,3759,DEMANDA_ALTA,7,COLECTIVO,REPRESENTATIVE_POINT,
88c2e3d5ebfffff,Buenos Aires,Florencio Varela,3757,DEMANDA_ALTA,17,COLECTIVO,REPRESENTATIVE_POINT,
88c2e38995fffff,Buenos Aires,Lanús,3752,DEMANDA_ALTA,7,COLECTIVO,INTERSECCION_MAYOR_AREA,
88c2e38939fffff,Buenos Aires,Lanús,3751,DEMANDA_ALTA,12,COLECTIVO,REPRESENTATIVE_POINT,
88c2e3b5c5fffff,Buenos Aires,General Rodríguez,3745,DEMANDA_ALTA,13,COLECTIVO,REPRESENTATIVE_POINT,
88c2e3128dfffff,Ciudad Autónoma de Buenos Aires,Comuna 10,3724,DEMANDA_ALTA,8,COLECTIVO,REPRESENTATIVE_POINT,
88c2e3bad1fffff,Buenos Aires,Moreno,3710,DEMANDA_ALTA,6,COLECTIVO,REPRESENTATIVE_POINT,
88c2e38961fffff,Buenos Aires,Lomas de Zamora,3696,DEMANDA_ALTA,12,COLECTIVO,REPRESENTATIVE_POINT,
88c2e30283fffff,Buenos Aires,San Isidro,3694,DEMANDA_ALTA,17,COLECTIVO,REPRESENTATIVE_POINT,
88c2e382c5fffff,Buenos Aires,La Matanza,3690,DEMANDA_ALTA,12,COLECTIVO,REPRESENTATIVE_POINT,
88c2e3d0a9fffff,Buenos Aires,Florencio Varela,3690,DEMANDA_ALTA,6,COLECTIVO,REPRESENTATIVE_POINT,
88c2e30717fffff,Buenos Aires,San Fernando,3688,DEMANDA_ALTA,12,COLECTIVO,REPRESENTATIVE_POINT,
88c2e2aea9fffff,Buenos Aires,La Plata,3686,DEMANDA_ALTA,7,COLECTIVO,REPRESENTATIVE_POINT,
88c2e3c40bfffff,Buenos Aires,Quilmes,3683,DEMANDA_ALTA,7,COLECTIVO,REPRESENTATIVE_POINT,
88c2e31293fffff,Ciudad Autónoma de Buenos Aires,Comuna 11,3676,DEMANDA_ALTA,17,COLECTIVO,REPRESENTATIVE_POINT,
88c2e38eedfffff,Buenos Aires,La Matanza,3673,DEMANDA_ALTA,6,COLECTIVO,REPRESENTATIVE_POINT,
88c2e3125bfffff,Ciudad Autónoma de Buenos Aires,Comuna 8,3672,DEMANDA_ALTA,7,COLECTIVO,REPRESENTATIVE_POINT,
88c2e3c685fffff,Buenos Aires,Lanús,3663,DEMANDA_ALTA,7,COLECTIVO,REPRESENTATIVE_POINT,
88c2e31721fffff,Buenos Aires,General San Martín,3657,DEMANDA_ALTA,17,TREN,REPRESENTATIVE_POINT,
88c2e389b1fffff,Buenos Aires,Lanús,3656,DEMANDA_ALTA,7,COLECTIVO,REPRESENTATIVE_POINT,
88c2e3c4d5fffff,Buenos Aires,Avellaneda,3639,DEMANDA_ALTA,12,COLECTIVO,REPRESENTATIVE_POINT,
88c2e3c705fffff,Buenos Aires,Quilmes,3636,DEMANDA_ALTA,7,COLECTIVO,REPRESENTATIVE_POINT,
88c2e3db2bfffff,Buenos Aires,La Plata,3635,DEMANDA_ALTA,12,COLECTIVO,REPRESENTATIVE_POINT,
88c2e3a185fffff,Buenos Aires,José C. Paz,3624,DEMANDA_ALTA,6,COLECTIVO,REPRESENTATIVE_POINT,
88c2e2aeb5fffff,Buenos Aires,La Plata,3621,DEMANDA_ALTA,12,COLECTIVO,REPRESENTATIVE_POINT,
88c2e382a7fffff,Buenos Aires,La Matanza,3617,DEMANDA_ALTA,12,COLECTIVO,REPRESENTATIVE_POINT,
88c2e30441fffff,Buenos Aires,San Fernando,3607,DEMANDA_ALTA,17,COLECTIVO,REPRESENTATIVE_POINT,
88c2e310cdfffff,Ciudad Autónoma de Buenos Aires,Comuna 11,3591,DEMANDA_ALTA,7,COLECTIVO,REPRESENTATIVE_POINT,
88c2e3af23fffff,Buenos Aires,Pilar,3589,DEMANDA_ALTA,12,COLECTIVO,REPRESENTATIVE_POINT,
88c2e3c453fffff,Buenos Aires,Avellaneda,3586,DEMANDA_ALTA,12,COLECTIVO,REPRESENTATIVE_POINT,
88c2e38eb7fffff,Buenos Aires,Morón,3579,DEMANDA_ALTA,17,COLECTIVO,REPRESENTATIVE_POINT,
88c2e38dc3fffff,Buenos Aires,Morón,3572,DEMANDA_ALTA,17,COLECTIVO,REPRESENTATIVE_POINT,
88c2e380c5fffff,Buenos Aires,La Matanza,3572,DEMANDA_ALTA,13,COLECTIVO,REPRESENTATIVE_POINT,
88c2e3a9d5fffff,Buenos Aires,Tigre,3568,DEMANDA_ALTA,17,COLECTIVO,REPRESENTATIVE_POINT,
88c2e31347fffff,Buenos Aires,Lanús,3568,DEMANDA_ALTA,7,COLECTIVO,REPRESENTATIVE_POINT,
88c2e3ba63fffff,Buenos Aires,Merlo,3558,DEMANDA_ALTA,16,COLECTIVO,REPRESENTATIVE_POINT,
88c2e38d65fffff,Ciudad Autónoma de Buenos Aires,Comuna 8,3557,DEMANDA_ALTA,6,COLECTIVO,REPRESENTATIVE_POINT,
88c2e310a9fffff,Ciudad Autónoma de Buenos Aires,Comuna 15,3553,DEMANDA_ALTA,17,COLECTIVO,REPRESENTATIVE_POINT,
88c2e3063bfffff,Buenos Aires,Tigre,3545,DEMANDA_ALTA,7,COLECTIVO,REPRESENTATIVE_POINT,
88c2e3d687fffff,Buenos Aires,Almirante Brown,3542,DEMANDA_ALTA,7,COLECTIVO,REPRESENTATIVE_POINT,
88c2e3d65dfffff,Buenos Aires,Almirante Brown,3540,DEMANDA_ALTA,7,COLECTIVO,REPRESENTATIVE_POINT,
88c2e38c51fffff,Buenos Aires,La Matanza,3537,DEMANDA_ALTA,7,COLECTIVO,REPRESENTATIVE_POINT,
88c2e38d1dfffff,Buenos Aires,La Matanza,3535,DEMANDA_ALTA,7,COLECTIVO,REPRESENTATIVE_POINT,
88c2e38847fffff,Buenos Aires,Lomas de Zamora,3528,DEMANDA_ALTA,7,COLECTIVO,REPRESENTATIVE_POINT,
88c2e31259fffff,Ciudad Autónoma de Buenos Aires,Comuna 8,3528,DEMANDA_ALTA,7,COLECTIVO,REPRESENTATIVE_POINT,
88c2e30611fffff,Buenos Aires,Tigre,3520,DEMANDA_ALTA,16,COLECTIVO,REPRESENTATIVE_POINT,
88c2e3c751fffff,Buenos Aires,Quilmes,3518,DEMANDA_ALTA,17,COLECTIVO,REPRESENTATIVE_POINT,
88c2e38a57fffff,Buenos Aires,Esteban Echeverría,3516,DEMANDA_ALTA,7,COLECTIVO,REPRESENTATIVE_POINT,
88c2e31253fffff,Ciudad Autónoma de Buenos Aires,Comuna 8,3506,DEMANDA_ALTA,7,COLECTIVO,REPRESENTATIVE_POINT,
88c2e38d0bfffff,Buenos Aires,La Matanza,3501,DEMANDA_ALTA,16,COLECTIVO,REPRESENTATIVE_POINT,
88c2e31287fffff,Ciudad Autónoma de Buenos Aires,Comuna 10,3500,DEMANDA_ALTA,17,COLECTIVO,REPRESENTATIVE_POINT,
88c2e3124bfffff,Ciudad Autónoma de Buenos Aires,Comuna 8,3496,DEMANDA_ALTA,16,COLECTIVO,REPRESENTATIVE_POINT,
88c2e3144bfffff,Buenos Aires,General San Martín,3483,DEMANDA_ALTA,7,COLECTIVO,REPRESENTATIVE_POINT,
88c2e2acd5fffff,Buenos Aires,La Plata,3476,DEMANDA_ALTA,17,COLECTIVO,REPRESENTATIVE_POINT,
88c2e3b8a1fffff,Buenos Aires,San Miguel,3473,DEMANDA_ALTA,7,COLECTIVO,REPRESENTATIVE_POINT,
88c2e3c54bfffff,Buenos Aires,Quilmes,3460,DEMANDA_ALTA,7,COLECTIVO,REPRESENTATIVE_POINT,
88c2e3aa6bfffff,Buenos Aires,San Miguel,3460,DEMANDA_ALTA,12,COLECTIVO,REPRESENTATIVE_POINT,
88c2e3130bfffff,Buenos Aires,Lanús,3459,DEMANDA_ALTA,17,COLECTIVO,REPRESENTATIVE_POINT,
88c2e381b5fffff,Buenos Aires,La Matanza,3458,DEMANDA_ALTA,6,COLECTIVO,REPRESENTATIVE_POINT,
88c2e38a4dfffff,Buenos Aires,Esteban Echeverría,3455,DEMANDA_ALTA,16,COLECTIVO,REPRESENTATIVE_POINT,
88c2e31001fffff,Ciudad Autónoma de Buenos Aires,Comuna 6,3449,DEMANDA_ALTA,13,COLECTIVO,REPRESENTATIVE_POINT,
88c2e3b8ebfffff,Buenos Aires,Moreno,3448,DEMANDA_ALTA,7,COLECTIVO,REPRESENTATIVE_POINT,
88c2e3d58dfffff,Buenos Aires,Florencio Varela,3448,DEMANDA_ALTA,7,COLECTIVO,REPRESENTATIVE_POINT,
88c2e312dbfffff,Buenos Aires,Tres de Febrero,3432,DEMANDA_ALTA,7,COLECTIVO,REPRESENTATIVE_POINT,
88c2e2ae89fffff,Buenos Aires,La Plata,3429,DEMANDA_ALTA,7,COLECTIVO,REPRESENTATIVE_POINT,
88c2e384b7fffff,Buenos Aires,Merlo,3426,DEMANDA_ALTA,12,COLECTIVO,REPRESENTATIVE_POINT,
88c2e38d85fffff,Buenos Aires,Tres de Febrero,3425,DEMANDA_ALTA,7,COLECTIVO,REPRESENTATIVE_POINT,
88c2e3a36bfffff,Buenos Aires,Moreno,3423,DEMANDA_ALTA,6,COLECTIVO,REPRESENTATIVE_POINT,
88c2e30739fffff,Buenos Aires,San Fernando,3423,DEMANDA_ALTA,13,COLECTIVO,REPRESENTATIVE_POINT,
88c2e310a3fffff,Ciudad Autónoma de Buenos Aires,Comuna 13,3411,DEMANDA_ALTA,16,COLECTIVO,REPRESENTATIVE_POINT,
88c2e3db23fffff,Buenos Aires,La Plata,3409,DEMANDA_ALTA,12,COLECTIVO,REPRESENTATIVE_POINT,
88c2e31761fffff,Ciudad Autónoma de Buenos Aires,Comuna 11,3398,DEMANDA_ALTA,8,COLECTIVO,REPRESENTATIVE_POINT,
88c2e3c6a1fffff,Buenos Aires,Avellaneda,3398,DEMANDA_ALTA,12,COLECTIVO,REPRESENTATIVE_POINT,
88c2e3a1a9fffff,Buenos Aires,José C. Paz,3394,DEMANDA_ALTA,6,COLECTIVO,REPRESENTATIVE_POINT,
88c2e3101bfffff,Ciudad Autónoma de Buenos Aires,Comuna 11,3386,DEMANDA_ALTA,16,COLECTIVO,REPRESENTATIVE_POINT,
88c2e30299fffff,Buenos Aires,San Isidro,3383,DEMANDA_ALTA,16,COLECTIVO,REPRESENTATIVE_POINT,
88c2e3d5ddfffff,Buenos Aires,Florencio Varela,3380,DEMANDA_ALTA,6,COLECTIVO,REPRESENTATIVE_POINT,
88c2e3d521fffff,Buenos Aires,Florencio Varela,3379,DEMANDA_ALTA,6,COLECTIVO,REPRESENTATIVE_POINT,
88c2e3128bfffff,Ciudad Autónoma de Buenos Aires,Comuna 10,3377,DEMANDA_ALTA,12,COLECTIVO,REPRESENTATIVE_POINT,
88c2e3aa55fffff,Buenos Aires,San Miguel,3362,DEMANDA_ALTA,12,COLECTIVO,REPRESENTATIVE_POINT,
88c2e38c8bfffff,Buenos Aires,Hurlingham,3361,DEMANDA_ALTA,17,COLECTIVO,REPRESENTATIVE_POINT,
88c2e38aa9fffff,Buenos Aires,Esteban Echeverría,3358,DEMANDA_ALTA,7,COLECTIVO,REPRESENTATIVE_POINT,
88c2e3b119fffff,Buenos Aires,Moreno,3357,DEMANDA_ALTA,7,COLECTIVO,REPRESENTATIVE_POINT,
88c2e38963fffff,Buenos Aires,Lomas de Zamora,3355,DEMANDA_ALTA,12,COLECTIVO,REPRESENTATIVE_POINT,
88c2e3115dfffff,Ciudad Autónoma de Buenos Aires,Comuna 4,3355,DEMANDA_ALTA,17,COLECTIVO,REPRESENTATIVE_POINT,
88c2e3108dfffff,Ciudad Autónoma de Buenos Aires,Comuna 15,3354,DEMANDA_ALTA,17,TREN,REPRESENTATIVE_POINT,
88c2e31733fffff,Buenos Aires,General San Martín,3351,DEMANDA_ALTA,7,COLECTIVO,REPRESENTATIVE_POINT,
88c2e38535fffff,Buenos Aires,Merlo,3351,DEMANDA_ALTA,7,COLECTIVO,REPRESENTATIVE_POINT,
88c2e3d4b5fffff,Buenos Aires,Almirante Brown,3350,DEMANDA_ALTA,7,COLECTIVO,REPRESENTATIVE_POINT,
88c2e389cdfffff,Buenos Aires,Lomas de Zamora,3347,DEMANDA_ALTA,12,COLECTIVO,REPRESENTATIVE_POINT,
88c2e31203fffff,Ciudad Autónoma de Buenos Aires,Comuna 8,3346,DEMANDA_ALTA,12,COLECTIVO,REPRESENTATIVE_POINT,
88c2e38955fffff,Buenos Aires,Lomas de Zamora,3343,DEMANDA_ALTA,18,COLECTIVO,REPRESENTATIVE_POINT,
88c2e3020bfffff,Ciudad Autónoma de Buenos Aires,Comuna 13,3343,DEMANDA_ALTA,8,TREN,REPRESENTATIVE_POINT,
88c2e3158bfffff,Buenos Aires,San Isidro,3338,DEMANDA_ALTA,7,COLECTIVO,REPRESENTATIVE_POINT,
88c2e38d63fffff,Buenos Aires,La Matanza,3333,DEMANDA_ALTA,17,COLECTIVO,REPRESENTATIVE_POINT,
88c2e388b1fffff,Buenos Aires,La Matanza,3329,DEMANDA_ALTA,6,COLECTIVO,REPRESENTATIVE_POINT,
88c2e38d45fffff,Buenos Aires,La Matanza,3320,DEMANDA_ALTA,7,COLECTIVO,REPRESENTATIVE_POINT,
88c2e3881bfffff,Buenos Aires,Lomas de Zamora,3315,DEMANDA_ALTA,7,COLECTIVO,REPRESENTATIVE_POINT,
88c2e3324bfffff,Buenos Aires,Escobar,3311,DEMANDA_ALTA,7,COLECTIVO,REPRESENTATIVE_POINT,
88c2e3c6d5fffff,Buenos Aires,Lanús,3311,DEMANDA_ALTA,12,COLECTIVO,REPRESENTATIVE_POINT,
88c2e3c0cdfffff,Buenos Aires,Berazategui,3308,DEMANDA_ALTA,7,COLECTIVO,REPRESENTATIVE_POINT,
88c2e312b3fffff,Ciudad Autónoma de Buenos Aires,Comuna 11,3301,DEMANDA_ALTA,16,COLECTIVO,REPRESENTATIVE_POINT,
88c2e31765fffff,Ciudad Autónoma de Buenos Aires,Comuna 11,3300,DEMANDA_ALTA,8,COLECTIVO,REPRESENTATIVE_POINT,
88c2e384dbfffff,Buenos Aires,Merlo,3298,DEMANDA_ALTA,12,COLECTIVO,REPRESENTATIVE_POINT,
88c2e3c457fffff,Buenos Aires,Avellaneda,3295,DEMANDA_ALTA,7,COLECTIVO,REPRESENTATIVE_POINT,
88c2e38e09fffff,Buenos Aires,La Matanza,3292,DEMANDA_ALTA,7,COLECTIVO,REPRESENTATIVE_POINT,
88c2e3163dfffff,Buenos Aires,Tres de Febrero,3288,DEMANDA_ALTA,7,COLECTIVO,REPRESENTATIVE_POINT,
88c2e3c003fffff,Buenos Aires,Berazategui,3282,DEMANDA_ALTA,7,TREN,REPRESENTATIVE_POINT,
88c2e38ecdfffff,Buenos Aires,Morón,3268,DEMANDA_ALTA,7,COLECTIVO,REPRESENTATIVE_POINT,
88c2e3122bfffff,Ciudad Autónoma de Buenos Aires,Comuna 8,3259,DEMANDA_ALTA,8,COLECTIVO,REPRESENTATIVE_POINT,
88c2e06521fffff,Buenos Aires,San Vicente,3249,DEMANDA_ALTA,17,COLECTIVO,REPRESENTATIVE_POINT,
88c2e31219fffff,Ciudad Autónoma de Buenos Aires,Comuna 9,3248,DEMANDA_ALTA,7,COLECTIVO,REPRESENTATIVE_POINT,
88c2e311a5fffff,Ciudad Autónoma de Buenos Aires,Comuna 1,3247,DEMANDA_ALTA,20,SUBTE,REPRESENTATIVE_POINT,
88c2e3c715fffff,Buenos Aires,Quilmes,3223,DEMANDA_ALTA,12,COLECTIVO,REPRESENTATIVE_POINT,
88c2e310d5fffff,Ciudad Autónoma de Buenos Aires,Comuna 15,3223,DEMANDA_ALTA,7,TREN,REPRESENTATIVE_POINT,
88c2e3883bfffff,Buenos Aires,Lomas de Zamora,3222,DEMANDA_ALTA,7,COLECTIVO,REPRESENTATIVE_POINT,
88c2e315d3fffff,Buenos Aires,San Isidro,3221,DEMANDA_ALTA,6,COLECTIVO,REPRESENTATIVE_POINT,
88c2e31443fffff,Buenos Aires,General San Martín,3219,DEMANDA_ALTA,7,COLECTIVO,REPRESENTATIVE_POINT,
88c2e3c74bfffff,Buenos Aires,Quilmes,3219,DEMANDA_ALTA,17,COLECTIVO,REPRESENTATIVE_POINT,
88c2e3c733fffff,Buenos Aires,Quilmes,3219,DEMANDA_ALTA,12,COLECTIVO,REPRESENTATIVE_POINT,
88c2e38803fffff,Buenos Aires,Lomas de Zamora,3214,DEMANDA_ALTA,7,COLECTIVO,REPRESENTATIVE_POINT,
88c2e31069fffff,Ciudad Autónoma de Buenos Aires,Comuna 4,3212,DEMANDA_ALTA,17,COLECTIVO,REPRESENTATIVE_POINT,
88c2e389b3fffff,Buenos Aires,Lanús,3212,DEMANDA_ALTA,7,COLECTIVO,REPRESENTATIVE_POINT,
88c2e38dc5fffff,Buenos Aires,La Matanza,3207,DEMANDA_ALTA,16,COLECTIVO,REPRESENTATIVE_POINT,
88c2e315cdfffff,Buenos Aires,San Isidro,3206,DEMANDA_ALTA,7,COLECTIVO,REPRESENTATIVE_POINT,
88c2e3b9b3fffff,Buenos Aires,San Miguel,3203,DEMANDA_ALTA,18,COLECTIVO,REPRESENTATIVE_POINT,
88c2e30469fffff,Buenos Aires,San Fernando,3199,DEMANDA_ALTA,17,COLECTIVO,REPRESENTATIVE_POINT,
88c2e31463fffff,Buenos Aires,General San Martín,3193,DEMANDA_ALTA,12,COLECTIVO,REPRESENTATIVE_POINT,
88c2e31715fffff,Buenos Aires,General San Martín,3189,DEMANDA_ALTA,17,COLECTIVO,REPRESENTATIVE_POINT,
88c2e31769fffff,Ciudad Autónoma de Buenos Aires,Comuna 11,3182,DEMANDA_ALTA,8,COLECTIVO,REPRESENTATIVE_POINT,
88c2e38435fffff,Buenos Aires,Merlo,3177,DEMANDA_ALTA,7,COLECTIVO,REPRESENTATIVE_POINT,
88c2e38883fffff,Buenos Aires,La Matanza,3176,DEMANDA_ALTA,7,COLECTIVO,REPRESENTATIVE_POINT,
88c2e302b9fffff,Buenos Aires,San Isidro,3176,DEMANDA_ALTA,16,COLECTIVO,REPRESENTATIVE_POINT,
88c2e3c4bbfffff,Buenos Aires,Avellaneda,3173,DEMANDA_ALTA,7,COLECTIVO,REPRESENTATIVE_POINT,
88c2e3d517fffff,Buenos Aires,Florencio Varela,3170,DEMANDA_ALTA,7,COLECTIVO,REPRESENTATIVE_POINT,
88c2e3c6a3fffff,Buenos Aires,Avellaneda,3167,DEMANDA_ALTA,7,COLECTIVO,REPRESENTATIVE_POINT,
88c2e3c6c1fffff,Buenos Aires,Lanús,3166,DEMANDA_ALTA,7,COLECTIVO,REPRESENTATIVE_POINT,
88c2e3070bfffff,Buenos Aires,San Isidro,3161,DEMANDA_ALTA,7,COLECTIVO,REPRESENTATIVE_POINT,
88c2e30631fffff,Buenos Aires,Tigre,3152,DEMANDA_ALTA,17,COLECTIVO,REPRESENTATIVE_POINT,
88c2e38969fffff,Buenos Aires,Lomas de Zamora,3139,DEMANDA_ALTA,7,COLECTIVO,REPRESENTATIVE_POINT,
88c2e3123bfffff,Ciudad Autónoma de Buenos Aires,Comuna 9,3137,DEMANDA_ALTA,7,COLECTIVO,REPRESENTATIVE_POINT,
88c2e3064dfffff,Buenos Aires,San Isidro,3131,DEMANDA_ALTA,7,COLECTIVO,REPRESENTATIVE_POINT,
88c2e3c2e9fffff,Buenos Aires,Berazategui,3115,DEMANDA_ALTA,7,TREN,REPRESENTATIVE_POINT,
88c2e3c495fffff,Buenos Aires,Avellaneda,3114,DEMANDA_ALTA,7,COLECTIVO,REPRESENTATIVE_POINT,
88c2e38e4dfffff,Buenos Aires,La Matanza,3105,DEMANDA_ALTA,13,COLECTIVO,REPRESENTATIVE_POINT,
88c2e3d6d5fffff,Buenos Aires,Almirante Brown,3104,DEMANDA_ALTA,7,COLECTIVO,REPRESENTATIVE_POINT,
88c2ee572dfffff,Buenos Aires,Zárate,3096,DEMANDA_ALTA,12,COLECTIVO,REPRESENTATIVE_POINT,
88c2e31411fffff,Buenos Aires,General San Martín,3095,DEMANDA_ALTA,7,COLECTIVO,REPRESENTATIVE_POINT,
88c2e3c451fffff,Buenos Aires,Avellaneda,3086,DEMANDA_ALTA,12,COLECTIVO,REPRESENTATIVE_POINT,
88c2e31499fffff,Buenos Aires,Tigre,3086,DEMANDA_ALTA,12,COLECTIVO,REPRESENTATIVE_POINT,
88c2e3c297fffff,Buenos Aires,Berazategui,3080,DEMANDA_ALTA,7,COLECTIVO,REPRESENTATIVE_POINT,
88c2e3d6a7fffff,Buenos Aires,Almirante Brown,3074,DEMANDA_ALTA,12,COLECTIVO,REPRESENTATIVE_POINT,
88c2e38dadfffff,Buenos Aires,Tres de Febrero,3073,DEMANDA_ALTA,7,COLECTIVO,REPRESENTATIVE_POINT,
88c2e3c6c9fffff,Buenos Aires,Lanús,3070,DEMANDA_ALTA,7,COLECTIVO,REPRESENTATIVE_POINT,
88c2e38d23fffff,Ciudad Autónoma de Buenos Aires,Comuna 9,3067,DEMANDA_ALTA,17,COLECTIVO,REPRESENTATIVE_POINT,
88c2e302edfffff,Buenos Aires,Vicente López,3067,DEMANDA_ALTA,18,TREN,REPRESENTATIVE_POINT,
88c2e38f39fffff,Buenos Aires,La Matanza,3066,DEMANDA_ALTA,6,COLECTIVO,REPRESENTATIVE_POINT,
88c2e2acd7fffff,Buenos Aires,La Plata,3063,DEMANDA_ALTA,12,COLECTIVO,REPRESENTATIVE_POINT,
88c2e06cd1fffff,Buenos Aires,Presidente Perón,3058,DEMANDA_ALTA,12,COLECTIVO,REPRESENTATIVE_POINT,
88c2e38863fffff,Buenos Aires,Lomas de Zamora,3058,DEMANDA_ALTA,7,COLECTIVO,REPRESENTATIVE_POINT,
88c2e31451fffff,Buenos Aires,General San Martín,3052,DEMANDA_ALTA,7,COLECTIVO,REPRESENTATIVE_POINT,
88c2e31519fffff,Buenos Aires,Vicente López,3041,DEMANDA_ALTA,7,COLECTIVO,REPRESENTATIVE_POINT,
88c2e3041dfffff,Buenos Aires,Tigre,3039,DEMANDA_ALTA,17,COLECTIVO,REPRESENTATIVE_POINT,
88c2e38dbbfffff,Buenos Aires,Tres de Febrero,3037,DEMANDA_ALTA,7,COLECTIVO,REPRESENTATIVE_POINT,
88c2e3126dfffff,Buenos Aires,Lanús,3037,DEMANDA_ALTA,7,COLECTIVO,REPRESENTATIVE_POINT,
88c2e3c2c9fffff,Buenos Aires,Florencio Varela,3035,DEMANDA_ALTA,7,COLECTIVO,REPRESENTATIVE_POINT,
88c2e3b923fffff,Buenos Aires,Hurlingham,3034,DEMANDA_ALTA,7,TREN,REPRESENTATIVE_POINT,
88c2e3141dfffff,Buenos Aires,General San Martín,3029,DEMANDA_ALTA,7,COLECTIVO,REPRESENTATIVE_POINT,
88c2e3aad9fffff,Buenos Aires,José C. Paz,3028,DEMANDA_ALTA,6,COLECTIVO,REPRESENTATIVE_POINT,
88c2e3142bfffff,Buenos Aires,General San Martín,3020,DEMANDA_ALTA,7,TREN,REPRESENTATIVE_POINT,
88c2e3aadbfffff,Buenos Aires,José C. Paz,3019,DEMANDA_ALTA,7,COLECTIVO,REPRESENTATIVE_POINT,
88c2e0670bfffff,Buenos Aires,San Vicente,3008,DEMANDA_ALTA,17,COLECTIVO,REPRESENTATIVE_POINT,
88c2e38e3dfffff,Buenos Aires,La Matanza,3000,DEMANDA_ALTA,13,COLECTIVO,REPRESENTATIVE_POINT,
88c2e3a95dfffff,Buenos Aires,Tigre,3000,DEMANDA_ALTA,7,COLECTIVO,REPRESENTATIVE_POINT,
88c2e389b9fffff,Buenos Aires,Lanús,2995,DEMANDA_ALTA,7,COLECTIVO,REPRESENTATIVE_POINT,
88c2e38c57fffff,Buenos Aires,La Matanza,2995,DEMANDA_ALTA,13,COLECTIVO,REPRESENTATIVE_POINT,
88c2e33209fffff,Buenos Aires,Tigre,2989,DEMANDA_ALTA,7,COLECTIVO,REPRESENTATIVE_POINT,
88c2e3ae89fffff,Buenos Aires,Pilar,2989,DEMANDA_ALTA,14,COLECTIVO,REPRESENTATIVE_POINT,
88c2e30457fffff,Buenos Aires,Tigre,2983,DEMANDA_ALTA,17,COLECTIVO,REPRESENTATIVE_POINT,
88c2e3d585fffff,Buenos Aires,Florencio Varela,2983,DEMANDA_ALTA,7,COLECTIVO,REPRESENTATIVE_POINT,
88c2e31039fffff,Ciudad Autónoma de Buenos Aires,Comuna 6,2980,DEMANDA_ALTA,17,COLECTIVO,REPRESENTATIVE_POINT,
88c2e38d29fffff,Ciudad Autónoma de Buenos Aires,Comuna 9,2971,DEMANDA_ALTA,7,COLECTIVO,REPRESENTATIVE_POINT,
88c2e312bdfffff,Ciudad Autónoma de Buenos Aires,Comuna 10,2969,DEMANDA_ALTA,17,COLECTIVO,REPRESENTATIVE_POINT,
88c2e31741fffff,Buenos Aires,Tres de Febrero,2966,DEMANDA_ALTA,8,COLECTIVO,REPRESENTATIVE_POINT,
88c2e316e9fffff,Buenos Aires,Tres de Febrero,2966,DEMANDA_ALTA,6,COLECTIVO,REPRESENTATIVE_POINT,
88c2e312e1fffff,Ciudad Autónoma de Buenos Aires,Comuna 10,2963,DEMANDA_ALTA,17,COLECTIVO,REPRESENTATIVE_POINT,
88c2e3baddfffff,Buenos Aires,Moreno,2960,DEMANDA_ALTA,18,COLECTIVO,REPRESENTATIVE_POINT,
88c2e3aa3bfffff,Buenos Aires,José C. Paz,2958,DEMANDA_ALTA,12,COLECTIVO,REPRESENTATIVE_POINT,
88c2e30703fffff,Buenos Aires,San Fernando,2956,DEMANDA_ALTA,6,TREN,INTERSECCION_MAYOR_AREA,
88c2e385c7fffff,Buenos Aires,Merlo,2948,DEMANDA_ALTA,12,COLECTIVO,REPRESENTATIVE_POINT,
88c2e3ba87fffff,Buenos Aires,Moreno,2947,DEMANDA_ALTA,17,COLECTIVO,REPRESENTATIVE_POINT,
88c2e3d52bfffff,Buenos Aires,Florencio Varela,2945,DEMANDA_ALTA,7,COLECTIVO,REPRESENTATIVE_POINT,
88c2e3a9b5fffff,Buenos Aires,Tigre,2941,DEMANDA_ALTA,7,COLECTIVO,REPRESENTATIVE_POINT,
88c2e38d6bfffff,Buenos Aires,La Matanza,2930,DEMANDA_ALTA,12,COLECTIVO,REPRESENTATIVE_POINT,
88c2e38821fffff,Buenos Aires,Lomas de Zamora,2929,DEMANDA_ALTA,12,COLECTIVO,REPRESENTATIVE_POINT,
88c2e3aa8dfffff,Buenos Aires,José C. Paz,2924,DEMANDA_ALTA,12,COLECTIVO,REPRESENTATIVE_POINT,
88c2e3c431fffff,Buenos Aires,Avellaneda,2921,DEMANDA_ALTA,7,COLECTIVO,REPRESENTATIVE_POINT,
88c2e38d3bfffff,Buenos Aires,Tres de Febrero,2920,DEMANDA_ALTA,16,COLECTIVO,REPRESENTATIVE_POINT,
88c2e3c69bfffff,Buenos Aires,Lanús,2917,DEMANDA_ALTA,8,COLECTIVO,REPRESENTATIVE_POINT,
88c2e3d481fffff,Buenos Aires,Almirante Brown,2915,DEMANDA_ALTA,7,COLECTIVO,REPRESENTATIVE_POINT,
88c2e31227fffff,Ciudad Autónoma de Buenos Aires,Comuna 8,2911,DEMANDA_ALTA,7,COLECTIVO,REPRESENTATIVE_POINT,
88c2e3c6c5fffff,Buenos Aires,Lanús,2910,DEMANDA_ALTA,7,COLECTIVO,REPRESENTATIVE_POINT,
88c2e38e65fffff,Buenos Aires,La Matanza,2907,DEMANDA_ALTA,7,COLECTIVO,REPRESENTATIVE_POINT,
88c2e38f23fffff,Buenos Aires,La Matanza,2905,DEMANDA_ALTA,6,COLECTIVO,REPRESENTATIVE_POINT,
88c2e3a9bbfffff,Buenos Aires,Tigre,2904,DEMANDA_ALTA,17,COLECTIVO,REPRESENTATIVE_POINT,
88c2e3a369fffff,Buenos Aires,Moreno,2898,DEMANDA_ALTA,6,COLECTIVO,REPRESENTATIVE_POINT,
88c2e3a107fffff,Buenos Aires,José C. Paz,2896,DEMANDA_ALTA,7,COLECTIVO,REPRESENTATIVE_POINT,
88c2e38f13fffff,Buenos Aires,La Matanza,2888,DEMANDA_ALTA,17,COLECTIVO,REPRESENTATIVE_POINT,
88c2e31637fffff,Buenos Aires,General San Martín,2886,DEMANDA_ALTA,7,COLECTIVO,REPRESENTATIVE_POINT,
88c2e2aed7fffff,Buenos Aires,La Plata,2882,DEMANDA_ALTA,7,COLECTIVO,REPRESENTATIVE_POINT,
88c2e3b801fffff,Buenos Aires,Moreno,2875,DEMANDA_ALTA,6,COLECTIVO,REPRESENTATIVE_POINT,
88c2e3b8c1fffff,Buenos Aires,Moreno,2862,DEMANDA_ALTA,7,COLECTIVO,REPRESENTATIVE_POINT,
88c2e310b3fffff,Ciudad Autónoma de Buenos Aires,Comuna 12,2861,DEMANDA_ALTA,7,COLECTIVO,REPRESENTATIVE_POINT,
88c2e38891fffff,Buenos Aires,La Matanza,2858,DEMANDA_ALTA,7,COLECTIVO,REPRESENTATIVE_POINT,
88c2e3c215fffff,Buenos Aires,Berazategui,2856,DEMANDA_ALTA,7,COLECTIVO,REPRESENTATIVE_POINT,
88c2e31409fffff,Buenos Aires,General San Martín,2854,DEMANDA_ALTA,7,COLECTIVO,REPRESENTATIVE_POINT,
88c2e388a7fffff,Ciudad Autónoma de Buenos Aires,Comuna 8,2845,DEMANDA_ALTA,7,COLECTIVO,REPRESENTATIVE_POINT,
88c2e3101dfffff,Ciudad Autónoma de Buenos Aires,Comuna 6,2840,DEMANDA_ALTA,17,COLECTIVO,REPRESENTATIVE_POINT,
88c2e3c2a9fffff,Buenos Aires,Berazategui,2840,DEMANDA_ALTA,7,TREN,REPRESENTATIVE_POINT,
88c2e3c6b7fffff,Buenos Aires,Avellaneda,2839,DEMANDA_ALTA,17,COLECTIVO,REPRESENTATIVE_POINT,
88c2e31435fffff,Buenos Aires,General San Martín,2825,DEMANDA_ALTA,7,COLECTIVO,REPRESENTATIVE_POINT,
88c2e3c687fffff,Buenos Aires,Lanús,2824,DEMANDA_ALTA,7,COLECTIVO,REPRESENTATIVE_POINT,
88c2e315adfffff,Buenos Aires,San Isidro,2823,DEMANDA_ALTA,17,COLECTIVO,REPRESENTATIVE_POINT,
88c2e38469fffff,Buenos Aires,Merlo,2823,DEMANDA_ALTA,7,COLECTIVO,REPRESENTATIVE_POINT,
88c2e31627fffff,Buenos Aires,General San Martín,2818,DEMANDA_ALTA,7,COLECTIVO,REPRESENTATIVE_POINT,
88c2e3d593fffff,Buenos Aires,Quilmes,2809,DEMANDA_ALTA,7,COLECTIVO,REPRESENTATIVE_POINT,
88c2e3151dfffff,Buenos Aires,General San Martín,2803,DEMANDA_ALTA,7,COLECTIVO,REPRESENTATIVE_POINT,
88c2e3bab5fffff,Buenos Aires,Moreno,2802,DEMANDA_ALTA,7,COLECTIVO,REPRESENTATIVE_POINT,
88c2e311a3fffff,Ciudad Autónoma de Buenos Aires,Comuna 14,2796,DEMANDA_ALTA,17,TREN,REPRESENTATIVE_POINT,
88c2e3145dfffff,Buenos Aires,General San Martín,2793,DEMANDA_ALTA,7,COLECTIVO,REPRESENTATIVE_POINT,
88c2e38f5dfffff,Buenos Aires,La Matanza,2790,DEMANDA_ALTA,7,COLECTIVO,REPRESENTATIVE_POINT,
88c2e2ac83fffff,Buenos Aires,La Plata,2785,DEMANDA_ALTA,13,COLECTIVO,REPRESENTATIVE_POINT,
88c2e3025bfffff,Ciudad Autónoma de Buenos Aires,Comuna 12,2784,DEMANDA_ALTA,7,COLECTIVO,REPRESENTATIVE_POINT,
88c2e3c2bbfffff,Buenos Aires,Berazategui,2781,DEMANDA_ALTA,12,COLECTIVO,REPRESENTATIVE_POINT,
88c2e38e97fffff,Buenos Aires,Ituzaingó,2779,DEMANDA_ALTA,18,COLECTIVO,INTERSECCION_MAYOR_AREA,
88c2e3a11dfffff,Buenos Aires,Moreno,2776,DEMANDA_ALTA,7,COLECTIVO,REPRESENTATIVE_POINT,
88c2e3c697fffff,Buenos Aires,Lanús,2774,DEMANDA_ALTA,17,COLECTIVO,REPRESENTATIVE_POINT,
88c2e38ee3fffff,Buenos Aires,Morón,2771,DEMANDA_ALTA,12,COLECTIVO,REPRESENTATIVE_POINT,
88c2e3d5dbfffff,Buenos Aires,Almirante Brown,2770,DEMANDA_ALTA,7,COLECTIVO,REPRESENTATIVE_POINT,
88c2e38c2dfffff,Buenos Aires,La Matanza,2768,DEMANDA_ALTA,11,COLECTIVO,REPRESENTATIVE_POINT,
88c2e3a917fffff,Buenos Aires,Tigre,2767,DEMANDA_ALTA,7,COLECTIVO,REPRESENTATIVE_POINT,
88c2e38d49fffff,Buenos Aires,La Matanza,2764,DEMANDA_ALTA,7,COLECTIVO,REPRESENTATIVE_POINT,
88c2e3882dfffff,Buenos Aires,Lomas de Zamora,2760,DEMANDA_ALTA,17,COLECTIVO,REPRESENTATIVE_POINT,
88c2e38f69fffff,Buenos Aires,La Matanza,2758,DEMANDA_ALTA,7,TREN,REPRESENTATIVE_POINT,
88c2e3d583fffff,Buenos Aires,Florencio Varela,2757,DEMANDA_ALTA,7,COLECTIVO,REPRESENTATIVE_POINT,
88c2e3d41bfffff,Buenos Aires,Almirante Brown,2756,DEMANDA_ALTA,7,COLECTIVO,REPRESENTATIVE_POINT,
88c2e3c55bfffff,Buenos Aires,Quilmes,2756,DEMANDA_ALTA,17,COLECTIVO,REPRESENTATIVE_POINT,
88c2e38e3bfffff,Buenos Aires,La Matanza,2756,DEMANDA_ALTA,7,COLECTIVO,REPRESENTATIVE_POINT,
88c2e381b9fffff,Buenos Aires,La Matanza,2755,DEMANDA_ALTA,7,COLECTIVO,REPRESENTATIVE_POINT,
88c2e382a1fffff,Buenos Aires,La Matanza,2755,DEMANDA_ALTA,12,COLECTIVO,REPRESENTATIVE_POINT,
88c2e3b8bdfffff,Buenos Aires,San Miguel,2754,DEMANDA_ALTA,12,COLECTIVO,REPRESENTATIVE_POINT,
88c2e3ba81fffff,Buenos Aires,Moreno,2751,DEMANDA_ALTA,7,COLECTIVO,REPRESENTATIVE_POINT,
88c2e3a905fffff,Buenos Aires,Tigre,2751,DEMANDA_ALTA,17,COLECTIVO,REPRESENTATIVE_POINT,
88c2e312c5fffff,Ciudad Autónoma de Buenos Aires,Comuna 10,2739,DEMANDA_ALTA,16,COLECTIVO,REPRESENTATIVE_POINT,
88c2e38a19fffff,Buenos Aires,Esteban Echeverría,2738,DEMANDA_ALTA,7,COLECTIVO,REPRESENTATIVE_POINT,
88c2e312d1fffff,Ciudad Autónoma de Buenos Aires,Comuna 10,2737,DEMANDA_ALTA,7,COLECTIVO,REPRESENTATIVE_POINT,
88c2e3d599fffff,Buenos Aires,Quilmes,2729,DEMANDA_ALTA,16,COLECTIVO,REPRESENTATIVE_POINT,
88c2e3c411fffff,Buenos Aires,Avellaneda,2728,DEMANDA_ALTA,12,COLECTIVO,REPRESENTATIVE_POINT,
88c2e3170bfffff,Buenos Aires,General San Martín,2726,DEMANDA_ALTA,17,COLECTIVO,REPRESENTATIVE_POINT,
88c2e312cdfffff,Ciudad Autónoma de Buenos Aires,Comuna 9,2723,DEMANDA_ALTA,13,COLECTIVO,REPRESENTATIVE_POINT,
88c2e3babdfffff,Buenos Aires,Moreno,2721,DEMANDA_ALTA,7,COLECTIVO,REPRESENTATIVE_POINT,
88c2e31567fffff,Ciudad Autónoma de Buenos Aires,Comuna 12,2719,DEMANDA_ALTA,17,COLECTIVO,REPRESENTATIVE_POINT,
88c2e3c647fffff,Buenos Aires,Quilmes,2718,DEMANDA_ALTA,7,COLECTIVO,REPRESENTATIVE_POINT,
88c2e38debfffff,Buenos Aires,Tres de Febrero,2717,DEMANDA_ALTA,16,COLECTIVO,INTERSECCION_MAYOR_AREA,
88c2e31ad5fffff,Ciudad Autónoma de Buenos Aires,Comuna 1,2716,DEMANDA_ALTA,17,COLECTIVO,REPRESENTATIVE_POINT,
88c2e31609fffff,Buenos Aires,Tres de Febrero,2711,DEMANDA_ALTA,7,TREN,REPRESENTATIVE_POINT,
88c2e3d0b9fffff,Buenos Aires,Florencio Varela,2709,DEMANDA_ALTA,7,COLECTIVO,REPRESENTATIVE_POINT,
88c2e3376bfffff,Buenos Aires,Escobar,2700,DEMANDA_ALTA,12,COLECTIVO,REPRESENTATIVE_POINT,
88c2e3c753fffff,Buenos Aires,Quilmes,2697,DEMANDA_ALTA,12,COLECTIVO,REPRESENTATIVE_POINT,
88c2e38a1dfffff,Buenos Aires,Esteban Echeverría,2696,DEMANDA_ALTA,7,COLECTIVO,REPRESENTATIVE_POINT,
88c2e3132bfffff,Buenos Aires,Avellaneda,2693,DEMANDA_ALTA,16,COLECTIVO,REPRESENTATIVE_POINT,
88c2e38d47fffff,Buenos Aires,La Matanza,2692,DEMANDA_ALTA,7,COLECTIVO,REPRESENTATIVE_POINT,
88c2e3893bfffff,Buenos Aires,Lanús,2689,DEMANDA_ALTA,12,COLECTIVO,REPRESENTATIVE_POINT,
88c2e31605fffff,Buenos Aires,Tres de Febrero,2688,DEMANDA_ALTA,16,COLECTIVO,REPRESENTATIVE_POINT,
88c2e3983dfffff,Buenos Aires,Esteban Echeverría,2686,DEMANDA_ALTA,7,COLECTIVO,REPRESENTATIVE_POINT,
88c2e302ebfffff,Buenos Aires,Vicente López,2684,DEMANDA_ALTA,17,COLECTIVO,REPRESENTATIVE_POINT,
88c2e31343fffff,Buenos Aires,Lanús,2683,DEMANDA_ALTA,12,COLECTIVO,REPRESENTATIVE_POINT,
88c2e3b9a3fffff,Buenos Aires,San Miguel,2680,DEMANDA_ALTA,6,TREN,REPRESENTATIVE_POINT,
88c2e3a841fffff,Buenos Aires,Malvinas Argentinas,2675,DEMANDA_ALTA,7,COLECTIVO,REPRESENTATIVE_POINT,
88c2e3a955fffff,Buenos Aires,Tigre,2673,DEMANDA_ALTA,7,COLECTIVO,REPRESENTATIVE_POINT,
88c2e38cc3fffff,Buenos Aires,Morón,2671,DEMANDA_ALTA,17,COLECTIVO,REPRESENTATIVE_POINT,
88c2e3c607fffff,Buenos Aires,Quilmes,2667,DEMANDA_ALTA,12,COLECTIVO,REPRESENTATIVE_POINT,
88c2e02e47fffff,Buenos Aires,Cañuelas,2664,DEMANDA_ALTA,13,COLECTIVO,REPRESENTATIVE_POINT,
88c2e3bb13fffff,Buenos Aires,Ituzaingó,2662,DEMANDA_ALTA,17,COLECTIVO,REPRESENTATIVE_POINT,
88c2e310d3fffff,Ciudad Autónoma de Buenos Aires,Comuna 12,2662,DEMANDA_ALTA,13,COLECTIVO,REPRESENTATIVE_POINT,
88c2e38b63fffff,Buenos Aires,Almirante Brown,2659,DEMANDA_ALTA,18,COLECTIVO,REPRESENTATIVE_POINT,
88c2e315d1fffff,Buenos Aires,San Isidro,2658,DEMANDA_ALTA,7,COLECTIVO,REPRESENTATIVE_POINT,
88c2e3153dfffff,Buenos Aires,Vicente López,2657,DEMANDA_ALTA,17,COLECTIVO,REPRESENTATIVE_POINT,
88c2e384bbfffff,Buenos Aires,Merlo,2657,DEMANDA_ALTA,12,COLECTIVO,REPRESENTATIVE_POINT,
88c2e31617fffff,Buenos Aires,Tres de Febrero,2653,DEMANDA_ALTA,7,COLECTIVO,REPRESENTATIVE_POINT,
88c2e3c71bfffff,Buenos Aires,Quilmes,2653,DEMANDA_ALTA,7,COLECTIVO,REPRESENTATIVE_POINT,
88c2e3b8b3fffff,Buenos Aires,San Miguel,2652,DEMANDA_ALTA,7,COLECTIVO,REPRESENTATIVE_POINT,
88c2e31323fffff,Ciudad Autónoma de Buenos Aires,Comuna 4,2642,DEMANDA_ALTA,17,COLECTIVO,REPRESENTATIVE_POINT,
88c2e16837fffff,Buenos Aires,Luján,2640,DEMANDA_ALTA,13,COLECTIVO,REPRESENTATIVE_POINT,
88c2e38cc9fffff,Buenos Aires,Morón,2636,DEMANDA_ALTA,17,COLECTIVO,REPRESENTATIVE_POINT,
88c2e3108bfffff,Ciudad Autónoma de Buenos Aires,Comuna 15,2629,DEMANDA_ALTA,16,COLECTIVO,REPRESENTATIVE_POINT,
88c2e3046bfffff,Buenos Aires,San Fernando,2628,DEMANDA_ALTA,17,COLECTIVO,REPRESENTATIVE_POINT,
88c2e312d3fffff,Ciudad Autónoma de Buenos Aires,Comuna 10,2622,DEMANDA_ALTA,16,COLECTIVO,REPRESENTATIVE_POINT,
88c2e3a157fffff,Buenos Aires,Moreno,2616,DEMANDA_ALTA,17,COLECTIVO,REPRESENTATIVE_POINT,
88c2e31481fffff,Buenos Aires,Tigre,2615,DEMANDA_ALTA,17,TREN,REPRESENTATIVE_POINT,
88c2e30623fffff,Buenos Aires,San Fernando,2612,DEMANDA_ALTA,8,COLECTIVO,REPRESENTATIVE_POINT,
88c2e3a869fffff,Buenos Aires,Malvinas Argentinas,2612,DEMANDA_ALTA,17,COLECTIVO,REPRESENTATIVE_POINT,
88c2e312e5fffff,Ciudad Autónoma de Buenos Aires,Comuna 9,2611,DEMANDA_ALTA,17,COLECTIVO,REPRESENTATIVE_POINT,
88c2e3d5b1fffff,Buenos Aires,Quilmes,2609,DEMANDA_ALTA,8,COLECTIVO,REPRESENTATIVE_POINT,
88c2e06ce3fffff,Buenos Aires,Presidente Perón,2608,DEMANDA_ALTA,6,COLECTIVO,REPRESENTATIVE_POINT,
88c2e3885bfffff,Buenos Aires,Lomas de Zamora,2607,DEMANDA_ALTA,6,COLECTIVO,REPRESENTATIVE_POINT,
88c2e38ec5fffff,Buenos Aires,Morón,2603,DEMANDA_ALTA,7,COLECTIVO,REPRESENTATIVE_POINT,
88c2e3a113fffff,Buenos Aires,Moreno,2599,DEMANDA_ALTA,7,COLECTIVO,REPRESENTATIVE_POINT,
88c2e30625fffff,Buenos Aires,San Fernando,2598,DEMANDA_ALTA,7,COLECTIVO,REPRESENTATIVE_POINT,
88c2e3ba5bfffff,Buenos Aires,Merlo,2594,DEMANDA_ALTA,7,COLECTIVO,REPRESENTATIVE_POINT,
88c2e3150dfffff,Buenos Aires,Vicente López,2583,DEMANDA_ALTA,7,COLECTIVO,REPRESENTATIVE_POINT,
88c2e38195fffff,Buenos Aires,La Matanza,2581,DEMANDA_ALTA,7,COLECTIVO,REPRESENTATIVE_POINT,
88c2e3c695fffff,Buenos Aires,Lanús,2578,DEMANDA_ALTA,7,COLECTIVO,REPRESENTATIVE_POINT,
88c2e3c611fffff,Buenos Aires,Quilmes,2574,DEMANDA_ALTA,7,COLECTIVO,INTERSECCION_MAYOR_AREA,
88c2e38ae5fffff,Buenos Aires,Esteban Echeverría,2574,DEMANDA_ALTA,6,COLECTIVO,REPRESENTATIVE_POINT,
88c2e3899dfffff,Buenos Aires,Lomas de Zamora,2571,DEMANDA_ALTA,7,COLECTIVO,REPRESENTATIVE_POINT,
88c2e31199fffff,Ciudad Autónoma de Buenos Aires,Comuna 14,2569,DEMANDA_ALTA,16,COLECTIVO,REPRESENTATIVE_POINT,
88c2e3a9d7fffff,Buenos Aires,Escobar,2560,DEMANDA_ALTA,16,COLECTIVO,REPRESENTATIVE_POINT,
88c2e38527fffff,Buenos Aires,Morón,2557,DEMANDA_ALTA,7,COLECTIVO,INTERSECCION_MAYOR_AREA,
88c2e382e7fffff,Buenos Aires,La Matanza,2555,DEMANDA_ALTA,5,COLECTIVO,REPRESENTATIVE_POINT,
88c2e302d1fffff,Buenos Aires,San Isidro,2552,DEMANDA_ALTA,7,COLECTIVO,INTERSECCION_MAYOR_AREA,
88c2e2a4a9fffff,Buenos Aires,La Plata,2545,DEMANDA_ALTA,7,COLECTIVO,REPRESENTATIVE_POINT,
88c2e302d5fffff,Buenos Aires,Vicente López,2543,DEMANDA_ALTA,7,COLECTIVO,REPRESENTATIVE_POINT,
88c2e38f29fffff,Buenos Aires,La Matanza,2543,DEMANDA_ALTA,13,COLECTIVO,REPRESENTATIVE_POINT,
88c2e3ab13fffff,Buenos Aires,Malvinas Argentinas,2541,DEMANDA_ALTA,17,COLECTIVO,REPRESENTATIVE_POINT,
88c2e3121bfffff,Ciudad Autónoma de Buenos Aires,Comuna 9,2537,DEMANDA_ALTA,7,COLECTIVO,REPRESENTATIVE_POINT,
88c2e31333fffff,Ciudad Autónoma de Buenos Aires,Comuna 4,2537,DEMANDA_ALTA,15,COLECTIVO,REPRESENTATIVE_POINT,
88c2e385a9fffff,Buenos Aires,Merlo,2537,DEMANDA_ALTA,12,COLECTIVO,REPRESENTATIVE_POINT,
88c2e23639fffff,Buenos Aires,Ensenada,2534,DEMANDA_ALTA,12,COLECTIVO,REPRESENTATIVE_POINT,
88c2e3b8edfffff,Buenos Aires,San Miguel,2527,DEMANDA_ALTA,7,COLECTIVO,REPRESENTATIVE_POINT,
88c2e2aed3fffff,Buenos Aires,La Plata,2524,DEMANDA_ALTA,12,COLECTIVO,REPRESENTATIVE_POINT,
88c2e3d5d1fffff,Buenos Aires,Quilmes,2517,DEMANDA_ALTA,7,COLECTIVO,REPRESENTATIVE_POINT,
88c2e3b907fffff,Buenos Aires,Hurlingham,2516,DEMANDA_ALTA,7,COLECTIVO,REPRESENTATIVE_POINT,
88c2e3a137fffff,Buenos Aires,José C. Paz,2515,DEMANDA_ALTA,6,COLECTIVO,REPRESENTATIVE_POINT,
88c2e38c9dfffff,Buenos Aires,Hurlingham,2514,DEMANDA_ALTA,17,COLECTIVO,REPRESENTATIVE_POINT,
88c2e388b7fffff,Ciudad Autónoma de Buenos Aires,Comuna 8,2513,DEMANDA_ALTA,8,COLECTIVO,REPRESENTATIVE_POINT,
88c2e31229fffff,Ciudad Autónoma de Buenos Aires,Comuna 8,2512,DEMANDA_ALTA,7,COLECTIVO,REPRESENTATIVE_POINT,
88c2e3ac59fffff,Buenos Aires,Pilar,2506,DEMANDA_ALTA,17,COLECTIVO,REPRESENTATIVE_POINT,
88c2e316edfffff,Buenos Aires,Tres de Febrero,2505,DEMANDA_ALTA,6,COLECTIVO,REPRESENTATIVE_POINT,
88c2e3b903fffff,Buenos Aires,Hurlingham,2495,DEMANDA_ALTA,7,COLECTIVO,REPRESENTATIVE_POINT,
88c2e0676bfffff,Buenos Aires,San Vicente,2493,DEMANDA_ALTA,7,COLECTIVO,REPRESENTATIVE_POINT,
88c2e31461fffff,Buenos Aires,General San Martín,2485,DEMANDA_ALTA,12,COLECTIVO,REPRESENTATIVE_POINT,
88c2e3a861fffff,Buenos Aires,Malvinas Argentinas,2485,DEMANDA_ALTA,7,COLECTIVO,REPRESENTATIVE_POINT,
88c2e3d51bfffff,Buenos Aires,Florencio Varela,2482,DEMANDA_ALTA,12,COLECTIVO,REPRESENTATIVE_POINT,
88c2e31521fffff,Buenos Aires,Vicente López,2477,DEMANDA_ALTA,17,COLECTIVO,REPRESENTATIVE_POINT,
88c2e2ac81fffff,Buenos Aires,La Plata,2465,DEMANDA_ALTA,12,COLECTIVO,REPRESENTATIVE_POINT,
88c2e38d55fffff,Buenos Aires,La Matanza,2461,DEMANDA_ALTA,16,COLECTIVO,REPRESENTATIVE_POINT,
88c2e3c449fffff,Buenos Aires,Quilmes,2460,DEMANDA_ALTA,7,COLECTIVO,REPRESENTATIVE_POINT,
88c2e3b803fffff,Buenos Aires,Moreno,2455,DEMANDA_ALTA,6,COLECTIVO,REPRESENTATIVE_POINT,
88c2e3d411fffff,Buenos Aires,Almirante Brown,2454,DEMANDA_ALTA,7,COLECTIVO,REPRESENTATIVE_POINT,
88c2e38921fffff,Buenos Aires,Lanús,2453,DEMANDA_ALTA,7,COLECTIVO,REPRESENTATIVE_POINT,
88c2e3d863fffff,Buenos Aires,La Plata,2449,DEMANDA_ALTA,7,COLECTIVO,REPRESENTATIVE_POINT,
88c2e38829fffff,Buenos Aires,Lomas de Zamora,2446,DEMANDA_ALTA,11,COLECTIVO,REPRESENTATIVE_POINT,
88c2e3b811fffff,Buenos Aires,Moreno,2445,DEMANDA_ALTA,7,COLECTIVO,REPRESENTATIVE_POINT,
88c2e315e7fffff,Buenos Aires,San Isidro,2442,DEMANDA_ALTA,16,COLECTIVO,REPRESENTATIVE_POINT,
88c2e38a4bfffff,Buenos Aires,Esteban Echeverría,2441,DEMANDA_ALTA,13,COLECTIVO,REPRESENTATIVE_POINT,
88c2e3a93dfffff,Buenos Aires,Tigre,2440,DEMANDA_ALTA,12,COLECTIVO,REPRESENTATIVE_POINT,
88c2e3b9b9fffff,Buenos Aires,San Miguel,2439,DEMANDA_ALTA,17,COLECTIVO,REPRESENTATIVE_POINT,
88c2e39755fffff,Buenos Aires,Marcos Paz,2438,DEMANDA_ALTA,6,COLECTIVO,REPRESENTATIVE_POINT,
88c2e2accdfffff,Buenos Aires,La Plata,2438,DEMANDA_ALTA,11,COLECTIVO,REPRESENTATIVE_POINT,
88c2e315bdfffff,Buenos Aires,San Isidro,2438,DEMANDA_ALTA,17,COLECTIVO,REPRESENTATIVE_POINT,
88c2e38d53fffff,Buenos Aires,La Matanza,2437,DEMANDA_ALTA,7,COLECTIVO,REPRESENTATIVE_POINT,
88c2e3106bfffff,Ciudad Autónoma de Buenos Aires,Comuna 7,2422,DEMANDA_ALTA,7,COLECTIVO,REPRESENTATIVE_POINT,
88c2e38925fffff,Buenos Aires,Lomas de Zamora,2418,DEMANDA_ALTA,7,COLECTIVO,REPRESENTATIVE_POINT,
88c2e3060dfffff,Buenos Aires,San Fernando,2413,DEMANDA_ALTA,7,COLECTIVO,REPRESENTATIVE_POINT,
88c2e3aa29fffff,Buenos Aires,San Miguel,2410,DEMANDA_ALTA,12,COLECTIVO,REPRESENTATIVE_POINT,
88c2e310bbfffff,Ciudad Autónoma de Buenos Aires,Comuna 12,2408,DEMANDA_ALTA,16,COLECTIVO,REPRESENTATIVE_POINT,
88c2e31305fffff,Buenos Aires,Avellaneda,2408,DEMANDA_ALTA,12,COLECTIVO,REPRESENTATIVE_POINT,
88c2e38323fffff,Buenos Aires,Ezeiza,2401,DEMANDA_ALTA,14,COLECTIVO,REPRESENTATIVE_POINT,
88c2e3bac3fffff,Buenos Aires,Moreno,2400,DEMANDA_ALTA,17,COLECTIVO,REPRESENTATIVE_POINT,
88c2e3c609fffff,Buenos Aires,Quilmes,2396,DEMANDA_ALTA,7,COLECTIVO,REPRESENTATIVE_POINT,
88c2e3bacbfffff,Buenos Aires,Moreno,2396,DEMANDA_ALTA,12,COLECTIVO,REPRESENTATIVE_POINT,
88c2e3aaadfffff,Buenos Aires,Malvinas Argentinas,2396,DEMANDA_ALTA,6,COLECTIVO,REPRESENTATIVE_POINT,
88c2e31755fffff,Buenos Aires,General San Martín,2393,DEMANDA_ALTA,16,COLECTIVO,REPRESENTATIVE_POINT,
88c2e314bbfffff,Buenos Aires,Tigre,2393,DEMANDA_ALTA,16,COLECTIVO,REPRESENTATIVE_POINT,
88c2e3035dfffff,Ciudad Autónoma de Buenos Aires,Comuna 14,2393,DEMANDA_ALTA,19,COLECTIVO,REPRESENTATIVE_POINT,
88c2e315c3fffff,Buenos Aires,San Isidro,2393,DEMANDA_ALTA,7,COLECTIVO,REPRESENTATIVE_POINT,
88c2e316dbfffff,Buenos Aires,San Miguel,2390,DEMANDA_ALTA,7,TREN,REPRESENTATIVE_POINT,
88c2e2ac35fffff,Buenos Aires,Berisso,2388,DEMANDA_ALTA,7,COLECTIVO,REPRESENTATIVE_POINT,
88c2e3c659fffff,Buenos Aires,Lomas de Zamora,2387,DEMANDA_ALTA,7,COLECTIVO,REPRESENTATIVE_POINT,
88c2e38c63fffff,Buenos Aires,La Matanza,2385,DEMANDA_ALTA,7,COLECTIVO,REPRESENTATIVE_POINT,
88c2e382a9fffff,Buenos Aires,La Matanza,2383,DEMANDA_ALTA,7,COLECTIVO,REPRESENTATIVE_POINT,
88c2e3b9dbfffff,Buenos Aires,San Miguel,2381,DEMANDA_ALTA,6,COLECTIVO,REPRESENTATIVE_POINT,
88c2e389a9fffff,Buenos Aires,Lanús,2379,DEMANDA_ALTA,7,COLECTIVO,REPRESENTATIVE_POINT,
88c2e38927fffff,Buenos Aires,Lanús,2378,DEMANDA_ALTA,7,COLECTIVO,REPRESENTATIVE_POINT,
88c2e38d5bfffff,Buenos Aires,La Matanza,2375,DEMANDA_ALTA,17,COLECTIVO,REPRESENTATIVE_POINT,
88c2e31429fffff,Buenos Aires,General San Martín,2375,DEMANDA_ALTA,12,COLECTIVO,REPRESENTATIVE_POINT,
88c2e39943fffff,Buenos Aires,Almirante Brown,2372,DEMANDA_ALTA,7,COLECTIVO,REPRESENTATIVE_POINT,
88c2e3c45bfffff,Buenos Aires,Avellaneda,2371,DEMANDA_ALTA,7,COLECTIVO,REPRESENTATIVE_POINT,
88c2ee50d3fffff,Buenos Aires,Zárate,2370,DEMANDA_ALTA,12,COLECTIVO,REPRESENTATIVE_POINT,
88c2e30287fffff,Buenos Aires,Vicente López,2370,DEMANDA_ALTA,8,TREN,INTERSECCION_MAYOR_AREA,
88c2e3d49dfffff,Buenos Aires,Almirante Brown,2369,DEMANDA_ALTA,12,COLECTIVO,REPRESENTATIVE_POINT,
88c2e3c63bfffff,Buenos Aires,Quilmes,2366,DEMANDA_ALTA,12,COLECTIVO,REPRESENTATIVE_POINT,
88c2e3153bfffff,Buenos Aires,Vicente López,2363,DEMANDA_ALTA,12,COLECTIVO,REPRESENTATIVE_POINT,
88c2e3d483fffff,Buenos Aires,Almirante Brown,2362,DEMANDA_ALTA,12,COLECTIVO,REPRESENTATIVE_POINT,
88c2e3c73bfffff,Buenos Aires,Quilmes,2360,DEMANDA_ALTA,17,COLECTIVO,REPRESENTATIVE_POINT,
88c2e38957fffff,Buenos Aires,Lomas de Zamora,2360,DEMANDA_ALTA,13,COLECTIVO,REPRESENTATIVE_POINT,
88c2e3d6a3fffff,Buenos Aires,Almirante Brown,2359,DEMANDA_ALTA,7,COLECTIVO,REPRESENTATIVE_POINT,
88c2e2acc7fffff,Buenos Aires,La Plata,2358,DEMANDA_ALTA,12,COLECTIVO,REPRESENTATIVE_POINT,
88c2e38b37fffff,Buenos Aires,Lomas de Zamora,2357,DEMANDA_ALTA,17,COLECTIVO,REPRESENTATIVE_POINT,
88c2e3a029fffff,Buenos Aires,Moreno,2350,DEMANDA_ALTA,5,COLECTIVO,REPRESENTATIVE_POINT,
88c2e3a825fffff,Buenos Aires,Malvinas Argentinas,2348,DEMANDA_ALTA,5,COLECTIVO,REPRESENTATIVE_POINT,
88c2e31515fffff,Buenos Aires,Vicente López,2348,DEMANDA_ALTA,7,COLECTIVO,REPRESENTATIVE_POINT,
88c2e3ae97fffff,Buenos Aires,Pilar,2344,DEMANDA_ALTA,7,COLECTIVO,REPRESENTATIVE_POINT,
88c2e3c667fffff,Buenos Aires,Quilmes,2343,DEMANDA_ALTA,17,COLECTIVO,REPRESENTATIVE_POINT,
88c2e310a7fffff,Ciudad Autónoma de Buenos Aires,Comuna 13,2342,DEMANDA_ALTA,17,COLECTIVO,REPRESENTATIVE_POINT,
88c2e388ebfffff,Buenos Aires,La Matanza,2339,DEMANDA_ALTA,11,COLECTIVO,REPRESENTATIVE_POINT,
88c2e310d1fffff,Ciudad Autónoma de Buenos Aires,Comuna 12,2339,DEMANDA_ALTA,8,COLECTIVO,INTERSECCION_MAYOR_AREA,
88c2e3c2b7fffff,Buenos Aires,Berazategui,2334,DEMANDA_ALTA,12,COLECTIVO,REPRESENTATIVE_POINT,
88c2e3a949fffff,Buenos Aires,Tigre,2333,DEMANDA_ALTA,7,COLECTIVO,REPRESENTATIVE_POINT,
88c2e3a9c3fffff,Buenos Aires,Tigre,2331,DEMANDA_ALTA,14,COLECTIVO,REPRESENTATIVE_POINT,
88c2e316d9fffff,Buenos Aires,San Miguel,2329,DEMANDA_ALTA,6,TREN,REPRESENTATIVE_POINT,
88c2e3c0c1fffff,Buenos Aires,Berazategui,2329,DEMANDA_ALTA,17,COLECTIVO,REPRESENTATIVE_POINT,
88c2e3a1adfffff,Buenos Aires,José C. Paz,2328,DEMANDA_ALTA,7,COLECTIVO,REPRESENTATIVE_POINT,
88c2e38ea1fffff,Buenos Aires,Morón,2326,DEMANDA_ALTA,7,COLECTIVO,REPRESENTATIVE_POINT,
88c2e3aad5fffff,Buenos Aires,José C. Paz,2322,DEMANDA_ALTA,12,COLECTIVO,REPRESENTATIVE_POINT,
88c2e3a119fffff,Buenos Aires,Moreno,2319,DEMANDA_ALTA,7,COLECTIVO,REPRESENTATIVE_POINT,
88c2e3a337fffff,Buenos Aires,Moreno,2318,DEMANDA_ALTA,6,COLECTIVO,REPRESENTATIVE_POINT,
88c2e38cc1fffff,Buenos Aires,Morón,2315,DEMANDA_ALTA,12,COLECTIVO,REPRESENTATIVE_POINT,
88c2e389a3fffff,Buenos Aires,Lanús,2313,DEMANDA_ALTA,7,COLECTIVO,REPRESENTATIVE_POINT,
88c2e31091fffff,Ciudad Autónoma de Buenos Aires,Comuna 12,2310,DEMANDA_ALTA,8,COLECTIVO,REPRESENTATIVE_POINT,
88c2e3d697fffff,Buenos Aires,Almirante Brown,2310,DEMANDA_ALTA,12,COLECTIVO,REPRESENTATIVE_POINT,
88c2e3135bfffff,Ciudad Autónoma de Buenos Aires,Comuna 8,2305,DEMANDA_ALTA,12,COLECTIVO,INTERSECCION_MAYOR_AREA,
88c2e38e07fffff,Buenos Aires,La Matanza,2305,DEMANDA_ALTA,7,COLECTIVO,REPRESENTATIVE_POINT,
88c2e38e55fffff,Buenos Aires,La Matanza,2299,DEMANDA_ALTA,6,COLECTIVO,REPRESENTATIVE_POINT,
88c2e3a1e1fffff,Buenos Aires,José C. Paz,2295,DEMANDA_ALTA,7,COLECTIVO,REPRESENTATIVE_POINT,
88c2e30765fffff,Buenos Aires,San Isidro,2293,DEMANDA_ALTA,8,TREN,REPRESENTATIVE_POINT,
88c2e3d4abfffff,Buenos Aires,Almirante Brown,2291,DEMANDA_ALTA,7,COLECTIVO,REPRESENTATIVE_POINT,
88c2e3b8c9fffff,Buenos Aires,Moreno,2288,DEMANDA_ALTA,7,COLECTIVO,REPRESENTATIVE_POINT,
88c2e3ba95fffff,Buenos Aires,Moreno,2287,DEMANDA_ALTA,7,COLECTIVO,REPRESENTATIVE_POINT,
88c2e399d5fffff,Buenos Aires,Esteban Echeverría,2283,DEMANDA_ALTA,12,COLECTIVO,REPRESENTATIVE_POINT,
88c2e30449fffff,Buenos Aires,San Fernando,2270,DEMANDA_ALTA,7,COLECTIVO,REPRESENTATIVE_POINT,
88c2e3aae9fffff,Buenos Aires,José C. Paz,2269,DEMANDA_ALTA,12,COLECTIVO,REPRESENTATIVE_POINT,
88c2e31327fffff,Ciudad Autónoma de Buenos Aires,Comuna 4,2268,DEMANDA_ALTA,7,COLECTIVO,REPRESENTATIVE_POINT,
88c2e3029bfffff,Buenos Aires,San Isidro,2268,DEMANDA_ALTA,17,COLECTIVO,REPRESENTATIVE_POINT,
88c2e3aa59fffff,Buenos Aires,San Miguel,2265,DEMANDA_ALTA,7,COLECTIVO,REPRESENTATIVE_POINT,
88c2e38499fffff,Buenos Aires,Merlo,2264,DEMANDA_ALTA,12,COLECTIVO,REPRESENTATIVE_POINT,
88c2e3122dfffff,Ciudad Autónoma de Buenos Aires,Comuna 8,2263,DEMANDA_ALTA,17,COLECTIVO,REPRESENTATIVE_POINT,
88c2e3bb69fffff,Buenos Aires,Ituzaingó,2259,DEMANDA_ALTA,17,COLECTIVO,REPRESENTATIVE_POINT,
88c2e38d57fffff,Buenos Aires,La Matanza,2257,DEMANDA_ALTA,17,COLECTIVO,REPRESENTATIVE_POINT,
88c2e3b52bfffff,Buenos Aires,General Rodríguez,2256,DEMANDA_ALTA,7,COLECTIVO,REPRESENTATIVE_POINT,
88c2e3d4d7fffff,Buenos Aires,Almirante Brown,2256,DEMANDA_ALTA,7,COLECTIVO,REPRESENTATIVE_POINT,
88c2e38e49fffff,Buenos Aires,La Matanza,2254,DEMANDA_ALTA,5,COLECTIVO,REPRESENTATIVE_POINT,
88c2e385edfffff,Buenos Aires,Merlo,2249,DEMANDA_ALTA,6,COLECTIVO,REPRESENTATIVE_POINT,
88c2e3d0abfffff,Buenos Aires,Florencio Varela,2244,DEMANDA_ALTA,6,COLECTIVO,REPRESENTATIVE_POINT,
88c2e3b985fffff,Buenos Aires,San Miguel,2236,DEMANDA_ALTA,7,COLECTIVO,REPRESENTATIVE_POINT,
88c2e3a167fffff,Buenos Aires,José C. Paz,2236,DEMANDA_ALTA,6,COLECTIVO,REPRESENTATIVE_POINT,
88c2e38f55fffff,Buenos Aires,La Matanza,2235,DEMANDA_ALTA,17,COLECTIVO,REPRESENTATIVE_POINT,
88c2e3a939fffff,Buenos Aires,Tigre,2234,DEMANDA_ALTA,7,COLECTIVO,REPRESENTATIVE_POINT,
88c2e3a909fffff,Buenos Aires,Tigre,2232,DEMANDA_ALTA,16,COLECTIVO,REPRESENTATIVE_POINT,
88c2e312b5fffff,Ciudad Autónoma de Buenos Aires,Comuna 11,2229,DEMANDA_ALTA,7,COLECTIVO,REPRESENTATIVE_POINT,
88c2e389cbfffff,Buenos Aires,Lomas de Zamora,2228,DEMANDA_ALTA,12,COLECTIVO,REPRESENTATIVE_POINT,
88c2e3104dfffff,Ciudad Autónoma de Buenos Aires,Comuna 7,2227,DEMANDA_ALTA,7,COLECTIVO,REPRESENTATIVE_POINT,
88c2e39981fffff,Buenos Aires,Almirante Brown,2226,DEMANDA_ALTA,7,COLECTIVO,REPRESENTATIVE_POINT,
88c2e38e13fffff,Buenos Aires,La Matanza,2225,DEMANDA_ALTA,7,COLECTIVO,REPRESENTATIVE_POINT,
88c2e39563fffff,Buenos Aires,La Matanza,2223,DEMANDA_ALTA,12,COLECTIVO,REPRESENTATIVE_POINT,
88c2e3c483fffff,Buenos Aires,Avellaneda,2222,DEMANDA_ALTA,6,COLECTIVO,REPRESENTATIVE_POINT,
88c2e2a5edfffff,Buenos Aires,La Plata,2221,DEMANDA_ALTA,7,COLECTIVO,REPRESENTATIVE_POINT,
88c2e38e17fffff,Buenos Aires,La Matanza,2218,DEMANDA_ALTA,7,COLECTIVO,REPRESENTATIVE_POINT,
88c2e38c47fffff,Buenos Aires,La Matanza,2214,DEMANDA_ALTA,7,COLECTIVO,REPRESENTATIVE_POINT,
88c2e3b517fffff,Buenos Aires,General Rodríguez,2209,DEMANDA_ALTA,7,COLECTIVO,REPRESENTATIVE_POINT,
88c2e3130dfffff,Buenos Aires,Lanús,2207,DEMANDA_ALTA,17,COLECTIVO,REPRESENTATIVE_POINT,
88c2e380b9fffff,Buenos Aires,La Matanza,2203,DEMANDA_ALTA,6,COLECTIVO,REPRESENTATIVE_POINT,
88c2e31555fffff,Buenos Aires,General San Martín,2199,DEMANDA_ALTA,17,COLECTIVO,REPRESENTATIVE_POINT,
88c2e3d413fffff,Buenos Aires,Almirante Brown,2196,DEMANDA_ALTA,7,COLECTIVO,REPRESENTATIVE_POINT,
88c2e3c0cbfffff,Buenos Aires,Berazategui,2195,DEMANDA_ALTA,17,COLECTIVO,REPRESENTATIVE_POINT,
88c2e33245fffff,Buenos Aires,Tigre,2195,DEMANDA_ALTA,17,COLECTIVO,REPRESENTATIVE_POINT,
88c2e39007fffff,Buenos Aires,Ezeiza,2193,DEMANDA_ALTA,6,COLECTIVO,REPRESENTATIVE_POINT,
88c2e384b3fffff,Buenos Aires,Merlo,2193,DEMANDA_ALTA,7,COLECTIVO,REPRESENTATIVE_POINT,
88c2e3af37fffff,Buenos Aires,Pilar,2192,DEMANDA_ALTA,17,COLECTIVO,REPRESENTATIVE_POINT,
88c2e3c6ddfffff,Buenos Aires,Lanús,2192,DEMANDA_ALTA,8,COLECTIVO,REPRESENTATIVE_POINT,
88c2e3a153fffff,Buenos Aires,Moreno,2189,DEMANDA_ALTA,6,COLECTIVO,REPRESENTATIVE_POINT,
88c2e3d6d3fffff,Buenos Aires,Almirante Brown,2187,DEMANDA_ALTA,17,COLECTIVO,REPRESENTATIVE_POINT,
88c2e2accbfffff,Buenos Aires,La Plata,2182,DEMANDA_ALTA,17,COLECTIVO,REPRESENTATIVE_POINT,
88c2e31601fffff,Buenos Aires,Tres de Febrero,2181,DEMANDA_ALTA,7,COLECTIVO,REPRESENTATIVE_POINT,
88c2e3a853fffff,Buenos Aires,Malvinas Argentinas,2178,DEMANDA_ALTA,7,COLECTIVO,REPRESENTATIVE_POINT,
88c2e2a455fffff,Buenos Aires,La Plata,2178,DEMANDA_ALTA,12,COLECTIVO,REPRESENTATIVE_POINT,
88c2e38d01fffff,Buenos Aires,La Matanza,2178,DEMANDA_ALTA,17,COLECTIVO,REPRESENTATIVE_POINT,
88c2e3c709fffff,Buenos Aires,Quilmes,2177,DEMANDA_ALTA,7,COLECTIVO,REPRESENTATIVE_POINT,
88c2e38eebfffff,Buenos Aires,Morón,2177,DEMANDA_ALTA,12,COLECTIVO,REPRESENTATIVE_POINT,
88c2e38a49fffff,Buenos Aires,Esteban Echeverría,2176,DEMANDA_ALTA,18,COLECTIVO,REPRESENTATIVE_POINT,
88c2e38f3bfffff,Buenos Aires,La Matanza,2175,DEMANDA_ALTA,17,COLECTIVO,REPRESENTATIVE_POINT,
88c2e310d7fffff,Ciudad Autónoma de Buenos Aires,Comuna 12,2175,DEMANDA_ALTA,8,COLECTIVO,REPRESENTATIVE_POINT,
88c2e389abfffff,Buenos Aires,Lanús,2174,DEMANDA_ALTA,12,COLECTIVO,REPRESENTATIVE_POINT,
88c2e3c4ddfffff,Buenos Aires,Avellaneda,2173,DEMANDA_ALTA,12,COLECTIVO,REPRESENTATIVE_POINT,
88c2e3071dfffff,Buenos Aires,San Fernando,2171,DEMANDA_ALTA,7,COLECTIVO,REPRESENTATIVE_POINT,
88c2e3c0d5fffff,Buenos Aires,Berazategui,2171,DEMANDA_ALTA,12,COLECTIVO,REPRESENTATIVE_POINT,
88c2e3a817fffff,Buenos Aires,Malvinas Argentinas,2170,DEMANDA_ALTA,12,COLECTIVO,REPRESENTATIVE_POINT,
88c2e2acc1fffff,Buenos Aires,La Plata,2170,DEMANDA_ALTA,12,COLECTIVO,REPRESENTATIVE_POINT,
88c2e38e29fffff,Buenos Aires,La Matanza,2169,DEMANDA_ALTA,7,COLECTIVO,REPRESENTATIVE_POINT,
88c2e3c247fffff,Buenos Aires,Berazategui,2160,DEMANDA_ALTA,18,COLECTIVO,REPRESENTATIVE_POINT,
88c2e31705fffff,Buenos Aires,General San Martín,2158,DEMANDA_ALTA,16,COLECTIVO,REPRESENTATIVE_POINT,
88c2e38c41fffff,Buenos Aires,La Matanza,2157,DEMANDA_ALTA,7,COLECTIVO,REPRESENTATIVE_POINT,
88c2e3d945fffff,Buenos Aires,La Plata,2157,DEMANDA_ALTA,7,COLECTIVO,REPRESENTATIVE_POINT,
88c2e38a07fffff,Buenos Aires,Esteban Echeverría,2149,DEMANDA_ALTA,7,COLECTIVO,REPRESENTATIVE_POINT,
88c2e3d50dfffff,Buenos Aires,Florencio Varela,2146,DEMANDA_ALTA,7,COLECTIVO,REPRESENTATIVE_POINT,
88c2e3b987fffff,Buenos Aires,San Miguel,2141,DEMANDA_ALTA,12,COLECTIVO,REPRESENTATIVE_POINT,
88c2e3ae81fffff,Buenos Aires,Pilar,2139,DEMANDA_ALTA,7,COLECTIVO,REPRESENTATIVE_POINT,
88c2e31295fffff,Ciudad Autónoma de Buenos Aires,Comuna 11,2138,DEMANDA_ALTA,18,COLECTIVO,REPRESENTATIVE_POINT,
88c2e31225fffff,Ciudad Autónoma de Buenos Aires,Comuna 8,2138,DEMANDA_ALTA,16,COLECTIVO,REPRESENTATIVE_POINT,
88c2e38b67fffff,Buenos Aires,Almirante Brown,2137,DEMANDA_ALTA,12,COLECTIVO,REPRESENTATIVE_POINT,
88c2e31245fffff,Ciudad Autónoma de Buenos Aires,Comuna 8,2136,DEMANDA_ALTA,12,COLECTIVO,REPRESENTATIVE_POINT,
88c2e39b6bfffff,Buenos Aires,Presidente Perón,2136,DEMANDA_ALTA,7,COLECTIVO,REPRESENTATIVE_POINT,
88c2e31445fffff,Buenos Aires,General San Martín,2133,DEMANDA_ALTA,7,COLECTIVO,REPRESENTATIVE_POINT,
88c2e38ce5fffff,Buenos Aires,Morón,2129,DEMANDA_ALTA,12,COLECTIVO,REPRESENTATIVE_POINT,
88c2e38e0bfffff,Buenos Aires,La Matanza,2126,DEMANDA_ALTA,7,COLECTIVO,REPRESENTATIVE_POINT,
88c2e31465fffff,Buenos Aires,General San Martín,2125,DEMANDA_ALTA,7,COLECTIVO,REPRESENTATIVE_POINT,
88c2e31123fffff,Ciudad Autónoma de Buenos Aires,Comuna 1,2125,DEMANDA_ALTA,12,COLECTIVO,REPRESENTATIVE_POINT,
88c2e388bdfffff,Buenos Aires,La Matanza,2124,DEMANDA_ALTA,7,COLECTIVO,REPRESENTATIVE_POINT,
88c2e30251fffff,Ciudad Autónoma de Buenos Aires,Comuna 12,2124,DEMANDA_ALTA,16,COLECTIVO,REPRESENTATIVE_POINT,
88c2e3898dfffff,Buenos Aires,Lanús,2123,DEMANDA_ALTA,12,COLECTIVO,REPRESENTATIVE_POINT,
88c2e3aa25fffff,Buenos Aires,Malvinas Argentinas,2121,DEMANDA_ALTA,7,COLECTIVO,REPRESENTATIVE_POINT,
88c2e306a7fffff,Buenos Aires,Tigre,2119,DEMANDA_ALTA,7,COLECTIVO,REPRESENTATIVE_POINT,
88c2e384a1fffff,Buenos Aires,Merlo,2119,DEMANDA_ALTA,6,COLECTIVO,REPRESENTATIVE_POINT,
88c2e3c555fffff,Buenos Aires,Quilmes,2118,DEMANDA_ALTA,12,COLECTIVO,REPRESENTATIVE_POINT,
88c2e38915fffff,Buenos Aires,Lanús,2116,DEMANDA_ALTA,12,COLECTIVO,REPRESENTATIVE_POINT,
88c2e31459fffff,Buenos Aires,General San Martín,2116,DEMANDA_ALTA,6,COLECTIVO,REPRESENTATIVE_POINT,
88c2e3aa01fffff,Buenos Aires,San Miguel,2115,DEMANDA_ALTA,8,COLECTIVO,REPRESENTATIVE_POINT,
88c2e149c7fffff,Buenos Aires,Marcos Paz,2112,DEMANDA_ALTA,12,COLECTIVO,REPRESENTATIVE_POINT,
88c2e3d40dfffff,Buenos Aires,Florencio Varela,2111,DEMANDA_ALTA,7,COLECTIVO,REPRESENTATIVE_POINT,
88c2e38da9fffff,Buenos Aires,Tres de Febrero,2107,DEMANDA_ALTA,7,COLECTIVO,REPRESENTATIVE_POINT,
88c2e38d1bfffff,Buenos Aires,La Matanza,2107,DEMANDA_ALTA,17,COLECTIVO,REPRESENTATIVE_POINT,
88c2e38a55fffff,Buenos Aires,Esteban Echeverría,2107,DEMANDA_ALTA,7,COLECTIVO,REPRESENTATIVE_POINT,
88c2e3a00dfffff,Buenos Aires,Moreno,2104,DEMANDA_ALTA,7,COLECTIVO,REPRESENTATIVE_POINT,
88c2e31047fffff,Ciudad Autónoma de Buenos Aires,Comuna 7,2103,DEMANDA_ALTA,17,COLECTIVO,REPRESENTATIVE_POINT,
88c2e38aa1fffff,Buenos Aires,Esteban Echeverría,2102,DEMANDA_ALTA,7,COLECTIVO,REPRESENTATIVE_POINT,
88c2e3aaebfffff,Buenos Aires,José C. Paz,2101,DEMANDA_ALTA,12,COLECTIVO,REPRESENTATIVE_POINT,
88c2e31361fffff,Buenos Aires,Avellaneda,2100,DEMANDA_ALTA,17,COLECTIVO,REPRESENTATIVE_POINT,
88c2e389bbfffff,Buenos Aires,Lanús,2100,DEMANDA_ALTA,12,COLECTIVO,REPRESENTATIVE_POINT,
88c2e306a5fffff,Buenos Aires,Tigre,2092,DEMANDA_ALTA,7,COLECTIVO,REPRESENTATIVE_POINT,
88c2e3a929fffff,Buenos Aires,Tigre,2090,DEMANDA_ALTA,12,COLECTIVO,REPRESENTATIVE_POINT,
88c2e3b529fffff,Buenos Aires,General Rodríguez,2086,DEMANDA_ALTA,5,COLECTIVO,REPRESENTATIVE_POINT,
88c2e38929fffff,Buenos Aires,Lomas de Zamora,2086,DEMANDA_ALTA,12,COLECTIVO,REPRESENTATIVE_POINT,
88c2e3c543fffff,Buenos Aires,Quilmes,2083,DEMANDA_ALTA,17,COLECTIVO,REPRESENTATIVE_POINT,
88c2e3a1edfffff,Buenos Aires,José C. Paz,2083,DEMANDA_ALTA,7,COLECTIVO,REPRESENTATIVE_POINT,
88c2e3859bfffff,Buenos Aires,Merlo,2081,DEMANDA_ALTA,12,COLECTIVO,REPRESENTATIVE_POINT,
88c2e3c6b5fffff,Buenos Aires,Avellaneda,2080,DEMANDA_ALTA,7,COLECTIVO,REPRESENTATIVE_POINT,
88c2e3d6bdfffff,Buenos Aires,Almirante Brown,2077,DEMANDA_ALTA,12,COLECTIVO,REPRESENTATIVE_POINT,
88c2e30643fffff,Buenos Aires,San Fernando,2077,DEMANDA_ALTA,12,COLECTIVO,REPRESENTATIVE_POINT,
88c2e3db5bfffff,Buenos Aires,La Plata,2076,DEMANDA_ALTA,12,COLECTIVO,REPRESENTATIVE_POINT,
88c2e3c46bfffff,Buenos Aires,Quilmes,2075,DEMANDA_ALTA,12,COLECTIVO,REPRESENTATIVE_POINT,
88c2e3a13dfffff,Buenos Aires,José C. Paz,2072,DEMANDA_ALTA,12,COLECTIVO,REPRESENTATIVE_POINT,
88c2e3156dfffff,Ciudad Autónoma de Buenos Aires,Comuna 12,2071,DEMANDA_ALTA,16,COLECTIVO,REPRESENTATIVE_POINT,
88c2e38845fffff,Buenos Aires,Lomas de Zamora,2071,DEMANDA_ALTA,17,COLECTIVO,REPRESENTATIVE_POINT,
88c2e3a86bfffff,Buenos Aires,Malvinas Argentinas,2070,DEMANDA_ALTA,17,COLECTIVO,REPRESENTATIVE_POINT,
88c2e3886dfffff,Buenos Aires,Lomas de Zamora,2069,DEMANDA_ALTA,17,COLECTIVO,REPRESENTATIVE_POINT,
88c2e384adfffff,Buenos Aires,Merlo,2068,DEMANDA_ALTA,12,COLECTIVO,REPRESENTATIVE_POINT,
88c2e3a90dfffff,Buenos Aires,Tigre,2068,DEMANDA_ALTA,12,COLECTIVO,REPRESENTATIVE_POINT,
88c2e3b967fffff,Buenos Aires,Hurlingham,2065,DEMANDA_ALTA,12,COLECTIVO,REPRESENTATIVE_POINT,
88c2e3109dfffff,Ciudad Autónoma de Buenos Aires,Comuna 12,2064,DEMANDA_ALTA,8,COLECTIVO,REPRESENTATIVE_POINT,
88c2e3892bfffff,Buenos Aires,Lanús,2060,DEMANDA_ALTA,12,COLECTIVO,REPRESENTATIVE_POINT,
88c2e30605fffff,Buenos Aires,San Fernando,2057,DEMANDA_ALTA,12,COLECTIVO,REPRESENTATIVE_POINT,
88c2e31725fffff,Ciudad Autónoma de Buenos Aires,Comuna 12,2054,DEMANDA_ALTA,7,COLECTIVO,REPRESENTATIVE_POINT,
88c2e389ebfffff,Buenos Aires,Lanús,2052,DEMANDA_ALTA,7,COLECTIVO,REPRESENTATIVE_POINT,
88c2e38857fffff,Buenos Aires,Lomas de Zamora,2051,DEMANDA_ALTA,12,COLECTIVO,REPRESENTATIVE_POINT,
88c2e3aa2bfffff,Buenos Aires,José C. Paz,2048,DEMANDA_ALTA,7,COLECTIVO,REPRESENTATIVE_POINT,
88c2e3173bfffff,Buenos Aires,General San Martín,2048,DEMANDA_ALTA,7,COLECTIVO,REPRESENTATIVE_POINT,
88c2e23755fffff,Buenos Aires,Berisso,2047,DEMANDA_ALTA,7,COLECTIVO,REPRESENTATIVE_POINT,
88c2e3818bfffff,Buenos Aires,La Matanza,2046,DEMANDA_ALTA,13,COLECTIVO,REPRESENTATIVE_POINT,
88c2e31583fffff,Buenos Aires,San Isidro,2045,DEMANDA_ALTA,7,COLECTIVO,REPRESENTATIVE_POINT,
88c2e3c631fffff,Buenos Aires,Quilmes,2041,DEMANDA_ALTA,7,COLECTIVO,REPRESENTATIVE_POINT,
88c2e380d5fffff,Buenos Aires,La Matanza,2039,DEMANDA_ALTA,13,COLECTIVO,REPRESENTATIVE_POINT,
88c2e31501fffff,Buenos Aires,Vicente López,2035,DEMANDA_ALTA,7,COLECTIVO,REPRESENTATIVE_POINT,
88c2e38b4dfffff,Buenos Aires,Almirante Brown,2035,DEMANDA_ALTA,17,COLECTIVO,REPRESENTATIVE_POINT,
88c2e2ae91fffff,Buenos Aires,La Plata,2032,DEMANDA_ALTA,12,COLECTIVO,REPRESENTATIVE_POINT,
88c2e38c1bfffff,Buenos Aires,Morón,2031,DEMANDA_ALTA,18,COLECTIVO,REPRESENTATIVE_POINT,
88c2e2362dfffff,Buenos Aires,Berisso,2031,DEMANDA_ALTA,17,COLECTIVO,REPRESENTATIVE_POINT,
88c2e3d5e5fffff,Buenos Aires,Florencio Varela,2030,DEMANDA_ALTA,7,COLECTIVO,REPRESENTATIVE_POINT,
88c2e38b01fffff,Buenos Aires,Lomas de Zamora,2028,DEMANDA_ALTA,12,COLECTIVO,REPRESENTATIVE_POINT,
88c2e38b13fffff,Buenos Aires,Lomas de Zamora,2028,DEMANDA_ALTA,17,COLECTIVO,REPRESENTATIVE_POINT,
88c2e3c6a9fffff,Buenos Aires,Avellaneda,2026,DEMANDA_ALTA,7,COLECTIVO,REPRESENTATIVE_POINT,
88c2e39b65fffff,Buenos Aires,Presidente Perón,2022,DEMANDA_ALTA,12,COLECTIVO,REPRESENTATIVE_POINT,
88c2e384e3fffff,Buenos Aires,Merlo,2021,DEMANDA_ALTA,7,COLECTIVO,REPRESENTATIVE_POINT,
88c2e38e23fffff,Buenos Aires,La Matanza,2017,DEMANDA_ALTA,7,COLECTIVO,REPRESENTATIVE_POINT,
88c2e3c655fffff,Buenos Aires,Quilmes,2016,DEMANDA_ALTA,7,COLECTIVO,INTERSECCION_MAYOR_AREA,
88c2e38807fffff,Buenos Aires,Lomas de Zamora,2015,DEMANDA_ALTA,7,COLECTIVO,REPRESENTATIVE_POINT,
88c2e3b81dfffff,Buenos Aires,Moreno,2013,DEMANDA_ALTA,6,COLECTIVO,REPRESENTATIVE_POINT,
88c2e38abdfffff,Buenos Aires,Esteban Echeverría,2011,DEMANDA_ALTA,7,COLECTIVO,REPRESENTATIVE_POINT,
88c2e31651fffff,Buenos Aires,Hurlingham,2006,DEMANDA_ALTA,16,COLECTIVO,REPRESENTATIVE_POINT,
88c2e3a1e3fffff,Buenos Aires,José C. Paz,2002,DEMANDA_ALTA,6,COLECTIVO,REPRESENTATIVE_POINT,
88c2e38d87fffff,Buenos Aires,Tres de Febrero,2002,DEMANDA_ALTA,17,COLECTIVO,REPRESENTATIVE_POINT,
88c2e3b8b1fffff,Buenos Aires,San Miguel,1999,DEMANDA_ALTA,6,COLECTIVO,REPRESENTATIVE_POINT,
88c2e3c253fffff,Buenos Aires,Florencio Varela,1996,DEMANDA_ALTA,7,COLECTIVO,REPRESENTATIVE_POINT,
88c2e3a93bfffff,Buenos Aires,Tigre,1996,DEMANDA_ALTA,7,COLECTIVO,REPRESENTATIVE_POINT,
88c2e31447fffff,Buenos Aires,General San Martín,1993,DEMANDA_ALTA,17,COLECTIVO,REPRESENTATIVE_POINT,
88c2e3aa03fffff,Buenos Aires,José C. Paz,1993,DEMANDA_ALTA,7,COLECTIVO,REPRESENTATIVE_POINT,
88c2e38a69fffff,Buenos Aires,Esteban Echeverría,1992,DEMANDA_ALTA,12,COLECTIVO,REPRESENTATIVE_POINT,
88c2e31367fffff,Buenos Aires,Avellaneda,1992,DEMANDA_ALTA,16,COLECTIVO,REPRESENTATIVE_POINT,
88c2e3c49dfffff,Buenos Aires,Avellaneda,1990,DEMANDA_ALTA,8,COLECTIVO,REPRESENTATIVE_POINT,
88c2e3c089fffff,Buenos Aires,Berazategui,1989,DEMANDA_ALTA,12,COLECTIVO,REPRESENTATIVE_POINT,
88c2e3900bfffff,Buenos Aires,Ezeiza,1987,DEMANDA_ALTA,6,COLECTIVO,REPRESENTATIVE_POINT,
88c2e3d4b7fffff,Buenos Aires,Almirante Brown,1987,DEMANDA_ALTA,12,COLECTIVO,REPRESENTATIVE_POINT,
88c2e3d5e9fffff,Buenos Aires,Florencio Varela,1985,DEMANDA_ALTA,16,COLECTIVO,REPRESENTATIVE_POINT,
88c2e385adfffff,Buenos Aires,Merlo,1983,DEMANDA_ALTA,11,COLECTIVO,REPRESENTATIVE_POINT,
88c2e389c5fffff,Buenos Aires,Lanús,1982,DEMANDA_ALTA,7,COLECTIVO,REPRESENTATIVE_POINT,
88c2e3ac5bfffff,Buenos Aires,Pilar,1979,DEMANDA_ALTA,16,COLECTIVO,REPRESENTATIVE_POINT,
88c2e3893dfffff,Buenos Aires,Lanús,1974,DEMANDA_ALTA,7,COLECTIVO,REPRESENTATIVE_POINT,
88c2e388e7fffff,Buenos Aires,Lomas de Zamora,1973,DEMANDA_ALTA,6,COLECTIVO,REPRESENTATIVE_POINT,
88c2e3911dfffff,Buenos Aires,Ezeiza,1972,DEMANDA_ALTA,6,COLECTIVO,REPRESENTATIVE_POINT,
88c2e3d48bfffff,Buenos Aires,Almirante Brown,1971,DEMANDA_ALTA,12,COLECTIVO,REPRESENTATIVE_POINT,
88c2e31141fffff,Ciudad Autónoma de Buenos Aires,Comuna 4,1971,DEMANDA_ALTA,17,COLECTIVO,REPRESENTATIVE_POINT,
88c2e39aa3fffff,Buenos Aires,Esteban Echeverría,1971,DEMANDA_ALTA,16,COLECTIVO,REPRESENTATIVE_POINT,
88c2e3a9e9fffff,Buenos Aires,Tigre,1970,DEMANDA_ALTA,7,COLECTIVO,REPRESENTATIVE_POINT,
88c2e3b827fffff,Buenos Aires,San Miguel,1970,DEMANDA_ALTA,6,COLECTIVO,REPRESENTATIVE_POINT,
88c2e38f0bfffff,Buenos Aires,La Matanza,1970,DEMANDA_ALTA,7,COLECTIVO,REPRESENTATIVE_POINT,
88c2e3b86bfffff,Buenos Aires,Ituzaingó,1969,DEMANDA_ALTA,17,COLECTIVO,REPRESENTATIVE_POINT,
88c2e38a03fffff,Buenos Aires,Esteban Echeverría,1968,DEMANDA_ALTA,7,COLECTIVO,REPRESENTATIVE_POINT,
88c2e3db43fffff,Buenos Aires,La Plata,1968,DEMANDA_ALTA,12,COLECTIVO,REPRESENTATIVE_POINT,
88c2e3c549fffff,Buenos Aires,Quilmes,1967,DEMANDA_ALTA,12,COLECTIVO,REPRESENTATIVE_POINT,
88c2e3b1adfffff,Buenos Aires,Moreno,1967,DEMANDA_ALTA,7,COLECTIVO,REPRESENTATIVE_POINT,
88c2e3c419fffff,Buenos Aires,Avellaneda,1963,DEMANDA_ALTA,12,COLECTIVO,REPRESENTATIVE_POINT,
88c2e38cc5fffff,Buenos Aires,Morón,1962,DEMANDA_ALTA,17,COLECTIVO,REPRESENTATIVE_POINT,
88c2e31511fffff,Buenos Aires,Vicente López,1959,DEMANDA_ALTA,7,COLECTIVO,REPRESENTATIVE_POINT,
88c2e3ab27fffff,Buenos Aires,Tigre,1957,DEMANDA_ALTA,6,COLECTIVO,REPRESENTATIVE_POINT,
88c2e38c03fffff,Buenos Aires,La Matanza,1956,DEMANDA_ALTA,12,COLECTIVO,REPRESENTATIVE_POINT,
88c2e38f31fffff,Buenos Aires,La Matanza,1955,DEMANDA_ALTA,7,COLECTIVO,REPRESENTATIVE_POINT,
88c2e389e3fffff,Buenos Aires,Lanús,1954,DEMANDA_ALTA,7,COLECTIVO,REPRESENTATIVE_POINT,
88c2e3c625fffff,Buenos Aires,Quilmes,1953,DEMANDA_ALTA,12,COLECTIVO,REPRESENTATIVE_POINT,
88c2e381bbfffff,Buenos Aires,La Matanza,1953,DEMANDA_ALTA,7,COLECTIVO,REPRESENTATIVE_POINT,
88c2e3c207fffff,Buenos Aires,Berazategui,1952,DEMANDA_ALTA,17,COLECTIVO,REPRESENTATIVE_POINT,
88c2e38d81fffff,Buenos Aires,Tres de Febrero,1952,DEMANDA_ALTA,7,COLECTIVO,REPRESENTATIVE_POINT,
88c2e3bb15fffff,Buenos Aires,Ituzaingó,1950,DEMANDA_ALTA,6,COLECTIVO,REPRESENTATIVE_POINT,
88c2e3a117fffff,Buenos Aires,Moreno,1947,DEMANDA_ALTA,6,COLECTIVO,REPRESENTATIVE_POINT,
88c2e3c2c5fffff,Buenos Aires,Florencio Varela,1945,DEMANDA_ALTA,18,COLECTIVO,INTERSECCION_MAYOR_AREA,
88c2e3a813fffff,Buenos Aires,Malvinas Argentinas,1945,DEMANDA_ALTA,7,COLECTIVO,REPRESENTATIVE_POINT,
88c2e3d4b3fffff,Buenos Aires,Almirante Brown,1944,DEMANDA_ALTA,7,COLECTIVO,REPRESENTATIVE_POINT,
88c2e3d4adfffff,Buenos Aires,Almirante Brown,1940,DEMANDA_ALTA,7,COLECTIVO,REPRESENTATIVE_POINT,
88c2e2a4e3fffff,Buenos Aires,La Plata,1940,DEMANDA_ALTA,12,COLECTIVO,REPRESENTATIVE_POINT,
88c2ee50d1fffff,Buenos Aires,Zárate,1940,DEMANDA_ALTA,12,COLECTIVO,REPRESENTATIVE_POINT,
88c2e38ed1fffff,Buenos Aires,Ituzaingó,1935,DEMANDA_ALTA,12,COLECTIVO,INTERSECCION_MAYOR_AREA,
88c2e38dcbfffff,Buenos Aires,La Matanza,1935,DEMANDA_ALTA,8,COLECTIVO,REPRESENTATIVE_POINT,
88c2e3ab0dfffff,Buenos Aires,San Miguel,1934,DEMANDA_ALTA,7,COLECTIVO,REPRESENTATIVE_POINT,
88c2e399cbfffff,Buenos Aires,Esteban Echeverría,1933,DEMANDA_ALTA,7,COLECTIVO,REPRESENTATIVE_POINT,
88c2e31281fffff,Ciudad Autónoma de Buenos Aires,Comuna 10,1928,DEMANDA_ALTA,7,COLECTIVO,REPRESENTATIVE_POINT,
88c2e3d6c5fffff,Buenos Aires,Almirante Brown,1927,DEMANDA_ALTA,7,COLECTIVO,REPRESENTATIVE_POINT,
88c2e38b5dfffff,Buenos Aires,Lomas de Zamora,1927,DEMANDA_ALTA,12,COLECTIVO,REPRESENTATIVE_POINT,
88c2e3825bfffff,Buenos Aires,La Matanza,1927,DEMANDA_ALTA,6,COLECTIVO,REPRESENTATIVE_POINT,
88c2e3c2ddfffff,Buenos Aires,Florencio Varela,1924,DEMANDA_ALTA,12,COLECTIVO,REPRESENTATIVE_POINT,
88c2e3d087fffff,Buenos Aires,Florencio Varela,1924,DEMANDA_ALTA,7,COLECTIVO,REPRESENTATIVE_POINT,
88c2e30207fffff,Ciudad Autónoma de Buenos Aires,Comuna 13,1922,DEMANDA_ALTA,16,COLECTIVO,REPRESENTATIVE_POINT,
88c2e2ac89fffff,Buenos Aires,La Plata,1921,DEMANDA_ALTA,12,COLECTIVO,REPRESENTATIVE_POINT,
88c2e38c5bfffff,Buenos Aires,Morón,1918,DEMANDA_ALTA,7,COLECTIVO,REPRESENTATIVE_POINT,
88c2e3320bfffff,Buenos Aires,Escobar,1912,DEMANDA_ALTA,6,COLECTIVO,REPRESENTATIVE_POINT,
88c2e3dab5fffff,Buenos Aires,La Plata,1911,DEMANDA_ALTA,17,COLECTIVO,REPRESENTATIVE_POINT,
88c2e38e1dfffff,Buenos Aires,La Matanza,1909,DEMANDA_ALTA,7,COLECTIVO,REPRESENTATIVE_POINT,
88c2e3baebfffff,Buenos Aires,Moreno,1909,DEMANDA_ALTA,16,COLECTIVO,REPRESENTATIVE_POINT,
88c2e3ba2dfffff,Buenos Aires,Merlo,1905,DEMANDA_ALTA,7,COLECTIVO,REPRESENTATIVE_POINT,
88c2e3151bfffff,Buenos Aires,Vicente López,1905,DEMANDA_ALTA,7,COLECTIVO,REPRESENTATIVE_POINT,
88c2e3c603fffff,Buenos Aires,Quilmes,1904,DEMANDA_ALTA,12,COLECTIVO,REPRESENTATIVE_POINT,
88c2e3ad2bfffff,Buenos Aires,Escobar,1901,DEMANDA_ALTA,6,COLECTIVO,REPRESENTATIVE_POINT,
88c2e06d15fffff,Buenos Aires,Florencio Varela,1897,DEMANDA_ALTA,12,COLECTIVO,REPRESENTATIVE_POINT,
88c2e39113fffff,Buenos Aires,Ezeiza,1894,DEMANDA_ALTA,13,COLECTIVO,REPRESENTATIVE_POINT,
88c2e31469fffff,Buenos Aires,General San Martín,1892,DEMANDA_ALTA,12,COLECTIVO,REPRESENTATIVE_POINT,
88c2e3db61fffff,Buenos Aires,La Plata,1889,DEMANDA_ALTA,12,COLECTIVO,REPRESENTATIVE_POINT,
88c2e39527fffff,Buenos Aires,La Matanza,1888,DEMANDA_ALTA,16,COLECTIVO,REPRESENTATIVE_POINT,
88c2e3172bfffff,Buenos Aires,General San Martín,1885,DEMANDA_ALTA,17,COLECTIVO,REPRESENTATIVE_POINT,
88c2e3c68bfffff,Buenos Aires,Lanús,1884,DEMANDA_ALTA,7,COLECTIVO,REPRESENTATIVE_POINT,
88c2e3db29fffff,Buenos Aires,La Plata,1883,DEMANDA_ALTA,12,COLECTIVO,REPRESENTATIVE_POINT,
88c2e3d4e9fffff,Buenos Aires,Florencio Varela,1879,DEMANDA_ALTA,12,COLECTIVO,REPRESENTATIVE_POINT,
88c2e38d37fffff,Ciudad Autónoma de Buenos Aires,Comuna 9,1879,DEMANDA_ALTA,9,COLECTIVO,REPRESENTATIVE_POINT,
88c2e3b8b5fffff,Buenos Aires,San Miguel,1878,DEMANDA_ALTA,7,COLECTIVO,REPRESENTATIVE_POINT,
88c2e380b1fffff,Buenos Aires,La Matanza,1875,DEMANDA_ALTA,12,COLECTIVO,REPRESENTATIVE_POINT,
88c2e38c3bfffff,Buenos Aires,Morón,1873,DEMANDA_ALTA,15,COLECTIVO,REPRESENTATIVE_POINT,
88c2e3a999fffff,Buenos Aires,Escobar,1873,DEMANDA_ALTA,16,COLECTIVO,REPRESENTATIVE_POINT,
88c2e380a5fffff,Buenos Aires,La Matanza,1871,DEMANDA_ALTA,18,COLECTIVO,REPRESENTATIVE_POINT,
88c2e3136bfffff,Buenos Aires,Lanús,1871,DEMANDA_ALTA,17,COLECTIVO,REPRESENTATIVE_POINT,
88c2e31713fffff,Buenos Aires,General San Martín,1868,DEMANDA_ALTA,17,COLECTIVO,REPRESENTATIVE_POINT,
88c2e3c6c3fffff,Buenos Aires,Lanús,1868,DEMANDA_ALTA,12,COLECTIVO,REPRESENTATIVE_POINT,
88c2e3b80dfffff,Buenos Aires,Ituzaingó,1865,DEMANDA_ALTA,18,COLECTIVO,REPRESENTATIVE_POINT,
88c2e31257fffff,Ciudad Autónoma de Buenos Aires,Comuna 8,1864,DEMANDA_ALTA,7,COLECTIVO,REPRESENTATIVE_POINT,
88c2e38d2dfffff,Ciudad Autónoma de Buenos Aires,Comuna 9,1863,DEMANDA_ALTA,7,COLECTIVO,REPRESENTATIVE_POINT,
88c2e3aeddfffff,Buenos Aires,Pilar,1862,DEMANDA_ALTA,17,COLECTIVO,REPRESENTATIVE_POINT,
88c2e169d1fffff,Buenos Aires,Luján,1858,DEMANDA_ALTA,13,COLECTIVO,REPRESENTATIVE_POINT,
88c2e3c0dbfffff,Buenos Aires,Berazategui,1856,DEMANDA_ALTA,12,COLECTIVO,INTERSECCION_MAYOR_AREA,
88c2e3b167fffff,Buenos Aires,Merlo,1856,DEMANDA_ALTA,7,COLECTIVO,REPRESENTATIVE_POINT,
88c2e38597fffff,Buenos Aires,Merlo,1852,DEMANDA_ALTA,11,COLECTIVO,REPRESENTATIVE_POINT,
88c2e30629fffff,Buenos Aires,San Fernando,1852,DEMANDA_ALTA,17,COLECTIVO,REPRESENTATIVE_POINT,
88c2e3c669fffff,Buenos Aires,Quilmes,1850,DEMANDA_ALTA,12,COLECTIVO,REPRESENTATIVE_POINT,
88c2e3c44dfffff,Buenos Aires,Quilmes,1849,DEMANDA_ALTA,17,COLECTIVO,REPRESENTATIVE_POINT,
88c2e3aec9fffff,Buenos Aires,Pilar,1849,DEMANDA_ALTA,7,COLECTIVO,REPRESENTATIVE_POINT,
88c2e3ad63fffff,Buenos Aires,Pilar,1849,DEMANDA_ALTA,6,COLECTIVO,REPRESENTATIVE_POINT,
88c2e38015fffff,Buenos Aires,La Matanza,1848,DEMANDA_ALTA,6,COLECTIVO,REPRESENTATIVE_POINT,
88c2e31427fffff,Buenos Aires,General San Martín,1844,DEMANDA_ALTA,12,COLECTIVO,REPRESENTATIVE_POINT,
88c2e38991fffff,Buenos Aires,Lomas de Zamora,1843,DEMANDA_ALTA,6,COLECTIVO,REPRESENTATIVE_POINT,
88c2e380e1fffff,Buenos Aires,La Matanza,1841,DEMANDA_ALTA,6,COLECTIVO,REPRESENTATIVE_POINT,
88c2e3c6cdfffff,Buenos Aires,Lanús,1840,DEMANDA_ALTA,7,COLECTIVO,REPRESENTATIVE_POINT,
88c2e314b7fffff,Buenos Aires,Tigre,1840,DEMANDA_ALTA,6,COLECTIVO,REPRESENTATIVE_POINT,
88c2e06cb3fffff,Buenos Aires,Almirante Brown,1838,DEMANDA_ALTA,7,COLECTIVO,REPRESENTATIVE_POINT,
88c2e3ab53fffff,Buenos Aires,Malvinas Argentinas,1835,DEMANDA_ALTA,12,COLECTIVO,REPRESENTATIVE_POINT,
88c2e3b96bfffff,Buenos Aires,Hurlingham,1835,DEMANDA_ALTA,18,COLECTIVO,REPRESENTATIVE_POINT,
88c2e389b5fffff,Buenos Aires,Lanús,1831,DEMANDA_ALTA,17,COLECTIVO,REPRESENTATIVE_POINT,
88c2e38495fffff,Buenos Aires,Merlo,1828,DEMANDA_ALTA,7,COLECTIVO,REPRESENTATIVE_POINT,
88c2e3b92dfffff,Buenos Aires,Hurlingham,1826,DEMANDA_ALTA,17,COLECTIVO,REPRESENTATIVE_POINT,
88c2e31211fffff,Ciudad Autónoma de Buenos Aires,Comuna 9,1824,DEMANDA_ALTA,7,COLECTIVO,REPRESENTATIVE_POINT,
88c2e3b185fffff,Buenos Aires,Moreno,1823,DEMANDA_ALTA,17,COLECTIVO,REPRESENTATIVE_POINT,
88c2e38d19fffff,Buenos Aires,La Matanza,1820,DEMANDA_ALTA,16,COLECTIVO,REPRESENTATIVE_POINT,
88c2e3c6b9fffff,Buenos Aires,Lanús,1820,DEMANDA_ALTA,7,COLECTIVO,REPRESENTATIVE_POINT,
88c2e316e5fffff,Buenos Aires,Tres de Febrero,1816,DEMANDA_ALTA,6,COLECTIVO,REPRESENTATIVE_POINT,
88c2e31729fffff,Buenos Aires,General San Martín,1816,DEMANDA_ALTA,17,COLECTIVO,REPRESENTATIVE_POINT,
88c2e3b8a7fffff,Buenos Aires,San Miguel,1815,DEMANDA_ALTA,7,COLECTIVO,REPRESENTATIVE_POINT,
88c2e38483fffff,Buenos Aires,Merlo,1814,DEMANDA_ALTA,7,COLECTIVO,REPRESENTATIVE_POINT,
88c2e3a36dfffff,Buenos Aires,Moreno,1810,DEMANDA_ALTA,6,COLECTIVO,REPRESENTATIVE_POINT,
88c2e3aa43fffff,Buenos Aires,San Miguel,1809,DEMANDA_ALTA,6,COLECTIVO,REPRESENTATIVE_POINT,
88c2e3d6cbfffff,Buenos Aires,Almirante Brown,1809,DEMANDA_ALTA,12,COLECTIVO,REPRESENTATIVE_POINT,
88c2e3a129fffff,Buenos Aires,José C. Paz,1800,DEMANDA_ALTA,6,COLECTIVO,REPRESENTATIVE_POINT,
88c2e3b8e5fffff,Buenos Aires,San Miguel,1800,DEMANDA_ALTA,7,COLECTIVO,REPRESENTATIVE_POINT,
88c2e3c0c5fffff,Buenos Aires,Berazategui,1798,DEMANDA_ALTA,7,COLECTIVO,REPRESENTATIVE_POINT,
88c2e3889bfffff,Buenos Aires,La Matanza,1795,DEMANDA_ALTA,13,COLECTIVO,REPRESENTATIVE_POINT,
88c2e2ac8bfffff,Buenos Aires,La Plata,1794,DEMANDA_ALTA,12,COLECTIVO,REPRESENTATIVE_POINT,
88c2e38d51fffff,Buenos Aires,La Matanza,1790,DEMANDA_ALTA,16,COLECTIVO,REPRESENTATIVE_POINT,
88c2e3d48dfffff,Buenos Aires,Almirante Brown,1790,DEMANDA_ALTA,7,COLECTIVO,REPRESENTATIVE_POINT,
88c2e38f3dfffff,Buenos Aires,La Matanza,1789,DEMANDA_ALTA,17,COLECTIVO,REPRESENTATIVE_POINT,
88c2e3c683fffff,Buenos Aires,Lanús,1788,DEMANDA_ALTA,7,COLECTIVO,REPRESENTATIVE_POINT,
88c2e31059fffff,Ciudad Autónoma de Buenos Aires,Comuna 7,1785,DEMANDA_ALTA,16,COLECTIVO,REPRESENTATIVE_POINT,
88c2e399c3fffff,Buenos Aires,Almirante Brown,1784,DEMANDA_ALTA,7,COLECTIVO,REPRESENTATIVE_POINT,
88c2e3c639fffff,Buenos Aires,Quilmes,1784,DEMANDA_ALTA,12,COLECTIVO,REPRESENTATIVE_POINT,
88c2e38869fffff,Buenos Aires,Lomas de Zamora,1783,DEMANDA_ALTA,17,COLECTIVO,REPRESENTATIVE_POINT,
88c2e3c747fffff,Buenos Aires,Quilmes,1782,DEMANDA_ALTA,6,COLECTIVO,REPRESENTATIVE_POINT,
88c2e3c653fffff,Buenos Aires,Lomas de Zamora,1780,DEMANDA_ALTA,7,COLECTIVO,REPRESENTATIVE_POINT,
88c2e38eb5fffff,Buenos Aires,Morón,1776,DEMANDA_ALTA,17,COLECTIVO,REPRESENTATIVE_POINT,
88c2e3d58bfffff,Buenos Aires,Florencio Varela,1775,DEMANDA_ALTA,7,COLECTIVO,REPRESENTATIVE_POINT,
88c2e38851fffff,Buenos Aires,Lomas de Zamora,1775,DEMANDA_ALTA,6,COLECTIVO,REPRESENTATIVE_POINT,
88c2e3c209fffff,Buenos Aires,Berazategui,1775,DEMANDA_ALTA,7,COLECTIVO,REPRESENTATIVE_POINT,
88c2e3d463fffff,Buenos Aires,Florencio Varela,1774,DEMANDA_ALTA,7,COLECTIVO,REPRESENTATIVE_POINT,
88c2e2ae93fffff,Buenos Aires,La Plata,1772,DEMANDA_ALTA,12,COLECTIVO,REPRESENTATIVE_POINT,
88c2e3d469fffff,Buenos Aires,Florencio Varela,1772,DEMANDA_ALTA,6,COLECTIVO,REPRESENTATIVE_POINT,
88c2e3ba43fffff,Buenos Aires,Merlo,1772,DEMANDA_ALTA,11,COLECTIVO,REPRESENTATIVE_POINT,
88c2e3c65bfffff,Buenos Aires,Lomas de Zamora,1770,DEMANDA_ALTA,7,COLECTIVO,REPRESENTATIVE_POINT,
88c2e380d1fffff,Buenos Aires,La Matanza,1768,DEMANDA_ALTA,18,COLECTIVO,REPRESENTATIVE_POINT,
88c2e3a91bfffff,Buenos Aires,Tigre,1767,DEMANDA_ALTA,7,COLECTIVO,REPRESENTATIVE_POINT,
88c2e3d5e3fffff,Buenos Aires,Florencio Varela,1766,DEMANDA_ALTA,12,COLECTIVO,REPRESENTATIVE_POINT,
88c2e3c0ddfffff,Buenos Aires,Berazategui,1766,DEMANDA_ALTA,12,COLECTIVO,REPRESENTATIVE_POINT,
88c2e38d3dfffff,Ciudad Autónoma de Buenos Aires,Comuna 9,1764,DEMANDA_ALTA,7,COLECTIVO,REPRESENTATIVE_POINT,
88c2e3d8cbfffff,Buenos Aires,La Plata,1763,DEMANDA_ALTA,7,TREN,REPRESENTATIVE_POINT,
88c2e06cd7fffff,Buenos Aires,Presidente Perón,1761,DEMANDA_ALTA,12,COLECTIVO,REPRESENTATIVE_POINT,
88c2e38c93fffff,Buenos Aires,Hurlingham,1759,DEMANDA_ALTA,7,COLECTIVO,REPRESENTATIVE_POINT,
88c2e38ab3fffff,Buenos Aires,La Matanza,1759,DEMANDA_ALTA,7,COLECTIVO,REPRESENTATIVE_POINT,
88c2e311a1fffff,Ciudad Autónoma de Buenos Aires,Comuna 2,1758,DEMANDA_ALTA,16,COLECTIVO,REPRESENTATIVE_POINT,
88c2e3d655fffff,Buenos Aires,Almirante Brown,1757,DEMANDA_ALTA,6,COLECTIVO,REPRESENTATIVE_POINT,
88c2e3b90dfffff,Buenos Aires,Hurlingham,1754,DEMANDA_ALTA,12,COLECTIVO,REPRESENTATIVE_POINT,
88c2e38805fffff,Buenos Aires,Lomas de Zamora,1753,DEMANDA_ALTA,16,COLECTIVO,REPRESENTATIVE_POINT,
88c2e3d5cbfffff,Buenos Aires,Florencio Varela,1752,DEMANDA_ALTA,6,COLECTIVO,REPRESENTATIVE_POINT,
88c2e3ba0dfffff,Buenos Aires,Merlo,1748,DEMANDA_ALTA,17,COLECTIVO,REPRESENTATIVE_POINT,
88c2e389c1fffff,Buenos Aires,Lomas de Zamora,1747,DEMANDA_ALTA,7,COLECTIVO,REPRESENTATIVE_POINT,
88c2e3aac7fffff,Buenos Aires,José C. Paz,1745,DEMANDA_ALTA,12,COLECTIVO,REPRESENTATIVE_POINT,
88c2e38987fffff,Buenos Aires,Lanús,1744,DEMANDA_ALTA,7,COLECTIVO,REPRESENTATIVE_POINT,
88c2e39b2dfffff,Buenos Aires,Presidente Perón,1744,DEMANDA_ALTA,7,COLECTIVO,REPRESENTATIVE_POINT,
88c2e39963fffff,Buenos Aires,Almirante Brown,1741,DEMANDA_ALTA,7,COLECTIVO,REPRESENTATIVE_POINT,
88c2e315ddfffff,Buenos Aires,General San Martín,1740,DEMANDA_ALTA,7,COLECTIVO,REPRESENTATIVE_POINT,
88c2e3ac61fffff,Buenos Aires,Pilar,1739,DEMANDA_ALTA,17,COLECTIVO,REPRESENTATIVE_POINT,
88c2e3c439fffff,Buenos Aires,Avellaneda,1738,DEMANDA_ALTA,12,COLECTIVO,REPRESENTATIVE_POINT,
88c2e3ba31fffff,Buenos Aires,Moreno,1738,DEMANDA_ALTA,7,COLECTIVO,REPRESENTATIVE_POINT,
88c2e3d43bfffff,Buenos Aires,Florencio Varela,1737,DEMANDA_ALTA,7,COLECTIVO,REPRESENTATIVE_POINT,
88c2e38531fffff,Buenos Aires,Merlo,1737,DEMANDA_ALTA,7,COLECTIVO,REPRESENTATIVE_POINT,
88c2e399b9fffff,Buenos Aires,Esteban Echeverría,1736,DEMANDA_ALTA,12,COLECTIVO,REPRESENTATIVE_POINT,
88c2e3aaddfffff,Buenos Aires,José C. Paz,1736,DEMANDA_ALTA,6,COLECTIVO,REPRESENTATIVE_POINT,
88c2e31231fffff,Ciudad Autónoma de Buenos Aires,Comuna 7,1733,DEMANDA_ALTA,17,COLECTIVO,REPRESENTATIVE_POINT,
88c2e315b9fffff,Buenos Aires,San Isidro,1730,DEMANDA_ALTA,17,COLECTIVO,REPRESENTATIVE_POINT,
88c2e3c547fffff,Buenos Aires,Quilmes,1730,DEMANDA_ALTA,7,COLECTIVO,REPRESENTATIVE_POINT,
88c2e3c295fffff,Buenos Aires,Berazategui,1726,DEMANDA_ALTA,7,COLECTIVO,REPRESENTATIVE_POINT,
88c2e31351fffff,Buenos Aires,Lanús,1726,DEMANDA_ALTA,7,COLECTIVO,REPRESENTATIVE_POINT,
88c2e30263fffff,Ciudad Autónoma de Buenos Aires,Comuna 13,1726,DEMANDA_ALTA,16,COLECTIVO,REPRESENTATIVE_POINT,
88c2e3b969fffff,Buenos Aires,Hurlingham,1723,DEMANDA_ALTA,7,COLECTIVO,REPRESENTATIVE_POINT,
88c2e3db21fffff,Buenos Aires,La Plata,1723,DEMANDA_ALTA,12,COLECTIVO,REPRESENTATIVE_POINT,
88c2e31329fffff,Buenos Aires,Avellaneda,1713,DEMANDA_ALTA,12,COLECTIVO,REPRESENTATIVE_POINT,
88c2e3db67fffff,Buenos Aires,La Plata,1711,DEMANDA_ALTA,17,COLECTIVO,REPRESENTATIVE_POINT,
88c2e30715fffff,Buenos Aires,San Fernando,1709,DEMANDA_ALTA,7,COLECTIVO,REPRESENTATIVE_POINT,
88c2e389edfffff,Buenos Aires,Lanús,1708,DEMANDA_ALTA,12,COLECTIVO,REPRESENTATIVE_POINT,
88c2e30743fffff,Buenos Aires,San Isidro,1707,DEMANDA_ALTA,8,COLECTIVO,REPRESENTATIVE_POINT,
88c2e2aebdfffff,Buenos Aires,La Plata,1705,DEMANDA_ALTA,7,COLECTIVO,REPRESENTATIVE_POINT,
88c2e38dd7fffff,Buenos Aires,Morón,1703,DEMANDA_ALTA,9,COLECTIVO,REPRESENTATIVE_POINT,
88c2e38e01fffff,Buenos Aires,La Matanza,1703,DEMANDA_ALTA,7,COLECTIVO,REPRESENTATIVE_POINT,
88c2e31557fffff,Buenos Aires,General San Martín,1703,DEMANDA_ALTA,7,COLECTIVO,REPRESENTATIVE_POINT,
88c2e3aa0dfffff,Buenos Aires,San Miguel,1700,DEMANDA_ALTA,7,COLECTIVO,REPRESENTATIVE_POINT,
88c2e3aaa1fffff,Buenos Aires,Malvinas Argentinas,1698,DEMANDA_ALTA,12,COLECTIVO,REPRESENTATIVE_POINT,
88c2e3ae8bfffff,Buenos Aires,Pilar,1696,DEMANDA_ALTA,7,COLECTIVO,REPRESENTATIVE_POINT,
88c2e3a1a1fffff,Buenos Aires,José C. Paz,1696,DEMANDA_ALTA,7,COLECTIVO,REPRESENTATIVE_POINT,
88c2e3c447fffff,Buenos Aires,Quilmes,1695,DEMANDA_ALTA,7,COLECTIVO,REPRESENTATIVE_POINT,
88c2e388e5fffff,Buenos Aires,Lomas de Zamora,1695,DEMANDA_ALTA,12,COLECTIVO,REPRESENTATIVE_POINT,
88c2e38251fffff,Buenos Aires,La Matanza,1694,DEMANDA_ALTA,6,COLECTIVO,REPRESENTATIVE_POINT,
88c2e3a25dfffff,Buenos Aires,General Rodríguez,1693,DEMANDA_ALTA,12,COLECTIVO,REPRESENTATIVE_POINT,
88c2e38533fffff,Buenos Aires,Merlo,1691,DEMANDA_ALTA,7,COLECTIVO,REPRESENTATIVE_POINT,
88c2e3a865fffff,Buenos Aires,Malvinas Argentinas,1689,DEMANDA_ALTA,6,COLECTIVO,REPRESENTATIVE_POINT,
88c2e3c617fffff,Buenos Aires,Lanús,1689,DEMANDA_ALTA,7,COLECTIVO,REPRESENTATIVE_POINT,
88c2e3c727fffff,Buenos Aires,Quilmes,1688,DEMANDA_ALTA,12,COLECTIVO,REPRESENTATIVE_POINT,
88c2e3d653fffff,Buenos Aires,Almirante Brown,1685,DEMANDA_ALTA,7,COLECTIVO,REPRESENTATIVE_POINT,
88c2e3b901fffff,Buenos Aires,Hurlingham,1684,DEMANDA_ALTA,7,COLECTIVO,REPRESENTATIVE_POINT,
88c2e38e35fffff,Buenos Aires,La Matanza,1680,DEMANDA_ALTA,7,COLECTIVO,REPRESENTATIVE_POINT,
88c2e3babbfffff,Buenos Aires,Moreno,1678,DEMANDA_ALTA,7,COLECTIVO,REPRESENTATIVE_POINT,
88c2e31611fffff,Buenos Aires,Tres de Febrero,1678,DEMANDA_ALTA,7,COLECTIVO,REPRESENTATIVE_POINT,
88c2e2a59bfffff,Buenos Aires,La Plata,1678,DEMANDA_ALTA,7,COLECTIVO,REPRESENTATIVE_POINT,
88c2e3b111fffff,Buenos Aires,Moreno,1676,DEMANDA_ALTA,8,COLECTIVO,REPRESENTATIVE_POINT,
88c2e384edfffff,Buenos Aires,Merlo,1674,DEMANDA_ALTA,6,COLECTIVO,REPRESENTATIVE_POINT,
88c2e38ee5fffff,Buenos Aires,Morón,1673,DEMANDA_ALTA,12,COLECTIVO,REPRESENTATIVE_POINT,
88c2e31345fffff,Buenos Aires,Lanús,1673,DEMANDA_ALTA,17,COLECTIVO,REPRESENTATIVE_POINT,
88c2e38da7fffff,Buenos Aires,Tres de Febrero,1671,DEMANDA_ALTA,17,COLECTIVO,REPRESENTATIVE_POINT,
88c2e3ab1bfffff,Buenos Aires,Malvinas Argentinas,1670,DEMANDA_ALTA,12,COLECTIVO,REPRESENTATIVE_POINT,
88c2e39b61fffff,Buenos Aires,Presidente Perón,1670,DEMANDA_ALTA,7,COLECTIVO,REPRESENTATIVE_POINT,
88c2e38da1fffff,Buenos Aires,Tres de Febrero,1667,DEMANDA_ALTA,7,COLECTIVO,REPRESENTATIVE_POINT,
88c2e39983fffff,Buenos Aires,Almirante Brown,1665,DEMANDA_ALTA,12,COLECTIVO,REPRESENTATIVE_POINT,
88c2e3880dfffff,Buenos Aires,Lomas de Zamora,1665,DEMANDA_ALTA,13,COLECTIVO,REPRESENTATIVE_POINT,
88c2e3a13bfffff,Buenos Aires,José C. Paz,1665,DEMANDA_ALTA,7,COLECTIVO,REPRESENTATIVE_POINT,
88c2e3b369fffff,Buenos Aires,Merlo,1661,DEMANDA_ALTA,6,COLECTIVO,REPRESENTATIVE_POINT,
88c2e3d6ebfffff,Buenos Aires,Almirante Brown,1660,DEMANDA_ALTA,12,COLECTIVO,REPRESENTATIVE_POINT,
88c2e3aed7fffff,Buenos Aires,Pilar,1654,DEMANDA_ALTA,17,COLECTIVO,REPRESENTATIVE_POINT,
88c2e3a94bfffff,Buenos Aires,Tigre,1650,DEMANDA_ALTA,7,COLECTIVO,REPRESENTATIVE_POINT,
88c2e3172dfffff,Ciudad Autónoma de Buenos Aires,Comuna 11,1646,DEMANDA_ALTA,7,COLECTIVO,REPRESENTATIVE_POINT,
88c2e3b191fffff,Buenos Aires,Moreno,1645,DEMANDA_ALTA,12,COLECTIVO,REPRESENTATIVE_POINT,
88c2e39b37fffff,Buenos Aires,Almirante Brown,1642,DEMANDA_ALTA,6,COLECTIVO,REPRESENTATIVE_POINT,
88c2e3a135fffff,Buenos Aires,José C. Paz,1642,DEMANDA_ALTA,12,COLECTIVO,REPRESENTATIVE_POINT,
88c2e38dc9fffff,Buenos Aires,La Matanza,1639,DEMANDA_ALTA,13,COLECTIVO,REPRESENTATIVE_POINT,
88c2e384abfffff,Buenos Aires,Merlo,1638,DEMANDA_ALTA,7,COLECTIVO,REPRESENTATIVE_POINT,
88c2e31455fffff,Buenos Aires,General San Martín,1637,DEMANDA_ALTA,7,COLECTIVO,REPRESENTATIVE_POINT,
88c2e38a97fffff,Buenos Aires,La Matanza,1633,DEMANDA_ALTA,17,COLECTIVO,REPRESENTATIVE_POINT,
88c2e3c0e9fffff,Buenos Aires,Berazategui,1628,DEMANDA_ALTA,7,COLECTIVO,REPRESENTATIVE_POINT,
88c2e380b5fffff,Buenos Aires,La Matanza,1628,DEMANDA_ALTA,17,COLECTIVO,REPRESENTATIVE_POINT,
88c2e2ac93fffff,Buenos Aires,La Plata,1627,DEMANDA_ALTA,12,COLECTIVO,REPRESENTATIVE_POINT,
88c2e399b3fffff,Buenos Aires,Lomas de Zamora,1623,DEMANDA_ALTA,17,COLECTIVO,REPRESENTATIVE_POINT,
88c2e2ace1fffff,Buenos Aires,La Plata,1623,DEMANDA_ALTA,7,COLECTIVO,REPRESENTATIVE_POINT,
88c2e3c69dfffff,Buenos Aires,Lanús,1623,DEMANDA_ALTA,7,COLECTIVO,REPRESENTATIVE_POINT,
88c2e3c2d7fffff,Buenos Aires,Berazategui,1621,DEMANDA_ALTA,17,COLECTIVO,INTERSECCION_MAYOR_AREA,
88c2e31509fffff,Buenos Aires,Vicente López,1620,DEMANDA_ALTA,7,COLECTIVO,REPRESENTATIVE_POINT,
88c2e3028bfffff,Buenos Aires,San Isidro,1619,DEMANDA_ALTA,7,COLECTIVO,INTERSECCION_MAYOR_AREA,
88c2e3c013fffff,Buenos Aires,Berazategui,1619,DEMANDA_ALTA,7,COLECTIVO,REPRESENTATIVE_POINT,
88c2e31635fffff,Buenos Aires,General San Martín,1619,DEMANDA_ALTA,6,COLECTIVO,REPRESENTATIVE_POINT,
88c2e302c1fffff,Buenos Aires,Vicente López,1619,DEMANDA_ALTA,16,COLECTIVO,REPRESENTATIVE_POINT,
88c2e38089fffff,Buenos Aires,La Matanza,1617,DEMANDA_ALTA,7,COLECTIVO,REPRESENTATIVE_POINT,
88c2e38c4dfffff,Buenos Aires,La Matanza,1616,DEMANDA_ALTA,7,COLECTIVO,REPRESENTATIVE_POINT,
88c2e3d511fffff,Buenos Aires,Florencio Varela,1616,DEMANDA_ALTA,12,COLECTIVO,REPRESENTATIVE_POINT,
88c2e382e1fffff,Buenos Aires,La Matanza,1616,DEMANDA_ALTA,18,COLECTIVO,REPRESENTATIVE_POINT,
88c2e23615fffff,Buenos Aires,Ensenada,1615,DEMANDA_ALTA,12,COLECTIVO,REPRESENTATIVE_POINT,
88c2e3db6bfffff,Buenos Aires,La Plata,1613,DEMANDA_ALTA,12,COLECTIVO,REPRESENTATIVE_POINT,
88c2e31441fffff,Buenos Aires,General San Martín,1612,DEMANDA_ALTA,17,COLECTIVO,REPRESENTATIVE_POINT,
88c2e3062dfffff,Buenos Aires,San Fernando,1610,DEMANDA_ALTA,8,COLECTIVO,REPRESENTATIVE_POINT,
88c2e3144dfffff,Buenos Aires,General San Martín,1609,DEMANDA_ALTA,7,COLECTIVO,REPRESENTATIVE_POINT,
88c2e3884dfffff,Buenos Aires,Lomas de Zamora,1608,DEMANDA_ALTA,7,COLECTIVO,REPRESENTATIVE_POINT,
88c2e38931fffff,Buenos Aires,Lanús,1606,DEMANDA_ALTA,7,COLECTIVO,REPRESENTATIVE_POINT,
88c2e3995dfffff,Buenos Aires,Almirante Brown,1606,DEMANDA_ALTA,7,COLECTIVO,REPRESENTATIVE_POINT,
88c2e3b815fffff,Buenos Aires,Moreno,1605,DEMANDA_ALTA,7,COLECTIVO,REPRESENTATIVE_POINT,
88c2e3c711fffff,Buenos Aires,Quilmes,1602,DEMANDA_ALTA,17,COLECTIVO,REPRESENTATIVE_POINT,
88c2e3336dfffff,Buenos Aires,Tigre,1598,DEMANDA_ALTA,16,COLECTIVO,REPRESENTATIVE_POINT,
88c2e3d5b5fffff,Buenos Aires,Quilmes,1597,DEMANDA_ALTA,12,COLECTIVO,REPRESENTATIVE_POINT,
88c2e3d5adfffff,Buenos Aires,Florencio Varela,1595,DEMANDA_ALTA,7,COLECTIVO,REPRESENTATIVE_POINT,
88c2e38c55fffff,Buenos Aires,La Matanza,1594,DEMANDA_ALTA,7,COLECTIVO,REPRESENTATIVE_POINT,
88c2ee522dfffff,Buenos Aires,Campana,1594,DEMANDA_ALTA,18,COLECTIVO,REPRESENTATIVE_POINT,
88c2e3a987fffff,Buenos Aires,Tigre,1593,DEMANDA_ALTA,8,COLECTIVO,REPRESENTATIVE_POINT,
88c2e384b9fffff,Buenos Aires,Merlo,1593,DEMANDA_ALTA,12,COLECTIVO,REPRESENTATIVE_POINT,
88c2e3a881fffff,Buenos Aires,Pilar,1592,DEMANDA_ALTA,16,COLECTIVO,REPRESENTATIVE_POINT,
88c2e33247fffff,Buenos Aires,Tigre,1589,DEMANDA_ALTA,7,COLECTIVO,REPRESENTATIVE_POINT,
88c2e39837fffff,Buenos Aires,Esteban Echeverría,1588,DEMANDA_ALTA,12,COLECTIVO,REPRESENTATIVE_POINT,
88c2e3c2c7fffff,Buenos Aires,Berazategui,1586,DEMANDA_ALTA,7,COLECTIVO,INTERSECCION_MAYOR_AREA,
88c2e39a9dfffff,Buenos Aires,Ezeiza,1586,DEMANDA_ALTA,12,COLECTIVO,REPRESENTATIVE_POINT,
88c2e302e9fffff,Buenos Aires,Vicente López,1585,DEMANDA_ALTA,17,COLECTIVO,REPRESENTATIVE_POINT,
88c2e31717fffff,Buenos Aires,General San Martín,1583,DEMANDA_ALTA,12,COLECTIVO,REPRESENTATIVE_POINT,
88c2e3b859fffff,Buenos Aires,Moreno,1580,DEMANDA_ALTA,17,COLECTIVO,REPRESENTATIVE_POINT,
88c2e3b911fffff,Buenos Aires,Hurlingham,1579,DEMANDA_ALTA,6,COLECTIVO,REPRESENTATIVE_POINT,
88c2e2a681fffff,Buenos Aires,La Plata,1578,DEMANDA_ALTA,6,COLECTIVO,REPRESENTATIVE_POINT,
88c2e3d5bdfffff,Buenos Aires,Florencio Varela,1577,DEMANDA_ALTA,17,COLECTIVO,REPRESENTATIVE_POINT,
88c2e3c62dfffff,Buenos Aires,Quilmes,1575,DEMANDA_ALTA,12,COLECTIVO,REPRESENTATIVE_POINT,
88c2e38839fffff,Buenos Aires,Lomas de Zamora,1573,DEMANDA_ALTA,6,COLECTIVO,REPRESENTATIVE_POINT,
88c2e3ba51fffff,Buenos Aires,Merlo,1573,DEMANDA_ALTA,12,COLECTIVO,REPRESENTATIVE_POINT,
88c2e31487fffff,Buenos Aires,Tigre,1572,DEMANDA_ALTA,7,COLECTIVO,REPRESENTATIVE_POINT,
88c2e31341fffff,Buenos Aires,Lanús,1572,DEMANDA_ALTA,17,COLECTIVO,REPRESENTATIVE_POINT,
88c2e3b91bfffff,Buenos Aires,San Miguel,1571,DEMANDA_ALTA,6,COLECTIVO,REPRESENTATIVE_POINT,
88c2e38c37fffff,Buenos Aires,Morón,1571,DEMANDA_ALTA,12,COLECTIVO,REPRESENTATIVE_POINT,
88c2e31495fffff,Buenos Aires,Tigre,1571,DEMANDA_ALTA,17,COLECTIVO,REPRESENTATIVE_POINT,
88c2eec1d7fffff,Buenos Aires,Exaltación de la Cruz,1570,DEMANDA_ALTA,17,COLECTIVO,REPRESENTATIVE_POINT,
88c2e3c703fffff,Buenos Aires,Quilmes,1569,DEMANDA_ALTA,12,COLECTIVO,REPRESENTATIVE_POINT,
88c2e31615fffff,Buenos Aires,Tres de Febrero,1568,DEMANDA_ALTA,6,COLECTIVO,REPRESENTATIVE_POINT,
88c2e3a34dfffff,Buenos Aires,Moreno,1567,DEMANDA_ALTA,17,COLECTIVO,REPRESENTATIVE_POINT,
88c2e2a593fffff,Buenos Aires,La Plata,1565,DEMANDA_ALTA,7,COLECTIVO,REPRESENTATIVE_POINT,
88c2e3bb39fffff,Buenos Aires,Ituzaingó,1560,DEMANDA_ALTA,17,COLECTIVO,REPRESENTATIVE_POINT,
88c2e385d9fffff,Buenos Aires,Merlo,1560,DEMANDA_ALTA,6,COLECTIVO,REPRESENTATIVE_POINT,
88c2e38c19fffff,Buenos Aires,Morón,1559,DEMANDA_ALTA,12,COLECTIVO,REPRESENTATIVE_POINT,
88c2e314b5fffff,Buenos Aires,Tigre,1559,DEMANDA_ALTA,17,COLECTIVO,REPRESENTATIVE_POINT,
88c2e39027fffff,Buenos Aires,Ezeiza,1559,DEMANDA_ALTA,6,COLECTIVO,REPRESENTATIVE_POINT,
88c2e3c42bfffff,Buenos Aires,Quilmes,1558,DEMANDA_ALTA,7,COLECTIVO,REPRESENTATIVE_POINT,
88c2e39abbfffff,Buenos Aires,Ezeiza,1558,DEMANDA_ALTA,7,COLECTIVO,REPRESENTATIVE_POINT,
88c2e38aebfffff,Buenos Aires,Esteban Echeverría,1556,DEMANDA_ALTA,6,COLECTIVO,REPRESENTATIVE_POINT,
88c2e06703fffff,Buenos Aires,San Vicente,1552,DEMANDA_ALTA,17,COLECTIVO,REPRESENTATIVE_POINT,
88c2e388a1fffff,Ciudad Autónoma de Buenos Aires,Comuna 8,1552,DEMANDA_ALTA,7,COLECTIVO,REPRESENTATIVE_POINT,
88c2e3c645fffff,Buenos Aires,Quilmes,1551,DEMANDA_ALTA,7,COLECTIVO,REPRESENTATIVE_POINT,
88c2e3132dfffff,Buenos Aires,Avellaneda,1548,DEMANDA_ALTA,12,COLECTIVO,REPRESENTATIVE_POINT,
88c2e3c099fffff,Buenos Aires,Quilmes,1547,DEMANDA_ALTA,7,COLECTIVO,REPRESENTATIVE_POINT,
88c2e39813fffff,Buenos Aires,Esteban Echeverría,1545,DEMANDA_ALTA,6,COLECTIVO,REPRESENTATIVE_POINT,
88c2e3a1bbfffff,Buenos Aires,Pilar,1543,DEMANDA_ALTA,18,COLECTIVO,REPRESENTATIVE_POINT,
88c2e312b1fffff,Ciudad Autónoma de Buenos Aires,Comuna 11,1542,DEMANDA_ALTA,16,COLECTIVO,REPRESENTATIVE_POINT,
88c2e315c1fffff,Buenos Aires,San Isidro,1542,DEMANDA_ALTA,8,COLECTIVO,REPRESENTATIVE_POINT,
88c2e302e1fffff,Buenos Aires,Vicente López,1542,DEMANDA_ALTA,17,COLECTIVO,REPRESENTATIVE_POINT,
88c2e314a5fffff,Buenos Aires,San Isidro,1541,DEMANDA_ALTA,7,COLECTIVO,REPRESENTATIVE_POINT,
88c2e38cebfffff,Buenos Aires,Morón,1539,DEMANDA_ALTA,12,COLECTIVO,REPRESENTATIVE_POINT,
88c2e388abfffff,Buenos Aires,La Matanza,1538,DEMANDA_ALTA,12,COLECTIVO,REPRESENTATIVE_POINT,
88c2e31599fffff,Buenos Aires,San Isidro,1538,DEMANDA_ALTA,7,COLECTIVO,REPRESENTATIVE_POINT,
88c2e30627fffff,Buenos Aires,San Fernando,1534,DEMANDA_ALTA,7,COLECTIVO,REPRESENTATIVE_POINT,
88c2e389d5fffff,Buenos Aires,Lomas de Zamora,1534,DEMANDA_ALTA,7,COLECTIVO,REPRESENTATIVE_POINT,
88c2e38c59fffff,Buenos Aires,La Matanza,1533,DEMANDA_ALTA,7,COLECTIVO,REPRESENTATIVE_POINT,
88c2e3a85dfffff,Buenos Aires,Malvinas Argentinas,1533,DEMANDA_ALTA,12,COLECTIVO,REPRESENTATIVE_POINT,
88c2e3134dfffff,Buenos Aires,Lanús,1532,DEMANDA_ALTA,16,COLECTIVO,REPRESENTATIVE_POINT,
88c2e39547fffff,Buenos Aires,La Matanza,1531,DEMANDA_ALTA,7,COLECTIVO,REPRESENTATIVE_POINT,
88c2e3b99bfffff,Buenos Aires,San Miguel,1531,DEMANDA_ALTA,7,COLECTIVO,REPRESENTATIVE_POINT,
88c2e38c69fffff,Buenos Aires,La Matanza,1530,DEMANDA_ALTA,7,COLECTIVO,REPRESENTATIVE_POINT,
88c2e38599fffff,Buenos Aires,Merlo,1530,DEMANDA_ALTA,12,COLECTIVO,REPRESENTATIVE_POINT,
88c2e310b5fffff,Ciudad Autónoma de Buenos Aires,Comuna 13,1529,DEMANDA_ALTA,16,COLECTIVO,REPRESENTATIVE_POINT,
88c2e38b07fffff,Buenos Aires,Lomas de Zamora,1527,DEMANDA_ALTA,17,COLECTIVO,REPRESENTATIVE_POINT,
88c2e38d15fffff,Buenos Aires,La Matanza,1523,DEMANDA_ALTA,7,COLECTIVO,REPRESENTATIVE_POINT,
88c2e38981fffff,Buenos Aires,Lanús,1523,DEMANDA_ALTA,8,COLECTIVO,REPRESENTATIVE_POINT,
88c2e06e97fffff,Buenos Aires,Presidente Perón,1522,DEMANDA_ALTA,6,COLECTIVO,REPRESENTATIVE_POINT,
88c2e3899bfffff,Buenos Aires,Lomas de Zamora,1521,DEMANDA_ALTA,7,COLECTIVO,INTERSECCION_MAYOR_AREA,
88c2e3d587fffff,Buenos Aires,Florencio Varela,1521,DEMANDA_ALTA,12,COLECTIVO,REPRESENTATIVE_POINT,
88c2e39831fffff,Buenos Aires,Esteban Echeverría,1521,DEMANDA_ALTA,6,COLECTIVO,REPRESENTATIVE_POINT,
88c2e3bad7fffff,Buenos Aires,Moreno,1519,DEMANDA_ALTA,12,COLECTIVO,REPRESENTATIVE_POINT,
88c2e31561fffff,Ciudad Autónoma de Buenos Aires,Comuna 12,1519,DEMANDA_ALTA,17,COLECTIVO,REPRESENTATIVE_POINT,
88c2e31081fffff,Ciudad Autónoma de Buenos Aires,Comuna 15,1518,DEMANDA_ALTA,15,COLECTIVO,REPRESENTATIVE_POINT,
88c2e3a819fffff,Buenos Aires,Malvinas Argentinas,1517,DEMANDA_ALTA,7,COLECTIVO,REPRESENTATIVE_POINT,
88c2e3aa19fffff,Buenos Aires,José C. Paz,1517,DEMANDA_ALTA,17,COLECTIVO,REPRESENTATIVE_POINT,
88c2e3aa07fffff,Buenos Aires,José C. Paz,1516,DEMANDA_ALTA,7,COLECTIVO,REPRESENTATIVE_POINT,
88c2e3bb11fffff,Buenos Aires,Ituzaingó,1513,DEMANDA_ALTA,12,COLECTIVO,REPRESENTATIVE_POINT,
88c2e3c723fffff,Buenos Aires,Quilmes,1512,DEMANDA_ALTA,7,COLECTIVO,REPRESENTATIVE_POINT,
88c2e31759fffff,Buenos Aires,Tres de Febrero,1512,DEMANDA_ALTA,7,COLECTIVO,REPRESENTATIVE_POINT,
88c2e398b1fffff,Buenos Aires,Esteban Echeverría,1511,DEMANDA_ALTA,7,COLECTIVO,REPRESENTATIVE_POINT,
88c2e39521fffff,Buenos Aires,La Matanza,1511,DEMANDA_ALTA,6,COLECTIVO,REPRESENTATIVE_POINT,
88c2e2ac3bfffff,Buenos Aires,La Plata,1510,DEMANDA_ALTA,12,COLECTIVO,REPRESENTATIVE_POINT,
88c2e38d91fffff,Buenos Aires,Tres de Febrero,1509,DEMANDA_ALTA,7,COLECTIVO,INTERSECCION_MAYOR_AREA,
88c2e38517fffff,Buenos Aires,Merlo,1508,DEMANDA_ALTA,6,COLECTIVO,REPRESENTATIVE_POINT,
88c2e31401fffff,Buenos Aires,General San Martín,1507,DEMANDA_ALTA,7,COLECTIVO,REPRESENTATIVE_POINT,
88c2e33293fffff,Buenos Aires,Escobar,1506,DEMANDA_ALTA,8,COLECTIVO,REPRESENTATIVE_POINT,
88c2e3136dfffff,Buenos Aires,Avellaneda,1505,DEMANDA_ALTA,7,COLECTIVO,REPRESENTATIVE_POINT,
88c2e3b8d5fffff,Buenos Aires,Moreno,1505,DEMANDA_ALTA,6,COLECTIVO,REPRESENTATIVE_POINT,
88c2e3ad81fffff,Buenos Aires,Escobar,1500,DEMANDA_ALTA,17,COLECTIVO,REPRESENTATIVE_POINT,
88c2e38e41fffff,Buenos Aires,La Matanza,1496,DEMANDA_ALTA,7,COLECTIVO,REPRESENTATIVE_POINT,
88c2e3ba5dfffff,Buenos Aires,Merlo,1496,DEMANDA_ALTA,12,COLECTIVO,REPRESENTATIVE_POINT,
88c2e3c6a5fffff,Buenos Aires,Avellaneda,1494,DEMANDA_ALTA,7,COLECTIVO,REPRESENTATIVE_POINT,
88c2e30445fffff,Buenos Aires,San Fernando,1494,DEMANDA_ALTA,18,COLECTIVO,REPRESENTATIVE_POINT,
88c2e38c05fffff,Buenos Aires,La Matanza,1493,DEMANDA_ALTA,13,COLECTIVO,REPRESENTATIVE_POINT,
88c2e3118bfffff,Ciudad Autónoma de Buenos Aires,Comuna 14,1493,DEMANDA_ALTA,19,COLECTIVO,REPRESENTATIVE_POINT,
88c2e38c21fffff,Buenos Aires,La Matanza,1491,DEMANDA_ALTA,15,COLECTIVO,REPRESENTATIVE_POINT,
88c2e3b80bfffff,Buenos Aires,Moreno,1490,DEMANDA_ALTA,6,COLECTIVO,REPRESENTATIVE_POINT,
88c2e3d435fffff,Buenos Aires,Florencio Varela,1489,DEMANDA_ALTA,6,COLECTIVO,REPRESENTATIVE_POINT,
88c2e3a14bfffff,Buenos Aires,Moreno,1487,DEMANDA_ALTA,5,COLECTIVO,REPRESENTATIVE_POINT,
88c2e3d709fffff,Buenos Aires,Florencio Varela,1487,DEMANDA_ALTA,12,COLECTIVO,REPRESENTATIVE_POINT,
88c2e3d6dbfffff,Buenos Aires,Almirante Brown,1486,DEMANDA_ALTA,17,COLECTIVO,REPRESENTATIVE_POINT,
88c2e31143fffff,Ciudad Autónoma de Buenos Aires,Comuna 4,1484,DEMANDA_ALTA,12,COLECTIVO,REPRESENTATIVE_POINT,
88c2e39937fffff,Buenos Aires,Almirante Brown,1482,DEMANDA_ALTA,12,COLECTIVO,REPRESENTATIVE_POINT,
88c2e23621fffff,Buenos Aires,Berisso,1482,DEMANDA_ALTA,13,COLECTIVO,REPRESENTATIVE_POINT,
88c2e3c76dfffff,Buenos Aires,Berazategui,1482,DEMANDA_ALTA,7,COLECTIVO,REPRESENTATIVE_POINT,
88c2e3b9adfffff,Buenos Aires,San Miguel,1481,DEMANDA_ALTA,16,COLECTIVO,REPRESENTATIVE_POINT,
88c2e38e2bfffff,Buenos Aires,La Matanza,1481,DEMANDA_ALTA,17,COLECTIVO,REPRESENTATIVE_POINT,
88c2e38591fffff,Buenos Aires,Merlo,1481,DEMANDA_ALTA,12,COLECTIVO,REPRESENTATIVE_POINT,
88c2e3c45dfffff,Buenos Aires,Quilmes,1480,DEMANDA_ALTA,12,COLECTIVO,REPRESENTATIVE_POINT,
88c2e38ed9fffff,Buenos Aires,Merlo,1480,DEMANDA_ALTA,12,COLECTIVO,REPRESENTATIVE_POINT,
88c2e38e31fffff,Buenos Aires,La Matanza,1478,DEMANDA_ALTA,7,COLECTIVO,REPRESENTATIVE_POINT,
88c2e312d5fffff,Ciudad Autónoma de Buenos Aires,Comuna 10,1472,DEMANDA_ALTA,12,COLECTIVO,REPRESENTATIVE_POINT,
88c2e3c2d5fffff,Buenos Aires,Berazategui,1472,DEMANDA_ALTA,12,COLECTIVO,INTERSECCION_MAYOR_AREA,
88c2e3d499fffff,Buenos Aires,Almirante Brown,1470,DEMANDA_ALTA,7,COLECTIVO,REPRESENTATIVE_POINT,
88c2e38ce1fffff,Buenos Aires,Morón,1469,DEMANDA_ALTA,12,COLECTIVO,REPRESENTATIVE_POINT,
88c2e31097fffff,Ciudad Autónoma de Buenos Aires,Comuna 12,1468,DEMANDA_ALTA,17,COLECTIVO,REPRESENTATIVE_POINT,
88c2e398edfffff,Buenos Aires,Esteban Echeverría,1465,DEMANDA_ALTA,7,COLECTIVO,REPRESENTATIVE_POINT,
88c2e3c2b1fffff,Buenos Aires,Berazategui,1465,DEMANDA_ALTA,12,COLECTIVO,REPRESENTATIVE_POINT,
88c2e3d465fffff,Buenos Aires,Florencio Varela,1465,DEMANDA_ALTA,12,COLECTIVO,REPRESENTATIVE_POINT,
88c2e31513fffff,Buenos Aires,Vicente López,1463,DEMANDA_ALTA,7,COLECTIVO,REPRESENTATIVE_POINT,
88c2e3aa67fffff,Buenos Aires,San Miguel,1463,DEMANDA_ALTA,12,COLECTIVO,REPRESENTATIVE_POINT,
88c2e38d8bfffff,Buenos Aires,Morón,1462,DEMANDA_ALTA,7,COLECTIVO,REPRESENTATIVE_POINT,
88c2e30419fffff,Buenos Aires,Tigre,1461,DEMANDA_ALTA,17,COLECTIVO,REPRESENTATIVE_POINT,
88c2e3d429fffff,Buenos Aires,Florencio Varela,1460,DEMANDA_ALTA,6,COLECTIVO,REPRESENTATIVE_POINT,
88c2e3aee5fffff,Buenos Aires,Pilar,1459,DEMANDA_ALTA,7,COLECTIVO,REPRESENTATIVE_POINT,
88c2e38e15fffff,Buenos Aires,La Matanza,1458,DEMANDA_ALTA,7,COLECTIVO,REPRESENTATIVE_POINT,
88c2e38e99fffff,Buenos Aires,Ituzaingó,1457,DEMANDA_ALTA,17,COLECTIVO,REPRESENTATIVE_POINT,
88c2e38861fffff,Buenos Aires,Lomas de Zamora,1454,DEMANDA_ALTA,7,COLECTIVO,REPRESENTATIVE_POINT,
88c2e3aa81fffff,Buenos Aires,José C. Paz,1452,DEMANDA_ALTA,12,COLECTIVO,REPRESENTATIVE_POINT,
88c2e381b1fffff,Buenos Aires,La Matanza,1452,DEMANDA_ALTA,7,COLECTIVO,REPRESENTATIVE_POINT,
88c2e31a9dfffff,Ciudad Autónoma de Buenos Aires,Comuna 1,1452,DEMANDA_ALTA,8,COLECTIVO,REPRESENTATIVE_POINT,
88c2e3858bfffff,Buenos Aires,Merlo,1451,DEMANDA_ALTA,7,COLECTIVO,REPRESENTATIVE_POINT,
88c2e3d691fffff,Buenos Aires,Almirante Brown,1450,DEMANDA_ALTA,12,COLECTIVO,REPRESENTATIVE_POINT,
88c2e30253fffff,Ciudad Autónoma de Buenos Aires,Comuna 12,1448,DEMANDA_ALTA,17,COLECTIVO,REPRESENTATIVE_POINT,
88c2e3040dfffff,Buenos Aires,San Fernando,1448,DEMANDA_ALTA,16,COLECTIVO,REPRESENTATIVE_POINT,
88c2e3a947fffff,Buenos Aires,Tigre,1445,DEMANDA_ALTA,6,COLECTIVO,REPRESENTATIVE_POINT,
88c2e30635fffff,Buenos Aires,San Fernando,1444,DEMANDA_ALTA,7,COLECTIVO,REPRESENTATIVE_POINT,
88c2e3c40dfffff,Buenos Aires,Quilmes,1444,DEMANDA_ALTA,7,COLECTIVO,REPRESENTATIVE_POINT,
88c2e304c5fffff,Buenos Aires,Tigre,1441,DEMANDA_ALTA,7,COLECTIVO,REPRESENTATIVE_POINT,
88c2e3c725fffff,Buenos Aires,Quilmes,1440,DEMANDA_ALTA,7,COLECTIVO,REPRESENTATIVE_POINT,
88c2e3c4b9fffff,Buenos Aires,Avellaneda,1437,DEMANDA_ALTA,7,COLECTIVO,REPRESENTATIVE_POINT,
88c2e3123dfffff,Ciudad Autónoma de Buenos Aires,Comuna 8,1436,DEMANDA_ALTA,6,COLECTIVO,REPRESENTATIVE_POINT,
88c2e3aa45fffff,Buenos Aires,San Miguel,1436,DEMANDA_ALTA,13,COLECTIVO,REPRESENTATIVE_POINT,
88c2e3b839fffff,Buenos Aires,San Miguel,1435,DEMANDA_ALTA,7,COLECTIVO,REPRESENTATIVE_POINT,
88c2e3b9c5fffff,Buenos Aires,San Miguel,1433,DEMANDA_ALTA,7,COLECTIVO,REPRESENTATIVE_POINT,
88c2e38889fffff,Buenos Aires,La Matanza,1433,DEMANDA_ALTA,11,COLECTIVO,REPRESENTATIVE_POINT,
88c2e38721fffff,Buenos Aires,Merlo,1432,DEMANDA_ALTA,12,COLECTIVO,INTERSECCION_MAYOR_AREA,
88c2e312cbfffff,Ciudad Autónoma de Buenos Aires,Comuna 9,1431,DEMANDA_ALTA,12,COLECTIVO,REPRESENTATIVE_POINT,
88c2e3c09bfffff,Buenos Aires,Quilmes,1431,DEMANDA_ALTA,7,COLECTIVO,REPRESENTATIVE_POINT,
88c2e38de9fffff,Buenos Aires,La Matanza,1431,DEMANDA_ALTA,17,COLECTIVO,REPRESENTATIVE_POINT,
88c2e314b3fffff,Buenos Aires,Tigre,1431,DEMANDA_ALTA,7,COLECTIVO,REPRESENTATIVE_POINT,
88c2e312abfffff,Ciudad Autónoma de Buenos Aires,Comuna 10,1429,DEMANDA_ALTA,7,COLECTIVO,REPRESENTATIVE_POINT,
88c2e3bb53fffff,Buenos Aires,Ituzaingó,1429,DEMANDA_ALTA,7,COLECTIVO,REPRESENTATIVE_POINT,
88c2e3d6a9fffff,Buenos Aires,Almirante Brown,1428,DEMANDA_ALTA,7,COLECTIVO,REPRESENTATIVE_POINT,
88c2e3ba93fffff,Buenos Aires,Moreno,1426,DEMANDA_ALTA,6,COLECTIVO,REPRESENTATIVE_POINT,
88c2e31363fffff,Buenos Aires,Avellaneda,1426,DEMANDA_ALTA,17,COLECTIVO,REPRESENTATIVE_POINT,
88c2e2ac3dfffff,Buenos Aires,La Plata,1425,DEMANDA_ALTA,7,COLECTIVO,REPRESENTATIVE_POINT,
88c2e315dbfffff,Buenos Aires,General San Martín,1424,DEMANDA_ALTA,7,COLECTIVO,REPRESENTATIVE_POINT,
88c2e38053fffff,Buenos Aires,La Matanza,1423,DEMANDA_ALTA,5,COLECTIVO,REPRESENTATIVE_POINT,
88c2e3b36dfffff,Buenos Aires,Merlo,1422,DEMANDA_ALTA,7,COLECTIVO,REPRESENTATIVE_POINT,
88c2e30617fffff,Buenos Aires,Tigre,1422,DEMANDA_ALTA,7,COLECTIVO,REPRESENTATIVE_POINT,
88c2e3da25fffff,Buenos Aires,La Plata,1422,DEMANDA_ALTA,12,COLECTIVO,REPRESENTATIVE_POINT,
88c2e3b913fffff,Buenos Aires,San Miguel,1422,DEMANDA_ALTA,7,COLECTIVO,REPRESENTATIVE_POINT,
88c2e38b45fffff,Buenos Aires,Almirante Brown,1422,DEMANDA_ALTA,17,COLECTIVO,REPRESENTATIVE_POINT,
88c2e3a12bfffff,Buenos Aires,José C. Paz,1420,DEMANDA_ALTA,10,COLECTIVO,REPRESENTATIVE_POINT,
88c2e3a201fffff,Buenos Aires,General Rodríguez,1419,DEMANDA_ALTA,7,COLECTIVO,REPRESENTATIVE_POINT,
88c2e3d4a9fffff,Buenos Aires,Almirante Brown,1417,DEMANDA_ALTA,7,COLECTIVO,REPRESENTATIVE_POINT,
88c2e39b21fffff,Buenos Aires,Almirante Brown,1416,DEMANDA_ALTA,7,COLECTIVO,REPRESENTATIVE_POINT,
88c2e06529fffff,Buenos Aires,San Vicente,1415,DEMANDA_ALTA,12,COLECTIVO,REPRESENTATIVE_POINT,
88c2e3071bfffff,Buenos Aires,San Fernando,1415,DEMANDA_ALTA,7,COLECTIVO,REPRESENTATIVE_POINT,
88c2e3d529fffff,Buenos Aires,Florencio Varela,1414,DEMANDA_ALTA,11,COLECTIVO,REPRESENTATIVE_POINT,
88c2e3b905fffff,Buenos Aires,Hurlingham,1414,DEMANDA_ALTA,6,COLECTIVO,REPRESENTATIVE_POINT,
88c2e3061bfffff,Buenos Aires,Tigre,1414,DEMANDA_ALTA,8,COLECTIVO,REPRESENTATIVE_POINT,
88c2e381b3fffff,Buenos Aires,La Matanza,1413,DEMANDA_ALTA,7,COLECTIVO,REPRESENTATIVE_POINT,
88c2e31365fffff,Buenos Aires,Avellaneda,1410,DEMANDA_ALTA,16,COLECTIVO,REPRESENTATIVE_POINT,
88c2e3c699fffff,Buenos Aires,Lanús,1410,DEMANDA_ALTA,17,COLECTIVO,REPRESENTATIVE_POINT,
88c2e3a1e9fffff,Buenos Aires,Moreno,1409,DEMANDA_ALTA,13,COLECTIVO,REPRESENTATIVE_POINT,
88c2e38a39fffff,Buenos Aires,Esteban Echeverría,1408,DEMANDA_ALTA,17,COLECTIVO,REPRESENTATIVE_POINT,
88c2e38191fffff,Buenos Aires,La Matanza,1407,DEMANDA_ALTA,8,COLECTIVO,REPRESENTATIVE_POINT,
88c2e3aae1fffff,Buenos Aires,José C. Paz,1403,DEMANDA_ALTA,7,COLECTIVO,REPRESENTATIVE_POINT,
88c2e3aae5fffff,Buenos Aires,José C. Paz,1403,DEMANDA_ALTA,12,COLECTIVO,REPRESENTATIVE_POINT,
88c2e33249fffff,Buenos Aires,Escobar,1400,DEMANDA_ALTA,17,COLECTIVO,REPRESENTATIVE_POINT,
88c2e3d6a5fffff,Buenos Aires,Almirante Brown,1399,DEMANDA_ALTA,7,COLECTIVO,REPRESENTATIVE_POINT,
88c2e39aabfffff,Buenos Aires,Esteban Echeverría,1398,DEMANDA_ALTA,17,COLECTIVO,REPRESENTATIVE_POINT,
88c2e3baa9fffff,Buenos Aires,Moreno,1397,DEMANDA_ALTA,7,COLECTIVO,REPRESENTATIVE_POINT,
88c2e3ad8bfffff,Buenos Aires,Escobar,1397,DEMANDA_ALTA,12,COLECTIVO,REPRESENTATIVE_POINT,
88c2e385cbfffff,Buenos Aires,Merlo,1396,DEMANDA_ALTA,7,COLECTIVO,REPRESENTATIVE_POINT,
88c2e38859fffff,Buenos Aires,Lomas de Zamora,1394,DEMANDA_ALTA,7,COLECTIVO,REPRESENTATIVE_POINT,
88c2e3b8e9fffff,Buenos Aires,Moreno,1392,DEMANDA_ALTA,12,COLECTIVO,REPRESENTATIVE_POINT,
88c2e315edfffff,Buenos Aires,Vicente López,1392,DEMANDA_ALTA,7,COLECTIVO,REPRESENTATIVE_POINT,
88c2e38c07fffff,Buenos Aires,La Matanza,1392,DEMANDA_ALTA,17,COLECTIVO,REPRESENTATIVE_POINT,
88c2e399a3fffff,Buenos Aires,Almirante Brown,1392,DEMANDA_ALTA,6,COLECTIVO,REPRESENTATIVE_POINT,
88c2e3d4ddfffff,Buenos Aires,Almirante Brown,1392,DEMANDA_ALTA,12,COLECTIVO,REPRESENTATIVE_POINT,
88c2e31547fffff,Buenos Aires,Vicente López,1391,DEMANDA_ALTA,7,COLECTIVO,REPRESENTATIVE_POINT,
88c2e384a5fffff,Buenos Aires,Merlo,1390,DEMANDA_ALTA,12,COLECTIVO,REPRESENTATIVE_POINT,
88c2e315a5fffff,Buenos Aires,San Isidro,1388,DEMANDA_ALTA,16,COLECTIVO,REPRESENTATIVE_POINT,
88c2e391e9fffff,Buenos Aires,Ezeiza,1388,DEMANDA_ALTA,12,COLECTIVO,REPRESENTATIVE_POINT,
88c2e39529fffff,Buenos Aires,La Matanza,1385,DEMANDA_ALTA,7,COLECTIVO,REPRESENTATIVE_POINT,
88c2e3c769fffff,Buenos Aires,Berazategui,1385,DEMANDA_ALTA,7,COLECTIVO,REPRESENTATIVE_POINT,
88c2e3bac9fffff,Buenos Aires,Moreno,1384,DEMANDA_ALTA,17,COLECTIVO,REPRESENTATIVE_POINT,
88c2e2360dfffff,Buenos Aires,Berisso,1383,DEMANDA_ALTA,12,COLECTIVO,REPRESENTATIVE_POINT,
88c2e39531fffff,Buenos Aires,La Matanza,1383,DEMANDA_ALTA,5,COLECTIVO,REPRESENTATIVE_POINT,
88c2e3c601fffff,Buenos Aires,Quilmes,1381,DEMANDA_ALTA,7,COLECTIVO,REPRESENTATIVE_POINT,
88c2e3db37fffff,Buenos Aires,La Plata,1380,DEMANDA_ALTA,12,COLECTIVO,REPRESENTATIVE_POINT,
88c2e3c739fffff,Buenos Aires,Quilmes,1380,DEMANDA_ALTA,12,COLECTIVO,REPRESENTATIVE_POINT,
88c2e38c01fffff,Buenos Aires,La Matanza,1378,DEMANDA_ALTA,7,COLECTIVO,REPRESENTATIVE_POINT,
88c2e302c9fffff,Buenos Aires,Vicente López,1375,DEMANDA_ALTA,17,COLECTIVO,REPRESENTATIVE_POINT,
88c2e312edfffff,Ciudad Autónoma de Buenos Aires,Comuna 9,1373,DEMANDA_ALTA,7,COLECTIVO,REPRESENTATIVE_POINT,
88c2e3d73bfffff,Buenos Aires,Florencio Varela,1370,DEMANDA_ALTA,7,COLECTIVO,REPRESENTATIVE_POINT,
88c2e33369fffff,Buenos Aires,Tigre,1369,DEMANDA_ALTA,17,COLECTIVO,REPRESENTATIVE_POINT,
88c2e399b5fffff,Buenos Aires,Almirante Brown,1368,DEMANDA_ALTA,12,COLECTIVO,REPRESENTATIVE_POINT,
88c2e3d6b9fffff,Buenos Aires,Almirante Brown,1368,DEMANDA_ALTA,12,COLECTIVO,REPRESENTATIVE_POINT,
88c2e3d5cdfffff,Buenos Aires,Florencio Varela,1366,DEMANDA_ALTA,6,COLECTIVO,REPRESENTATIVE_POINT,
88c2e38dd9fffff,Buenos Aires,Morón,1365,DEMANDA_ALTA,13,COLECTIVO,REPRESENTATIVE_POINT,
88c2e38093fffff,Buenos Aires,La Matanza,1362,DEMANDA_ALTA,6,COLECTIVO,REPRESENTATIVE_POINT,
88c2e3a9b7fffff,Buenos Aires,Tigre,1362,DEMANDA_ALTA,17,COLECTIVO,REPRESENTATIVE_POINT,
88c2e06c95fffff,Buenos Aires,Presidente Perón,1361,DEMANDA_ALTA,7,COLECTIVO,REPRESENTATIVE_POINT,
88c2e312c1fffff,Ciudad Autónoma de Buenos Aires,Comuna 10,1361,DEMANDA_ALTA,14,COLECTIVO,REPRESENTATIVE_POINT,
88c2e3c721fffff,Buenos Aires,Quilmes,1361,DEMANDA_ALTA,7,COLECTIVO,REPRESENTATIVE_POINT,
88c2e30667fffff,Buenos Aires,San Fernando,1360,DEMANDA_ALTA,17,COLECTIVO,REPRESENTATIVE_POINT,
88c2e31235fffff,Ciudad Autónoma de Buenos Aires,Comuna 7,1360,DEMANDA_ALTA,7,COLECTIVO,REPRESENTATIVE_POINT,
88c2e389c9fffff,Buenos Aires,Lomas de Zamora,1360,DEMANDA_ALTA,7,COLECTIVO,REPRESENTATIVE_POINT,
88c2e3d581fffff,Buenos Aires,Florencio Varela,1359,DEMANDA_ALTA,12,COLECTIVO,REPRESENTATIVE_POINT,
88c2e3d423fffff,Buenos Aires,Florencio Varela,1357,DEMANDA_ALTA,6,COLECTIVO,REPRESENTATIVE_POINT,
88c2e30661fffff,Buenos Aires,San Fernando,1357,DEMANDA_ALTA,17,COLECTIVO,REPRESENTATIVE_POINT,
88c2e398ddfffff,Buenos Aires,Ezeiza,1355,DEMANDA_ALTA,17,COLECTIVO,REPRESENTATIVE_POINT,
88c2e3883dfffff,Buenos Aires,Lomas de Zamora,1353,DEMANDA_ALTA,12,COLECTIVO,REPRESENTATIVE_POINT,
88c2e3baadfffff,Buenos Aires,Moreno,1350,DEMANDA_ALTA,6,COLECTIVO,REPRESENTATIVE_POINT,
88c2e31749fffff,Buenos Aires,Tres de Febrero,1350,DEMANDA_ALTA,7,COLECTIVO,REPRESENTATIVE_POINT,
88c2e38187fffff,Buenos Aires,La Matanza,1348,DEMANDA_ALTA,7,COLECTIVO,REPRESENTATIVE_POINT,
88c2e30455fffff,Buenos Aires,Tigre,1348,DEMANDA_ALTA,17,COLECTIVO,REPRESENTATIVE_POINT,
88c2e2ae8bfffff,Buenos Aires,La Plata,1346,DEMANDA_ALTA,12,COLECTIVO,REPRESENTATIVE_POINT,
88c2e315e3fffff,Buenos Aires,San Isidro,1345,DEMANDA_ALTA,12,COLECTIVO,REPRESENTATIVE_POINT,
88c2e2ac15fffff,Buenos Aires,La Plata,1344,DEMANDA_ALTA,7,COLECTIVO,REPRESENTATIVE_POINT,
88c2e3ae95fffff,Buenos Aires,Pilar,1342,DEMANDA_ALTA,12,COLECTIVO,REPRESENTATIVE_POINT,
88c2e31a9bfffff,Ciudad Autónoma de Buenos Aires,Comuna 2,1341,DEMANDA_ALTA,7,COLECTIVO,INTERSECCION_MAYOR_AREA,
88c2e3171dfffff,Buenos Aires,General San Martín,1338,DEMANDA_ALTA,17,COLECTIVO,REPRESENTATIVE_POINT,
88c2e38967fffff,Buenos Aires,Lomas de Zamora,1338,DEMANDA_ALTA,7,COLECTIVO,REPRESENTATIVE_POINT,
88c2e3aa63fffff,Buenos Aires,San Miguel,1338,DEMANDA_ALTA,12,COLECTIVO,REPRESENTATIVE_POINT,
88c2e39723fffff,Buenos Aires,La Matanza,1337,DEMANDA_ALTA,6,COLECTIVO,REPRESENTATIVE_POINT,
88c2e3858dfffff,Buenos Aires,Merlo,1336,DEMANDA_ALTA,7,COLECTIVO,REPRESENTATIVE_POINT,
88c2e38295fffff,Buenos Aires,La Matanza,1331,DEMANDA_ALTA,6,COLECTIVO,REPRESENTATIVE_POINT,
88c2e3c509fffff,Buenos Aires,Quilmes,1328,DEMANDA_ALTA,12,COLECTIVO,REPRESENTATIVE_POINT,
88c2e3aad1fffff,Buenos Aires,José C. Paz,1326,DEMANDA_ALTA,7,COLECTIVO,REPRESENTATIVE_POINT,
88c2e3b165fffff,Buenos Aires,Merlo,1325,DEMANDA_ALTA,12,COLECTIVO,REPRESENTATIVE_POINT,
88c2e3a0a7fffff,Buenos Aires,Pilar,1318,DEMANDA_ALTA,6,COLECTIVO,REPRESENTATIVE_POINT,
88c2e33241fffff,Buenos Aires,Escobar,1318,DEMANDA_ALTA,12,COLECTIVO,REPRESENTATIVE_POINT,
88c2e3b883fffff,Buenos Aires,Moreno,1318,DEMANDA_ALTA,6,COLECTIVO,REPRESENTATIVE_POINT,
88c2e384e7fffff,Buenos Aires,Merlo,1317,DEMANDA_MEDIA,6,COLECTIVO,REPRESENTATIVE_POINT,
88c2e30709fffff,Buenos Aires,San Isidro,1317,DEMANDA_MEDIA,12,COLECTIVO,REPRESENTATIVE_POINT,
88c2e39b23fffff,Buenos Aires,Almirante Brown,1316,DEMANDA_MEDIA,12,COLECTIVO,REPRESENTATIVE_POINT,
88c2e3aad7fffff,Buenos Aires,José C. Paz,1315,DEMANDA_MEDIA,7,COLECTIVO,REPRESENTATIVE_POINT,
88c2e3c6abfffff,Buenos Aires,Avellaneda,1314,DEMANDA_MEDIA,6,COLECTIVO,REPRESENTATIVE_POINT,
88c2e3d425fffff,Buenos Aires,Florencio Varela,1314,DEMANDA_MEDIA,12,COLECTIVO,REPRESENTATIVE_POINT,
88c2e3b881fffff,Buenos Aires,Moreno,1312,DEMANDA_MEDIA,7,COLECTIVO,REPRESENTATIVE_POINT,
88c2e2ac09fffff,Buenos Aires,La Plata,1312,DEMANDA_MEDIA,12,COLECTIVO,REPRESENTATIVE_POINT,
88c2e31355fffff,Buenos Aires,Lanús,1308,DEMANDA_MEDIA,17,COLECTIVO,REPRESENTATIVE_POINT,
88c2e31731fffff,Buenos Aires,General San Martín,1308,DEMANDA_MEDIA,17,COLECTIVO,REPRESENTATIVE_POINT,
88c2e2a591fffff,Buenos Aires,La Plata,1307,DEMANDA_MEDIA,7,COLECTIVO,REPRESENTATIVE_POINT,
88c2e3a02dfffff,Buenos Aires,Moreno,1306,DEMANDA_MEDIA,6,COLECTIVO,REPRESENTATIVE_POINT,
88c2e38825fffff,Buenos Aires,Lomas de Zamora,1305,DEMANDA_MEDIA,17,COLECTIVO,REPRESENTATIVE_POINT,
88c2e06c9dfffff,Buenos Aires,Presidente Perón,1304,DEMANDA_MEDIA,7,COLECTIVO,REPRESENTATIVE_POINT,
88c2e3ba25fffff,Buenos Aires,Ituzaingó,1304,DEMANDA_MEDIA,7,COLECTIVO,REPRESENTATIVE_POINT,
88c2e3c493fffff,Buenos Aires,Avellaneda,1303,DEMANDA_MEDIA,17,COLECTIVO,INTERSECCION_MAYOR_AREA,
88c2e2ac33fffff,Buenos Aires,Berisso,1303,DEMANDA_MEDIA,7,COLECTIVO,REPRESENTATIVE_POINT,
88c2e38c2bfffff,Buenos Aires,La Matanza,1302,DEMANDA_MEDIA,7,COLECTIVO,REPRESENTATIVE_POINT,
88c2e3072dfffff,Buenos Aires,San Isidro,1302,DEMANDA_MEDIA,15,COLECTIVO,REPRESENTATIVE_POINT,
88c2e3d497fffff,Buenos Aires,Lomas de Zamora,1301,DEMANDA_MEDIA,7,COLECTIVO,REPRESENTATIVE_POINT,
88c2e38867fffff,Buenos Aires,Lomas de Zamora,1301,DEMANDA_MEDIA,17,COLECTIVO,REPRESENTATIVE_POINT,
88c2e3a9ebfffff,Buenos Aires,Tigre,1297,DEMANDA_MEDIA,7,COLECTIVO,REPRESENTATIVE_POINT,
88c2e33269fffff,Buenos Aires,Tigre,1297,DEMANDA_MEDIA,7,COLECTIVO,REPRESENTATIVE_POINT,
88c2e3ba9bfffff,Buenos Aires,Moreno,1297,DEMANDA_MEDIA,8,COLECTIVO,REPRESENTATIVE_POINT,
88c2e23751fffff,Buenos Aires,Berisso,1297,DEMANDA_MEDIA,7,COLECTIVO,REPRESENTATIVE_POINT,
88c2e38de7fffff,Buenos Aires,Tres de Febrero,1295,DEMANDA_MEDIA,17,COLECTIVO,REPRESENTATIVE_POINT,
88c2e3c20dfffff,Buenos Aires,Berazategui,1294,DEMANDA_MEDIA,17,COLECTIVO,REPRESENTATIVE_POINT,
88c2e3da65fffff,Buenos Aires,La Plata,1292,DEMANDA_MEDIA,7,COLECTIVO,REPRESENTATIVE_POINT,
88c2e3d659fffff,Buenos Aires,Almirante Brown,1291,DEMANDA_MEDIA,6,COLECTIVO,REPRESENTATIVE_POINT,
88c2e31209fffff,Ciudad Autónoma de Buenos Aires,Comuna 8,1290,DEMANDA_MEDIA,7,COLECTIVO,REPRESENTATIVE_POINT,
88c2e3c76bfffff,Buenos Aires,Quilmes,1289,DEMANDA_MEDIA,7,COLECTIVO,REPRESENTATIVE_POINT,
88c2e3171bfffff,Buenos Aires,General San Martín,1288,DEMANDA_MEDIA,7,COLECTIVO,REPRESENTATIVE_POINT,
88c2e3152bfffff,Buenos Aires,Vicente López,1286,DEMANDA_MEDIA,8,COLECTIVO,REPRESENTATIVE_POINT,
88c2e31553fffff,Buenos Aires,General San Martín,1283,DEMANDA_MEDIA,7,COLECTIVO,REPRESENTATIVE_POINT,
88c2e38593fffff,Buenos Aires,Merlo,1281,DEMANDA_MEDIA,12,COLECTIVO,REPRESENTATIVE_POINT,
88c2e38b21fffff,Buenos Aires,Lomas de Zamora,1280,DEMANDA_MEDIA,8,COLECTIVO,REPRESENTATIVE_POINT,
88c2e3b0b5fffff,Buenos Aires,Moreno,1279,DEMANDA_MEDIA,6,COLECTIVO,REPRESENTATIVE_POINT,
88c2e3b161fffff,Buenos Aires,Merlo,1278,DEMANDA_MEDIA,7,COLECTIVO,REPRESENTATIVE_POINT,
88c2e3c255fffff,Buenos Aires,Florencio Varela,1278,DEMANDA_MEDIA,7,COLECTIVO,REPRESENTATIVE_POINT,
88c2e3882bfffff,Buenos Aires,Lomas de Zamora,1278,DEMANDA_MEDIA,8,COLECTIVO,REPRESENTATIVE_POINT,
88c2e398a1fffff,Buenos Aires,Esteban Echeverría,1278,DEMANDA_MEDIA,17,COLECTIVO,REPRESENTATIVE_POINT,
88c2e3a9b1fffff,Buenos Aires,Tigre,1277,DEMANDA_MEDIA,12,COLECTIVO,REPRESENTATIVE_POINT,
88c2e38767fffff,Buenos Aires,La Matanza,1277,DEMANDA_MEDIA,5,COLECTIVO,REPRESENTATIVE_POINT,
88c2e381d9fffff,Buenos Aires,La Matanza,1276,DEMANDA_MEDIA,12,COLECTIVO,REPRESENTATIVE_POINT,
88c2e3892dfffff,Buenos Aires,Lomas de Zamora,1276,DEMANDA_MEDIA,7,COLECTIVO,REPRESENTATIVE_POINT,
88c2e3a047fffff,Buenos Aires,Moreno,1276,DEMANDA_MEDIA,17,COLECTIVO,REPRESENTATIVE_POINT,
88c2e3a347fffff,Buenos Aires,Moreno,1275,DEMANDA_MEDIA,7,COLECTIVO,REPRESENTATIVE_POINT,
88c2e31607fffff,Buenos Aires,Tres de Febrero,1275,DEMANDA_MEDIA,17,COLECTIVO,REPRESENTATIVE_POINT,
88c2e2aeebfffff,Buenos Aires,La Plata,1272,DEMANDA_MEDIA,7,COLECTIVO,REPRESENTATIVE_POINT,
88c2e3af27fffff,Buenos Aires,Pilar,1271,DEMANDA_MEDIA,17,COLECTIVO,REPRESENTATIVE_POINT,
88c2e381cbfffff,Buenos Aires,La Matanza,1269,DEMANDA_MEDIA,6,COLECTIVO,REPRESENTATIVE_POINT,
88c2e3c4b3fffff,Buenos Aires,Avellaneda,1269,DEMANDA_MEDIA,7,COLECTIVO,REPRESENTATIVE_POINT,
88c2e3a827fffff,Buenos Aires,Malvinas Argentinas,1269,DEMANDA_MEDIA,7,COLECTIVO,REPRESENTATIVE_POINT,
88c2e38105fffff,Buenos Aires,Esteban Echeverría,1266,DEMANDA_MEDIA,8,COLECTIVO,REPRESENTATIVE_POINT,
88c2e3c6cbfffff,Buenos Aires,Lanús,1266,DEMANDA_MEDIA,12,COLECTIVO,REPRESENTATIVE_POINT,
88c2e3c65dfffff,Buenos Aires,Almirante Brown,1266,DEMANDA_MEDIA,7,COLECTIVO,REPRESENTATIVE_POINT,
88c2e3364bfffff,Buenos Aires,Pilar,1264,DEMANDA_MEDIA,17,COLECTIVO,REPRESENTATIVE_POINT,
88c2e3a959fffff,Buenos Aires,Malvinas Argentinas,1263,DEMANDA_MEDIA,17,COLECTIVO,REPRESENTATIVE_POINT,
88c2e38ab5fffff,Buenos Aires,Esteban Echeverría,1262,DEMANDA_MEDIA,6,COLECTIVO,REPRESENTATIVE_POINT,
88c2e3b435fffff,Buenos Aires,General Rodríguez,1262,DEMANDA_MEDIA,7,COLECTIVO,REPRESENTATIVE_POINT,
88c2e3aa09fffff,Buenos Aires,San Miguel,1262,DEMANDA_MEDIA,6,COLECTIVO,REPRESENTATIVE_POINT,
88c2e3aa41fffff,Buenos Aires,San Miguel,1261,DEMANDA_MEDIA,7,COLECTIVO,REPRESENTATIVE_POINT,
88c2e3a945fffff,Buenos Aires,Tigre,1260,DEMANDA_MEDIA,7,COLECTIVO,REPRESENTATIVE_POINT,
88c2e3ad6bfffff,Buenos Aires,Pilar,1259,DEMANDA_MEDIA,7,COLECTIVO,REPRESENTATIVE_POINT,
88c2e389d9fffff,Buenos Aires,Lomas de Zamora,1258,DEMANDA_MEDIA,7,COLECTIVO,REPRESENTATIVE_POINT,
88c2e3a981fffff,Buenos Aires,Tigre,1255,DEMANDA_MEDIA,6,COLECTIVO,REPRESENTATIVE_POINT,
88c2e31757fffff,Buenos Aires,General San Martín,1255,DEMANDA_MEDIA,7,COLECTIVO,REPRESENTATIVE_POINT,
88c2e38c45fffff,Buenos Aires,La Matanza,1255,DEMANDA_MEDIA,13,COLECTIVO,REPRESENTATIVE_POINT,
88c2e389b7fffff,Buenos Aires,Lanús,1254,DEMANDA_MEDIA,16,COLECTIVO,REPRESENTATIVE_POINT,
88c2e3b329fffff,Buenos Aires,Merlo,1254,DEMANDA_MEDIA,7,COLECTIVO,REPRESENTATIVE_POINT,
88c2e2aebbfffff,Buenos Aires,La Plata,1254,DEMANDA_MEDIA,12,COLECTIVO,REPRESENTATIVE_POINT,
88c2e3c251fffff,Buenos Aires,Florencio Varela,1253,DEMANDA_MEDIA,12,COLECTIVO,REPRESENTATIVE_POINT,
88c2e3ba09fffff,Buenos Aires,Merlo,1253,DEMANDA_MEDIA,11,COLECTIVO,REPRESENTATIVE_POINT,
88c2e31089fffff,Ciudad Autónoma de Buenos Aires,Comuna 15,1251,DEMANDA_MEDIA,17,COLECTIVO,REPRESENTATIVE_POINT,
88c2e3b8e7fffff,Buenos Aires,San Miguel,1250,DEMANDA_MEDIA,6,COLECTIVO,REPRESENTATIVE_POINT,
88c2e3c217fffff,Buenos Aires,Berazategui,1250,DEMANDA_MEDIA,7,COLECTIVO,INTERSECCION_MAYOR_AREA,
88c2e3db09fffff,Buenos Aires,La Plata,1250,DEMANDA_MEDIA,12,COLECTIVO,REPRESENTATIVE_POINT,
88c2e3db4dfffff,Buenos Aires,La Plata,1249,DEMANDA_MEDIA,12,COLECTIVO,REPRESENTATIVE_POINT,
88c2e2a5e7fffff,Buenos Aires,La Plata,1248,DEMANDA_MEDIA,7,COLECTIVO,REPRESENTATIVE_POINT,
88c2e3a251fffff,Buenos Aires,General Rodríguez,1248,DEMANDA_MEDIA,8,COLECTIVO,REPRESENTATIVE_POINT,
88c2e3a90bfffff,Buenos Aires,Tigre,1248,DEMANDA_MEDIA,12,COLECTIVO,REPRESENTATIVE_POINT,
88c2e33761fffff,Buenos Aires,Escobar,1247,DEMANDA_MEDIA,12,COLECTIVO,REPRESENTATIVE_POINT,
88c2e385b3fffff,Buenos Aires,Merlo,1247,DEMANDA_MEDIA,17,COLECTIVO,REPRESENTATIVE_POINT,
88c2e3d49bfffff,Buenos Aires,Lomas de Zamora,1242,DEMANDA_MEDIA,7,COLECTIVO,REPRESENTATIVE_POINT,
88c2e3c091fffff,Buenos Aires,Quilmes,1242,DEMANDA_MEDIA,7,COLECTIVO,REPRESENTATIVE_POINT,
88c2e3af49fffff,Buenos Aires,José C. Paz,1241,DEMANDA_MEDIA,6,COLECTIVO,REPRESENTATIVE_POINT,
88c2e38437fffff,Buenos Aires,Merlo,1239,DEMANDA_MEDIA,12,COLECTIVO,REPRESENTATIVE_POINT,
88c2e39ad7fffff,Buenos Aires,Ezeiza,1239,DEMANDA_MEDIA,17,COLECTIVO,REPRESENTATIVE_POINT,
88c2e38f63fffff,Buenos Aires,La Matanza,1236,DEMANDA_MEDIA,12,COLECTIVO,REPRESENTATIVE_POINT,
88c2e3a21dfffff,Buenos Aires,General Rodríguez,1235,DEMANDA_MEDIA,6,COLECTIVO,REPRESENTATIVE_POINT,
88c2e3d96bfffff,Buenos Aires,Ensenada,1234,DEMANDA_MEDIA,7,COLECTIVO,REPRESENTATIVE_POINT,
88c2e39947fffff,Buenos Aires,Almirante Brown,1234,DEMANDA_MEDIA,7,COLECTIVO,REPRESENTATIVE_POINT,
88c2e3336bfffff,Buenos Aires,Tigre,1233,DEMANDA_MEDIA,18,COLECTIVO,REPRESENTATIVE_POINT,
88c2e38c3dfffff,Buenos Aires,La Matanza,1233,DEMANDA_MEDIA,16,COLECTIVO,REPRESENTATIVE_POINT,
88c2e39ab1fffff,Buenos Aires,Ezeiza,1233,DEMANDA_MEDIA,18,COLECTIVO,REPRESENTATIVE_POINT,
88c2e3acc5fffff,Buenos Aires,Pilar,1231,DEMANDA_MEDIA,7,COLECTIVO,REPRESENTATIVE_POINT,
88c2e3ab15fffff,Buenos Aires,Malvinas Argentinas,1231,DEMANDA_MEDIA,13,COLECTIVO,REPRESENTATIVE_POINT,
88c2e3d0a3fffff,Buenos Aires,Florencio Varela,1229,DEMANDA_MEDIA,7,COLECTIVO,REPRESENTATIVE_POINT,
88c2e39549fffff,Buenos Aires,La Matanza,1228,DEMANDA_MEDIA,7,COLECTIVO,REPRESENTATIVE_POINT,
88c2e38587fffff,Buenos Aires,Merlo,1227,DEMANDA_MEDIA,7,COLECTIVO,REPRESENTATIVE_POINT,
88c2e38947fffff,Buenos Aires,Lomas de Zamora,1227,DEMANDA_MEDIA,13,COLECTIVO,REPRESENTATIVE_POINT,
88c2e3988bfffff,Buenos Aires,Esteban Echeverría,1227,DEMANDA_MEDIA,7,COLECTIVO,REPRESENTATIVE_POINT,
88c2e39707fffff,Buenos Aires,La Matanza,1226,DEMANDA_MEDIA,12,COLECTIVO,REPRESENTATIVE_POINT,
88c2e3ae1dfffff,Buenos Aires,Pilar,1225,DEMANDA_MEDIA,6,TREN,REPRESENTATIVE_POINT,
88c2e3044dfffff,Buenos Aires,San Fernando,1224,DEMANDA_MEDIA,12,COLECTIVO,REPRESENTATIVE_POINT,
88c2e38d9dfffff,Buenos Aires,Morón,1224,DEMANDA_MEDIA,16,COLECTIVO,INTERSECCION_MAYOR_AREA,
88c2e3c055fffff,Buenos Aires,Berazategui,1223,DEMANDA_MEDIA,17,COLECTIVO,REPRESENTATIVE_POINT,
88c2e399a9fffff,Buenos Aires,Almirante Brown,1223,DEMANDA_MEDIA,6,COLECTIVO,REPRESENTATIVE_POINT,
88c2e3d4a1fffff,Buenos Aires,Almirante Brown,1222,DEMANDA_MEDIA,6,COLECTIVO,REPRESENTATIVE_POINT,
88c2e2363bfffff,Buenos Aires,Ensenada,1222,DEMANDA_MEDIA,12,COLECTIVO,REPRESENTATIVE_POINT,
88c2e30669fffff,Buenos Aires,San Isidro,1222,DEMANDA_MEDIA,18,COLECTIVO,REPRESENTATIVE_POINT,
88c2e3bb2dfffff,Buenos Aires,Ituzaingó,1221,DEMANDA_MEDIA,7,COLECTIVO,REPRESENTATIVE_POINT,
88c2e38f2dfffff,Buenos Aires,La Matanza,1221,DEMANDA_MEDIA,7,COLECTIVO,REPRESENTATIVE_POINT,
88c2e0670dfffff,Buenos Aires,San Vicente,1220,DEMANDA_MEDIA,17,COLECTIVO,REPRESENTATIVE_POINT,
88c2e38959fffff,Buenos Aires,Lomas de Zamora,1220,DEMANDA_MEDIA,12,COLECTIVO,REPRESENTATIVE_POINT,
88c2e3d433fffff,Buenos Aires,Florencio Varela,1219,DEMANDA_MEDIA,7,COLECTIVO,REPRESENTATIVE_POINT,
88c2e310c1fffff,Ciudad Autónoma de Buenos Aires,Comuna 11,1218,DEMANDA_MEDIA,7,COLECTIVO,REPRESENTATIVE_POINT,
88c2e2a5cdfffff,Buenos Aires,La Plata,1216,DEMANDA_MEDIA,12,COLECTIVO,REPRESENTATIVE_POINT,
88c2e3c70bfffff,Buenos Aires,Quilmes,1216,DEMANDA_MEDIA,17,COLECTIVO,REPRESENTATIVE_POINT,
88c2e3c717fffff,Buenos Aires,Quilmes,1215,DEMANDA_MEDIA,16,COLECTIVO,REPRESENTATIVE_POINT,
88c2e2a5b1fffff,Buenos Aires,La Plata,1214,DEMANDA_MEDIA,12,COLECTIVO,REPRESENTATIVE_POINT,
88c2e169c9fffff,Buenos Aires,Luján,1213,DEMANDA_MEDIA,12,COLECTIVO,REPRESENTATIVE_POINT,
88c2e38953fffff,Buenos Aires,Lomas de Zamora,1212,DEMANDA_MEDIA,12,COLECTIVO,REPRESENTATIVE_POINT,
88c2e398e9fffff,Buenos Aires,Esteban Echeverría,1212,DEMANDA_MEDIA,12,COLECTIVO,REPRESENTATIVE_POINT,
88c2e06707fffff,Buenos Aires,San Vicente,1210,DEMANDA_MEDIA,12,COLECTIVO,REPRESENTATIVE_POINT,
88c2e3c43bfffff,Buenos Aires,Avellaneda,1209,DEMANDA_MEDIA,7,COLECTIVO,REPRESENTATIVE_POINT,
88c2e38a1bfffff,Buenos Aires,Esteban Echeverría,1208,DEMANDA_MEDIA,5,COLECTIVO,REPRESENTATIVE_POINT,
88c2e3133dfffff,Ciudad Autónoma de Buenos Aires,Comuna 4,1208,DEMANDA_MEDIA,7,COLECTIVO,REPRESENTATIVE_POINT,
88c2e3b1bdfffff,Buenos Aires,Moreno,1207,DEMANDA_MEDIA,7,COLECTIVO,REPRESENTATIVE_POINT,
88c2e3ba17fffff,Buenos Aires,Moreno,1207,DEMANDA_MEDIA,7,COLECTIVO,REPRESENTATIVE_POINT,
88c2e3aa57fffff,Buenos Aires,José C. Paz,1204,DEMANDA_MEDIA,7,COLECTIVO,REPRESENTATIVE_POINT,
88c2e3a009fffff,Buenos Aires,Moreno,1204,DEMANDA_MEDIA,12,COLECTIVO,REPRESENTATIVE_POINT,
88c2e388bbfffff,Buenos Aires,La Matanza,1204,DEMANDA_MEDIA,7,COLECTIVO,REPRESENTATIVE_POINT,
88c2e3bb25fffff,Buenos Aires,Hurlingham,1204,DEMANDA_MEDIA,17,COLECTIVO,REPRESENTATIVE_POINT,
88c2e3035bfffff,Ciudad Autónoma de Buenos Aires,Comuna 14,1204,DEMANDA_MEDIA,14,COLECTIVO,INTERSECCION_MAYOR_AREA,
88c2e3b963fffff,Buenos Aires,Hurlingham,1204,DEMANDA_MEDIA,7,COLECTIVO,REPRESENTATIVE_POINT,
88c2e30217fffff,Buenos Aires,Vicente López,1203,DEMANDA_MEDIA,17,COLECTIVO,REPRESENTATIVE_POINT,
88c2e3a193fffff,Buenos Aires,Pilar,1202,DEMANDA_MEDIA,6,COLECTIVO,REPRESENTATIVE_POINT,
88c2e31149fffff,Ciudad Autónoma de Buenos Aires,Comuna 4,1201,DEMANDA_MEDIA,16,COLECTIVO,REPRESENTATIVE_POINT,
88c2e39999fffff,Buenos Aires,Esteban Echeverría,1201,DEMANDA_MEDIA,12,COLECTIVO,REPRESENTATIVE_POINT,
88c2e3b8e3fffff,Buenos Aires,San Miguel,1201,DEMANDA_MEDIA,17,COLECTIVO,REPRESENTATIVE_POINT,
88c2e07ae9fffff,Buenos Aires,Brandsen,1200,DEMANDA_MEDIA,18,COLECTIVO,REPRESENTATIVE_POINT,
88c2e3b027fffff,Buenos Aires,Moreno,1198,DEMANDA_MEDIA,6,COLECTIVO,REPRESENTATIVE_POINT,
88c2e31a8bfffff,Ciudad Autónoma de Buenos Aires,Comuna 1,1197,DEMANDA_MEDIA,14,COLECTIVO,REPRESENTATIVE_POINT,
88c2e38d6dfffff,Buenos Aires,La Matanza,1196,DEMANDA_MEDIA,7,COLECTIVO,REPRESENTATIVE_POINT,
88c2e3af17fffff,Buenos Aires,Pilar,1192,DEMANDA_MEDIA,7,COLECTIVO,REPRESENTATIVE_POINT,
88c2ee50d9fffff,Buenos Aires,Zárate,1192,DEMANDA_MEDIA,12,COLECTIVO,REPRESENTATIVE_POINT,
88c2e38ecbfffff,Buenos Aires,Morón,1191,DEMANDA_MEDIA,6,COLECTIVO,REPRESENTATIVE_POINT,
88c2e38c6bfffff,Buenos Aires,La Matanza,1188,DEMANDA_MEDIA,7,COLECTIVO,REPRESENTATIVE_POINT,
88c2e3a169fffff,Buenos Aires,Moreno,1188,DEMANDA_MEDIA,6,COLECTIVO,REPRESENTATIVE_POINT,
88c2e3a9e1fffff,Buenos Aires,Tigre,1188,DEMANDA_MEDIA,7,COLECTIVO,REPRESENTATIVE_POINT,
88c2e3d5b9fffff,Buenos Aires,Quilmes,1188,DEMANDA_MEDIA,7,COLECTIVO,REPRESENTATIVE_POINT,
88c2e3d5bbfffff,Buenos Aires,Quilmes,1188,DEMANDA_MEDIA,12,COLECTIVO,REPRESENTATIVE_POINT,
88c2e310bdfffff,Ciudad Autónoma de Buenos Aires,Comuna 12,1187,DEMANDA_MEDIA,16,COLECTIVO,REPRESENTATIVE_POINT,
88c2e389a7fffff,Buenos Aires,Lanús,1186,DEMANDA_MEDIA,11,COLECTIVO,REPRESENTATIVE_POINT,
88c2e3ba9dfffff,Buenos Aires,Moreno,1185,DEMANDA_MEDIA,6,COLECTIVO,REPRESENTATIVE_POINT,
88c2e3a969fffff,Buenos Aires,Tigre,1185,DEMANDA_MEDIA,7,COLECTIVO,REPRESENTATIVE_POINT,
88c2e38ac5fffff,Buenos Aires,Esteban Echeverría,1184,DEMANDA_MEDIA,7,COLECTIVO,REPRESENTATIVE_POINT,
88c2e38f2bfffff,Buenos Aires,La Matanza,1184,DEMANDA_MEDIA,6,COLECTIVO,REPRESENTATIVE_POINT,
88c2e389e9fffff,Buenos Aires,Lanús,1183,DEMANDA_MEDIA,7,COLECTIVO,REPRESENTATIVE_POINT,
88c2e3c61bfffff,Buenos Aires,Lanús,1183,DEMANDA_MEDIA,7,COLECTIVO,REPRESENTATIVE_POINT,
88c2e315e9fffff,Buenos Aires,San Isidro,1183,DEMANDA_MEDIA,7,COLECTIVO,REPRESENTATIVE_POINT,
88c2e3d55bfffff,Buenos Aires,Florencio Varela,1182,DEMANDA_MEDIA,17,COLECTIVO,REPRESENTATIVE_POINT,
88c2e3c68dfffff,Buenos Aires,Lanús,1182,DEMANDA_MEDIA,7,COLECTIVO,REPRESENTATIVE_POINT,
88c2e38b57fffff,Buenos Aires,Lomas de Zamora,1180,DEMANDA_MEDIA,13,COLECTIVO,REPRESENTATIVE_POINT,
88c2e38de3fffff,Buenos Aires,Tres de Febrero,1180,DEMANDA_MEDIA,15,COLECTIVO,REPRESENTATIVE_POINT,
88c2e39b63fffff,Buenos Aires,Presidente Perón,1179,DEMANDA_MEDIA,12,COLECTIVO,REPRESENTATIVE_POINT,
88c2e38e39fffff,Buenos Aires,La Matanza,1179,DEMANDA_MEDIA,7,COLECTIVO,REPRESENTATIVE_POINT,
88c2e312d7fffff,Ciudad Autónoma de Buenos Aires,Comuna 10,1179,DEMANDA_MEDIA,16,COLECTIVO,REPRESENTATIVE_POINT,
88c2e169ddfffff,Buenos Aires,Luján,1178,DEMANDA_MEDIA,17,COLECTIVO,REPRESENTATIVE_POINT,
88c2e3ab11fffff,Buenos Aires,Malvinas Argentinas,1176,DEMANDA_MEDIA,12,COLECTIVO,REPRESENTATIVE_POINT,
88c2e38907fffff,Buenos Aires,Lomas de Zamora,1175,DEMANDA_MEDIA,17,COLECTIVO,REPRESENTATIVE_POINT,
88c2e38211fffff,Buenos Aires,La Matanza,1175,DEMANDA_MEDIA,6,COLECTIVO,REPRESENTATIVE_POINT,
88c2e3a903fffff,Buenos Aires,Tigre,1175,DEMANDA_MEDIA,6,COLECTIVO,REPRESENTATIVE_POINT,
88c2e3896bfffff,Buenos Aires,Lomas de Zamora,1172,DEMANDA_MEDIA,7,COLECTIVO,REPRESENTATIVE_POINT,
88c2e39541fffff,Buenos Aires,La Matanza,1170,DEMANDA_MEDIA,13,COLECTIVO,REPRESENTATIVE_POINT,
88c2e38467fffff,Buenos Aires,Merlo,1169,DEMANDA_MEDIA,7,COLECTIVO,REPRESENTATIVE_POINT,
88c2e3d493fffff,Buenos Aires,Lomas de Zamora,1168,DEMANDA_MEDIA,7,COLECTIVO,REPRESENTATIVE_POINT,
88c2e3ad21fffff,Buenos Aires,Escobar,1167,DEMANDA_MEDIA,7,COLECTIVO,REPRESENTATIVE_POINT,
88c2e3c627fffff,Buenos Aires,Quilmes,1167,DEMANDA_MEDIA,13,COLECTIVO,REPRESENTATIVE_POINT,
88c2e38a01fffff,Buenos Aires,Esteban Echeverría,1165,DEMANDA_MEDIA,7,COLECTIVO,REPRESENTATIVE_POINT,
88c2e3d495fffff,Buenos Aires,Almirante Brown,1164,DEMANDA_MEDIA,7,COLECTIVO,REPRESENTATIVE_POINT,
88c2e3af3dfffff,Buenos Aires,Pilar,1162,DEMANDA_MEDIA,17,COLECTIVO,REPRESENTATIVE_POINT,
88c2e3c6b1fffff,Buenos Aires,Avellaneda,1162,DEMANDA_MEDIA,12,COLECTIVO,REPRESENTATIVE_POINT,
88c2e3996dfffff,Buenos Aires,Almirante Brown,1161,DEMANDA_MEDIA,17,COLECTIVO,REPRESENTATIVE_POINT,
88c2e3ae0bfffff,Buenos Aires,Pilar,1161,DEMANDA_MEDIA,12,COLECTIVO,REPRESENTATIVE_POINT,
88c2e38497fffff,Buenos Aires,Merlo,1159,DEMANDA_MEDIA,6,COLECTIVO,REPRESENTATIVE_POINT,
88c2e3c6d7fffff,Buenos Aires,Lanús,1159,DEMANDA_MEDIA,7,COLECTIVO,REPRESENTATIVE_POINT,
88c2e2ac01fffff,Buenos Aires,La Plata,1159,DEMANDA_MEDIA,7,COLECTIVO,REPRESENTATIVE_POINT,
88c2e38db9fffff,Buenos Aires,Tres de Febrero,1158,DEMANDA_MEDIA,17,COLECTIVO,REPRESENTATIVE_POINT,
88c2e3803dfffff,Buenos Aires,La Matanza,1158,DEMANDA_MEDIA,5,COLECTIVO,REPRESENTATIVE_POINT,
88c2e399a1fffff,Buenos Aires,Almirante Brown,1158,DEMANDA_MEDIA,7,COLECTIVO,REPRESENTATIVE_POINT,
88c2e31247fffff,Ciudad Autónoma de Buenos Aires,Comuna 8,1158,DEMANDA_MEDIA,6,COLECTIVO,REPRESENTATIVE_POINT,
88c2e3d4e1fffff,Buenos Aires,Almirante Brown,1157,DEMANDA_MEDIA,17,COLECTIVO,REPRESENTATIVE_POINT,
88c2e39993fffff,Buenos Aires,Esteban Echeverría,1157,DEMANDA_MEDIA,17,COLECTIVO,REPRESENTATIVE_POINT,
88c2e3aacbfffff,Buenos Aires,José C. Paz,1156,DEMANDA_MEDIA,7,COLECTIVO,REPRESENTATIVE_POINT,
88c2e3810dfffff,Buenos Aires,Ezeiza,1156,DEMANDA_MEDIA,20,COLECTIVO,REPRESENTATIVE_POINT,
88c2e3956bfffff,Buenos Aires,La Matanza,1155,DEMANDA_MEDIA,12,COLECTIVO,REPRESENTATIVE_POINT,
88c2e3bb29fffff,Buenos Aires,Ituzaingó,1155,DEMANDA_MEDIA,17,COLECTIVO,REPRESENTATIVE_POINT,
88c2e3bb61fffff,Buenos Aires,Ituzaingó,1153,DEMANDA_MEDIA,17,COLECTIVO,REPRESENTATIVE_POINT,
88c2e38ae9fffff,Buenos Aires,Esteban Echeverría,1152,DEMANDA_MEDIA,6,COLECTIVO,REPRESENTATIVE_POINT,
88c2e38723fffff,Buenos Aires,Merlo,1151,DEMANDA_MEDIA,7,COLECTIVO,REPRESENTATIVE_POINT,
88c2e306b1fffff,Buenos Aires,Tigre,1150,DEMANDA_MEDIA,16,COLECTIVO,REPRESENTATIVE_POINT,
88c2e3da8bfffff,Buenos Aires,La Plata,1149,DEMANDA_MEDIA,7,COLECTIVO,REPRESENTATIVE_POINT,
88c2e2ac31fffff,Buenos Aires,La Plata,1148,DEMANDA_MEDIA,12,COLECTIVO,REPRESENTATIVE_POINT,
88c2e3a91dfffff,Buenos Aires,Tigre,1147,DEMANDA_MEDIA,7,COLECTIVO,REPRESENTATIVE_POINT,
88c2e31425fffff,Buenos Aires,General San Martín,1147,DEMANDA_MEDIA,7,COLECTIVO,REPRESENTATIVE_POINT,
88c2e38a23fffff,Buenos Aires,Lomas de Zamora,1147,DEMANDA_MEDIA,21,COLECTIVO,REPRESENTATIVE_POINT,
88c2e38b15fffff,Buenos Aires,Lomas de Zamora,1146,DEMANDA_MEDIA,17,COLECTIVO,REPRESENTATIVE_POINT,
88c2e3c293fffff,Buenos Aires,Berazategui,1146,DEMANDA_MEDIA,7,COLECTIVO,REPRESENTATIVE_POINT,
88c2e39701fffff,Buenos Aires,La Matanza,1146,DEMANDA_MEDIA,7,COLECTIVO,REPRESENTATIVE_POINT,
88c2e38e1bfffff,Buenos Aires,La Matanza,1145,DEMANDA_MEDIA,6,COLECTIVO,REPRESENTATIVE_POINT,
88c2e399d3fffff,Buenos Aires,Esteban Echeverría,1141,DEMANDA_MEDIA,18,COLECTIVO,REPRESENTATIVE_POINT,
88c2e3a2edfffff,Buenos Aires,General Rodríguez,1140,DEMANDA_MEDIA,6,COLECTIVO,REPRESENTATIVE_POINT,
88c2e39059fffff,Buenos Aires,Cañuelas,1140,DEMANDA_MEDIA,6,TREN,REPRESENTATIVE_POINT,
88c2e3d5edfffff,Buenos Aires,Florencio Varela,1139,DEMANDA_MEDIA,6,COLECTIVO,REPRESENTATIVE_POINT,
88c2e3cb55fffff,Buenos Aires,Ensenada,1139,DEMANDA_MEDIA,7,COLECTIVO,INTERSECCION_MAYOR_AREA,
88c2e3149dfffff,Buenos Aires,Tigre,1139,DEMANDA_MEDIA,16,COLECTIVO,REPRESENTATIVE_POINT,
88c2e38f01fffff,Buenos Aires,La Matanza,1137,DEMANDA_MEDIA,7,COLECTIVO,REPRESENTATIVE_POINT,
88c2e3b1cdfffff,Buenos Aires,Moreno,1135,DEMANDA_MEDIA,6,COLECTIVO,REPRESENTATIVE_POINT,
88c2e3ba83fffff,Buenos Aires,Moreno,1134,DEMANDA_MEDIA,7,COLECTIVO,REPRESENTATIVE_POINT,
88c2e3a8edfffff,Buenos Aires,Malvinas Argentinas,1131,DEMANDA_MEDIA,16,COLECTIVO,REPRESENTATIVE_POINT,
88c2e38aa5fffff,Buenos Aires,Lomas de Zamora,1131,DEMANDA_MEDIA,6,COLECTIVO,REPRESENTATIVE_POINT,
88c2e2a511fffff,Buenos Aires,La Plata,1131,DEMANDA_MEDIA,7,COLECTIVO,REPRESENTATIVE_POINT,
88c2e06153fffff,Buenos Aires,San Vicente,1130,DEMANDA_MEDIA,7,COLECTIVO,REPRESENTATIVE_POINT,
88c2e3a2cdfffff,Buenos Aires,General Rodríguez,1130,DEMANDA_MEDIA,6,COLECTIVO,REPRESENTATIVE_POINT,
88c2e315cbfffff,Buenos Aires,General San Martín,1130,DEMANDA_MEDIA,7,COLECTIVO,REPRESENTATIVE_POINT,
88c2e2ae87fffff,Buenos Aires,La Plata,1129,DEMANDA_MEDIA,8,COLECTIVO,REPRESENTATIVE_POINT,
88c2e3b813fffff,Buenos Aires,Moreno,1129,DEMANDA_MEDIA,7,COLECTIVO,REPRESENTATIVE_POINT,
88c2e38ed3fffff,Buenos Aires,Ituzaingó,1127,DEMANDA_MEDIA,9,COLECTIVO,REPRESENTATIVE_POINT,
88c2e3c467fffff,Buenos Aires,Quilmes,1126,DEMANDA_MEDIA,17,COLECTIVO,REPRESENTATIVE_POINT,
88c2e38865fffff,Buenos Aires,Lomas de Zamora,1125,DEMANDA_MEDIA,7,COLECTIVO,REPRESENTATIVE_POINT,
88c2e3c459fffff,Buenos Aires,Avellaneda,1124,DEMANDA_MEDIA,7,COLECTIVO,REPRESENTATIVE_POINT,
88c2e38d0dfffff,Buenos Aires,La Matanza,1124,DEMANDA_MEDIA,12,COLECTIVO,REPRESENTATIVE_POINT,
88c2e31423fffff,Buenos Aires,General San Martín,1121,DEMANDA_MEDIA,7,COLECTIVO,REPRESENTATIVE_POINT,
88c2e3db6dfffff,Buenos Aires,La Plata,1121,DEMANDA_MEDIA,12,COLECTIVO,REPRESENTATIVE_POINT,
88c2e3c6adfffff,Buenos Aires,Avellaneda,1121,DEMANDA_MEDIA,12,COLECTIVO,REPRESENTATIVE_POINT,
88c2e3b8d7fffff,Buenos Aires,Moreno,1120,DEMANDA_MEDIA,5,COLECTIVO,REPRESENTATIVE_POINT,
88c2e3c001fffff,Buenos Aires,Berazategui,1119,DEMANDA_MEDIA,12,COLECTIVO,REPRESENTATIVE_POINT,
88c2e3c54dfffff,Buenos Aires,Quilmes,1119,DEMANDA_MEDIA,7,COLECTIVO,REPRESENTATIVE_POINT,
88c2e2ac55fffff,Buenos Aires,La Plata,1118,DEMANDA_MEDIA,7,COLECTIVO,REPRESENTATIVE_POINT,
88c2e39835fffff,Buenos Aires,Esteban Echeverría,1118,DEMANDA_MEDIA,7,COLECTIVO,REPRESENTATIVE_POINT,
88c2e38dedfffff,Buenos Aires,Tres de Febrero,1116,DEMANDA_MEDIA,17,COLECTIVO,REPRESENTATIVE_POINT,
88c2e3b889fffff,Buenos Aires,Moreno,1116,DEMANDA_MEDIA,6,COLECTIVO,REPRESENTATIVE_POINT,
88c2e06563fffff,Buenos Aires,San Vicente,1116,DEMANDA_MEDIA,7,COLECTIVO,REPRESENTATIVE_POINT,
88c2e3c291fffff,Buenos Aires,Berazategui,1116,DEMANDA_MEDIA,7,COLECTIVO,REPRESENTATIVE_POINT,
88c2e31239fffff,Ciudad Autónoma de Buenos Aires,Comuna 9,1115,DEMANDA_MEDIA,17,COLECTIVO,REPRESENTATIVE_POINT,
88c2e38cadfffff,Buenos Aires,Morón,1114,DEMANDA_MEDIA,7,COLECTIVO,REPRESENTATIVE_POINT,
88c2e31319fffff,Ciudad Autónoma de Buenos Aires,Comuna 4,1113,DEMANDA_MEDIA,17,COLECTIVO,REPRESENTATIVE_POINT,
88c2e169cbfffff,Buenos Aires,Luján,1112,DEMANDA_MEDIA,18,COLECTIVO,REPRESENTATIVE_POINT,
88c2e3c73dfffff,Buenos Aires,Quilmes,1110,DEMANDA_MEDIA,17,COLECTIVO,REPRESENTATIVE_POINT,
88c2e39935fffff,Buenos Aires,Almirante Brown,1109,DEMANDA_MEDIA,12,COLECTIVO,REPRESENTATIVE_POINT,
88c2e3a341fffff,Buenos Aires,Moreno,1108,DEMANDA_MEDIA,7,COLECTIVO,REPRESENTATIVE_POINT,
88c2e3c4c5fffff,Buenos Aires,Avellaneda,1108,DEMANDA_MEDIA,7,COLECTIVO,REPRESENTATIVE_POINT,
88c2e38d9bfffff,Buenos Aires,Morón,1107,DEMANDA_MEDIA,6,COLECTIVO,REPRESENTATIVE_POINT,
88c2e38897fffff,Buenos Aires,La Matanza,1107,DEMANDA_MEDIA,17,COLECTIVO,REPRESENTATIVE_POINT,
88c2e302cdfffff,Buenos Aires,Vicente López,1105,DEMANDA_MEDIA,16,COLECTIVO,REPRESENTATIVE_POINT,
88c2e39a89fffff,Buenos Aires,Ezeiza,1104,DEMANDA_MEDIA,7,COLECTIVO,REPRESENTATIVE_POINT,
88c2e3b9ebfffff,Buenos Aires,San Miguel,1104,DEMANDA_MEDIA,16,COLECTIVO,REPRESENTATIVE_POINT,
88c2e38b29fffff,Buenos Aires,Lomas de Zamora,1103,DEMANDA_MEDIA,17,COLECTIVO,REPRESENTATIVE_POINT,
88c2e38e21fffff,Buenos Aires,La Matanza,1102,DEMANDA_MEDIA,12,COLECTIVO,REPRESENTATIVE_POINT,
88c2e38585fffff,Buenos Aires,Merlo,1101,DEMANDA_MEDIA,13,COLECTIVO,REPRESENTATIVE_POINT,
88c2e39955fffff,Buenos Aires,Almirante Brown,1101,DEMANDA_MEDIA,7,COLECTIVO,REPRESENTATIVE_POINT,
88c2e3b063fffff,Buenos Aires,Merlo,1100,DEMANDA_MEDIA,6,COLECTIVO,REPRESENTATIVE_POINT,
88c2e381a3fffff,Buenos Aires,La Matanza,1099,DEMANDA_MEDIA,17,COLECTIVO,REPRESENTATIVE_POINT,
88c2e31127fffff,Ciudad Autónoma de Buenos Aires,Comuna 1,1099,DEMANDA_MEDIA,7,COLECTIVO,REPRESENTATIVE_POINT,
88c2e3a351fffff,Buenos Aires,Moreno,1099,DEMANDA_MEDIA,6,COLECTIVO,REPRESENTATIVE_POINT,
88c2e3c6b3fffff,Buenos Aires,Avellaneda,1099,DEMANDA_MEDIA,12,COLECTIVO,REPRESENTATIVE_POINT,
88c2e3996bfffff,Buenos Aires,Almirante Brown,1098,DEMANDA_MEDIA,6,COLECTIVO,REPRESENTATIVE_POINT,
88c2e3b96dfffff,Buenos Aires,Hurlingham,1097,DEMANDA_MEDIA,12,COLECTIVO,REPRESENTATIVE_POINT,
88c2e30757fffff,Buenos Aires,San Fernando,1095,DEMANDA_MEDIA,7,COLECTIVO,INTERSECCION_MAYOR_AREA,
88c2e3d865fffff,Buenos Aires,La Plata,1095,DEMANDA_MEDIA,7,COLECTIVO,REPRESENTATIVE_POINT,
88c2e3a833fffff,Buenos Aires,Malvinas Argentinas,1095,DEMANDA_MEDIA,16,COLECTIVO,REPRESENTATIVE_POINT,
88c2e39adbfffff,Buenos Aires,Ezeiza,1093,DEMANDA_MEDIA,7,COLECTIVO,REPRESENTATIVE_POINT,
88c2e330d5fffff,Buenos Aires,Escobar,1093,DEMANDA_MEDIA,17,COLECTIVO,REPRESENTATIVE_POINT,
88c2e3b81bfffff,Buenos Aires,Moreno,1092,DEMANDA_MEDIA,7,COLECTIVO,REPRESENTATIVE_POINT,
88c2e38d17fffff,Buenos Aires,La Matanza,1092,DEMANDA_MEDIA,17,COLECTIVO,REPRESENTATIVE_POINT,
88c2e3aa27fffff,Buenos Aires,Malvinas Argentinas,1092,DEMANDA_MEDIA,7,COLECTIVO,REPRESENTATIVE_POINT,
88c2e38d97fffff,Buenos Aires,Tres de Febrero,1091,DEMANDA_MEDIA,7,COLECTIVO,REPRESENTATIVE_POINT,
88c2e302d7fffff,Buenos Aires,San Isidro,1090,DEMANDA_MEDIA,17,COLECTIVO,REPRESENTATIVE_POINT,
88c2e3c713fffff,Buenos Aires,Quilmes,1089,DEMANDA_MEDIA,7,COLECTIVO,REPRESENTATIVE_POINT,
88c2e38181fffff,Buenos Aires,La Matanza,1088,DEMANDA_MEDIA,12,COLECTIVO,REPRESENTATIVE_POINT,
88c2e3a1abfffff,Buenos Aires,José C. Paz,1087,DEMANDA_MEDIA,6,COLECTIVO,REPRESENTATIVE_POINT,
88c2e31595fffff,Buenos Aires,San Isidro,1086,DEMANDA_MEDIA,17,COLECTIVO,REPRESENTATIVE_POINT,
88c2e39997fffff,Buenos Aires,Esteban Echeverría,1086,DEMANDA_MEDIA,17,COLECTIVO,REPRESENTATIVE_POINT,
88c2e3d65bfffff,Buenos Aires,Almirante Brown,1084,DEMANDA_MEDIA,6,COLECTIVO,REPRESENTATIVE_POINT,
88c2e385d1fffff,Buenos Aires,Merlo,1083,DEMANDA_MEDIA,7,COLECTIVO,REPRESENTATIVE_POINT,
88c2e3a1e7fffff,Buenos Aires,José C. Paz,1083,DEMANDA_MEDIA,16,COLECTIVO,REPRESENTATIVE_POINT,
88c2e3842bfffff,Buenos Aires,Merlo,1081,DEMANDA_MEDIA,12,COLECTIVO,REPRESENTATIVE_POINT,
88c2e399b1fffff,Buenos Aires,Lomas de Zamora,1081,DEMANDA_MEDIA,7,COLECTIVO,REPRESENTATIVE_POINT,
88c2e382e3fffff,Buenos Aires,La Matanza,1079,DEMANDA_MEDIA,7,COLECTIVO,REPRESENTATIVE_POINT,
88c2e31621fffff,Buenos Aires,Tres de Febrero,1078,DEMANDA_MEDIA,7,COLECTIVO,REPRESENTATIVE_POINT,
88c2e3a241fffff,Buenos Aires,Moreno,1078,DEMANDA_MEDIA,7,COLECTIVO,REPRESENTATIVE_POINT,
88c2e3b5e7fffff,Buenos Aires,General Rodríguez,1078,DEMANDA_MEDIA,5,COLECTIVO,REPRESENTATIVE_POINT,
88c2e38831fffff,Buenos Aires,Lomas de Zamora,1077,DEMANDA_MEDIA,12,COLECTIVO,REPRESENTATIVE_POINT,
88c2e2acedfffff,Buenos Aires,La Plata,1077,DEMANDA_MEDIA,8,COLECTIVO,REPRESENTATIVE_POINT,
88c2e3952dfffff,Buenos Aires,La Matanza,1072,DEMANDA_MEDIA,18,COLECTIVO,REPRESENTATIVE_POINT,
88c2e38dbdfffff,Buenos Aires,Tres de Febrero,1072,DEMANDA_MEDIA,6,COLECTIVO,REPRESENTATIVE_POINT,
88c2ee0b39fffff,Buenos Aires,Zárate,1071,DEMANDA_MEDIA,6,COLECTIVO,REPRESENTATIVE_POINT,
88c2e2aea5fffff,Buenos Aires,La Plata,1069,DEMANDA_MEDIA,7,COLECTIVO,REPRESENTATIVE_POINT,
88c2e38335fffff,Buenos Aires,Ezeiza,1069,DEMANDA_MEDIA,14,COLECTIVO,REPRESENTATIVE_POINT,
88c2e30747fffff,Buenos Aires,San Isidro,1069,DEMANDA_MEDIA,16,COLECTIVO,REPRESENTATIVE_POINT,
88c2e3d1e9fffff,Buenos Aires,La Plata,1068,DEMANDA_MEDIA,6,COLECTIVO,REPRESENTATIVE_POINT,
88c2e3b885fffff,Buenos Aires,San Miguel,1067,DEMANDA_MEDIA,12,COLECTIVO,REPRESENTATIVE_POINT,
88c2e3c4edfffff,Buenos Aires,Avellaneda,1067,DEMANDA_MEDIA,17,COLECTIVO,REPRESENTATIVE_POINT,
88c2e3ab5bfffff,Buenos Aires,Malvinas Argentinas,1066,DEMANDA_MEDIA,12,COLECTIVO,REPRESENTATIVE_POINT,
88c2e31217fffff,Ciudad Autónoma de Buenos Aires,Comuna 9,1066,DEMANDA_MEDIA,8,COLECTIVO,REPRESENTATIVE_POINT,
88c2e3c2abfffff,Buenos Aires,Berazategui,1065,DEMANDA_MEDIA,12,COLECTIVO,REPRESENTATIVE_POINT,
88c2e3c285fffff,Buenos Aires,Berazategui,1065,DEMANDA_MEDIA,7,COLECTIVO,REPRESENTATIVE_POINT,
88c2e39ad3fffff,Buenos Aires,Ezeiza,1065,DEMANDA_MEDIA,12,COLECTIVO,REPRESENTATIVE_POINT,
88c2e30229fffff,Ciudad Autónoma de Buenos Aires,Comuna 13,1064,DEMANDA_MEDIA,17,COLECTIVO,REPRESENTATIVE_POINT,
88c2e389bdfffff,Buenos Aires,Lanús,1063,DEMANDA_MEDIA,7,COLECTIVO,REPRESENTATIVE_POINT,
88c2e3895bfffff,Buenos Aires,Lomas de Zamora,1061,DEMANDA_MEDIA,13,COLECTIVO,REPRESENTATIVE_POINT,
88c2e38c91fffff,Buenos Aires,Hurlingham,1061,DEMANDA_MEDIA,7,COLECTIVO,REPRESENTATIVE_POINT,
88c2e38b31fffff,Buenos Aires,Lomas de Zamora,1060,DEMANDA_MEDIA,17,COLECTIVO,REPRESENTATIVE_POINT,
88c2e315b7fffff,Buenos Aires,San Isidro,1060,DEMANDA_MEDIA,17,COLECTIVO,REPRESENTATIVE_POINT,
88c2e3b935fffff,Buenos Aires,Hurlingham,1060,DEMANDA_MEDIA,7,COLECTIVO,REPRESENTATIVE_POINT,
88c2e06c83fffff,Buenos Aires,Presidente Perón,1059,DEMANDA_MEDIA,6,COLECTIVO,REPRESENTATIVE_POINT,
88c2e3155bfffff,Buenos Aires,General San Martín,1059,DEMANDA_MEDIA,7,COLECTIVO,REPRESENTATIVE_POINT,
88c2e3ad3dfffff,Buenos Aires,Escobar,1058,DEMANDA_MEDIA,6,COLECTIVO,REPRESENTATIVE_POINT,
88c2e3a143fffff,Buenos Aires,Moreno,1057,DEMANDA_MEDIA,5,COLECTIVO,REPRESENTATIVE_POINT,
88c2e38937fffff,Buenos Aires,Lanús,1057,DEMANDA_MEDIA,7,COLECTIVO,REPRESENTATIVE_POINT,
88c2e30615fffff,Buenos Aires,Tigre,1056,DEMANDA_MEDIA,7,COLECTIVO,REPRESENTATIVE_POINT,
88c2e3d589fffff,Buenos Aires,Florencio Varela,1056,DEMANDA_MEDIA,7,COLECTIVO,REPRESENTATIVE_POINT,
88c2e2ac19fffff,Buenos Aires,La Plata,1056,DEMANDA_MEDIA,7,COLECTIVO,REPRESENTATIVE_POINT,
88c2e3b15bfffff,Buenos Aires,Merlo,1056,DEMANDA_MEDIA,7,COLECTIVO,REPRESENTATIVE_POINT,
88c2e2a517fffff,Buenos Aires,La Plata,1055,DEMANDA_MEDIA,7,COLECTIVO,REPRESENTATIVE_POINT,
88c2e3062bfffff,Buenos Aires,San Fernando,1055,DEMANDA_MEDIA,7,COLECTIVO,REPRESENTATIVE_POINT,
88c2e31541fffff,Buenos Aires,General San Martín,1054,DEMANDA_MEDIA,7,COLECTIVO,REPRESENTATIVE_POINT,
88c2e3db45fffff,Buenos Aires,La Plata,1054,DEMANDA_MEDIA,13,COLECTIVO,REPRESENTATIVE_POINT,
88c2e31613fffff,Buenos Aires,Tres de Febrero,1053,DEMANDA_MEDIA,7,COLECTIVO,REPRESENTATIVE_POINT,
88c2e33217fffff,Buenos Aires,Escobar,1052,DEMANDA_MEDIA,6,COLECTIVO,REPRESENTATIVE_POINT,
88c2e39833fffff,Buenos Aires,Esteban Echeverría,1052,DEMANDA_MEDIA,17,COLECTIVO,REPRESENTATIVE_POINT,
88c2e02e41fffff,Buenos Aires,Cañuelas,1051,DEMANDA_MEDIA,14,TREN,REPRESENTATIVE_POINT,
88c2e3d61bfffff,Buenos Aires,Almirante Brown,1051,DEMANDA_MEDIA,12,COLECTIVO,REPRESENTATIVE_POINT,
88c2e38841fffff,Buenos Aires,Lomas de Zamora,1050,DEMANDA_MEDIA,7,COLECTIVO,REPRESENTATIVE_POINT,
88c2e3c469fffff,Buenos Aires,Quilmes,1050,DEMANDA_MEDIA,7,COLECTIVO,REPRESENTATIVE_POINT,
88c2e38b3dfffff,Buenos Aires,Lomas de Zamora,1049,DEMANDA_MEDIA,12,COLECTIVO,REPRESENTATIVE_POINT,
88c2e3c6bbfffff,Buenos Aires,Lanús,1046,DEMANDA_MEDIA,7,COLECTIVO,REPRESENTATIVE_POINT,
88c2e3891bfffff,Buenos Aires,Lomas de Zamora,1046,DEMANDA_MEDIA,17,COLECTIVO,REPRESENTATIVE_POINT,
88c2e3af15fffff,Buenos Aires,Pilar,1045,DEMANDA_MEDIA,7,COLECTIVO,REPRESENTATIVE_POINT,
88c2e315d7fffff,Buenos Aires,San Isidro,1045,DEMANDA_MEDIA,12,COLECTIVO,REPRESENTATIVE_POINT,
88c2e3d5a9fffff,Buenos Aires,Florencio Varela,1045,DEMANDA_MEDIA,7,COLECTIVO,REPRESENTATIVE_POINT,
88c2e332ebfffff,Buenos Aires,Escobar,1044,DEMANDA_MEDIA,6,COLECTIVO,REPRESENTATIVE_POINT,
88c2e385d7fffff,Buenos Aires,Merlo,1044,DEMANDA_MEDIA,7,COLECTIVO,REPRESENTATIVE_POINT,
88c2e2ae83fffff,Buenos Aires,La Plata,1044,DEMANDA_MEDIA,8,COLECTIVO,REPRESENTATIVE_POINT,
88c2e3ba2bfffff,Buenos Aires,Merlo,1043,DEMANDA_MEDIA,6,COLECTIVO,REPRESENTATIVE_POINT,
88c2e38913fffff,Buenos Aires,Lanús,1041,DEMANDA_MEDIA,16,COLECTIVO,REPRESENTATIVE_POINT,
88c2e2ae9dfffff,Buenos Aires,La Plata,1041,DEMANDA_MEDIA,12,COLECTIVO,REPRESENTATIVE_POINT,
88c2e38a43fffff,Buenos Aires,Esteban Echeverría,1040,DEMANDA_MEDIA,12,COLECTIVO,REPRESENTATIVE_POINT,
88c2e385b9fffff,Buenos Aires,Merlo,1039,DEMANDA_MEDIA,11,COLECTIVO,REPRESENTATIVE_POINT,
88c2e38b4bfffff,Buenos Aires,Lomas de Zamora,1039,DEMANDA_MEDIA,7,COLECTIVO,REPRESENTATIVE_POINT,
88c2e31719fffff,Buenos Aires,General San Martín,1038,DEMANDA_MEDIA,7,COLECTIVO,REPRESENTATIVE_POINT,
88c2e3aa39fffff,Buenos Aires,José C. Paz,1037,DEMANDA_MEDIA,7,COLECTIVO,REPRESENTATIVE_POINT,
88c2e3ba33fffff,Buenos Aires,Moreno,1037,DEMANDA_MEDIA,6,COLECTIVO,REPRESENTATIVE_POINT,
88c2e3a343fffff,Buenos Aires,Moreno,1037,DEMANDA_MEDIA,17,COLECTIVO,REPRESENTATIVE_POINT,
88c2e3d4c1fffff,Buenos Aires,Almirante Brown,1036,DEMANDA_MEDIA,7,COLECTIVO,REPRESENTATIVE_POINT,
88c2e384a3fffff,Buenos Aires,Merlo,1035,DEMANDA_MEDIA,6,COLECTIVO,REPRESENTATIVE_POINT,
88c2e38ebbfffff,Buenos Aires,Morón,1032,DEMANDA_MEDIA,16,COLECTIVO,REPRESENTATIVE_POINT,
88c2e39139fffff,Buenos Aires,Ezeiza,1029,DEMANDA_MEDIA,6,COLECTIVO,REPRESENTATIVE_POINT,
88c2e38c97fffff,Buenos Aires,Hurlingham,1027,DEMANDA_MEDIA,12,COLECTIVO,REPRESENTATIVE_POINT,
88c2e3d737fffff,Buenos Aires,Florencio Varela,1027,DEMANDA_MEDIA,6,COLECTIVO,REPRESENTATIVE_POINT,
88c2e3026dfffff,Ciudad Autónoma de Buenos Aires,Comuna 14,1025,DEMANDA_MEDIA,8,COLECTIVO,REPRESENTATIVE_POINT,
88c2e31603fffff,Buenos Aires,Tres de Febrero,1025,DEMANDA_MEDIA,8,COLECTIVO,REPRESENTATIVE_POINT,
88c2e3a16dfffff,Buenos Aires,San Miguel,1024,DEMANDA_MEDIA,7,COLECTIVO,REPRESENTATIVE_POINT,
88c2e3a125fffff,Buenos Aires,José C. Paz,1024,DEMANDA_MEDIA,5,COLECTIVO,REPRESENTATIVE_POINT,
88c2e3c6a7fffff,Buenos Aires,Avellaneda,1023,DEMANDA_MEDIA,7,COLECTIVO,REPRESENTATIVE_POINT,
88c2e2a687fffff,Buenos Aires,La Plata,1022,DEMANDA_MEDIA,12,COLECTIVO,REPRESENTATIVE_POINT,
88c2e3c283fffff,Buenos Aires,Berazategui,1022,DEMANDA_MEDIA,7,COLECTIVO,REPRESENTATIVE_POINT,
88c2e3aabbfffff,Buenos Aires,José C. Paz,1022,DEMANDA_MEDIA,17,COLECTIVO,REPRESENTATIVE_POINT,
88c2e3065bfffff,Buenos Aires,Tigre,1021,DEMANDA_MEDIA,15,COLECTIVO,REPRESENTATIVE_POINT,
88c2e30759fffff,Buenos Aires,San Isidro,1021,DEMANDA_MEDIA,16,COLECTIVO,REPRESENTATIVE_POINT,
88c2e38589fffff,Buenos Aires,Merlo,1021,DEMANDA_MEDIA,11,COLECTIVO,REPRESENTATIVE_POINT,
88c2e38693fffff,Buenos Aires,Marcos Paz,1019,DEMANDA_MEDIA,12,COLECTIVO,REPRESENTATIVE_POINT,
88c2e38951fffff,Buenos Aires,Lomas de Zamora,1018,DEMANDA_MEDIA,12,COLECTIVO,REPRESENTATIVE_POINT,
88c2e3ac65fffff,Buenos Aires,Pilar,1018,DEMANDA_MEDIA,7,COLECTIVO,REPRESENTATIVE_POINT,
88c2e31017fffff,Ciudad Autónoma de Buenos Aires,Comuna 6,1017,DEMANDA_MEDIA,16,COLECTIVO,REPRESENTATIVE_POINT,
88c2e31169fffff,Ciudad Autónoma de Buenos Aires,Comuna 4,1016,DEMANDA_MEDIA,7,COLECTIVO,REPRESENTATIVE_POINT,
88c2e38095fffff,Buenos Aires,La Matanza,1013,DEMANDA_MEDIA,7,COLECTIVO,REPRESENTATIVE_POINT,
88c2e30295fffff,Buenos Aires,San Isidro,1012,DEMANDA_MEDIA,15,COLECTIVO,REPRESENTATIVE_POINT,
88c2e3d4d3fffff,Buenos Aires,Almirante Brown,1010,DEMANDA_MEDIA,12,COLECTIVO,REPRESENTATIVE_POINT,
88c2e3c201fffff,Buenos Aires,Berazategui,1008,DEMANDA_MEDIA,12,COLECTIVO,REPRESENTATIVE_POINT,
88c2e398c5fffff,Buenos Aires,Esteban Echeverría,1007,DEMANDA_MEDIA,7,COLECTIVO,REPRESENTATIVE_POINT,
88c2e3b84dfffff,Buenos Aires,Ituzaingó,1005,DEMANDA_MEDIA,17,COLECTIVO,REPRESENTATIVE_POINT,
88c2e2a5b7fffff,Buenos Aires,La Plata,1004,DEMANDA_MEDIA,12,COLECTIVO,REPRESENTATIVE_POINT,
88c2e2aeb3fffff,Buenos Aires,La Plata,1004,DEMANDA_MEDIA,12,COLECTIVO,REPRESENTATIVE_POINT,
88c2e3a139fffff,Buenos Aires,José C. Paz,1004,DEMANDA_MEDIA,18,COLECTIVO,REPRESENTATIVE_POINT,
88c2e06701fffff,Buenos Aires,San Vicente,1003,DEMANDA_MEDIA,12,COLECTIVO,REPRESENTATIVE_POINT,
88c2e2ace3fffff,Buenos Aires,Berisso,1000,DEMANDA_MEDIA,12,COLECTIVO,REPRESENTATIVE_POINT,
88c2e3bab3fffff,Buenos Aires,Moreno,1000,DEMANDA_MEDIA,6,COLECTIVO,REPRESENTATIVE_POINT,
88c2e39927fffff,Buenos Aires,Almirante Brown,999,DEMANDA_MEDIA,12,COLECTIVO,REPRESENTATIVE_POINT,
88c2e3b193fffff,Buenos Aires,Moreno,999,DEMANDA_MEDIA,17,COLECTIVO,REPRESENTATIVE_POINT,
88c2e3163bfffff,Buenos Aires,Tres de Febrero,998,DEMANDA_MEDIA,6,COLECTIVO,REPRESENTATIVE_POINT,
88c2e38a61fffff,Buenos Aires,Esteban Echeverría,998,DEMANDA_MEDIA,17,COLECTIVO,REPRESENTATIVE_POINT,
88c2e3b95bfffff,Buenos Aires,Ituzaingó,997,DEMANDA_MEDIA,7,COLECTIVO,REPRESENTATIVE_POINT,
88c2e38513fffff,Buenos Aires,Merlo,996,DEMANDA_MEDIA,7,COLECTIVO,REPRESENTATIVE_POINT,
88c2e38013fffff,Buenos Aires,La Matanza,995,DEMANDA_MEDIA,7,COLECTIVO,REPRESENTATIVE_POINT,
88c2e3d683fffff,Buenos Aires,Almirante Brown,991,DEMANDA_MEDIA,7,COLECTIVO,REPRESENTATIVE_POINT,
88c2e3c299fffff,Buenos Aires,Berazategui,991,DEMANDA_MEDIA,7,COLECTIVO,REPRESENTATIVE_POINT,
88c2e3a9e5fffff,Buenos Aires,Tigre,991,DEMANDA_MEDIA,6,COLECTIVO,REPRESENTATIVE_POINT,
88c2e3c489fffff,Buenos Aires,Avellaneda,991,DEMANDA_MEDIA,7,COLECTIVO,REPRESENTATIVE_POINT,
88c2e38b2dfffff,Buenos Aires,Almirante Brown,990,DEMANDA_MEDIA,12,COLECTIVO,REPRESENTATIVE_POINT,
88c2e33707fffff,Buenos Aires,Escobar,987,DEMANDA_MEDIA,12,COLECTIVO,REPRESENTATIVE_POINT,
88c2e3ba01fffff,Buenos Aires,Merlo,987,DEMANDA_MEDIA,7,COLECTIVO,REPRESENTATIVE_POINT,
88c2e3a24dfffff,Buenos Aires,Moreno,986,DEMANDA_MEDIA,12,COLECTIVO,REPRESENTATIVE_POINT,
88c2e388c1fffff,Buenos Aires,La Matanza,986,DEMANDA_MEDIA,6,COLECTIVO,REPRESENTATIVE_POINT,
88c2e3d845fffff,Buenos Aires,La Plata,986,DEMANDA_MEDIA,12,COLECTIVO,REPRESENTATIVE_POINT,
88c2e3d695fffff,Buenos Aires,Almirante Brown,985,DEMANDA_MEDIA,12,COLECTIVO,REPRESENTATIVE_POINT,
88c2e38e33fffff,Buenos Aires,La Matanza,984,DEMANDA_MEDIA,7,COLECTIVO,REPRESENTATIVE_POINT,
88c2e39925fffff,Buenos Aires,Almirante Brown,983,DEMANDA_MEDIA,7,COLECTIVO,REPRESENTATIVE_POINT,
88c2e3992dfffff,Buenos Aires,Almirante Brown,983,DEMANDA_MEDIA,7,COLECTIVO,REPRESENTATIVE_POINT,
88c2e3854dfffff,Buenos Aires,La Matanza,982,DEMANDA_MEDIA,7,COLECTIVO,REPRESENTATIVE_POINT,
88c2e39235fffff,Buenos Aires,Cañuelas,981,DEMANDA_MEDIA,6,COLECTIVO,REPRESENTATIVE_POINT,
88c2e3a80bfffff,Buenos Aires,Malvinas Argentinas,981,DEMANDA_MEDIA,7,COLECTIVO,REPRESENTATIVE_POINT,
88c2e3b52dfffff,Buenos Aires,General Rodríguez,979,DEMANDA_MEDIA,6,COLECTIVO,REPRESENTATIVE_POINT,
88c2e38ea9fffff,Buenos Aires,Morón,979,DEMANDA_MEDIA,7,COLECTIVO,REPRESENTATIVE_POINT,
88c2e3162bfffff,Buenos Aires,Tres de Febrero,979,DEMANDA_MEDIA,9,COLECTIVO,REPRESENTATIVE_POINT,
88c2e384d1fffff,Buenos Aires,Merlo,979,DEMANDA_MEDIA,6,COLECTIVO,REPRESENTATIVE_POINT,
88c2e384d7fffff,Buenos Aires,Merlo,978,DEMANDA_MEDIA,12,COLECTIVO,REPRESENTATIVE_POINT,
88c2e38ee1fffff,Buenos Aires,Morón,978,DEMANDA_MEDIA,7,COLECTIVO,REPRESENTATIVE_POINT,
88c2e38d13fffff,Buenos Aires,La Matanza,977,DEMANDA_MEDIA,13,COLECTIVO,REPRESENTATIVE_POINT,
88c2e3aeabfffff,Buenos Aires,Pilar,977,DEMANDA_MEDIA,12,COLECTIVO,REPRESENTATIVE_POINT,
88c2e3b83bfffff,Buenos Aires,San Miguel,977,DEMANDA_MEDIA,7,COLECTIVO,REPRESENTATIVE_POINT,
88c2e3b82dfffff,Buenos Aires,Ituzaingó,976,DEMANDA_MEDIA,7,COLECTIVO,REPRESENTATIVE_POINT,
88c2e38461fffff,Buenos Aires,Merlo,976,DEMANDA_MEDIA,6,COLECTIVO,REPRESENTATIVE_POINT,
88c2e38c09fffff,Buenos Aires,La Matanza,975,DEMANDA_MEDIA,17,COLECTIVO,REPRESENTATIVE_POINT,
88c2e3b8b9fffff,Buenos Aires,San Miguel,975,DEMANDA_MEDIA,7,COLECTIVO,REPRESENTATIVE_POINT,
88c2e3aeebfffff,Buenos Aires,Pilar,975,DEMANDA_MEDIA,17,COLECTIVO,REPRESENTATIVE_POINT,
88c2e16825fffff,Buenos Aires,Luján,973,DEMANDA_MEDIA,17,COLECTIVO,REPRESENTATIVE_POINT,
88c2e3b5d3fffff,Buenos Aires,General Rodríguez,971,DEMANDA_MEDIA,6,COLECTIVO,REPRESENTATIVE_POINT,
88c2e3d969fffff,Buenos Aires,Ensenada,971,DEMANDA_MEDIA,7,COLECTIVO,REPRESENTATIVE_POINT,
88c2e3a951fffff,Buenos Aires,Tigre,971,DEMANDA_MEDIA,6,COLECTIVO,REPRESENTATIVE_POINT,
88c2e385c5fffff,Buenos Aires,Merlo,971,DEMANDA_MEDIA,7,COLECTIVO,REPRESENTATIVE_POINT,
88c2e3c2d3fffff,Buenos Aires,Florencio Varela,970,DEMANDA_MEDIA,7,COLECTIVO,REPRESENTATIVE_POINT,
88c2e3bb51fffff,Buenos Aires,Ituzaingó,970,DEMANDA_MEDIA,7,COLECTIVO,REPRESENTATIVE_POINT,
88c2e3a953fffff,Buenos Aires,Tigre,970,DEMANDA_MEDIA,15,COLECTIVO,REPRESENTATIVE_POINT,
88c2e38c27fffff,Buenos Aires,La Matanza,968,DEMANDA_MEDIA,7,COLECTIVO,REPRESENTATIVE_POINT,
88c2e399e7fffff,Buenos Aires,Almirante Brown,966,DEMANDA_MEDIA,16,COLECTIVO,REPRESENTATIVE_POINT,
88c2e3c2c3fffff,Buenos Aires,Florencio Varela,966,DEMANDA_MEDIA,7,COLECTIVO,INTERSECCION_MAYOR_AREA,
88c2e38993fffff,Ciudad Autónoma de Buenos Aires,Comuna 8,966,DEMANDA_MEDIA,6,COLECTIVO,REPRESENTATIVE_POINT,
88c2e3c44bfffff,Buenos Aires,Quilmes,965,DEMANDA_MEDIA,7,COLECTIVO,REPRESENTATIVE_POINT,
88c2e38d5dfffff,Buenos Aires,La Matanza,965,DEMANDA_MEDIA,8,COLECTIVO,REPRESENTATIVE_POINT,
88c2e388c5fffff,Buenos Aires,La Matanza,964,DEMANDA_MEDIA,14,COLECTIVO,REPRESENTATIVE_POINT,
88c2e30665fffff,Buenos Aires,San Isidro,964,DEMANDA_MEDIA,16,COLECTIVO,REPRESENTATIVE_POINT,
88c2e3c4e9fffff,Buenos Aires,Avellaneda,960,DEMANDA_MEDIA,6,COLECTIVO,REPRESENTATIVE_POINT,
88c2e38c49fffff,Buenos Aires,La Matanza,960,DEMANDA_MEDIA,12,COLECTIVO,REPRESENTATIVE_POINT,
88c2e3c689fffff,Buenos Aires,Lanús,958,DEMANDA_MEDIA,7,COLECTIVO,REPRESENTATIVE_POINT,
88c2e38429fffff,Buenos Aires,Merlo,958,DEMANDA_MEDIA,6,COLECTIVO,REPRESENTATIVE_POINT,
88c2e315b3fffff,Buenos Aires,San Isidro,956,DEMANDA_MEDIA,7,COLECTIVO,REPRESENTATIVE_POINT,
88c2e3c633fffff,Buenos Aires,Quilmes,956,DEMANDA_MEDIA,6,COLECTIVO,REPRESENTATIVE_POINT,
88c2e3a161fffff,Buenos Aires,José C. Paz,955,DEMANDA_MEDIA,5,COLECTIVO,REPRESENTATIVE_POINT,
88c2e3c427fffff,Buenos Aires,Quilmes,954,DEMANDA_MEDIA,16,COLECTIVO,REPRESENTATIVE_POINT,
88c2e06547fffff,Buenos Aires,San Vicente,954,DEMANDA_MEDIA,12,COLECTIVO,REPRESENTATIVE_POINT,
88c2e38e6dfffff,Buenos Aires,La Matanza,953,DEMANDA_MEDIA,9,COLECTIVO,REPRESENTATIVE_POINT,
88c2e38b25fffff,Buenos Aires,Almirante Brown,953,DEMANDA_MEDIA,12,COLECTIVO,REPRESENTATIVE_POINT,
88c2e3bb1dfffff,Buenos Aires,Ituzaingó,953,DEMANDA_MEDIA,7,COLECTIVO,REPRESENTATIVE_POINT,
88c2e3a9b9fffff,Buenos Aires,Tigre,952,DEMANDA_MEDIA,12,COLECTIVO,REPRESENTATIVE_POINT,
88c2e38213fffff,Buenos Aires,La Matanza,951,DEMANDA_MEDIA,6,COLECTIVO,REPRESENTATIVE_POINT,
88c2e3b915fffff,Buenos Aires,Hurlingham,950,DEMANDA_MEDIA,6,COLECTIVO,REPRESENTATIVE_POINT,
88c2e31a99fffff,Ciudad Autónoma de Buenos Aires,Comuna 1,950,DEMANDA_MEDIA,7,COLECTIVO,REPRESENTATIVE_POINT,
88c2e302d3fffff,Buenos Aires,San Isidro,948,DEMANDA_MEDIA,18,COLECTIVO,REPRESENTATIVE_POINT,
88c2e3c0d7fffff,Buenos Aires,Berazategui,946,DEMANDA_MEDIA,11,COLECTIVO,REPRESENTATIVE_POINT,
88c2e31301fffff,Buenos Aires,Lanús,946,DEMANDA_MEDIA,12,COLECTIVO,REPRESENTATIVE_POINT,
88c2e38887fffff,Buenos Aires,La Matanza,946,DEMANDA_MEDIA,7,COLECTIVO,REPRESENTATIVE_POINT,
88c2e38c39fffff,Buenos Aires,La Matanza,946,DEMANDA_MEDIA,17,COLECTIVO,REPRESENTATIVE_POINT,
88c2e3066bfffff,Buenos Aires,San Fernando,943,DEMANDA_MEDIA,7,COLECTIVO,REPRESENTATIVE_POINT,
88c2e3d6b5fffff,Buenos Aires,Almirante Brown,943,DEMANDA_MEDIA,7,COLECTIVO,REPRESENTATIVE_POINT,
88c2e3af31fffff,Buenos Aires,Pilar,942,DEMANDA_MEDIA,7,COLECTIVO,REPRESENTATIVE_POINT,
88c2e3a8ebfffff,Buenos Aires,Malvinas Argentinas,942,DEMANDA_MEDIA,12,COLECTIVO,REPRESENTATIVE_POINT,
88c2e39709fffff,Buenos Aires,La Matanza,942,DEMANDA_MEDIA,6,COLECTIVO,REPRESENTATIVE_POINT,
88c2e3db4bfffff,Buenos Aires,La Plata,942,DEMANDA_MEDIA,12,COLECTIVO,REPRESENTATIVE_POINT,
88c2e3a115fffff,Buenos Aires,Moreno,941,DEMANDA_MEDIA,7,COLECTIVO,REPRESENTATIVE_POINT,
88c2e38f6bfffff,Buenos Aires,La Matanza,941,DEMANDA_MEDIA,12,COLECTIVO,REPRESENTATIVE_POINT,
88c2e38d09fffff,Buenos Aires,La Matanza,941,DEMANDA_MEDIA,7,COLECTIVO,REPRESENTATIVE_POINT,
88c2e2a59dfffff,Buenos Aires,La Plata,940,DEMANDA_MEDIA,7,COLECTIVO,REPRESENTATIVE_POINT,
88c2e2366bfffff,Buenos Aires,Berisso,940,DEMANDA_MEDIA,7,COLECTIVO,REPRESENTATIVE_POINT,
88c2e3990dfffff,Buenos Aires,Almirante Brown,940,DEMANDA_MEDIA,6,COLECTIVO,REPRESENTATIVE_POINT,
88c2e3b90bfffff,Buenos Aires,Hurlingham,940,DEMANDA_MEDIA,7,COLECTIVO,REPRESENTATIVE_POINT,
88c2e31549fffff,Buenos Aires,General San Martín,939,DEMANDA_MEDIA,16,COLECTIVO,REPRESENTATIVE_POINT,
88c2e3c6e9fffff,Buenos Aires,Lanús,938,DEMANDA_MEDIA,7,COLECTIVO,REPRESENTATIVE_POINT,
88c2e30751fffff,Buenos Aires,San Isidro,938,DEMANDA_MEDIA,7,COLECTIVO,REPRESENTATIVE_POINT,
88c2e1691bfffff,Buenos Aires,Luján,937,DEMANDA_MEDIA,18,COLECTIVO,REPRESENTATIVE_POINT,
88c2e2aed9fffff,Buenos Aires,La Plata,936,DEMANDA_MEDIA,7,COLECTIVO,REPRESENTATIVE_POINT,
88c2e3d533fffff,Buenos Aires,Florencio Varela,936,DEMANDA_MEDIA,12,COLECTIVO,REPRESENTATIVE_POINT,
88c2e3b067fffff,Buenos Aires,Merlo,936,DEMANDA_MEDIA,12,COLECTIVO,REPRESENTATIVE_POINT,
88c2e2adc9fffff,Buenos Aires,Berisso,935,DEMANDA_MEDIA,7,COLECTIVO,REPRESENTATIVE_POINT,
88c2e33701fffff,Buenos Aires,Escobar,935,DEMANDA_MEDIA,7,COLECTIVO,REPRESENTATIVE_POINT,
88c2e38d25fffff,Ciudad Autónoma de Buenos Aires,Comuna 9,935,DEMANDA_MEDIA,17,COLECTIVO,REPRESENTATIVE_POINT,
88c2e3a25bfffff,Buenos Aires,General Rodríguez,935,DEMANDA_MEDIA,6,COLECTIVO,REPRESENTATIVE_POINT,
88c2e3c64bfffff,Buenos Aires,Almirante Brown,934,DEMANDA_MEDIA,12,COLECTIVO,REPRESENTATIVE_POINT,
88c2e389ddfffff,Buenos Aires,Lomas de Zamora,934,DEMANDA_MEDIA,7,COLECTIVO,REPRESENTATIVE_POINT,
88c2e39023fffff,Buenos Aires,Ezeiza,933,DEMANDA_MEDIA,8,COLECTIVO,REPRESENTATIVE_POINT,
88c2e3d563fffff,Buenos Aires,Florencio Varela,933,DEMANDA_MEDIA,7,COLECTIVO,REPRESENTATIVE_POINT,
88c2e3c66dfffff,Buenos Aires,Quilmes,933,DEMANDA_MEDIA,12,COLECTIVO,REPRESENTATIVE_POINT,
88c2e3ba89fffff,Buenos Aires,Moreno,933,DEMANDA_MEDIA,12,COLECTIVO,REPRESENTATIVE_POINT,
88c2e38b33fffff,Buenos Aires,Lomas de Zamora,932,DEMANDA_MEDIA,12,COLECTIVO,REPRESENTATIVE_POINT,
88c2e38eddfffff,Buenos Aires,Morón,932,DEMANDA_MEDIA,7,COLECTIVO,REPRESENTATIVE_POINT,
88c2e060b1fffff,Buenos Aires,San Vicente,929,DEMANDA_MEDIA,7,COLECTIVO,REPRESENTATIVE_POINT,
88c2e3d959fffff,Buenos Aires,La Plata,929,DEMANDA_MEDIA,13,COLECTIVO,REPRESENTATIVE_POINT,
88c2e33211fffff,Buenos Aires,Escobar,928,DEMANDA_MEDIA,12,COLECTIVO,REPRESENTATIVE_POINT,
88c2e31597fffff,Buenos Aires,San Isidro,927,DEMANDA_MEDIA,17,COLECTIVO,REPRESENTATIVE_POINT,
88c2e38183fffff,Buenos Aires,La Matanza,927,DEMANDA_MEDIA,7,COLECTIVO,REPRESENTATIVE_POINT,
88c2e149a1fffff,Buenos Aires,Marcos Paz,926,DEMANDA_MEDIA,7,COLECTIVO,REPRESENTATIVE_POINT,
88c2e3c249fffff,Buenos Aires,Florencio Varela,926,DEMANDA_MEDIA,12,COLECTIVO,REPRESENTATIVE_POINT,
88c2e31223fffff,Ciudad Autónoma de Buenos Aires,Comuna 8,925,DEMANDA_MEDIA,6,COLECTIVO,REPRESENTATIVE_POINT,
88c2eeda4bfffff,Buenos Aires,Pilar,925,DEMANDA_MEDIA,7,COLECTIVO,REPRESENTATIVE_POINT,
88c2e330d1fffff,Buenos Aires,Escobar,925,DEMANDA_MEDIA,7,COLECTIVO,REPRESENTATIVE_POINT,
88c2e3b8cbfffff,Buenos Aires,Moreno,924,DEMANDA_MEDIA,7,COLECTIVO,REPRESENTATIVE_POINT,
88c2e3d651fffff,Buenos Aires,Almirante Brown,923,DEMANDA_MEDIA,7,COLECTIVO,REPRESENTATIVE_POINT,
88c2e399d7fffff,Buenos Aires,Esteban Echeverría,923,DEMANDA_MEDIA,7,COLECTIVO,REPRESENTATIVE_POINT,
88c2e3c691fffff,Buenos Aires,Lanús,923,DEMANDA_MEDIA,7,COLECTIVO,REPRESENTATIVE_POINT,
88c2e3146dfffff,Buenos Aires,General San Martín,922,DEMANDA_MEDIA,7,COLECTIVO,REPRESENTATIVE_POINT,
88c2e31431fffff,Buenos Aires,General San Martín,922,DEMANDA_MEDIA,7,COLECTIVO,REPRESENTATIVE_POINT,
88c2e23753fffff,Buenos Aires,Berisso,921,DEMANDA_MEDIA,12,COLECTIVO,REPRESENTATIVE_POINT,
88c2e2acb5fffff,Buenos Aires,Berisso,920,DEMANDA_MEDIA,10,COLECTIVO,REPRESENTATIVE_POINT,
88c2e30729fffff,Buenos Aires,San Isidro,917,DEMANDA_MEDIA,17,COLECTIVO,REPRESENTATIVE_POINT,
88c2e3064bfffff,Buenos Aires,San Fernando,917,DEMANDA_MEDIA,7,COLECTIVO,REPRESENTATIVE_POINT,
88c2e2a5cbfffff,Buenos Aires,La Plata,915,DEMANDA_MEDIA,12,COLECTIVO,REPRESENTATIVE_POINT,
88c2e3a82dfffff,Buenos Aires,Malvinas Argentinas,914,DEMANDA_MEDIA,12,COLECTIVO,REPRESENTATIVE_POINT,
88c2e3d4cdfffff,Buenos Aires,Almirante Brown,914,DEMANDA_MEDIA,13,COLECTIVO,REPRESENTATIVE_POINT,
88c2e3d52dfffff,Buenos Aires,Florencio Varela,914,DEMANDA_MEDIA,7,COLECTIVO,REPRESENTATIVE_POINT,
88c2e30351fffff,Ciudad Autónoma de Buenos Aires,Comuna 14,913,DEMANDA_MEDIA,22,COLECTIVO,NEAREST,446.26868633459776
88c2e3c501fffff,Buenos Aires,Quilmes,913,DEMANDA_MEDIA,7,COLECTIVO,REPRESENTATIVE_POINT,
88c2e388d3fffff,Buenos Aires,La Matanza,913,DEMANDA_MEDIA,12,COLECTIVO,REPRESENTATIVE_POINT,
88c2e3c417fffff,Buenos Aires,Avellaneda,913,DEMANDA_MEDIA,7,COLECTIVO,REPRESENTATIVE_POINT,
88c2e38c81fffff,Buenos Aires,Hurlingham,913,DEMANDA_MEDIA,7,COLECTIVO,REPRESENTATIVE_POINT,
88c2e3a807fffff,Buenos Aires,Malvinas Argentinas,913,DEMANDA_MEDIA,7,COLECTIVO,REPRESENTATIVE_POINT,
88c2e3d69dfffff,Buenos Aires,Almirante Brown,912,DEMANDA_MEDIA,18,COLECTIVO,REPRESENTATIVE_POINT,
88c2e314adfffff,Buenos Aires,General San Martín,912,DEMANDA_MEDIA,7,COLECTIVO,REPRESENTATIVE_POINT,
88c2e3d4e3fffff,Buenos Aires,Almirante Brown,911,DEMANDA_MEDIA,17,COLECTIVO,REPRESENTATIVE_POINT,
88c2e31205fffff,Ciudad Autónoma de Buenos Aires,Comuna 8,911,DEMANDA_MEDIA,8,COLECTIVO,REPRESENTATIVE_POINT,
88c2e33705fffff,Buenos Aires,Escobar,910,DEMANDA_MEDIA,12,COLECTIVO,REPRESENTATIVE_POINT,
88c2e3140bfffff,Buenos Aires,General San Martín,909,DEMANDA_MEDIA,9,COLECTIVO,REPRESENTATIVE_POINT,
88c2e31623fffff,Buenos Aires,Tres de Febrero,909,DEMANDA_MEDIA,7,COLECTIVO,REPRESENTATIVE_POINT,
88c2e38f5bfffff,Buenos Aires,La Matanza,909,DEMANDA_MEDIA,8,COLECTIVO,REPRESENTATIVE_POINT,
88c2e3ac4dfffff,Buenos Aires,Pilar,909,DEMANDA_MEDIA,7,COLECTIVO,REPRESENTATIVE_POINT,
88c2e3888bfffff,Buenos Aires,La Matanza,908,DEMANDA_MEDIA,18,COLECTIVO,REPRESENTATIVE_POINT,
88c2e3af07fffff,Buenos Aires,Pilar,907,DEMANDA_MEDIA,17,COLECTIVO,REPRESENTATIVE_POINT,
88c2e398c7fffff,Buenos Aires,Esteban Echeverría,905,DEMANDA_MEDIA,7,COLECTIVO,REPRESENTATIVE_POINT,
88c2e3c70dfffff,Buenos Aires,Quilmes,903,DEMANDA_MEDIA,12,COLECTIVO,REPRESENTATIVE_POINT,
88c2e3c4cbfffff,Buenos Aires,Avellaneda,903,DEMANDA_MEDIA,17,COLECTIVO,REPRESENTATIVE_POINT,
88c2e3165dfffff,Buenos Aires,Morón,901,DEMANDA_MEDIA,17,COLECTIVO,REPRESENTATIVE_POINT,
88c2e3061dfffff,Buenos Aires,Tigre,901,DEMANDA_MEDIA,7,COLECTIVO,REPRESENTATIVE_POINT,
88c2e31299fffff,Ciudad Autónoma de Buenos Aires,Comuna 10,901,DEMANDA_MEDIA,12,COLECTIVO,REPRESENTATIVE_POINT,
88c2e385e5fffff,Buenos Aires,Merlo,901,DEMANDA_MEDIA,6,COLECTIVO,REPRESENTATIVE_POINT,
88c2e3894dfffff,Buenos Aires,Lomas de Zamora,901,DEMANDA_MEDIA,8,COLECTIVO,REPRESENTATIVE_POINT,
88c2e3ab63fffff,Buenos Aires,San Miguel,900,DEMANDA_MEDIA,7,COLECTIVO,REPRESENTATIVE_POINT,
88c2e3d489fffff,Buenos Aires,Almirante Brown,900,DEMANDA_MEDIA,7,COLECTIVO,REPRESENTATIVE_POINT,
88c2e3d569fffff,Buenos Aires,Florencio Varela,898,DEMANDA_MEDIA,6,COLECTIVO,REPRESENTATIVE_POINT,
88c2e398e5fffff,Buenos Aires,Esteban Echeverría,898,DEMANDA_MEDIA,12,COLECTIVO,REPRESENTATIVE_POINT,
88c2e2a583fffff,Buenos Aires,La Plata,897,DEMANDA_MEDIA,7,COLECTIVO,REPRESENTATIVE_POINT,
88c2e30619fffff,Buenos Aires,Tigre,896,DEMANDA_MEDIA,7,COLECTIVO,REPRESENTATIVE_POINT,
88c2e31525fffff,Buenos Aires,Vicente López,896,DEMANDA_MEDIA,16,COLECTIVO,REPRESENTATIVE_POINT,
88c2e315ebfffff,Buenos Aires,San Isidro,896,DEMANDA_MEDIA,18,COLECTIVO,REPRESENTATIVE_POINT,
88c2e380bbfffff,Buenos Aires,La Matanza,895,DEMANDA_MEDIA,6,COLECTIVO,REPRESENTATIVE_POINT,
88c2e3d94bfffff,Buenos Aires,La Plata,895,DEMANDA_MEDIA,7,TREN,REPRESENTATIVE_POINT,
88c2e3b939fffff,Buenos Aires,Hurlingham,895,DEMANDA_MEDIA,7,COLECTIVO,REPRESENTATIVE_POINT,
88c2e2a585fffff,Buenos Aires,La Plata,894,DEMANDA_MEDIA,12,COLECTIVO,REPRESENTATIVE_POINT,
88c2e3d733fffff,Buenos Aires,Florencio Varela,893,DEMANDA_MEDIA,7,COLECTIVO,REPRESENTATIVE_POINT,
88c2e3d461fffff,Buenos Aires,Florencio Varela,892,DEMANDA_MEDIA,7,COLECTIVO,REPRESENTATIVE_POINT,
88c2e3b9c7fffff,Buenos Aires,San Miguel,891,DEMANDA_MEDIA,17,COLECTIVO,REPRESENTATIVE_POINT,
88c2ee5721fffff,Buenos Aires,Zárate,891,DEMANDA_MEDIA,17,COLECTIVO,REPRESENTATIVE_POINT,
88c2e38dabfffff,Buenos Aires,Tres de Febrero,890,DEMANDA_MEDIA,7,COLECTIVO,REPRESENTATIVE_POINT,
88c2e38d69fffff,Buenos Aires,La Matanza,890,DEMANDA_MEDIA,12,COLECTIVO,REPRESENTATIVE_POINT,
88c2e3d1dbfffff,Buenos Aires,Berazategui,890,DEMANDA_MEDIA,7,COLECTIVO,REPRESENTATIVE_POINT,
88c2e3a923fffff,Buenos Aires,Tigre,889,DEMANDA_MEDIA,16,COLECTIVO,REPRESENTATIVE_POINT,
88c2e3a911fffff,Buenos Aires,Tigre,889,DEMANDA_MEDIA,7,COLECTIVO,REPRESENTATIVE_POINT,
88c2e38f53fffff,Buenos Aires,La Matanza,889,DEMANDA_MEDIA,6,COLECTIVO,REPRESENTATIVE_POINT,
88c2e38199fffff,Buenos Aires,La Matanza,889,DEMANDA_MEDIA,7,COLECTIVO,REPRESENTATIVE_POINT,
88c2e3d1d9fffff,Buenos Aires,Berazategui,888,DEMANDA_MEDIA,6,COLECTIVO,REPRESENTATIVE_POINT,
88c2e384d3fffff,Buenos Aires,Merlo,886,DEMANDA_MEDIA,18,COLECTIVO,REPRESENTATIVE_POINT,
88c2e30701fffff,Buenos Aires,San Isidro,886,DEMANDA_MEDIA,12,COLECTIVO,REPRESENTATIVE_POINT,
88c2e38cd7fffff,Buenos Aires,Hurlingham,885,DEMANDA_MEDIA,7,COLECTIVO,REPRESENTATIVE_POINT,
88c2e3a965fffff,Buenos Aires,Tigre,882,DEMANDA_MEDIA,7,COLECTIVO,REPRESENTATIVE_POINT,
88c2e38db5fffff,Buenos Aires,Tres de Febrero,881,DEMANDA_MEDIA,7,COLECTIVO,REPRESENTATIVE_POINT,
88c2e3b85bfffff,Buenos Aires,Moreno,881,DEMANDA_MEDIA,6,COLECTIVO,REPRESENTATIVE_POINT,
88c2e3a8e9fffff,Buenos Aires,Malvinas Argentinas,879,DEMANDA_MEDIA,6,COLECTIVO,REPRESENTATIVE_POINT,
88c2e3a901fffff,Buenos Aires,Tigre,878,DEMANDA_MEDIA,6,COLECTIVO,REPRESENTATIVE_POINT,
88c2e38e19fffff,Buenos Aires,La Matanza,876,DEMANDA_MEDIA,7,COLECTIVO,REPRESENTATIVE_POINT,
88c2e38f09fffff,Buenos Aires,La Matanza,875,DEMANDA_MEDIA,12,COLECTIVO,REPRESENTATIVE_POINT,
88c2e3db05fffff,Buenos Aires,La Plata,875,DEMANDA_MEDIA,12,COLECTIVO,REPRESENTATIVE_POINT,
88c2e384bdfffff,Buenos Aires,Merlo,875,DEMANDA_MEDIA,6,COLECTIVO,REPRESENTATIVE_POINT,
88c2e30755fffff,Buenos Aires,San Isidro,875,DEMANDA_MEDIA,6,COLECTIVO,REPRESENTATIVE_POINT,
88c2e398e1fffff,Buenos Aires,Esteban Echeverría,873,DEMANDA_MEDIA,7,COLECTIVO,REPRESENTATIVE_POINT,
88c2e3d70bfffff,Buenos Aires,Florencio Varela,872,DEMANDA_MEDIA,17,COLECTIVO,REPRESENTATIVE_POINT,
88c2e38d83fffff,Buenos Aires,Tres de Febrero,872,DEMANDA_MEDIA,16,COLECTIVO,REPRESENTATIVE_POINT,
88c2e3b13bfffff,Buenos Aires,Moreno,872,DEMANDA_MEDIA,12,COLECTIVO,REPRESENTATIVE_POINT,
88c2e3dae5fffff,Buenos Aires,La Plata,872,DEMANDA_MEDIA,16,COLECTIVO,REPRESENTATIVE_POINT,
88c2e06cbbfffff,Buenos Aires,Almirante Brown,871,DEMANDA_MEDIA,6,COLECTIVO,REPRESENTATIVE_POINT,
88c2e3a8b9fffff,Buenos Aires,Escobar,870,DEMANDA_MEDIA,8,COLECTIVO,REPRESENTATIVE_POINT,
88c2e3886bfffff,Buenos Aires,Lomas de Zamora,870,DEMANDA_MEDIA,12,COLECTIVO,REPRESENTATIVE_POINT,
88c2e30285fffff,Buenos Aires,Vicente López,868,DEMANDA_MEDIA,16,COLECTIVO,REPRESENTATIVE_POINT,
88c2e3b021fffff,Buenos Aires,Moreno,868,DEMANDA_MEDIA,6,COLECTIVO,REPRESENTATIVE_POINT,
88c2e3a85bfffff,Buenos Aires,Malvinas Argentinas,866,DEMANDA_MEDIA,7,COLECTIVO,REPRESENTATIVE_POINT,
88c2e3db47fffff,Buenos Aires,La Plata,865,DEMANDA_MEDIA,12,COLECTIVO,REPRESENTATIVE_POINT,
88c2e38a5dfffff,Buenos Aires,Esteban Echeverría,864,DEMANDA_MEDIA,7,COLECTIVO,REPRESENTATIVE_POINT,
88c2e3a859fffff,Buenos Aires,Malvinas Argentinas,864,DEMANDA_MEDIA,12,COLECTIVO,REPRESENTATIVE_POINT,
88c2e169e9fffff,Buenos Aires,Luján,864,DEMANDA_MEDIA,12,COLECTIVO,REPRESENTATIVE_POINT,
88c2e30349fffff,Ciudad Autónoma de Buenos Aires,Comuna 14,864,DEMANDA_MEDIA,19,COLECTIVO,REPRESENTATIVE_POINT,
88c2e3c0d9fffff,Buenos Aires,Berazategui,863,DEMANDA_MEDIA,7,COLECTIVO,REPRESENTATIVE_POINT,
88c2e38537fffff,Buenos Aires,Merlo,862,DEMANDA_MEDIA,6,COLECTIVO,REPRESENTATIVE_POINT,
88c2e38827fffff,Buenos Aires,Lomas de Zamora,861,DEMANDA_MEDIA,17,COLECTIVO,REPRESENTATIVE_POINT,
88c2e3c0d3fffff,Buenos Aires,Quilmes,861,DEMANDA_MEDIA,12,COLECTIVO,REPRESENTATIVE_POINT,
88c2ee52b7fffff,Buenos Aires,Zárate,860,DEMANDA_MEDIA,17,COLECTIVO,REPRESENTATIVE_POINT,
88c2e3902dfffff,Buenos Aires,Ezeiza,858,DEMANDA_MEDIA,7,COLECTIVO,REPRESENTATIVE_POINT,
88c2e33289fffff,Buenos Aires,Escobar,857,DEMANDA_MEDIA,18,COLECTIVO,REPRESENTATIVE_POINT,
88c2e3c2b9fffff,Buenos Aires,Berazategui,855,DEMANDA_MEDIA,7,COLECTIVO,REPRESENTATIVE_POINT,
88c2e3902bfffff,Buenos Aires,Ezeiza,855,DEMANDA_MEDIA,7,COLECTIVO,REPRESENTATIVE_POINT,
88c2eed8a7fffff,Buenos Aires,Exaltación de la Cruz,855,DEMANDA_MEDIA,16,COLECTIVO,REPRESENTATIVE_POINT,
88c2e38583fffff,Buenos Aires,Merlo,854,DEMANDA_MEDIA,6,COLECTIVO,REPRESENTATIVE_POINT,
88c2e311a7fffff,Ciudad Autónoma de Buenos Aires,Comuna 2,854,DEMANDA_MEDIA,7,COLECTIVO,REPRESENTATIVE_POINT,
88c2e2ace9fffff,Buenos Aires,La Plata,854,DEMANDA_MEDIA,12,COLECTIVO,REPRESENTATIVE_POINT,
88c2e38dddfffff,Buenos Aires,Morón,853,DEMANDA_MEDIA,12,COLECTIVO,REPRESENTATIVE_POINT,
88c2e3b845fffff,Buenos Aires,Ituzaingó,853,DEMANDA_MEDIA,17,COLECTIVO,REPRESENTATIVE_POINT,
88c2e3a197fffff,Buenos Aires,Pilar,853,DEMANDA_MEDIA,6,COLECTIVO,REPRESENTATIVE_POINT,
88c2e3bb19fffff,Buenos Aires,Ituzaingó,853,DEMANDA_MEDIA,7,COLECTIVO,REPRESENTATIVE_POINT,
88c2e39ab7fffff,Buenos Aires,Ezeiza,851,DEMANDA_MEDIA,7,COLECTIVO,REPRESENTATIVE_POINT,
88c2e3b1b3fffff,Buenos Aires,Moreno,850,DEMANDA_MEDIA,17,COLECTIVO,REPRESENTATIVE_POINT,
88c2e3d537fffff,Buenos Aires,Florencio Varela,848,DEMANDA_MEDIA,7,COLECTIVO,REPRESENTATIVE_POINT,
88c2e3b817fffff,Buenos Aires,Moreno,847,DEMANDA_MEDIA,7,COLECTIVO,REPRESENTATIVE_POINT,
88c2e388c7fffff,Buenos Aires,La Matanza,847,DEMANDA_MEDIA,14,COLECTIVO,REPRESENTATIVE_POINT,
88c2e3c2cbfffff,Buenos Aires,Florencio Varela,846,DEMANDA_MEDIA,7,COLECTIVO,REPRESENTATIVE_POINT,
88c2e31265fffff,Buenos Aires,Lanús,846,DEMANDA_MEDIA,16,COLECTIVO,REPRESENTATIVE_POINT,
88c2e385ebfffff,Buenos Aires,Merlo,846,DEMANDA_MEDIA,12,COLECTIVO,REPRESENTATIVE_POINT,
88c2e2a5a7fffff,Buenos Aires,La Plata,845,DEMANDA_MEDIA,7,COLECTIVO,REPRESENTATIVE_POINT,
88c2e2a5a1fffff,Buenos Aires,La Plata,844,DEMANDA_MEDIA,12,COLECTIVO,REPRESENTATIVE_POINT,
88c2e3d4edfffff,Buenos Aires,Florencio Varela,844,DEMANDA_MEDIA,9,COLECTIVO,REPRESENTATIVE_POINT,
88c2e3d94dfffff,Buenos Aires,La Plata,844,DEMANDA_MEDIA,12,COLECTIVO,REPRESENTATIVE_POINT,
88c2e3d43dfffff,Buenos Aires,Florencio Varela,844,DEMANDA_MEDIA,16,COLECTIVO,REPRESENTATIVE_POINT,
88c2e3a243fffff,Buenos Aires,General Rodríguez,844,DEMANDA_MEDIA,12,COLECTIVO,REPRESENTATIVE_POINT,
88c2e3d6b7fffff,Buenos Aires,Almirante Brown,841,DEMANDA_MEDIA,6,COLECTIVO,REPRESENTATIVE_POINT,
88c2e3859dfffff,Buenos Aires,Merlo,841,DEMANDA_MEDIA,8,COLECTIVO,REPRESENTATIVE_POINT,
88c2e315e1fffff,Buenos Aires,San Isidro,841,DEMANDA_MEDIA,16,COLECTIVO,REPRESENTATIVE_POINT,
88c2e3a213fffff,Buenos Aires,General Rodríguez,841,DEMANDA_MEDIA,6,COLECTIVO,REPRESENTATIVE_POINT,
88c2e38d03fffff,Buenos Aires,La Matanza,841,DEMANDA_MEDIA,16,COLECTIVO,REPRESENTATIVE_POINT,
88c2e3d597fffff,Buenos Aires,Quilmes,840,DEMANDA_MEDIA,12,COLECTIVO,REPRESENTATIVE_POINT,
88c2e38731fffff,Buenos Aires,Merlo,839,DEMANDA_MEDIA,6,COLECTIVO,REPRESENTATIVE_POINT,
88c2e3bb65fffff,Buenos Aires,Morón,839,DEMANDA_MEDIA,13,COLECTIVO,REPRESENTATIVE_POINT,
88c2e398bdfffff,Buenos Aires,Esteban Echeverría,839,DEMANDA_MEDIA,8,COLECTIVO,REPRESENTATIVE_POINT,
88c2e3a2e5fffff,Buenos Aires,Moreno,838,DEMANDA_MEDIA,6,COLECTIVO,REPRESENTATIVE_POINT,
88c2e306b3fffff,Buenos Aires,Tigre,838,DEMANDA_MEDIA,16,COLECTIVO,REPRESENTATIVE_POINT,
88c2e3d4c7fffff,Buenos Aires,Almirante Brown,837,DEMANDA_MEDIA,12,COLECTIVO,REPRESENTATIVE_POINT,
88c2e310e7fffff,Ciudad Autónoma de Buenos Aires,Comuna 15,837,DEMANDA_MEDIA,17,COLECTIVO,REPRESENTATIVE_POINT,
88c2e149ebfffff,Buenos Aires,Marcos Paz,837,DEMANDA_MEDIA,7,COLECTIVO,REPRESENTATIVE_POINT,
88c2e3162dfffff,Buenos Aires,Tres de Febrero,835,DEMANDA_MEDIA,12,COLECTIVO,REPRESENTATIVE_POINT,
88c2e3b5e3fffff,Buenos Aires,General Rodríguez,835,DEMANDA_MEDIA,7,COLECTIVO,REPRESENTATIVE_POINT,
88c2e3d491fffff,Buenos Aires,Almirante Brown,835,DEMANDA_MEDIA,7,COLECTIVO,REPRESENTATIVE_POINT,
88c2e31533fffff,Buenos Aires,Vicente López,835,DEMANDA_MEDIA,12,COLECTIVO,REPRESENTATIVE_POINT,
88c2e06eb9fffff,Buenos Aires,Presidente Perón,835,DEMANDA_MEDIA,7,COLECTIVO,REPRESENTATIVE_POINT,
88c2e3b361fffff,Buenos Aires,Merlo,834,DEMANDA_MEDIA,6,COLECTIVO,REPRESENTATIVE_POINT,
88c2e3c0c7fffff,Buenos Aires,Berazategui,834,DEMANDA_MEDIA,7,COLECTIVO,REPRESENTATIVE_POINT,
88c2e38945fffff,Buenos Aires,Lomas de Zamora,834,DEMANDA_MEDIA,7,COLECTIVO,REPRESENTATIVE_POINT,
88c2e38dcdfffff,Buenos Aires,La Matanza,834,DEMANDA_MEDIA,12,COLECTIVO,REPRESENTATIVE_POINT,
88c2e384a7fffff,Buenos Aires,Merlo,832,DEMANDA_MEDIA,17,COLECTIVO,REPRESENTATIVE_POINT,
88c2e399b7fffff,Buenos Aires,Lomas de Zamora,831,DEMANDA_MEDIA,7,COLECTIVO,REPRESENTATIVE_POINT,
88c2e315e5fffff,Buenos Aires,San Isidro,831,DEMANDA_MEDIA,17,COLECTIVO,INTERSECCION_MAYOR_AREA,
88c2e380edfffff,Buenos Aires,La Matanza,830,DEMANDA_MEDIA,7,COLECTIVO,REPRESENTATIVE_POINT,
88c2e31701fffff,Buenos Aires,General San Martín,830,DEMANDA_MEDIA,7,COLECTIVO,REPRESENTATIVE_POINT,
88c2e3a9cbfffff,Buenos Aires,Malvinas Argentinas,828,DEMANDA_MEDIA,14,COLECTIVO,REPRESENTATIVE_POINT,
88c2e306b5fffff,Buenos Aires,Tigre,828,DEMANDA_MEDIA,17,COLECTIVO,REPRESENTATIVE_POINT,
88c2e316e1fffff,Buenos Aires,Tres de Febrero,827,DEMANDA_MEDIA,6,COLECTIVO,REPRESENTATIVE_POINT,
88c2e33215fffff,Buenos Aires,Escobar,827,DEMANDA_MEDIA,12,COLECTIVO,REPRESENTATIVE_POINT,
88c2e38a51fffff,Buenos Aires,Esteban Echeverría,827,DEMANDA_MEDIA,12,COLECTIVO,REPRESENTATIVE_POINT,
88c2e38f19fffff,Buenos Aires,La Matanza,826,DEMANDA_MEDIA,7,COLECTIVO,REPRESENTATIVE_POINT,
88c2e3b159fffff,Buenos Aires,Merlo,826,DEMANDA_MEDIA,6,COLECTIVO,REPRESENTATIVE_POINT,
88c2e30637fffff,Buenos Aires,Tigre,825,DEMANDA_MEDIA,7,COLECTIVO,REPRESENTATIVE_POINT,
88c2e39001fffff,Buenos Aires,Ezeiza,825,DEMANDA_MEDIA,7,COLECTIVO,REPRESENTATIVE_POINT,
88c2e06ec9fffff,Buenos Aires,San Vicente,825,DEMANDA_MEDIA,6,COLECTIVO,REPRESENTATIVE_POINT,
88c2e38d99fffff,Buenos Aires,Morón,824,DEMANDA_MEDIA,7,COLECTIVO,REPRESENTATIVE_POINT,
88c2e30291fffff,Buenos Aires,San Isidro,824,DEMANDA_MEDIA,7,COLECTIVO,REPRESENTATIVE_POINT,
88c2e39a93fffff,Buenos Aires,Ezeiza,823,DEMANDA_MEDIA,6,COLECTIVO,REPRESENTATIVE_POINT,
88c2e38521fffff,Buenos Aires,Merlo,823,DEMANDA_MEDIA,7,COLECTIVO,REPRESENTATIVE_POINT,
88c2e39939fffff,Buenos Aires,Almirante Brown,821,DEMANDA_MEDIA,7,COLECTIVO,REPRESENTATIVE_POINT,
88c2e3c405fffff,Buenos Aires,Quilmes,820,DEMANDA_MEDIA,7,COLECTIVO,REPRESENTATIVE_POINT,
88c2e3c545fffff,Buenos Aires,Quilmes,819,DEMANDA_MEDIA,7,COLECTIVO,REPRESENTATIVE_POINT,
88c2e30413fffff,Buenos Aires,Tigre,818,DEMANDA_MEDIA,7,COLECTIVO,REPRESENTATIVE_POINT,
88c2e3c635fffff,Buenos Aires,Quilmes,818,DEMANDA_MEDIA,6,COLECTIVO,REPRESENTATIVE_POINT,
88c2e38b69fffff,Buenos Aires,Almirante Brown,818,DEMANDA_MEDIA,13,COLECTIVO,REPRESENTATIVE_POINT,
88c2e2a5e5fffff,Buenos Aires,La Plata,818,DEMANDA_MEDIA,12,COLECTIVO,REPRESENTATIVE_POINT,
88c2e38e57fffff,Buenos Aires,La Matanza,817,DEMANDA_MEDIA,6,COLECTIVO,REPRESENTATIVE_POINT,
88c2e2a451fffff,Buenos Aires,La Plata,816,DEMANDA_MEDIA,12,COLECTIVO,REPRESENTATIVE_POINT,
88c2e39915fffff,Buenos Aires,Almirante Brown,816,DEMANDA_MEDIA,17,COLECTIVO,REPRESENTATIVE_POINT,
88c2e3ba1bfffff,Buenos Aires,Moreno,815,DEMANDA_MEDIA,17,COLECTIVO,REPRESENTATIVE_POINT,
88c2e39a9bfffff,Buenos Aires,Ezeiza,813,DEMANDA_MEDIA,6,COLECTIVO,REPRESENTATIVE_POINT,
88c2e31121fffff,Ciudad Autónoma de Buenos Aires,Comuna 4,813,DEMANDA_MEDIA,17,COLECTIVO,REPRESENTATIVE_POINT,
88c2e3c009fffff,Buenos Aires,Berazategui,812,DEMANDA_MEDIA,11,COLECTIVO,REPRESENTATIVE_POINT,
88c2e30649fffff,Buenos Aires,Tigre,811,DEMANDA_MEDIA,7,COLECTIVO,INTERSECCION_MAYOR_AREA,
88c2e31723fffff,Buenos Aires,General San Martín,810,DEMANDA_MEDIA,7,COLECTIVO,REPRESENTATIVE_POINT,
88c2e39987fffff,Buenos Aires,Almirante Brown,807,DEMANDA_MEDIA,12,COLECTIVO,REPRESENTATIVE_POINT,
88c2e3aa61fffff,Buenos Aires,San Miguel,807,DEMANDA_MEDIA,7,COLECTIVO,REPRESENTATIVE_POINT,
88c2e39921fffff,Buenos Aires,Almirante Brown,807,DEMANDA_MEDIA,6,COLECTIVO,REPRESENTATIVE_POINT,
88c2e3ba99fffff,Buenos Aires,Moreno,807,DEMANDA_MEDIA,12,COLECTIVO,REPRESENTATIVE_POINT,
88c2e3ba0bfffff,Buenos Aires,Merlo,806,DEMANDA_MEDIA,6,COLECTIVO,REPRESENTATIVE_POINT,
88c2e389c7fffff,Buenos Aires,Lanús,806,DEMANDA_MEDIA,7,COLECTIVO,INTERSECCION_MAYOR_AREA,
88c2e38523fffff,Buenos Aires,Merlo,806,DEMANDA_MEDIA,12,COLECTIVO,REPRESENTATIVE_POINT,
88c2e3bb17fffff,Buenos Aires,Ituzaingó,805,DEMANDA_MEDIA,17,COLECTIVO,REPRESENTATIVE_POINT,
88c2e315c7fffff,Buenos Aires,San Isidro,805,DEMANDA_MEDIA,7,COLECTIVO,REPRESENTATIVE_POINT,
88c2e3c43dfffff,Buenos Aires,Quilmes,803,DEMANDA_MEDIA,7,COLECTIVO,REPRESENTATIVE_POINT,
88c2e38c8dfffff,Buenos Aires,Morón,803,DEMANDA_MEDIA,17,COLECTIVO,REPRESENTATIVE_POINT,
88c2e38909fffff,Buenos Aires,Lomas de Zamora,803,DEMANDA_MEDIA,7,COLECTIVO,REPRESENTATIVE_POINT,
88c2e3cb4dfffff,Buenos Aires,Ensenada,802,DEMANDA_MEDIA,13,COLECTIVO,REPRESENTATIVE_POINT,
88c2e3a8b7fffff,Buenos Aires,Escobar,800,DEMANDA_MEDIA,7,COLECTIVO,REPRESENTATIVE_POINT,
88c2e3d559fffff,Buenos Aires,Florencio Varela,800,DEMANDA_MEDIA,5,COLECTIVO,REPRESENTATIVE_POINT,
88c2e38d89fffff,Buenos Aires,Morón,800,DEMANDA_MEDIA,6,COLECTIVO,REPRESENTATIVE_POINT,
88c2e31625fffff,Buenos Aires,General San Martín,799,DEMANDA_MEDIA,7,COLECTIVO,REPRESENTATIVE_POINT,
88c2e3b539fffff,Buenos Aires,General Rodríguez,798,DEMANDA_MEDIA,9,COLECTIVO,REPRESENTATIVE_POINT,
88c2e39969fffff,Buenos Aires,Almirante Brown,797,DEMANDA_MEDIA,7,COLECTIVO,REPRESENTATIVE_POINT,
88c2e23745fffff,Buenos Aires,Berisso,797,DEMANDA_MEDIA,7,COLECTIVO,REPRESENTATIVE_POINT,
88c2e3890dfffff,Buenos Aires,Lomas de Zamora,797,DEMANDA_MEDIA,7,COLECTIVO,REPRESENTATIVE_POINT,
88c2e23709fffff,Buenos Aires,Berisso,794,DEMANDA_MEDIA,6,COLECTIVO,REPRESENTATIVE_POINT,
88c2e3a045fffff,Buenos Aires,Moreno,794,DEMANDA_MEDIA,17,COLECTIVO,REPRESENTATIVE_POINT,
88c2e3805bfffff,Buenos Aires,La Matanza,794,DEMANDA_MEDIA,7,COLECTIVO,REPRESENTATIVE_POINT,
88c2e3ad45fffff,Buenos Aires,Pilar,794,DEMANDA_MEDIA,7,COLECTIVO,REPRESENTATIVE_POINT,
88c2e3142dfffff,Buenos Aires,General San Martín,794,DEMANDA_MEDIA,7,COLECTIVO,REPRESENTATIVE_POINT,
88c2e38a91fffff,Buenos Aires,La Matanza,793,DEMANDA_MEDIA,12,COLECTIVO,REPRESENTATIVE_POINT,
88c2e06c91fffff,Buenos Aires,Almirante Brown,792,DEMANDA_MEDIA,12,COLECTIVO,REPRESENTATIVE_POINT,
88c2e2ae85fffff,Buenos Aires,La Plata,792,DEMANDA_MEDIA,14,COLECTIVO,REPRESENTATIVE_POINT,
88c2e302a9fffff,Buenos Aires,Vicente López,791,DEMANDA_MEDIA,13,COLECTIVO,REPRESENTATIVE_POINT,
88c2e3ab37fffff,Buenos Aires,Malvinas Argentinas,791,DEMANDA_MEDIA,7,COLECTIVO,REPRESENTATIVE_POINT,
88c2e31437fffff,Buenos Aires,General San Martín,790,DEMANDA_MEDIA,7,COLECTIVO,REPRESENTATIVE_POINT,
88c2e399d1fffff,Buenos Aires,Esteban Echeverría,789,DEMANDA_MEDIA,8,COLECTIVO,REPRESENTATIVE_POINT,
88c2e3d5c1fffff,Buenos Aires,Florencio Varela,789,DEMANDA_MEDIA,17,COLECTIVO,REPRESENTATIVE_POINT,
88c2e2a5abfffff,Buenos Aires,La Plata,788,DEMANDA_MEDIA,12,COLECTIVO,REPRESENTATIVE_POINT,
88c2e2acbdfffff,Buenos Aires,Berisso,787,DEMANDA_MEDIA,19,COLECTIVO,REPRESENTATIVE_POINT,
88c2ee5225fffff,Buenos Aires,Campana,787,DEMANDA_MEDIA,17,COLECTIVO,REPRESENTATIVE_POINT,
88c2e3ba27fffff,Buenos Aires,Ituzaingó,787,DEMANDA_MEDIA,16,COLECTIVO,REPRESENTATIVE_POINT,
88c2e380cbfffff,Buenos Aires,La Matanza,787,DEMANDA_MEDIA,7,COLECTIVO,REPRESENTATIVE_POINT,
88c2e149c1fffff,Buenos Aires,Marcos Paz,787,DEMANDA_MEDIA,17,COLECTIVO,REPRESENTATIVE_POINT,
88c2e31503fffff,Buenos Aires,Vicente López,786,DEMANDA_MEDIA,12,COLECTIVO,REPRESENTATIVE_POINT,
88c2e3b88bfffff,Buenos Aires,Moreno,786,DEMANDA_MEDIA,9,COLECTIVO,REPRESENTATIVE_POINT,
88c2e3bb67fffff,Buenos Aires,Ituzaingó,783,DEMANDA_MEDIA,12,COLECTIVO,REPRESENTATIVE_POINT,
88c2e388d5fffff,Buenos Aires,La Matanza,782,DEMANDA_MEDIA,11,COLECTIVO,REPRESENTATIVE_POINT,
88c2e3c067fffff,Buenos Aires,Berazategui,781,DEMANDA_MEDIA,6,COLECTIVO,REPRESENTATIVE_POINT,
88c2e3b113fffff,Buenos Aires,Moreno,781,DEMANDA_MEDIA,12,COLECTIVO,REPRESENTATIVE_POINT,
88c2e06ec1fffff,Buenos Aires,San Vicente,781,DEMANDA_MEDIA,7,COLECTIVO,REPRESENTATIVE_POINT,
88c2e398cbfffff,Buenos Aires,Esteban Echeverría,779,DEMANDA_MEDIA,7,COLECTIVO,REPRESENTATIVE_POINT,
88c2e3b19bfffff,Buenos Aires,Moreno,779,DEMANDA_MEDIA,6,COLECTIVO,REPRESENTATIVE_POINT,
88c2e3ac1dfffff,Buenos Aires,Pilar,779,DEMANDA_MEDIA,6,COLECTIVO,REPRESENTATIVE_POINT,
88c2e315d9fffff,Buenos Aires,General San Martín,779,DEMANDA_MEDIA,7,COLECTIVO,REPRESENTATIVE_POINT,
88c2e3bab1fffff,Buenos Aires,Moreno,779,DEMANDA_MEDIA,7,COLECTIVO,REPRESENTATIVE_POINT,
88c2e3872dfffff,Buenos Aires,La Matanza,778,DEMANDA_MEDIA,7,COLECTIVO,REPRESENTATIVE_POINT,
88c2e385dbfffff,Buenos Aires,Merlo,777,DEMANDA_MEDIA,6,COLECTIVO,REPRESENTATIVE_POINT,
88c2e38b51fffff,Buenos Aires,Lomas de Zamora,775,DEMANDA_MEDIA,17,COLECTIVO,REPRESENTATIVE_POINT,
88c2e31629fffff,Buenos Aires,Tres de Febrero,775,DEMANDA_MEDIA,17,COLECTIVO,REPRESENTATIVE_POINT,
88c2e3c29bfffff,Buenos Aires,Berazategui,774,DEMANDA_MEDIA,7,COLECTIVO,REPRESENTATIVE_POINT,
88c2e31753fffff,Buenos Aires,General San Martín,773,DEMANDA_MEDIA,7,COLECTIVO,REPRESENTATIVE_POINT,
88c2e3d869fffff,Buenos Aires,La Plata,773,DEMANDA_MEDIA,12,COLECTIVO,REPRESENTATIVE_POINT,
88c2e3aee1fffff,Buenos Aires,Pilar,773,DEMANDA_MEDIA,17,COLECTIVO,REPRESENTATIVE_POINT,
88c2e2a4a5fffff,Buenos Aires,La Plata,773,DEMANDA_MEDIA,7,COLECTIVO,REPRESENTATIVE_POINT,
88c2e3c219fffff,Buenos Aires,Florencio Varela,773,DEMANDA_MEDIA,7,COLECTIVO,REPRESENTATIVE_POINT,
88c2e3041bfffff,Buenos Aires,Tigre,772,DEMANDA_MEDIA,7,COLECTIVO,REPRESENTATIVE_POINT,
88c2e3a265fffff,Buenos Aires,Moreno,770,DEMANDA_MEDIA,12,COLECTIVO,REPRESENTATIVE_POINT,
88c2e3a1b1fffff,Buenos Aires,Pilar,769,DEMANDA_MEDIA,7,COLECTIVO,REPRESENTATIVE_POINT,
88c2e38c43fffff,Buenos Aires,La Matanza,769,DEMANDA_MEDIA,6,COLECTIVO,REPRESENTATIVE_POINT,
88c2e3bb05fffff,Buenos Aires,Ituzaingó,768,DEMANDA_MEDIA,12,COLECTIVO,REPRESENTATIVE_POINT,
88c2e3d6abfffff,Buenos Aires,Almirante Brown,767,DEMANDA_MEDIA,7,COLECTIVO,REPRESENTATIVE_POINT,
88c2e330dbfffff,Buenos Aires,Escobar,767,DEMANDA_MEDIA,7,COLECTIVO,REPRESENTATIVE_POINT,
88c2e3ba67fffff,Buenos Aires,Merlo,766,DEMANDA_MEDIA,7,COLECTIVO,REPRESENTATIVE_POINT,
88c2e2ac87fffff,Buenos Aires,Berisso,766,DEMANDA_MEDIA,12,COLECTIVO,REPRESENTATIVE_POINT,
88c2e3af59fffff,Buenos Aires,Pilar,765,DEMANDA_MEDIA,7,COLECTIVO,REPRESENTATIVE_POINT,
88c2e3d6b3fffff,Buenos Aires,Almirante Brown,765,DEMANDA_MEDIA,7,COLECTIVO,REPRESENTATIVE_POINT,
88c2e3900dfffff,Buenos Aires,Ezeiza,763,DEMANDA_MEDIA,12,COLECTIVO,REPRESENTATIVE_POINT,
88c2e3b5c7fffff,Buenos Aires,General Rodríguez,763,DEMANDA_MEDIA,16,COLECTIVO,REPRESENTATIVE_POINT,
88c2e3aa33fffff,Buenos Aires,José C. Paz,763,DEMANDA_MEDIA,7,COLECTIVO,REPRESENTATIVE_POINT,
88c2e3c563fffff,Buenos Aires,Quilmes,763,DEMANDA_MEDIA,12,COLECTIVO,REPRESENTATIVE_POINT,
88c2e38923fffff,Buenos Aires,Lanús,763,DEMANDA_MEDIA,7,COLECTIVO,REPRESENTATIVE_POINT,
88c2e380dbfffff,Buenos Aires,La Matanza,763,DEMANDA_MEDIA,7,COLECTIVO,REPRESENTATIVE_POINT,
88c2e3155dfffff,Buenos Aires,General San Martín,762,DEMANDA_MEDIA,7,COLECTIVO,REPRESENTATIVE_POINT,
88c2e3c231fffff,Buenos Aires,Berazategui,762,DEMANDA_MEDIA,12,COLECTIVO,REPRESENTATIVE_POINT,
88c2e31049fffff,Ciudad Autónoma de Buenos Aires,Comuna 7,761,DEMANDA_MEDIA,7,COLECTIVO,REPRESENTATIVE_POINT,
88c2e3af13fffff,Buenos Aires,Pilar,761,DEMANDA_MEDIA,7,COLECTIVO,REPRESENTATIVE_POINT,
88c2e38f05fffff,Buenos Aires,La Matanza,760,DEMANDA_MEDIA,7,COLECTIVO,REPRESENTATIVE_POINT,
88c2e3da81fffff,Buenos Aires,La Plata,760,DEMANDA_MEDIA,12,COLECTIVO,REPRESENTATIVE_POINT,
88c2e38193fffff,Buenos Aires,La Matanza,760,DEMANDA_MEDIA,6,COLECTIVO,REPRESENTATIVE_POINT,
88c2e2af13fffff,Buenos Aires,La Plata,758,DEMANDA_MEDIA,16,COLECTIVO,REPRESENTATIVE_POINT,
88c2ee576dfffff,Buenos Aires,Zárate,758,DEMANDA_MEDIA,7,COLECTIVO,REPRESENTATIVE_POINT,
88c2e3992bfffff,Buenos Aires,Almirante Brown,758,DEMANDA_MEDIA,7,COLECTIVO,REPRESENTATIVE_POINT,
88c2e3b8a3fffff,Buenos Aires,San Miguel,758,DEMANDA_MEDIA,12,COLECTIVO,REPRESENTATIVE_POINT,
88c2e3bb03fffff,Buenos Aires,Ituzaingó,758,DEMANDA_MEDIA,7,COLECTIVO,REPRESENTATIVE_POINT,
88c2e31093fffff,Ciudad Autónoma de Buenos Aires,Comuna 12,757,DEMANDA_MEDIA,16,COLECTIVO,REPRESENTATIVE_POINT,
88c2e38c35fffff,Buenos Aires,La Matanza,756,DEMANDA_MEDIA,7,COLECTIVO,REPRESENTATIVE_POINT,
88c2e3aa83fffff,Buenos Aires,José C. Paz,756,DEMANDA_MEDIA,7,COLECTIVO,REPRESENTATIVE_POINT,
88c2e3d527fffff,Buenos Aires,Florencio Varela,754,DEMANDA_MEDIA,12,COLECTIVO,REPRESENTATIVE_POINT,
88c2e3d859fffff,Buenos Aires,La Plata,754,DEMANDA_MEDIA,13,COLECTIVO,REPRESENTATIVE_POINT,
88c2e39901fffff,Buenos Aires,Almirante Brown,753,DEMANDA_MEDIA,17,COLECTIVO,REPRESENTATIVE_POINT,
88c2e3c48dfffff,Buenos Aires,Avellaneda,752,DEMANDA_MEDIA,15,COLECTIVO,REPRESENTATIVE_POINT,
88c2e39931fffff,Buenos Aires,Almirante Brown,751,DEMANDA_MEDIA,17,COLECTIVO,REPRESENTATIVE_POINT,
88c2e3c093fffff,Buenos Aires,Quilmes,751,DEMANDA_MEDIA,7,COLECTIVO,REPRESENTATIVE_POINT,
88c2e38d2bfffff,Ciudad Autónoma de Buenos Aires,Comuna 9,751,DEMANDA_MEDIA,17,COLECTIVO,REPRESENTATIVE_POINT,
88c2e23603fffff,Buenos Aires,Ensenada,750,DEMANDA_MEDIA,12,COLECTIVO,REPRESENTATIVE_POINT,
88c2e2a5e1fffff,Buenos Aires,La Plata,749,DEMANDA_MEDIA,7,COLECTIVO,REPRESENTATIVE_POINT,
88c2e3a1e5fffff,Buenos Aires,José C. Paz,749,DEMANDA_MEDIA,6,COLECTIVO,REPRESENTATIVE_POINT,
88c2e3d4e5fffff,Buenos Aires,Florencio Varela,748,DEMANDA_MEDIA,7,COLECTIVO,REPRESENTATIVE_POINT,
88c2e3372dfffff,Buenos Aires,Escobar,747,DEMANDA_MEDIA,12,COLECTIVO,REPRESENTATIVE_POINT,
88c2e3db3dfffff,Buenos Aires,La Plata,747,DEMANDA_MEDIA,7,COLECTIVO,REPRESENTATIVE_POINT,
88c2e385c3fffff,Buenos Aires,Merlo,747,DEMANDA_MEDIA,11,COLECTIVO,REPRESENTATIVE_POINT,
88c2e3db01fffff,Buenos Aires,La Plata,747,DEMANDA_MEDIA,15,COLECTIVO,REPRESENTATIVE_POINT,
88c2e3acedfffff,Buenos Aires,Pilar,746,DEMANDA_MEDIA,17,COLECTIVO,REPRESENTATIVE_POINT,
88c2e39885fffff,Buenos Aires,Esteban Echeverría,746,DEMANDA_MEDIA,6,COLECTIVO,REPRESENTATIVE_POINT,
88c2e3ae87fffff,Buenos Aires,Pilar,746,DEMANDA_MEDIA,17,COLECTIVO,REPRESENTATIVE_POINT,
88c2e3075dfffff,Buenos Aires,San Isidro,745,DEMANDA_MEDIA,15,COLECTIVO,REPRESENTATIVE_POINT,
88c2e3bae3fffff,Buenos Aires,Moreno,744,DEMANDA_MEDIA,7,COLECTIVO,REPRESENTATIVE_POINT,
88c2e31735fffff,Buenos Aires,General San Martín,743,DEMANDA_MEDIA,8,COLECTIVO,REPRESENTATIVE_POINT,
88c2e3a839fffff,Buenos Aires,Malvinas Argentinas,743,DEMANDA_MEDIA,7,COLECTIVO,REPRESENTATIVE_POINT,
88c2e3c741fffff,Buenos Aires,Quilmes,742,DEMANDA_MEDIA,12,COLECTIVO,REPRESENTATIVE_POINT,
88c2e2a457fffff,Buenos Aires,La Plata,742,DEMANDA_MEDIA,17,COLECTIVO,REPRESENTATIVE_POINT,
88c2e2a5e3fffff,Buenos Aires,La Plata,742,DEMANDA_MEDIA,12,COLECTIVO,REPRESENTATIVE_POINT,
88c2e3a89bfffff,Buenos Aires,Pilar,742,DEMANDA_MEDIA,6,COLECTIVO,REPRESENTATIVE_POINT,
88c2e3c057fffff,Buenos Aires,Berazategui,740,DEMANDA_MEDIA,7,COLECTIVO,REPRESENTATIVE_POINT,
88c2eec9bdfffff,Buenos Aires,Campana,740,DEMANDA_MEDIA,14,COLECTIVO,REPRESENTATIVE_POINT,
88c2e3a98dfffff,Buenos Aires,Tigre,738,DEMANDA_MEDIA,16,COLECTIVO,REPRESENTATIVE_POINT,
88c2e3a187fffff,Buenos Aires,Pilar,737,DEMANDA_MEDIA,5,COLECTIVO,REPRESENTATIVE_POINT,
88c2e38ee9fffff,Buenos Aires,Morón,735,DEMANDA_MEDIA,7,COLECTIVO,REPRESENTATIVE_POINT,
88c2e3bb5dfffff,Buenos Aires,Ituzaingó,735,DEMANDA_MEDIA,7,COLECTIVO,REPRESENTATIVE_POINT,
88c2e3c553fffff,Buenos Aires,Quilmes,735,DEMANDA_MEDIA,16,COLECTIVO,REPRESENTATIVE_POINT,
88c2e31405fffff,Buenos Aires,General San Martín,735,DEMANDA_MEDIA,17,COLECTIVO,REPRESENTATIVE_POINT,
88c2e3dab1fffff,Buenos Aires,La Plata,734,DEMANDA_MEDIA,9,COLECTIVO,REPRESENTATIVE_POINT,
88c2e398a9fffff,Buenos Aires,Esteban Echeverría,734,DEMANDA_MEDIA,17,COLECTIVO,REPRESENTATIVE_POINT,
88c2e38811fffff,Buenos Aires,Lomas de Zamora,734,DEMANDA_MEDIA,7,COLECTIVO,REPRESENTATIVE_POINT,
88c2e3bb5bfffff,Buenos Aires,Merlo,734,DEMANDA_MEDIA,12,COLECTIVO,REPRESENTATIVE_POINT,
88c2e3911bfffff,Buenos Aires,Ezeiza,734,DEMANDA_MEDIA,12,COLECTIVO,REPRESENTATIVE_POINT,
88c2e3b4a5fffff,Buenos Aires,General Rodríguez,732,DEMANDA_MEDIA,7,COLECTIVO,REPRESENTATIVE_POINT,
88c2e39929fffff,Buenos Aires,Almirante Brown,731,DEMANDA_MEDIA,7,COLECTIVO,REPRESENTATIVE_POINT,
88c2e3a8d3fffff,Buenos Aires,Pilar,731,DEMANDA_MEDIA,16,COLECTIVO,REPRESENTATIVE_POINT,
88c2e38e05fffff,Buenos Aires,La Matanza,731,DEMANDA_MEDIA,10,COLECTIVO,REPRESENTATIVE_POINT,
88c2e31659fffff,Buenos Aires,Hurlingham,730,DEMANDA_MEDIA,12,COLECTIVO,REPRESENTATIVE_POINT,
88c2e3076bfffff,Buenos Aires,San Isidro,730,DEMANDA_MEDIA,15,COLECTIVO,REPRESENTATIVE_POINT,
88c2e39135fffff,Buenos Aires,Ezeiza,730,DEMANDA_MEDIA,6,COLECTIVO,REPRESENTATIVE_POINT,
88c2e3c763fffff,Buenos Aires,Quilmes,730,DEMANDA_MEDIA,7,COLECTIVO,REPRESENTATIVE_POINT,
88c2e38f37fffff,Buenos Aires,La Matanza,729,DEMANDA_MEDIA,6,COLECTIVO,REPRESENTATIVE_POINT,
88c2e38f65fffff,Buenos Aires,La Matanza,728,DEMANDA_MEDIA,17,COLECTIVO,REPRESENTATIVE_POINT,
88c2e3bab9fffff,Buenos Aires,Moreno,728,DEMANDA_MEDIA,7,COLECTIVO,REPRESENTATIVE_POINT,
88c2e38a3bfffff,Buenos Aires,Esteban Echeverría,728,DEMANDA_MEDIA,6,COLECTIVO,REPRESENTATIVE_POINT,
88c2e2368bfffff,Buenos Aires,Ensenada,728,DEMANDA_MEDIA,7,COLECTIVO,INTERSECCION_MAYOR_AREA,
88c2e06e87fffff,Buenos Aires,Presidente Perón,727,DEMANDA_MEDIA,7,COLECTIVO,REPRESENTATIVE_POINT,
88c2e3d553fffff,Buenos Aires,Florencio Varela,727,DEMANDA_MEDIA,11,COLECTIVO,REPRESENTATIVE_POINT,
88c2e38733fffff,Buenos Aires,Merlo,726,DEMANDA_MEDIA,6,COLECTIVO,REPRESENTATIVE_POINT,
88c2e399dbfffff,Buenos Aires,Esteban Echeverría,725,DEMANDA_MEDIA,17,COLECTIVO,REPRESENTATIVE_POINT,
88c2e3d5c3fffff,Buenos Aires,Florencio Varela,725,DEMANDA_MEDIA,7,COLECTIVO,REPRESENTATIVE_POINT,
88c2e38da3fffff,Buenos Aires,Tres de Febrero,725,DEMANDA_MEDIA,16,COLECTIVO,REPRESENTATIVE_POINT,
88c2e3bb27fffff,Buenos Aires,Hurlingham,725,DEMANDA_MEDIA,7,COLECTIVO,REPRESENTATIVE_POINT,
88c2e3a2e9fffff,Buenos Aires,General Rodríguez,723,DEMANDA_MEDIA,6,COLECTIVO,REPRESENTATIVE_POINT,
88c2e38a6bfffff,Buenos Aires,Esteban Echeverría,723,DEMANDA_MEDIA,17,COLECTIVO,REPRESENTATIVE_POINT,
88c2e38aadfffff,Buenos Aires,Lomas de Zamora,722,DEMANDA_MEDIA,6,COLECTIVO,REPRESENTATIVE_POINT,
88c2e3aea7fffff,Buenos Aires,Pilar,722,DEMANDA_MEDIA,17,COLECTIVO,REPRESENTATIVE_POINT,
88c2e3ad27fffff,Buenos Aires,Escobar,722,DEMANDA_MEDIA,12,COLECTIVO,REPRESENTATIVE_POINT,
88c2e3aa05fffff,Buenos Aires,San Miguel,721,DEMANDA_MEDIA,7,COLECTIVO,REPRESENTATIVE_POINT,
88c2e3d6cdfffff,Buenos Aires,Almirante Brown,721,DEMANDA_MEDIA,6,COLECTIVO,REPRESENTATIVE_POINT,
88c2e3075bfffff,Buenos Aires,San Fernando,721,DEMANDA_MEDIA,8,COLECTIVO,REPRESENTATIVE_POINT,
88c2e39905fffff,Buenos Aires,Almirante Brown,720,DEMANDA_MEDIA,7,COLECTIVO,REPRESENTATIVE_POINT,
88c2e3db31fffff,Buenos Aires,La Plata,719,DEMANDA_MEDIA,16,COLECTIVO,REPRESENTATIVE_POINT,
88c2e39995fffff,Buenos Aires,Esteban Echeverría,719,DEMANDA_MEDIA,7,COLECTIVO,REPRESENTATIVE_POINT,
88c2e38525fffff,Buenos Aires,La Matanza,718,DEMANDA_MEDIA,7,COLECTIVO,INTERSECCION_MAYOR_AREA,
88c2e2ae99fffff,Buenos Aires,La Plata,717,DEMANDA_MEDIA,12,COLECTIVO,REPRESENTATIVE_POINT,
88c2e391e1fffff,Buenos Aires,Ezeiza,717,DEMANDA_MEDIA,10,COLECTIVO,REPRESENTATIVE_POINT,
88c2e3aee7fffff,Buenos Aires,Pilar,716,DEMANDA_MEDIA,11,COLECTIVO,REPRESENTATIVE_POINT,
88c2e39063fffff,Buenos Aires,Ezeiza,715,DEMANDA_MEDIA,12,COLECTIVO,REPRESENTATIVE_POINT,
88c2e31403fffff,Buenos Aires,General San Martín,713,DEMANDA_MEDIA,6,COLECTIVO,REPRESENTATIVE_POINT,
88c2e3b8b7fffff,Buenos Aires,San Miguel,712,DEMANDA_MEDIA,8,COLECTIVO,REPRESENTATIVE_POINT,
88c2e39067fffff,Buenos Aires,Ezeiza,711,DEMANDA_MEDIA,6,COLECTIVO,REPRESENTATIVE_POINT,
88c2e16827fffff,Buenos Aires,Luján,710,DEMANDA_MEDIA,15,COLECTIVO,REPRESENTATIVE_POINT,
88c2e3b99dfffff,Buenos Aires,San Miguel,709,DEMANDA_MEDIA,12,COLECTIVO,REPRESENTATIVE_POINT,
88c2e31763fffff,Buenos Aires,General San Martín,709,DEMANDA_MEDIA,16,COLECTIVO,REPRESENTATIVE_POINT,
88c2e06c8dfffff,Buenos Aires,Presidente Perón,709,DEMANDA_MEDIA,6,COLECTIVO,REPRESENTATIVE_POINT,
88c2e38a67fffff,Buenos Aires,Lomas de Zamora,709,DEMANDA_MEDIA,18,COLECTIVO,REPRESENTATIVE_POINT,
88c2e3d507fffff,Buenos Aires,Florencio Varela,709,DEMANDA_MEDIA,9,COLECTIVO,REPRESENTATIVE_POINT,
88c2e3a8c1fffff,Buenos Aires,Malvinas Argentinas,708,DEMANDA_MEDIA,13,COLECTIVO,REPRESENTATIVE_POINT,
88c2e380bdfffff,Buenos Aires,La Matanza,708,DEMANDA_MEDIA,5,COLECTIVO,REPRESENTATIVE_POINT,
88c2e31527fffff,Buenos Aires,Vicente López,708,DEMANDA_MEDIA,7,TREN,REPRESENTATIVE_POINT,
88c2e38b65fffff,Buenos Aires,Almirante Brown,708,DEMANDA_MEDIA,12,COLECTIVO,REPRESENTATIVE_POINT,
88c2e3aab5fffff,Buenos Aires,Malvinas Argentinas,708,DEMANDA_MEDIA,7,COLECTIVO,REPRESENTATIVE_POINT,
88c2e2acb9fffff,Buenos Aires,Berisso,708,DEMANDA_MEDIA,13,COLECTIVO,REPRESENTATIVE_POINT,
88c2e31457fffff,Buenos Aires,General San Martín,708,DEMANDA_MEDIA,6,COLECTIVO,REPRESENTATIVE_POINT,
88c2e3a941fffff,Buenos Aires,Tigre,707,DEMANDA_MEDIA,13,COLECTIVO,REPRESENTATIVE_POINT,
88c2e38a0dfffff,Buenos Aires,Esteban Echeverría,707,DEMANDA_MEDIA,7,COLECTIVO,REPRESENTATIVE_POINT,
88c2e23641fffff,Buenos Aires,Berisso,707,DEMANDA_MEDIA,12,COLECTIVO,REPRESENTATIVE_POINT,
88c2e3d417fffff,Buenos Aires,Florencio Varela,707,DEMANDA_MEDIA,7,COLECTIVO,REPRESENTATIVE_POINT,
88c2e3156bfffff,Buenos Aires,Vicente López,706,DEMANDA_MEDIA,6,COLECTIVO,REPRESENTATIVE_POINT,
88c2e3aa85fffff,Buenos Aires,José C. Paz,706,DEMANDA_MEDIA,7,COLECTIVO,REPRESENTATIVE_POINT,
88c2e3c551fffff,Buenos Aires,Quilmes,705,DEMANDA_MEDIA,17,COLECTIVO,REPRESENTATIVE_POINT,
88c2e2a459fffff,Buenos Aires,La Plata,705,DEMANDA_MEDIA,7,COLECTIVO,REPRESENTATIVE_POINT,
88c2e3bb07fffff,Buenos Aires,Ituzaingó,705,DEMANDA_MEDIA,12,COLECTIVO,REPRESENTATIVE_POINT,
88c2e3a805fffff,Buenos Aires,Malvinas Argentinas,704,DEMANDA_MEDIA,6,COLECTIVO,REPRESENTATIVE_POINT,
88c2e3326dfffff,Buenos Aires,Tigre,704,DEMANDA_MEDIA,17,COLECTIVO,REPRESENTATIVE_POINT,
88c2e3869bfffff,Buenos Aires,Marcos Paz,704,DEMANDA_MEDIA,6,COLECTIVO,REPRESENTATIVE_POINT,
88c2e30451fffff,Buenos Aires,Tigre,702,DEMANDA_MEDIA,17,COLECTIVO,REPRESENTATIVE_POINT,
88c2e3ba91fffff,Buenos Aires,Moreno,701,DEMANDA_MEDIA,7,COLECTIVO,REPRESENTATIVE_POINT,
88c2e3aa51fffff,Buenos Aires,José C. Paz,701,DEMANDA_MEDIA,7,COLECTIVO,REPRESENTATIVE_POINT,
88c2e3a851fffff,Buenos Aires,Malvinas Argentinas,701,DEMANDA_MEDIA,12,COLECTIVO,REPRESENTATIVE_POINT,
88c2e3d949fffff,Buenos Aires,La Plata,701,DEMANDA_MEDIA,12,COLECTIVO,REPRESENTATIVE_POINT,
88c2e3aa5dfffff,Buenos Aires,San Miguel,700,DEMANDA_MEDIA,7,COLECTIVO,REPRESENTATIVE_POINT,
88c2e3853dfffff,Buenos Aires,Merlo,699,DEMANDA_MEDIA,6,COLECTIVO,REPRESENTATIVE_POINT,
88c2e38905fffff,Buenos Aires,Lomas de Zamora,699,DEMANDA_MEDIA,7,COLECTIVO,REPRESENTATIVE_POINT,
88c2e38d93fffff,Buenos Aires,Tres de Febrero,698,DEMANDA_MEDIA,12,COLECTIVO,REPRESENTATIVE_POINT,
88c2e3146bfffff,Buenos Aires,General San Martín,698,DEMANDA_MEDIA,12,COLECTIVO,REPRESENTATIVE_POINT,
88c2e385e9fffff,Buenos Aires,Merlo,697,DEMANDA_MEDIA,7,COLECTIVO,REPRESENTATIVE_POINT,
88c2e3baa3fffff,Buenos Aires,Moreno,697,DEMANDA_MEDIA,6,COLECTIVO,REPRESENTATIVE_POINT,
88c2e3c75bfffff,Buenos Aires,Quilmes,696,DEMANDA_MEDIA,17,COLECTIVO,REPRESENTATIVE_POINT,
88c2e39115fffff,Buenos Aires,Ezeiza,695,DEMANDA_MEDIA,9,COLECTIVO,REPRESENTATIVE_POINT,
88c2e3803bfffff,Buenos Aires,La Matanza,694,DEMANDA_MEDIA,5,COLECTIVO,REPRESENTATIVE_POINT,
88c2e3d86dfffff,Buenos Aires,La Plata,693,DEMANDA_MEDIA,13,COLECTIVO,REPRESENTATIVE_POINT,
88c2e3bb0bfffff,Buenos Aires,Ituzaingó,693,DEMANDA_MEDIA,17,COLECTIVO,REPRESENTATIVE_POINT,
88c2e3b32dfffff,Buenos Aires,Merlo,692,DEMANDA_MEDIA,7,COLECTIVO,REPRESENTATIVE_POINT,
88c2e3b367fffff,Buenos Aires,Merlo,692,DEMANDA_MEDIA,7,COLECTIVO,REPRESENTATIVE_POINT,
88c2e38e43fffff,Buenos Aires,La Matanza,691,DEMANDA_MEDIA,7,COLECTIVO,REPRESENTATIVE_POINT,
88c2e3d4d1fffff,Buenos Aires,Almirante Brown,691,DEMANDA_MEDIA,12,COLECTIVO,REPRESENTATIVE_POINT,
88c2e3b53bfffff,Buenos Aires,General Rodríguez,690,DEMANDA_MEDIA,5,COLECTIVO,REPRESENTATIVE_POINT,
88c2e3154bfffff,Buenos Aires,General San Martín,689,DEMANDA_MEDIA,6,COLECTIVO,REPRESENTATIVE_POINT,
88c2e380a3fffff,Buenos Aires,La Matanza,688,DEMANDA_MEDIA,8,COLECTIVO,REPRESENTATIVE_POINT,
88c2e3b521fffff,Buenos Aires,General Rodríguez,687,DEMANDA_MEDIA,6,COLECTIVO,REPRESENTATIVE_POINT,
88c2e3c757fffff,Buenos Aires,Quilmes,687,DEMANDA_MEDIA,12,COLECTIVO,REPRESENTATIVE_POINT,
88c2e3a81bfffff,Buenos Aires,Malvinas Argentinas,686,DEMANDA_MEDIA,12,COLECTIVO,REPRESENTATIVE_POINT,
88c2e38a47fffff,Buenos Aires,Esteban Echeverría,686,DEMANDA_MEDIA,6,COLECTIVO,REPRESENTATIVE_POINT,
88c2e2ac0bfffff,Buenos Aires,La Plata,686,DEMANDA_MEDIA,12,COLECTIVO,REPRESENTATIVE_POINT,
88c2e38cb9fffff,Buenos Aires,Hurlingham,684,DEMANDA_MEDIA,7,COLECTIVO,REPRESENTATIVE_POINT,
88c2e3c2c1fffff,Buenos Aires,Florencio Varela,684,DEMANDA_MEDIA,7,COLECTIVO,REPRESENTATIVE_POINT,
88c2e31585fffff,Buenos Aires,San Isidro,684,DEMANDA_MEDIA,7,COLECTIVO,REPRESENTATIVE_POINT,
88c2e3c743fffff,Buenos Aires,Quilmes,683,DEMANDA_MEDIA,7,COLECTIVO,REPRESENTATIVE_POINT,
88c2e06523fffff,Buenos Aires,San Vicente,683,DEMANDA_MEDIA,6,COLECTIVO,REPRESENTATIVE_POINT,
88c2e3c233fffff,Buenos Aires,Berazategui,682,DEMANDA_MEDIA,8,COLECTIVO,REPRESENTATIVE_POINT,
88c2e06ec3fffff,Buenos Aires,San Vicente,682,DEMANDA_MEDIA,12,COLECTIVO,REPRESENTATIVE_POINT,
88c2e06eb3fffff,Buenos Aires,Presidente Perón,682,DEMANDA_MEDIA,17,COLECTIVO,REPRESENTATIVE_POINT,
88c2e2acc5fffff,Buenos Aires,La Plata,681,DEMANDA_MEDIA,13,COLECTIVO,REPRESENTATIVE_POINT,
88c2e3b9e7fffff,Buenos Aires,San Miguel,681,DEMANDA_MEDIA,12,COLECTIVO,REPRESENTATIVE_POINT,
88c2e3a5abfffff,Buenos Aires,Pilar,681,DEMANDA_MEDIA,7,COLECTIVO,REPRESENTATIVE_POINT,
88c2e3ace5fffff,Buenos Aires,Pilar,680,DEMANDA_MEDIA,7,COLECTIVO,REPRESENTATIVE_POINT,
88c2e38eadfffff,Buenos Aires,Morón,680,DEMANDA_MEDIA,7,COLECTIVO,REPRESENTATIVE_POINT,
88c2e398c3fffff,Buenos Aires,Esteban Echeverría,679,DEMANDA_MEDIA,17,COLECTIVO,REPRESENTATIVE_POINT,
88c2e3aa5bfffff,Buenos Aires,José C. Paz,679,DEMANDA_MEDIA,7,COLECTIVO,REPRESENTATIVE_POINT,
88c2e3d033fffff,Buenos Aires,Berazategui,679,DEMANDA_MEDIA,12,COLECTIVO,REPRESENTATIVE_POINT,
88c2e38b47fffff,Buenos Aires,Almirante Brown,678,DEMANDA_MEDIA,17,COLECTIVO,REPRESENTATIVE_POINT,
88c2e38d31fffff,Ciudad Autónoma de Buenos Aires,Comuna 9,678,DEMANDA_MEDIA,7,COLECTIVO,REPRESENTATIVE_POINT,
88c2e3a8a7fffff,Buenos Aires,Escobar,678,DEMANDA_MEDIA,6,COLECTIVO,REPRESENTATIVE_POINT,
88c2e3aa13fffff,Buenos Aires,José C. Paz,678,DEMANDA_MEDIA,13,COLECTIVO,REPRESENTATIVE_POINT,
88c2e38c0bfffff,Buenos Aires,La Matanza,677,DEMANDA_MEDIA,17,COLECTIVO,REPRESENTATIVE_POINT,
88c2e3b107fffff,Buenos Aires,Moreno,677,DEMANDA_MEDIA,8,COLECTIVO,REPRESENTATIVE_POINT,
88c2e3d5b7fffff,Buenos Aires,Quilmes,677,DEMANDA_MEDIA,12,COLECTIVO,REPRESENTATIVE_POINT,
88c2e3848bfffff,Buenos Aires,Merlo,676,DEMANDA_MEDIA,12,COLECTIVO,REPRESENTATIVE_POINT,
88c2e3844dfffff,Buenos Aires,Merlo,676,DEMANDA_MEDIA,17,COLECTIVO,REPRESENTATIVE_POINT,
88c2e149e3fffff,Buenos Aires,Marcos Paz,676,DEMANDA_MEDIA,5,COLECTIVO,REPRESENTATIVE_POINT,
88c2e38b27fffff,Buenos Aires,Lomas de Zamora,676,DEMANDA_MEDIA,12,COLECTIVO,REPRESENTATIVE_POINT,
88c2e302c3fffff,Buenos Aires,Vicente López,676,DEMANDA_MEDIA,16,COLECTIVO,REPRESENTATIVE_POINT,
88c2e3b153fffff,Buenos Aires,Moreno,675,DEMANDA_MEDIA,17,COLECTIVO,REPRESENTATIVE_POINT,
88c2e38919fffff,Buenos Aires,Lomas de Zamora,675,DEMANDA_MEDIA,12,COLECTIVO,REPRESENTATIVE_POINT,
88c2e39949fffff,Buenos Aires,Almirante Brown,675,DEMANDA_MEDIA,6,COLECTIVO,REPRESENTATIVE_POINT,
88c2e38087fffff,Buenos Aires,La Matanza,674,DEMANDA_MEDIA,7,COLECTIVO,REPRESENTATIVE_POINT,
88c2e31709fffff,Buenos Aires,General San Martín,674,DEMANDA_MEDIA,7,COLECTIVO,REPRESENTATIVE_POINT,
88c2e38e37fffff,Buenos Aires,La Matanza,673,DEMANDA_MEDIA,6,COLECTIVO,REPRESENTATIVE_POINT,
88c2e38a0bfffff,Buenos Aires,Esteban Echeverría,672,DEMANDA_MEDIA,12,COLECTIVO,REPRESENTATIVE_POINT,
88c2e38a31fffff,Buenos Aires,Esteban Echeverría,671,DEMANDA_MEDIA,13,COLECTIVO,REPRESENTATIVE_POINT,
88c2e3174bfffff,Buenos Aires,Tres de Febrero,671,DEMANDA_MEDIA,17,COLECTIVO,REPRESENTATIVE_POINT,
88c2e3af03fffff,Buenos Aires,José C. Paz,670,DEMANDA_MEDIA,6,COLECTIVO,REPRESENTATIVE_POINT,
88c2e3c637fffff,Buenos Aires,Quilmes,669,DEMANDA_MEDIA,7,COLECTIVO,REPRESENTATIVE_POINT,
88c2ee535bfffff,Buenos Aires,Campana,669,DEMANDA_MEDIA,13,COLECTIVO,REPRESENTATIVE_POINT,
88c2e31303fffff,Buenos Aires,Lanús,667,DEMANDA_MEDIA,7,COLECTIVO,INTERSECCION_MAYOR_AREA,
88c2e3c46dfffff,Buenos Aires,Quilmes,667,DEMANDA_MEDIA,17,COLECTIVO,REPRESENTATIVE_POINT,
88c2e3baa1fffff,Buenos Aires,Moreno,666,DEMANDA_MEDIA,8,COLECTIVO,REPRESENTATIVE_POINT,
88c2e3d6c7fffff,Buenos Aires,Almirante Brown,665,DEMANDA_MEDIA,7,COLECTIVO,REPRESENTATIVE_POINT,
88c2e3ab01fffff,Buenos Aires,Malvinas Argentinas,664,DEMANDA_MEDIA,7,COLECTIVO,REPRESENTATIVE_POINT,
88c2e3b83dfffff,Buenos Aires,San Miguel,664,DEMANDA_MEDIA,6,COLECTIVO,REPRESENTATIVE_POINT,
88c2e39b27fffff,Buenos Aires,Almirante Brown,664,DEMANDA_MEDIA,12,COLECTIVO,REPRESENTATIVE_POINT,
88c2e38697fffff,Buenos Aires,Merlo,664,DEMANDA_MEDIA,7,COLECTIVO,REPRESENTATIVE_POINT,
88c2e2aee3fffff,Buenos Aires,La Plata,662,DEMANDA_MEDIA,7,COLECTIVO,REPRESENTATIVE_POINT,
88c2e38e61fffff,Buenos Aires,La Matanza,661,DEMANDA_MEDIA,14,COLECTIVO,REPRESENTATIVE_POINT,
88c2ee5745fffff,Buenos Aires,Zárate,661,DEMANDA_MEDIA,7,COLECTIVO,REPRESENTATIVE_POINT,
88c2e30401fffff,Buenos Aires,Tigre,661,DEMANDA_MEDIA,17,COLECTIVO,REPRESENTATIVE_POINT,
88c2e3c465fffff,Buenos Aires,Quilmes,661,DEMANDA_MEDIA,12,COLECTIVO,REPRESENTATIVE_POINT,
88c2e3a92bfffff,Buenos Aires,Tigre,661,DEMANDA_MEDIA,13,COLECTIVO,REPRESENTATIVE_POINT,
88c2e33347fffff,Buenos Aires,Tigre,659,DEMANDA_MEDIA,18,COLECTIVO,REPRESENTATIVE_POINT,
88c2e3a359fffff,Buenos Aires,Moreno,658,DEMANDA_MEDIA,7,COLECTIVO,REPRESENTATIVE_POINT,
88c2e38cb1fffff,Buenos Aires,Hurlingham,657,DEMANDA_MEDIA,7,COLECTIVO,REPRESENTATIVE_POINT,
88c2e3aec1fffff,Buenos Aires,Pilar,657,DEMANDA_MEDIA,17,COLECTIVO,REPRESENTATIVE_POINT,
88c2e02dd1fffff,Buenos Aires,Cañuelas,656,DEMANDA_MEDIA,8,COLECTIVO,REPRESENTATIVE_POINT,
88c2e3d56bfffff,Buenos Aires,Florencio Varela,655,DEMANDA_MEDIA,12,COLECTIVO,REPRESENTATIVE_POINT,
88c2e3a059fffff,Buenos Aires,Moreno,654,DEMANDA_MEDIA,12,COLECTIVO,REPRESENTATIVE_POINT,
88c2e3d693fffff,Buenos Aires,Almirante Brown,654,DEMANDA_MEDIA,12,COLECTIVO,REPRESENTATIVE_POINT,
88c2e38cbbfffff,Buenos Aires,Hurlingham,654,DEMANDA_MEDIA,13,COLECTIVO,REPRESENTATIVE_POINT,
88c2e31727fffff,Buenos Aires,General San Martín,654,DEMANDA_MEDIA,16,COLECTIVO,REPRESENTATIVE_POINT,
88c2e3c48bfffff,Buenos Aires,Avellaneda,653,DEMANDA_MEDIA,12,COLECTIVO,REPRESENTATIVE_POINT,
88c2e3a527fffff,Buenos Aires,Pilar,653,DEMANDA_MEDIA,12,COLECTIVO,REPRESENTATIVE_POINT,
88c2e3a9b3fffff,Buenos Aires,Tigre,653,DEMANDA_MEDIA,12,COLECTIVO,REPRESENTATIVE_POINT,
88c2e3d69bfffff,Buenos Aires,Almirante Brown,652,DEMANDA_MEDIA,6,COLECTIVO,REPRESENTATIVE_POINT,
88c2e3bb45fffff,Buenos Aires,Ituzaingó,651,DEMANDA_MEDIA,13,COLECTIVO,REPRESENTATIVE_POINT,
88c2e3aa3dfffff,Buenos Aires,José C. Paz,651,DEMANDA_MEDIA,6,COLECTIVO,REPRESENTATIVE_POINT,
88c2e2ac37fffff,Buenos Aires,Berisso,651,DEMANDA_MEDIA,7,COLECTIVO,REPRESENTATIVE_POINT,
88c2e38b11fffff,Buenos Aires,Lomas de Zamora,651,DEMANDA_MEDIA,7,COLECTIVO,REPRESENTATIVE_POINT,
88c2e3ba37fffff,Buenos Aires,Moreno,650,DEMANDA_MEDIA,18,COLECTIVO,REPRESENTATIVE_POINT,
88c2e38a41fffff,Buenos Aires,Esteban Echeverría,650,DEMANDA_MEDIA,12,COLECTIVO,REPRESENTATIVE_POINT,
88c2e3c541fffff,Buenos Aires,Quilmes,649,DEMANDA_MEDIA,7,COLECTIVO,REPRESENTATIVE_POINT,
88c2e398abfffff,Buenos Aires,Esteban Echeverría,649,DEMANDA_MEDIA,7,COLECTIVO,REPRESENTATIVE_POINT,
88c2e39b29fffff,Buenos Aires,Presidente Perón,648,DEMANDA_MEDIA,12,COLECTIVO,REPRESENTATIVE_POINT,
88c2e38a63fffff,Buenos Aires,Esteban Echeverría,648,DEMANDA_MEDIA,17,COLECTIVO,REPRESENTATIVE_POINT,
88c2ee52b1fffff,Buenos Aires,Zárate,648,DEMANDA_MEDIA,12,COLECTIVO,REPRESENTATIVE_POINT,
88c2e38d41fffff,Buenos Aires,La Matanza,648,DEMANDA_MEDIA,12,COLECTIVO,REPRESENTATIVE_POINT,
88c2e31083fffff,Ciudad Autónoma de Buenos Aires,Comuna 12,648,DEMANDA_MEDIA,17,COLECTIVO,REPRESENTATIVE_POINT,
88c2e38ec3fffff,Buenos Aires,Morón,647,DEMANDA_MEDIA,7,COLECTIVO,REPRESENTATIVE_POINT,
88c2e3c011fffff,Buenos Aires,Berazategui,647,DEMANDA_MEDIA,17,COLECTIVO,REPRESENTATIVE_POINT,
88c2e3d5e7fffff,Buenos Aires,Florencio Varela,646,DEMANDA_MEDIA,7,COLECTIVO,REPRESENTATIVE_POINT,
88c2e389e7fffff,Buenos Aires,Lanús,646,DEMANDA_MEDIA,17,COLECTIVO,REPRESENTATIVE_POINT,
88c2e3c2a3fffff,Buenos Aires,Berazategui,646,DEMANDA_MEDIA,7,COLECTIVO,REPRESENTATIVE_POINT,
88c2e3bb2bfffff,Buenos Aires,Ituzaingó,646,DEMANDA_MEDIA,17,COLECTIVO,REPRESENTATIVE_POINT,
88c2e3d097fffff,Buenos Aires,Florencio Varela,646,DEMANDA_MEDIA,12,COLECTIVO,REPRESENTATIVE_POINT,
88c2e3c2a1fffff,Buenos Aires,Berazategui,645,DEMANDA_MEDIA,16,COLECTIVO,REPRESENTATIVE_POINT,
88c2e3d743fffff,Buenos Aires,Florencio Varela,645,DEMANDA_MEDIA,6,COLECTIVO,REPRESENTATIVE_POINT,
88c2e3aa89fffff,Buenos Aires,José C. Paz,645,DEMANDA_MEDIA,6,COLECTIVO,REPRESENTATIVE_POINT,
88c2e3c2b5fffff,Buenos Aires,Berazategui,644,DEMANDA_MEDIA,12,COLECTIVO,REPRESENTATIVE_POINT,
88c2e3af6dfffff,Buenos Aires,Pilar,644,DEMANDA_MEDIA,16,COLECTIVO,REPRESENTATIVE_POINT,
88c2e3c74dfffff,Buenos Aires,Berazategui,643,DEMANDA_MEDIA,7,COLECTIVO,REPRESENTATIVE_POINT,
88c2e3135dfffff,Buenos Aires,Lanús,643,DEMANDA_MEDIA,8,COLECTIVO,REPRESENTATIVE_POINT,
88c2e3c05dfffff,Buenos Aires,Berazategui,643,DEMANDA_MEDIA,11,COLECTIVO,REPRESENTATIVE_POINT,
88c2e38581fffff,Buenos Aires,Merlo,642,DEMANDA_MEDIA,7,COLECTIVO,REPRESENTATIVE_POINT,
88c2e3d95dfffff,Buenos Aires,La Plata,642,DEMANDA_MEDIA,7,COLECTIVO,REPRESENTATIVE_POINT,
88c2e3a829fffff,Buenos Aires,Malvinas Argentinas,642,DEMANDA_MEDIA,7,COLECTIVO,REPRESENTATIVE_POINT,
88c2ee5727fffff,Buenos Aires,Zárate,641,DEMANDA_MEDIA,7,COLECTIVO,REPRESENTATIVE_POINT,
88c2e3ba05fffff,Buenos Aires,Merlo,641,DEMANDA_MEDIA,12,COLECTIVO,REPRESENTATIVE_POINT,
88c2e3ac51fffff,Buenos Aires,Pilar,641,DEMANDA_MEDIA,18,COLECTIVO,REPRESENTATIVE_POINT,
88c2e2ac1bfffff,Buenos Aires,La Plata,640,DEMANDA_MEDIA,12,COLECTIVO,REPRESENTATIVE_POINT,
88c2e3b133fffff,Buenos Aires,Moreno,639,DEMANDA_MEDIA,12,COLECTIVO,REPRESENTATIVE_POINT,
88c2e3d551fffff,Buenos Aires,Florencio Varela,639,DEMANDA_MEDIA,6,COLECTIVO,REPRESENTATIVE_POINT,
88c2e39ab3fffff,Buenos Aires,Ezeiza,638,DEMANDA_MEDIA,7,COLECTIVO,REPRESENTATIVE_POINT,
88c2e3c05bfffff,Buenos Aires,Berazategui,638,DEMANDA_MEDIA,7,COLECTIVO,REPRESENTATIVE_POINT,
88c2e38f21fffff,Buenos Aires,La Matanza,638,DEMANDA_MEDIA,7,COLECTIVO,REPRESENTATIVE_POINT,
88c2e3a89dfffff,Buenos Aires,Pilar,638,DEMANDA_MEDIA,16,COLECTIVO,REPRESENTATIVE_POINT,
88c2e3c4c7fffff,Buenos Aires,Avellaneda,636,DEMANDA_MEDIA,17,COLECTIVO,REPRESENTATIVE_POINT,
88c2e3126bfffff,Ciudad Autónoma de Buenos Aires,Comuna 8,635,DEMANDA_MEDIA,17,COLECTIVO,REPRESENTATIVE_POINT,
88c2e38e0dfffff,Buenos Aires,La Matanza,635,DEMANDA_MEDIA,7,COLECTIVO,REPRESENTATIVE_POINT,
88c2e3ad49fffff,Buenos Aires,Pilar,634,DEMANDA_MEDIA,17,COLECTIVO,REPRESENTATIVE_POINT,
88c2e3b1a5fffff,Buenos Aires,Moreno,634,DEMANDA_MEDIA,6,COLECTIVO,REPRESENTATIVE_POINT,
88c2e38eb3fffff,Buenos Aires,Morón,634,DEMANDA_MEDIA,13,COLECTIVO,REPRESENTATIVE_POINT,
88c2e3b125fffff,Buenos Aires,Moreno,634,DEMANDA_MEDIA,7,COLECTIVO,REPRESENTATIVE_POINT,
88c2e3b1b1fffff,Buenos Aires,Moreno,632,DEMANDA_MEDIA,7,COLECTIVO,REPRESENTATIVE_POINT,
88c2e3d4c9fffff,Buenos Aires,Almirante Brown,632,DEMANDA_MEDIA,7,COLECTIVO,REPRESENTATIVE_POINT,
88c2e300d1fffff,Buenos Aires,San Isidro,632,DEMANDA_MEDIA,17,COLECTIVO,INTERSECCION_MAYOR_AREA,
88c2e38713fffff,Buenos Aires,Merlo,632,DEMANDA_MEDIA,6,COLECTIVO,REPRESENTATIVE_POINT,
88c2e3b989fffff,Buenos Aires,San Miguel,631,DEMANDA_MEDIA,17,COLECTIVO,REPRESENTATIVE_POINT,
88c2e3ba45fffff,Buenos Aires,Merlo,629,DEMANDA_MEDIA,18,COLECTIVO,REPRESENTATIVE_POINT,
88c2e3a92dfffff,Buenos Aires,Tigre,627,DEMANDA_MEDIA,17,COLECTIVO,REPRESENTATIVE_POINT,
88c2e3a1c5fffff,Buenos Aires,Moreno,627,DEMANDA_MEDIA,6,COLECTIVO,REPRESENTATIVE_POINT,
88c2e3872bfffff,Buenos Aires,Merlo,627,DEMANDA_MEDIA,12,COLECTIVO,REPRESENTATIVE_POINT,
88c2e3329dfffff,Buenos Aires,Escobar,626,DEMANDA_MEDIA,12,COLECTIVO,REPRESENTATIVE_POINT,
88c2e311b3fffff,Ciudad Autónoma de Buenos Aires,Comuna 14,626,DEMANDA_MEDIA,16,COLECTIVO,REPRESENTATIVE_POINT,
88c2e06cd5fffff,Buenos Aires,Presidente Perón,625,DEMANDA_MEDIA,12,COLECTIVO,REPRESENTATIVE_POINT,
88c2e3b117fffff,Buenos Aires,Moreno,625,DEMANDA_MEDIA,6,COLECTIVO,REPRESENTATIVE_POINT,
88c2e3170dfffff,Buenos Aires,General San Martín,624,DEMANDA_MEDIA,16,COLECTIVO,REPRESENTATIVE_POINT,
88c2e30741fffff,Buenos Aires,San Isidro,624,DEMANDA_MEDIA,17,COLECTIVO,REPRESENTATIVE_POINT,
88c2e3873dfffff,Buenos Aires,Merlo,624,DEMANDA_MEDIA,5,COLECTIVO,REPRESENTATIVE_POINT,
88c2e3ba6dfffff,Buenos Aires,Merlo,624,DEMANDA_MEDIA,17,COLECTIVO,REPRESENTATIVE_POINT,
88c2e3aed3fffff,Buenos Aires,Pilar,624,DEMANDA_MEDIA,5,COLECTIVO,REPRESENTATIVE_POINT,
88c2e23665fffff,Buenos Aires,Berisso,623,DEMANDA_MEDIA,12,COLECTIVO,REPRESENTATIVE_POINT,
88c2e38cc7fffff,Buenos Aires,Morón,623,DEMANDA_MEDIA,6,COLECTIVO,REPRESENTATIVE_POINT,
88c2e3db17fffff,Buenos Aires,La Plata,622,DEMANDA_MEDIA,17,COLECTIVO,REPRESENTATIVE_POINT,
88c2e3991dfffff,Buenos Aires,Almirante Brown,621,DEMANDA_MEDIA,7,COLECTIVO,REPRESENTATIVE_POINT,
88c2e3b92bfffff,Buenos Aires,Hurlingham,621,DEMANDA_MEDIA,7,COLECTIVO,REPRESENTATIVE_POINT,
88c2e3b961fffff,Buenos Aires,Hurlingham,621,DEMANDA_MEDIA,7,COLECTIVO,REPRESENTATIVE_POINT,
88c2e3d421fffff,Buenos Aires,Florencio Varela,621,DEMANDA_MEDIA,12,COLECTIVO,REPRESENTATIVE_POINT,
88c2e3dab3fffff,Buenos Aires,La Plata,620,DEMANDA_MEDIA,7,COLECTIVO,REPRESENTATIVE_POINT,
88c2e3c461fffff,Buenos Aires,Quilmes,620,DEMANDA_MEDIA,6,COLECTIVO,REPRESENTATIVE_POINT,
88c2e3aac1fffff,Buenos Aires,José C. Paz,620,DEMANDA_MEDIA,14,COLECTIVO,REPRESENTATIVE_POINT,
88c2e3c701fffff,Buenos Aires,Quilmes,620,DEMANDA_MEDIA,7,COLECTIVO,REPRESENTATIVE_POINT,
88c2e064b5fffff,Buenos Aires,San Vicente,619,DEMANDA_MEDIA,7,COLECTIVO,REPRESENTATIVE_POINT,
88c2e39887fffff,Buenos Aires,Esteban Echeverría,618,DEMANDA_MEDIA,12,COLECTIVO,REPRESENTATIVE_POINT,
88c2e38ab1fffff,Buenos Aires,Esteban Echeverría,618,DEMANDA_MEDIA,7,COLECTIVO,REPRESENTATIVE_POINT,
88c2e2aedbfffff,Buenos Aires,La Plata,616,DEMANDA_MEDIA,7,COLECTIVO,REPRESENTATIVE_POINT,
88c2e3a9c9fffff,Buenos Aires,Malvinas Argentinas,615,DEMANDA_MEDIA,17,COLECTIVO,REPRESENTATIVE_POINT,
88c2e3d6bbfffff,Buenos Aires,Almirante Brown,614,DEMANDA_MEDIA,7,COLECTIVO,REPRESENTATIVE_POINT,
88c2e39a91fffff,Buenos Aires,Ezeiza,614,DEMANDA_MEDIA,6,COLECTIVO,REPRESENTATIVE_POINT,
88c2e3819bfffff,Buenos Aires,La Matanza,614,DEMANDA_MEDIA,17,COLECTIVO,REPRESENTATIVE_POINT,
88c2e06c8bfffff,Buenos Aires,Presidente Perón,613,DEMANDA_MEDIA,7,COLECTIVO,REPRESENTATIVE_POINT,
88c2e2a5adfffff,Buenos Aires,La Plata,613,DEMANDA_MEDIA,12,COLECTIVO,REPRESENTATIVE_POINT,
88c2e38727fffff,Buenos Aires,Merlo,612,DEMANDA_MEDIA,6,COLECTIVO,REPRESENTATIVE_POINT,
88c2e3045dfffff,Buenos Aires,Tigre,612,DEMANDA_MEDIA,17,COLECTIVO,REPRESENTATIVE_POINT,
88c2e3b1e5fffff,Buenos Aires,Moreno,612,DEMANDA_MEDIA,12,COLECTIVO,REPRESENTATIVE_POINT,
88c2e3b887fffff,Buenos Aires,San Miguel,612,DEMANDA_MEDIA,7,COLECTIVO,REPRESENTATIVE_POINT,
88c2e3badbfffff,Buenos Aires,Moreno,612,DEMANDA_MEDIA,6,COLECTIVO,REPRESENTATIVE_POINT,
88c2e30645fffff,Buenos Aires,San Fernando,612,DEMANDA_MEDIA,17,COLECTIVO,REPRESENTATIVE_POINT,
88c2e39883fffff,Buenos Aires,Esteban Echeverría,612,DEMANDA_MEDIA,7,COLECTIVO,REPRESENTATIVE_POINT,
88c2e3b8cdfffff,Buenos Aires,Moreno,611,DEMANDA_MEDIA,12,COLECTIVO,REPRESENTATIVE_POINT,
88c2e2aed5fffff,Buenos Aires,La Plata,611,DEMANDA_MEDIA,7,COLECTIVO,REPRESENTATIVE_POINT,
88c2e39881fffff,Buenos Aires,Esteban Echeverría,611,DEMANDA_MEDIA,7,COLECTIVO,REPRESENTATIVE_POINT,
88c2e385a3fffff,Buenos Aires,Merlo,610,DEMANDA_MEDIA,17,COLECTIVO,REPRESENTATIVE_POINT,
88c2e2a40bfffff,Buenos Aires,La Plata,610,DEMANDA_MEDIA,7,COLECTIVO,REPRESENTATIVE_POINT,
88c2e38c23fffff,Buenos Aires,La Matanza,610,DEMANDA_MEDIA,12,COLECTIVO,REPRESENTATIVE_POINT,
88c2e3a76bfffff,Buenos Aires,General Rodríguez,609,DEMANDA_MEDIA,6,COLECTIVO,REPRESENTATIVE_POINT,
88c2e2a51bfffff,Buenos Aires,La Plata,608,DEMANDA_MEDIA,7,COLECTIVO,REPRESENTATIVE_POINT,
88c2e38c1dfffff,Buenos Aires,Morón,608,DEMANDA_MEDIA,7,COLECTIVO,REPRESENTATIVE_POINT,
88c2eeda0dfffff,Buenos Aires,Pilar,607,DEMANDA_MEDIA,17,COLECTIVO,REPRESENTATIVE_POINT,
88c2e38085fffff,Buenos Aires,La Matanza,606,DEMANDA_MEDIA,7,COLECTIVO,REPRESENTATIVE_POINT,
88c2e3c481fffff,Buenos Aires,Avellaneda,606,DEMANDA_MEDIA,9,COLECTIVO,REPRESENTATIVE_POINT,
88c2e38b1dfffff,Buenos Aires,Lomas de Zamora,606,DEMANDA_MEDIA,7,COLECTIVO,REPRESENTATIVE_POINT,
88c2e23617fffff,Buenos Aires,Ensenada,605,DEMANDA_MEDIA,7,COLECTIVO,REPRESENTATIVE_POINT,
88c2e38a17fffff,Buenos Aires,Esteban Echeverría,605,DEMANDA_MEDIA,5,COLECTIVO,REPRESENTATIVE_POINT,
88c2e149a9fffff,Buenos Aires,Marcos Paz,605,DEMANDA_MEDIA,11,COLECTIVO,REPRESENTATIVE_POINT,
88c2e3aaa9fffff,Buenos Aires,Malvinas Argentinas,604,DEMANDA_MEDIA,6,COLECTIVO,REPRESENTATIVE_POINT,
88c2e149c5fffff,Buenos Aires,Marcos Paz,603,DEMANDA_MEDIA,12,COLECTIVO,REPRESENTATIVE_POINT,
88c2e2364bfffff,Buenos Aires,Berisso,603,DEMANDA_MEDIA,7,COLECTIVO,REPRESENTATIVE_POINT,
88c2e3d5abfffff,Buenos Aires,Florencio Varela,603,DEMANDA_MEDIA,17,COLECTIVO,REPRESENTATIVE_POINT,
88c2e23605fffff,Buenos Aires,Berisso,602,DEMANDA_MEDIA,16,COLECTIVO,REPRESENTATIVE_POINT,
88c2e302abfffff,Buenos Aires,Vicente López,601,DEMANDA_MEDIA,18,COLECTIVO,REPRESENTATIVE_POINT,
88c2e3ad87fffff,Buenos Aires,Escobar,601,DEMANDA_MEDIA,7,COLECTIVO,REPRESENTATIVE_POINT,
88c2e399e5fffff,Buenos Aires,Almirante Brown,601,DEMANDA_MEDIA,16,COLECTIVO,REPRESENTATIVE_POINT,
88c2ee5707fffff,Buenos Aires,Zárate,601,DEMANDA_MEDIA,6,COLECTIVO,REPRESENTATIVE_POINT,
88c2e3aaedfffff,Buenos Aires,José C. Paz,600,DEMANDA_MEDIA,7,COLECTIVO,REPRESENTATIVE_POINT,
88c2e23611fffff,Buenos Aires,Ensenada,600,DEMANDA_MEDIA,7,COLECTIVO,REPRESENTATIVE_POINT,
88c2e3aac9fffff,Buenos Aires,José C. Paz,600,DEMANDA_MEDIA,5,COLECTIVO,REPRESENTATIVE_POINT,
88c2e39933fffff,Buenos Aires,Almirante Brown,599,DEMANDA_MEDIA,16,COLECTIVO,REPRESENTATIVE_POINT,
88c2e3d42dfffff,Buenos Aires,Florencio Varela,598,DEMANDA_MEDIA,7,COLECTIVO,REPRESENTATIVE_POINT,
88c2e2a58dfffff,Buenos Aires,La Plata,597,DEMANDA_MEDIA,7,COLECTIVO,REPRESENTATIVE_POINT,
88c2e38c5dfffff,Buenos Aires,La Matanza,597,DEMANDA_MEDIA,11,COLECTIVO,REPRESENTATIVE_POINT,
88c2e3aa49fffff,Buenos Aires,San Miguel,596,DEMANDA_MEDIA,12,COLECTIVO,REPRESENTATIVE_POINT,
88c2e31645fffff,Buenos Aires,Tres de Febrero,596,DEMANDA_MEDIA,7,COLECTIVO,REPRESENTATIVE_POINT,
88c2e149a7fffff,Buenos Aires,Marcos Paz,596,DEMANDA_MEDIA,7,COLECTIVO,REPRESENTATIVE_POINT,
88c2e382b7fffff,Buenos Aires,La Matanza,595,DEMANDA_MEDIA,13,COLECTIVO,REPRESENTATIVE_POINT,
88c2e3843dfffff,Buenos Aires,Merlo,595,DEMANDA_MEDIA,7,COLECTIVO,REPRESENTATIVE_POINT,
88c2e2ac8dfffff,Buenos Aires,La Plata,594,DEMANDA_MEDIA,12,COLECTIVO,REPRESENTATIVE_POINT,
88c2e38a09fffff,Buenos Aires,Esteban Echeverría,594,DEMANDA_MEDIA,7,COLECTIVO,REPRESENTATIVE_POINT,
88c2e3328bfffff,Buenos Aires,Escobar,594,DEMANDA_MEDIA,6,COLECTIVO,REPRESENTATIVE_POINT,
88c2e3b363fffff,Buenos Aires,Merlo,593,DEMANDA_MEDIA,7,COLECTIVO,REPRESENTATIVE_POINT,
88c2e2aeb1fffff,Buenos Aires,La Plata,593,DEMANDA_MEDIA,12,COLECTIVO,REPRESENTATIVE_POINT,
88c2e306a3fffff,Buenos Aires,Tigre,593,DEMANDA_MEDIA,7,COLECTIVO,REPRESENTATIVE_POINT,
88c2e3d861fffff,Buenos Aires,La Plata,592,DEMANDA_MEDIA,17,COLECTIVO,REPRESENTATIVE_POINT,
88c2e38941fffff,Buenos Aires,Lomas de Zamora,592,DEMANDA_MEDIA,13,COLECTIVO,REPRESENTATIVE_POINT,
88c2e3328dfffff,Buenos Aires,Escobar,592,DEMANDA_MEDIA,12,COLECTIVO,REPRESENTATIVE_POINT,
88c2e3c211fffff,Buenos Aires,Florencio Varela,592,DEMANDA_MEDIA,8,COLECTIVO,REPRESENTATIVE_POINT,
88c2e3066dfffff,Buenos Aires,San Isidro,591,DEMANDA_MEDIA,16,COLECTIVO,REPRESENTATIVE_POINT,
88c2e3849dfffff,Buenos Aires,Merlo,591,DEMANDA_MEDIA,12,COLECTIVO,REPRESENTATIVE_POINT,
88c2e3913dfffff,Buenos Aires,Ezeiza,590,DEMANDA_MEDIA,6,COLECTIVO,REPRESENTATIVE_POINT,
88c2e3b025fffff,Buenos Aires,Moreno,588,DEMANDA_MEDIA,9,COLECTIVO,REPRESENTATIVE_POINT,
88c2e38c0dfffff,Buenos Aires,La Matanza,588,DEMANDA_MEDIA,7,COLECTIVO,REPRESENTATIVE_POINT,
88c2e39b35fffff,Buenos Aires,Almirante Brown,587,DEMANDA_MEDIA,12,COLECTIVO,REPRESENTATIVE_POINT,
88c2e3aee3fffff,Buenos Aires,Pilar,586,DEMANDA_MEDIA,12,COLECTIVO,REPRESENTATIVE_POINT,
88c2e38019fffff,Buenos Aires,La Matanza,586,DEMANDA_MEDIA,12,COLECTIVO,REPRESENTATIVE_POINT,
88c2e3d00bfffff,Buenos Aires,Berazategui,586,DEMANDA_MEDIA,7,COLECTIVO,REPRESENTATIVE_POINT,
88c2e3a8b1fffff,Buenos Aires,Escobar,586,DEMANDA_MEDIA,7,COLECTIVO,REPRESENTATIVE_POINT,
88c2e2a409fffff,Buenos Aires,La Plata,585,DEMANDA_MEDIA,7,COLECTIVO,REPRESENTATIVE_POINT,
88c2e3ae69fffff,Buenos Aires,Pilar,584,DEMANDA_MEDIA,7,COLECTIVO,REPRESENTATIVE_POINT,
88c2e39111fffff,Buenos Aires,Ezeiza,584,DEMANDA_MEDIA,6,COLECTIVO,REPRESENTATIVE_POINT,
88c2e38c99fffff,Buenos Aires,Hurlingham,584,DEMANDA_MEDIA,6,COLECTIVO,REPRESENTATIVE_POINT,
88c2e38ea3fffff,Buenos Aires,Morón,583,DEMANDA_MEDIA,17,COLECTIVO,REPRESENTATIVE_POINT,
88c2e399ddfffff,Buenos Aires,Esteban Echeverría,582,DEMANDA_MEDIA,17,COLECTIVO,REPRESENTATIVE_POINT,
88c2e3b0a7fffff,Buenos Aires,Moreno,582,DEMANDA_MEDIA,12,COLECTIVO,REPRESENTATIVE_POINT,
88c2e3accdfffff,Buenos Aires,Pilar,582,DEMANDA_MEDIA,12,COLECTIVO,REPRESENTATIVE_POINT,
88c2e3b127fffff,Buenos Aires,Moreno,581,DEMANDA_MEDIA,17,COLECTIVO,REPRESENTATIVE_POINT,
88c2e2ac85fffff,Buenos Aires,Berisso,581,DEMANDA_MEDIA,13,COLECTIVO,REPRESENTATIVE_POINT,
88c2e3d681fffff,Buenos Aires,Almirante Brown,581,DEMANDA_MEDIA,7,COLECTIVO,REPRESENTATIVE_POINT,
88c2e3d68bfffff,Buenos Aires,Almirante Brown,580,DEMANDA_MEDIA,17,COLECTIVO,REPRESENTATIVE_POINT,
88c2e3aa23fffff,Buenos Aires,Malvinas Argentinas,579,DEMANDA_MEDIA,7,COLECTIVO,REPRESENTATIVE_POINT,
88c2e2a5c3fffff,Buenos Aires,La Plata,578,DEMANDA_MEDIA,6,COLECTIVO,REPRESENTATIVE_POINT,
88c2e2a5e9fffff,Buenos Aires,La Plata,578,DEMANDA_MEDIA,12,COLECTIVO,REPRESENTATIVE_POINT,
88c2e3c289fffff,Buenos Aires,Berazategui,578,DEMANDA_MEDIA,7,COLECTIVO,REPRESENTATIVE_POINT,
88c2e3a983fffff,Buenos Aires,Tigre,578,DEMANDA_MEDIA,13,COLECTIVO,REPRESENTATIVE_POINT,
88c2e38911fffff,Buenos Aires,Lomas de Zamora,578,DEMANDA_MEDIA,13,COLECTIVO,REPRESENTATIVE_POINT,
88c2e39237fffff,Buenos Aires,Cañuelas,577,DEMANDA_MEDIA,13,COLECTIVO,REPRESENTATIVE_POINT,
88c2e3c015fffff,Buenos Aires,Berazategui,577,DEMANDA_MEDIA,6,COLECTIVO,REPRESENTATIVE_POINT,
88c2e060b3fffff,Buenos Aires,San Vicente,577,DEMANDA_MEDIA,7,COLECTIVO,REPRESENTATIVE_POINT,
88c2e3bad9fffff,Buenos Aires,Moreno,577,DEMANDA_MEDIA,11,COLECTIVO,REPRESENTATIVE_POINT,
88c2e2ac27fffff,Buenos Aires,La Plata,577,DEMANDA_MEDIA,6,COLECTIVO,REPRESENTATIVE_POINT,
88c2e23647fffff,Buenos Aires,Berisso,576,DEMANDA_MEDIA,7,COLECTIVO,REPRESENTATIVE_POINT,
88c2e3849bfffff,Buenos Aires,Merlo,575,DEMANDA_MEDIA,6,COLECTIVO,REPRESENTATIVE_POINT,
88c2e39567fffff,Buenos Aires,La Matanza,572,DEMANDA_MEDIA,6,COLECTIVO,REPRESENTATIVE_POINT,
88c2e31165fffff,Buenos Aires,Avellaneda,571,DEMANDA_MEDIA,7,COLECTIVO,REPRESENTATIVE_POINT,
88c2e3b8e1fffff,Buenos Aires,San Miguel,571,DEMANDA_MEDIA,6,COLECTIVO,REPRESENTATIVE_POINT,
88c2e3856dfffff,Buenos Aires,La Matanza,571,DEMANDA_MEDIA,5,COLECTIVO,REPRESENTATIVE_POINT,
88c2e3b11bfffff,Buenos Aires,Moreno,571,DEMANDA_MEDIA,7,COLECTIVO,REPRESENTATIVE_POINT,
88c2e31545fffff,Buenos Aires,Vicente López,570,DEMANDA_MEDIA,15,COLECTIVO,REPRESENTATIVE_POINT,
88c2e3a8c5fffff,Buenos Aires,Malvinas Argentinas,568,DEMANDA_MEDIA,12,COLECTIVO,REPRESENTATIVE_POINT,
88c2e3d5c7fffff,Buenos Aires,Florencio Varela,568,DEMANDA_MEDIA,13,COLECTIVO,REPRESENTATIVE_POINT,
88c2e38cd5fffff,Buenos Aires,Morón,568,DEMANDA_MEDIA,7,COLECTIVO,REPRESENTATIVE_POINT,
88c2e3bacdfffff,Buenos Aires,Moreno,568,DEMANDA_MEDIA,6,COLECTIVO,REPRESENTATIVE_POINT,
88c2e38901fffff,Buenos Aires,Lomas de Zamora,567,DEMANDA_MEDIA,7,COLECTIVO,REPRESENTATIVE_POINT,
88c2e2ae81fffff,Buenos Aires,La Plata,566,DEMANDA_MEDIA,12,COLECTIVO,REPRESENTATIVE_POINT,
88c2e1cadbfffff,Buenos Aires,Lobos,566,DEMANDA_MEDIA,12,COLECTIVO,REPRESENTATIVE_POINT,
88c2e38039fffff,Buenos Aires,La Matanza,565,DEMANDA_MEDIA,6,COLECTIVO,REPRESENTATIVE_POINT,
88c2e38e8bfffff,Buenos Aires,Morón,565,DEMANDA_MEDIA,7,COLECTIVO,REPRESENTATIVE_POINT,
88c2e39009fffff,Buenos Aires,Ezeiza,564,DEMANDA_MEDIA,13,COLECTIVO,REPRESENTATIVE_POINT,
88c2e2acc3fffff,Buenos Aires,La Plata,563,DEMANDA_MEDIA,12,COLECTIVO,REPRESENTATIVE_POINT,
88c2e33767fffff,Buenos Aires,Escobar,563,DEMANDA_MEDIA,7,COLECTIVO,REPRESENTATIVE_POINT,
88c2e3d6c3fffff,Buenos Aires,Almirante Brown,563,DEMANDA_MEDIA,12,COLECTIVO,REPRESENTATIVE_POINT,
88c2e38d43fffff,Buenos Aires,La Matanza,562,DEMANDA_MEDIA,6,COLECTIVO,REPRESENTATIVE_POINT,
88c2e3a8bbfffff,Buenos Aires,Escobar,562,DEMANDA_MEDIA,6,COLECTIVO,REPRESENTATIVE_POINT,
88c2e1796bfffff,Buenos Aires,General Rodríguez,561,DEMANDA_MEDIA,9,COLECTIVO,REPRESENTATIVE_POINT,
88c2e38b19fffff,Buenos Aires,Lomas de Zamora,560,DEMANDA_MEDIA,12,COLECTIVO,REPRESENTATIVE_POINT,
88c2e3c745fffff,Buenos Aires,Berazategui,560,DEMANDA_MEDIA,7,COLECTIVO,INTERSECCION_MAYOR_AREA,
88c2e3888dfffff,Buenos Aires,La Matanza,559,DEMANDA_MEDIA,6,COLECTIVO,REPRESENTATIVE_POINT,
88c2e3a5bdfffff,Buenos Aires,Pilar,559,DEMANDA_MEDIA,7,COLECTIVO,REPRESENTATIVE_POINT,
88c2e38ea5fffff,Buenos Aires,Morón,558,DEMANDA_MEDIA,7,COLECTIVO,REPRESENTATIVE_POINT,
88c2e38031fffff,Buenos Aires,La Matanza,558,DEMANDA_MEDIA,7,COLECTIVO,REPRESENTATIVE_POINT,
88c2e30403fffff,Buenos Aires,Tigre,558,DEMANDA_MEDIA,18,COLECTIVO,REPRESENTATIVE_POINT,
88c2e38f61fffff,Buenos Aires,La Matanza,558,DEMANDA_MEDIA,7,COLECTIVO,REPRESENTATIVE_POINT,
88c2e3029dfffff,Buenos Aires,San Isidro,558,DEMANDA_MEDIA,17,COLECTIVO,REPRESENTATIVE_POINT,
88c2e31639fffff,Buenos Aires,Tres de Febrero,557,DEMANDA_MEDIA,8,COLECTIVO,REPRESENTATIVE_POINT,
88c2e38e91fffff,Buenos Aires,Ituzaingó,557,DEMANDA_MEDIA,13,COLECTIVO,REPRESENTATIVE_POINT,
88c2e38c83fffff,Buenos Aires,Hurlingham,557,DEMANDA_MEDIA,7,COLECTIVO,REPRESENTATIVE_POINT,
88c2e380d7fffff,Buenos Aires,La Matanza,557,DEMANDA_MEDIA,5,COLECTIVO,REPRESENTATIVE_POINT,
88c2e382a5fffff,Buenos Aires,La Matanza,556,DEMANDA_MEDIA,7,COLECTIVO,REPRESENTATIVE_POINT,
88c2e39985fffff,Buenos Aires,Almirante Brown,556,DEMANDA_MEDIA,17,COLECTIVO,REPRESENTATIVE_POINT,
88c2e3baa5fffff,Buenos Aires,Moreno,555,DEMANDA_MEDIA,6,COLECTIVO,REPRESENTATIVE_POINT,
88c2e3aae3fffff,Buenos Aires,José C. Paz,555,DEMANDA_MEDIA,6,COLECTIVO,REPRESENTATIVE_POINT,
88c2e3bae1fffff,Buenos Aires,Moreno,555,DEMANDA_MEDIA,7,COLECTIVO,REPRESENTATIVE_POINT,
88c2e23689fffff,Buenos Aires,Ensenada,555,DEMANDA_MEDIA,13,COLECTIVO,REPRESENTATIVE_POINT,
88c2e30745fffff,Buenos Aires,San Isidro,553,DEMANDA_MEDIA,17,COLECTIVO,REPRESENTATIVE_POINT,
88c2e3c50dfffff,Buenos Aires,Quilmes,551,DEMANDA_MEDIA,7,COLECTIVO,REPRESENTATIVE_POINT,
88c2e3326bfffff,Buenos Aires,Tigre,551,DEMANDA_MEDIA,7,COLECTIVO,REPRESENTATIVE_POINT,
88c2e3a149fffff,Buenos Aires,Moreno,550,DEMANDA_MEDIA,12,COLECTIVO,REPRESENTATIVE_POINT,
88c2e3b1c1fffff,Buenos Aires,Moreno,550,DEMANDA_MEDIA,7,COLECTIVO,REPRESENTATIVE_POINT,
88c2e30639fffff,Buenos Aires,San Fernando,550,DEMANDA_MEDIA,7,COLECTIVO,REPRESENTATIVE_POINT,
88c2e3a843fffff,Buenos Aires,Malvinas Argentinas,549,DEMANDA_MEDIA,7,COLECTIVO,REPRESENTATIVE_POINT,
88c2e3021bfffff,Buenos Aires,Vicente López,549,DEMANDA_MEDIA,8,COLECTIVO,REPRESENTATIVE_POINT,
88c2e3c2d1fffff,Buenos Aires,Florencio Varela,549,DEMANDA_MEDIA,17,COLECTIVO,REPRESENTATIVE_POINT,
88c2e3a919fffff,Buenos Aires,Tigre,548,DEMANDA_MEDIA,17,COLECTIVO,REPRESENTATIVE_POINT,
88c2e3b189fffff,Buenos Aires,Moreno,548,DEMANDA_MEDIA,5,COLECTIVO,REPRESENTATIVE_POINT,
88c2e38c17fffff,Buenos Aires,Morón,547,DEMANDA_MEDIA,12,COLECTIVO,REPRESENTATIVE_POINT,
88c2e38abbfffff,Buenos Aires,La Matanza,547,DEMANDA_MEDIA,6,COLECTIVO,REPRESENTATIVE_POINT,
88c2e38ee7fffff,Buenos Aires,Morón,547,DEMANDA_MEDIA,12,COLECTIVO,REPRESENTATIVE_POINT,
88c2e2a435fffff,Buenos Aires,La Plata,546,DEMANDA_MEDIA,7,COLECTIVO,REPRESENTATIVE_POINT,
88c2e236e9fffff,Buenos Aires,Ensenada,544,DEMANDA_MEDIA,19,COLECTIVO,REPRESENTATIVE_POINT,
88c2e3cb5dfffff,Buenos Aires,Ensenada,544,DEMANDA_MEDIA,7,COLECTIVO,REPRESENTATIVE_POINT,
88c2e3a9c5fffff,Buenos Aires,Tigre,544,DEMANDA_MEDIA,6,COLECTIVO,REPRESENTATIVE_POINT,
88c2e3c403fffff,Buenos Aires,Avellaneda,544,DEMANDA_MEDIA,12,COLECTIVO,REPRESENTATIVE_POINT,
88c2e3ae61fffff,Buenos Aires,Pilar,544,DEMANDA_MEDIA,16,COLECTIVO,REPRESENTATIVE_POINT,
88c2e3b5ebfffff,Buenos Aires,General Rodríguez,544,DEMANDA_MEDIA,10,COLECTIVO,REPRESENTATIVE_POINT,
88c2e3b1edfffff,Buenos Aires,Moreno,541,DEMANDA_MEDIA,7,COLECTIVO,REPRESENTATIVE_POINT,
88c2e2a4adfffff,Buenos Aires,La Plata,541,DEMANDA_MEDIA,7,COLECTIVO,REPRESENTATIVE_POINT,
88c2e3b1b9fffff,Buenos Aires,Moreno,540,DEMANDA_MEDIA,7,COLECTIVO,REPRESENTATIVE_POINT,
88c2e39535fffff,Buenos Aires,La Matanza,540,DEMANDA_MEDIA,6,COLECTIVO,REPRESENTATIVE_POINT,
88c2e3aac5fffff,Buenos Aires,José C. Paz,540,DEMANDA_MEDIA,14,COLECTIVO,REPRESENTATIVE_POINT,
88c2e3ae33fffff,Buenos Aires,Pilar,540,DEMANDA_MEDIA,17,COLECTIVO,REPRESENTATIVE_POINT,
88c2e3a16bfffff,Buenos Aires,Moreno,538,DEMANDA_MEDIA,5,COLECTIVO,REPRESENTATIVE_POINT,
88c2e3a96dfffff,Buenos Aires,Tigre,538,DEMANDA_MEDIA,5,COLECTIVO,REPRESENTATIVE_POINT,
88c2e3a05dfffff,Buenos Aires,Moreno,538,DEMANDA_MEDIA,12,COLECTIVO,REPRESENTATIVE_POINT,
88c2e3af61fffff,Buenos Aires,Pilar,537,DEMANDA_MEDIA,17,COLECTIVO,REPRESENTATIVE_POINT,
88c2e3862bfffff,Buenos Aires,La Matanza,537,DEMANDA_MEDIA,17,COLECTIVO,REPRESENTATIVE_POINT,
88c2e3af01fffff,Buenos Aires,José C. Paz,536,DEMANDA_MEDIA,16,COLECTIVO,REPRESENTATIVE_POINT,
88c2e3c661fffff,Buenos Aires,Quilmes,535,DEMANDA_MEDIA,7,COLECTIVO,REPRESENTATIVE_POINT,
88c2e3a5a1fffff,Buenos Aires,Pilar,535,DEMANDA_MEDIA,7,COLECTIVO,REPRESENTATIVE_POINT,
88c2e38d95fffff,Buenos Aires,Tres de Febrero,534,DEMANDA_MEDIA,12,COLECTIVO,REPRESENTATIVE_POINT,
88c2e3b507fffff,Buenos Aires,General Rodríguez,534,DEMANDA_MEDIA,12,COLECTIVO,REPRESENTATIVE_POINT,
88c2e23759fffff,Buenos Aires,Berisso,533,DEMANDA_MEDIA,7,COLECTIVO,REPRESENTATIVE_POINT,
88c2e3a1a5fffff,Buenos Aires,José C. Paz,533,DEMANDA_MEDIA,12,COLECTIVO,REPRESENTATIVE_POINT,
88c2e30443fffff,Buenos Aires,Tigre,533,DEMANDA_MEDIA,10,COLECTIVO,REPRESENTATIVE_POINT,
88c2e302bdfffff,Buenos Aires,San Isidro,533,DEMANDA_MEDIA,17,COLECTIVO,REPRESENTATIVE_POINT,
88c2e38c9bfffff,Buenos Aires,Hurlingham,532,DEMANDA_MEDIA,12,COLECTIVO,REPRESENTATIVE_POINT,
88c2e302cbfffff,Buenos Aires,Vicente López,531,DEMANDA_MEDIA,17,COLECTIVO,REPRESENTATIVE_POINT,
88c2e3a867fffff,Buenos Aires,Malvinas Argentinas,531,DEMANDA_MEDIA,6,COLECTIVO,REPRESENTATIVE_POINT,
88c2e388a5fffff,Buenos Aires,Lomas de Zamora,530,DEMANDA_MEDIA,6,COLECTIVO,REPRESENTATIVE_POINT,
88c2e3bb6bfffff,Buenos Aires,Ituzaingó,530,DEMANDA_MEDIA,17,COLECTIVO,REPRESENTATIVE_POINT,
88c2ee5265fffff,Buenos Aires,Campana,529,DEMANDA_MEDIA,17,COLECTIVO,REPRESENTATIVE_POINT,
88c2e3aaa3fffff,Buenos Aires,Malvinas Argentinas,528,DEMANDA_MEDIA,6,COLECTIVO,REPRESENTATIVE_POINT,
88c2e3d5c9fffff,Buenos Aires,Florencio Varela,528,DEMANDA_MEDIA,7,COLECTIVO,REPRESENTATIVE_POINT,
88c2e2a6ddfffff,Buenos Aires,La Plata,527,DEMANDA_MEDIA,16,COLECTIVO,REPRESENTATIVE_POINT,
88c2e3bb01fffff,Buenos Aires,Ituzaingó,527,DEMANDA_MEDIA,8,COLECTIVO,REPRESENTATIVE_POINT,
88c2e3ab2dfffff,Buenos Aires,Malvinas Argentinas,526,DEMANDA_MEDIA,7,COLECTIVO,REPRESENTATIVE_POINT,
88c2e3d485fffff,Buenos Aires,Almirante Brown,525,DEMANDA_MEDIA,11,COLECTIVO,REPRESENTATIVE_POINT,
88c2e3ab43fffff,Buenos Aires,San Miguel,525,DEMANDA_MEDIA,12,COLECTIVO,REPRESENTATIVE_POINT,
88c2e38a11fffff,Buenos Aires,Esteban Echeverría,525,DEMANDA_MEDIA,7,COLECTIVO,REPRESENTATIVE_POINT,
88c2e3adb7fffff,Buenos Aires,Escobar,524,DEMANDA_MEDIA,8,COLECTIVO,REPRESENTATIVE_POINT,
88c2e380c1fffff,Buenos Aires,La Matanza,524,DEMANDA_MEDIA,7,COLECTIVO,REPRESENTATIVE_POINT,
88c2e3bb43fffff,Buenos Aires,Ituzaingó,523,DEMANDA_MEDIA,7,COLECTIVO,REPRESENTATIVE_POINT,
88c2e399d9fffff,Buenos Aires,Esteban Echeverría,523,DEMANDA_MEDIA,17,COLECTIVO,REPRESENTATIVE_POINT,
88c2e3b0a3fffff,Buenos Aires,Moreno,523,DEMANDA_MEDIA,6,COLECTIVO,REPRESENTATIVE_POINT,
88c2e38569fffff,Buenos Aires,La Matanza,523,DEMANDA_MEDIA,7,COLECTIVO,REPRESENTATIVE_POINT,
88c2e3c2e3fffff,Buenos Aires,Berazategui,522,DEMANDA_MEDIA,12,COLECTIVO,REPRESENTATIVE_POINT,
88c2e3ba65fffff,Buenos Aires,Merlo,522,DEMANDA_MEDIA,7,COLECTIVO,REPRESENTATIVE_POINT,
88c2e3a9ddfffff,Buenos Aires,Malvinas Argentinas,522,DEMANDA_MEDIA,16,COLECTIVO,REPRESENTATIVE_POINT,
88c2e3ba8bfffff,Buenos Aires,Moreno,522,DEMANDA_MEDIA,12,COLECTIVO,REPRESENTATIVE_POINT,
88c2e33255fffff,Buenos Aires,Escobar,520,DEMANDA_MEDIA,7,COLECTIVO,REPRESENTATIVE_POINT,
88c2e3ae3dfffff,Buenos Aires,Pilar,520,DEMANDA_MEDIA,16,COLECTIVO,REPRESENTATIVE_POINT,
88c2e30459fffff,Buenos Aires,Tigre,520,DEMANDA_MEDIA,7,COLECTIVO,REPRESENTATIVE_POINT,
88c2e3885dfffff,Buenos Aires,Lomas de Zamora,520,DEMANDA_MEDIA,11,COLECTIVO,REPRESENTATIVE_POINT,
88c2e39811fffff,Buenos Aires,Esteban Echeverría,520,DEMANDA_MEDIA,8,COLECTIVO,REPRESENTATIVE_POINT,
88c2e38aedfffff,Buenos Aires,Esteban Echeverría,518,DEMANDA_MEDIA,7,COLECTIVO,REPRESENTATIVE_POINT,
88c2e38cd3fffff,Buenos Aires,Morón,518,DEMANDA_MEDIA,9,COLECTIVO,REPRESENTATIVE_POINT,
88c2e2aea7fffff,Buenos Aires,La Plata,518,DEMANDA_MEDIA,7,COLECTIVO,REPRESENTATIVE_POINT,
88c2e3c767fffff,Buenos Aires,Quilmes,517,DEMANDA_MEDIA,12,COLECTIVO,REPRESENTATIVE_POINT,
88c2e39131fffff,Buenos Aires,Ezeiza,517,DEMANDA_MEDIA,8,COLECTIVO,REPRESENTATIVE_POINT,
88c2e3a245fffff,Buenos Aires,Moreno,517,DEMANDA_MEDIA,12,COLECTIVO,REPRESENTATIVE_POINT,
88c2e3d841fffff,Buenos Aires,La Plata,516,DEMANDA_MEDIA,12,COLECTIVO,REPRESENTATIVE_POINT,
88c2e31661fffff,Buenos Aires,Tres de Febrero,516,DEMANDA_MEDIA,15,COLECTIVO,REPRESENTATIVE_POINT,
88c2e31415fffff,Buenos Aires,General San Martín,516,DEMANDA_MEDIA,6,COLECTIVO,REPRESENTATIVE_POINT,
88c2e3b1abfffff,Buenos Aires,Moreno,516,DEMANDA_MEDIA,12,COLECTIVO,REPRESENTATIVE_POINT,
88c2e3aa53fffff,Buenos Aires,José C. Paz,515,DEMANDA_MEDIA,6,COLECTIVO,REPRESENTATIVE_POINT,
88c2e38f47fffff,Buenos Aires,La Matanza,514,DEMANDA_MEDIA,6,COLECTIVO,REPRESENTATIVE_POINT,
88c2e3c019fffff,Buenos Aires,Berazategui,514,DEMANDA_MEDIA,7,COLECTIVO,REPRESENTATIVE_POINT,
88c2e2a403fffff,Buenos Aires,La Plata,514,DEMANDA_MEDIA,7,COLECTIVO,REPRESENTATIVE_POINT,
88c2e3bb4bfffff,Buenos Aires,Ituzaingó,513,DEMANDA_MEDIA,11,COLECTIVO,REPRESENTATIVE_POINT,
88c2e23629fffff,Buenos Aires,Berisso,513,DEMANDA_MEDIA,17,COLECTIVO,REPRESENTATIVE_POINT,
88c2e2a633fffff,Buenos Aires,La Plata,513,DEMANDA_MEDIA,17,COLECTIVO,REPRESENTATIVE_POINT,
88c2e3aa47fffff,Buenos Aires,San Miguel,513,DEMANDA_MEDIA,12,COLECTIVO,REPRESENTATIVE_POINT,
88c2e38011fffff,Buenos Aires,La Matanza,512,DEMANDA_MEDIA,8,COLECTIVO,REPRESENTATIVE_POINT,
88c2e3bb21fffff,Buenos Aires,Ituzaingó,511,DEMANDA_MEDIA,6,COLECTIVO,REPRESENTATIVE_POINT,
88c2e3994bfffff,Buenos Aires,Almirante Brown,510,DEMANDA_MEDIA,7,COLECTIVO,REPRESENTATIVE_POINT,
88c2e39957fffff,Buenos Aires,Almirante Brown,510,DEMANDA_MEDIA,7,COLECTIVO,REPRESENTATIVE_POINT,
88c2e3c72bfffff,Buenos Aires,Quilmes,510,DEMANDA_MEDIA,6,COLECTIVO,REPRESENTATIVE_POINT,
88c2e38cddfffff,Buenos Aires,Morón,509,DEMANDA_MEDIA,12,COLECTIVO,REPRESENTATIVE_POINT,
88c2e38935fffff,Buenos Aires,Lanús,509,DEMANDA_MEDIA,7,COLECTIVO,REPRESENTATIVE_POINT,
88c2e38c53fffff,Buenos Aires,Morón,509,DEMANDA_MEDIA,9,COLECTIVO,REPRESENTATIVE_POINT,
88c2e3db0bfffff,Buenos Aires,La Plata,508,DEMANDA_MEDIA,7,COLECTIVO,REPRESENTATIVE_POINT,
88c2e23747fffff,Buenos Aires,Berisso,507,DEMANDA_MEDIA,7,COLECTIVO,REPRESENTATIVE_POINT,
88c2e385c1fffff,Buenos Aires,Merlo,507,DEMANDA_MEDIA,12,COLECTIVO,REPRESENTATIVE_POINT,
88c2e38c31fffff,Buenos Aires,La Matanza,506,DEMANDA_MEDIA,13,COLECTIVO,REPRESENTATIVE_POINT,
88c2e3db69fffff,Buenos Aires,La Plata,505,DEMANDA_MEDIA,17,COLECTIVO,REPRESENTATIVE_POINT,
88c2e3b115fffff,Buenos Aires,Moreno,504,DEMANDA_MEDIA,8,COLECTIVO,REPRESENTATIVE_POINT,
88c2e3db35fffff,Buenos Aires,La Plata,504,DEMANDA_MEDIA,18,COLECTIVO,REPRESENTATIVE_POINT,
88c2e389a1fffff,Buenos Aires,Lanús,504,DEMANDA_MEDIA,7,COLECTIVO,REPRESENTATIVE_POINT,
88c2e3a24bfffff,Buenos Aires,Moreno,503,DEMANDA_MEDIA,6,COLECTIVO,REPRESENTATIVE_POINT,
88c2e3b1d5fffff,Buenos Aires,Moreno,503,DEMANDA_MEDIA,6,COLECTIVO,REPRESENTATIVE_POINT,
88c2e38a05fffff,Buenos Aires,Esteban Echeverría,503,DEMANDA_MEDIA,7,COLECTIVO,REPRESENTATIVE_POINT,
88c2e3aa37fffff,Buenos Aires,Malvinas Argentinas,503,DEMANDA_MEDIA,7,COLECTIVO,REPRESENTATIVE_POINT,
88c2e3b0abfffff,Buenos Aires,Moreno,501,DEMANDA_MEDIA,6,COLECTIVO,REPRESENTATIVE_POINT,
88c2e3131bfffff,Ciudad Autónoma de Buenos Aires,Comuna 4,501,DEMANDA_MEDIA,12,COLECTIVO,REPRESENTATIVE_POINT,
88c2e3d80dfffff,Buenos Aires,La Plata,500,DEMANDA_MEDIA,7,COLECTIVO,REPRESENTATIVE_POINT,
88c2e3a821fffff,Buenos Aires,Malvinas Argentinas,499,DEMANDA_MEDIA,6,COLECTIVO,REPRESENTATIVE_POINT,
88c2e3a207fffff,Buenos Aires,Moreno,499,DEMANDA_MEDIA,17,COLECTIVO,REPRESENTATIVE_POINT,
88c2e3ba21fffff,Buenos Aires,Merlo,499,DEMANDA_MEDIA,6,COLECTIVO,REPRESENTATIVE_POINT,
88c2e3a83bfffff,Buenos Aires,Malvinas Argentinas,498,DEMANDA_MEDIA,6,COLECTIVO,REPRESENTATIVE_POINT,
88c2e3c053fffff,Buenos Aires,Berazategui,498,DEMANDA_MEDIA,12,COLECTIVO,REPRESENTATIVE_POINT,
88c2e3a84bfffff,Buenos Aires,Malvinas Argentinas,497,DEMANDA_MEDIA,7,COLECTIVO,REPRESENTATIVE_POINT,
88c2e31711fffff,Buenos Aires,General San Martín,497,DEMANDA_MEDIA,15,COLECTIVO,REPRESENTATIVE_POINT,
88c2e3c6ebfffff,Buenos Aires,Lanús,496,DEMANDA_MEDIA,12,COLECTIVO,REPRESENTATIVE_POINT,
88c2e3a209fffff,Buenos Aires,General Rodríguez,496,DEMANDA_MEDIA,7,COLECTIVO,REPRESENTATIVE_POINT,
88c2e3323bfffff,Buenos Aires,Escobar,496,DEMANDA_MEDIA,8,COLECTIVO,REPRESENTATIVE_POINT,
88c2e38a93fffff,Buenos Aires,La Matanza,495,DEMANDA_MEDIA,12,COLECTIVO,REPRESENTATIVE_POINT,
88c2e3b5e5fffff,Buenos Aires,General Rodríguez,495,DEMANDA_MEDIA,18,COLECTIVO,REPRESENTATIVE_POINT,
88c2e31641fffff,Buenos Aires,Morón,493,DEMANDA_MEDIA,17,COLECTIVO,REPRESENTATIVE_POINT,
88c2e300dbfffff,Buenos Aires,San Isidro,493,DEMANDA_MEDIA,16,COLECTIVO,REPRESENTATIVE_POINT,
88c2e3ba3dfffff,Buenos Aires,Merlo,493,DEMANDA_MEDIA,7,COLECTIVO,REPRESENTATIVE_POINT,
88c2e3801dfffff,Buenos Aires,La Matanza,493,DEMANDA_MEDIA,7,COLECTIVO,REPRESENTATIVE_POINT,
88c2e38d8dfffff,Buenos Aires,Tres de Febrero,492,DEMANDA_MEDIA,16,COLECTIVO,REPRESENTATIVE_POINT,
88c2e3acc7fffff,Buenos Aires,Pilar,491,DEMANDA_MEDIA,7,COLECTIVO,REPRESENTATIVE_POINT,
88c2e3d68dfffff,Buenos Aires,Almirante Brown,491,DEMANDA_MEDIA,7,COLECTIVO,REPRESENTATIVE_POINT,
88c2e3a913fffff,Buenos Aires,Tigre,490,DEMANDA_MEDIA,6,COLECTIVO,REPRESENTATIVE_POINT,
88c2e3b9d3fffff,Buenos Aires,San Miguel,489,DEMANDA_MEDIA,5,COLECTIVO,REPRESENTATIVE_POINT,
88c2e3a4a7fffff,Buenos Aires,Pilar,489,DEMANDA_MEDIA,7,COLECTIVO,REPRESENTATIVE_POINT,
88c2e38033fffff,Buenos Aires,La Matanza,489,DEMANDA_MEDIA,7,COLECTIVO,REPRESENTATIVE_POINT,
88c2e3ab35fffff,Buenos Aires,Malvinas Argentinas,489,DEMANDA_MEDIA,6,COLECTIVO,REPRESENTATIVE_POINT,
88c2e3989dfffff,Buenos Aires,Esteban Echeverría,488,DEMANDA_MEDIA,17,COLECTIVO,REPRESENTATIVE_POINT,
88c2e3ab05fffff,Buenos Aires,Malvinas Argentinas,488,DEMANDA_MEDIA,12,COLECTIVO,REPRESENTATIVE_POINT,
88c2e2aeb9fffff,Buenos Aires,La Plata,488,DEMANDA_MEDIA,17,COLECTIVO,REPRESENTATIVE_POINT,
88c2e380adfffff,Buenos Aires,La Matanza,488,DEMANDA_MEDIA,7,COLECTIVO,REPRESENTATIVE_POINT,
88c2e3c0ebfffff,Buenos Aires,Berazategui,488,DEMANDA_MEDIA,7,COLECTIVO,REPRESENTATIVE_POINT,
88c2e3baabfffff,Buenos Aires,Moreno,488,DEMANDA_MEDIA,6,COLECTIVO,REPRESENTATIVE_POINT,
88c2e2a5a5fffff,Buenos Aires,La Plata,488,DEMANDA_MEDIA,7,COLECTIVO,REPRESENTATIVE_POINT,
88c2e38f15fffff,Buenos Aires,La Matanza,488,DEMANDA_MEDIA,12,COLECTIVO,REPRESENTATIVE_POINT,
88c2e3ba57fffff,Buenos Aires,Merlo,487,DEMANDA_MEDIA,11,COLECTIVO,REPRESENTATIVE_POINT,
88c2e16991fffff,Buenos Aires,Luján,487,DEMANDA_MEDIA,6,COLECTIVO,REPRESENTATIVE_POINT,
88c2e314b9fffff,Buenos Aires,Tigre,487,DEMANDA_MEDIA,12,COLECTIVO,REPRESENTATIVE_POINT,
88c2e3b511fffff,Buenos Aires,General Rodríguez,485,DEMANDA_MEDIA,10,COLECTIVO,REPRESENTATIVE_POINT,
88c2e38a33fffff,Buenos Aires,Esteban Echeverría,484,DEMANDA_MEDIA,7,COLECTIVO,REPRESENTATIVE_POINT,
88c2e39137fffff,Buenos Aires,Ezeiza,483,DEMANDA_MEDIA,7,COLECTIVO,REPRESENTATIVE_POINT,
88c2e166e9fffff,Buenos Aires,Mercedes,483,DEMANDA_MEDIA,12,COLECTIVO,REPRESENTATIVE_POINT,
88c2e39733fffff,Buenos Aires,La Matanza,482,DEMANDA_MEDIA,6,COLECTIVO,REPRESENTATIVE_POINT,
88c2e3174dfffff,Buenos Aires,Tres de Febrero,482,DEMANDA_MEDIA,7,COLECTIVO,REPRESENTATIVE_POINT,
88c2e330cbfffff,Buenos Aires,Escobar,481,DEMANDA_MEDIA,10,COLECTIVO,REPRESENTATIVE_POINT,
88c2e3dae3fffff,Buenos Aires,La Plata,481,DEMANDA_MEDIA,7,COLECTIVO,REPRESENTATIVE_POINT,
88c2e38417fffff,Buenos Aires,Merlo,481,DEMANDA_MEDIA,13,COLECTIVO,REPRESENTATIVE_POINT,
88c2e3b1bbfffff,Buenos Aires,Moreno,481,DEMANDA_MEDIA,6,COLECTIVO,REPRESENTATIVE_POINT,
88c2e39989fffff,Buenos Aires,Almirante Brown,480,DEMANDA_MEDIA,12,COLECTIVO,REPRESENTATIVE_POINT,
88c2e3c6e7fffff,Buenos Aires,Avellaneda,479,DEMANDA_MEDIA,12,COLECTIVO,REPRESENTATIVE_POINT,
88c2e3d501fffff,Buenos Aires,Florencio Varela,479,DEMANDA_MEDIA,12,COLECTIVO,REPRESENTATIVE_POINT,
88c2e38c11fffff,Buenos Aires,Morón,478,DEMANDA_MEDIA,12,COLECTIVO,REPRESENTATIVE_POINT,
88c2e3ba39fffff,Buenos Aires,Merlo,478,DEMANDA_MEDIA,8,COLECTIVO,INTERSECCION_MAYOR_AREA,
88c2ee522bfffff,Buenos Aires,Campana,478,DEMANDA_MEDIA,13,COLECTIVO,REPRESENTATIVE_POINT,
88c2e02e43fffff,Buenos Aires,Cañuelas,477,DEMANDA_MEDIA,13,COLECTIVO,REPRESENTATIVE_POINT,
88c2e3af5bfffff,Buenos Aires,Pilar,477,DEMANDA_MEDIA,16,COLECTIVO,REPRESENTATIVE_POINT,
88c2e39967fffff,Buenos Aires,Almirante Brown,477,DEMANDA_MEDIA,7,COLECTIVO,REPRESENTATIVE_POINT,
88c2e3ba4dfffff,Buenos Aires,Merlo,476,DEMANDA_MEDIA,13,COLECTIVO,REPRESENTATIVE_POINT,
88c2e3ac4bfffff,Buenos Aires,Pilar,476,DEMANDA_MEDIA,12,COLECTIVO,REPRESENTATIVE_POINT,
88c2e2af15fffff,Buenos Aires,La Plata,476,DEMANDA_MEDIA,13,COLECTIVO,REPRESENTATIVE_POINT,
88c2e30753fffff,Buenos Aires,San Fernando,475,DEMANDA_MEDIA,7,COLECTIVO,REPRESENTATIVE_POINT,
88c2e3b953fffff,Buenos Aires,Hurlingham,475,DEMANDA_MEDIA,7,COLECTIVO,REPRESENTATIVE_POINT,
88c2e39b3dfffff,Buenos Aires,Presidente Perón,475,DEMANDA_MEDIA,12,COLECTIVO,REPRESENTATIVE_POINT,
88c2e3d84bfffff,Buenos Aires,La Plata,474,DEMANDA_MEDIA,13,COLECTIVO,REPRESENTATIVE_POINT,
88c2e3a313fffff,Buenos Aires,Moreno,474,DEMANDA_MEDIA,17,COLECTIVO,REPRESENTATIVE_POINT,
88c2e3ba15fffff,Buenos Aires,Moreno,474,DEMANDA_MEDIA,12,COLECTIVO,REPRESENTATIVE_POINT,
88c2e3134bfffff,Buenos Aires,Lanús,474,DEMANDA_MEDIA,12,COLECTIVO,REPRESENTATIVE_POINT,
88c2e388dbfffff,Buenos Aires,La Matanza,473,DEMANDA_MEDIA,6,COLECTIVO,REPRESENTATIVE_POINT,
88c2e3ae8dfffff,Buenos Aires,Pilar,473,DEMANDA_MEDIA,15,COLECTIVO,REPRESENTATIVE_POINT,
88c2ee5761fffff,Buenos Aires,Zárate,472,DEMANDA_MEDIA,7,COLECTIVO,REPRESENTATIVE_POINT,
88c2e3aab1fffff,Buenos Aires,Malvinas Argentinas,472,DEMANDA_MEDIA,12,COLECTIVO,REPRESENTATIVE_POINT,
88c2e2361dfffff,Buenos Aires,Ensenada,471,DEMANDA_MEDIA,7,COLECTIVO,REPRESENTATIVE_POINT,
88c2ee52e3fffff,Buenos Aires,Zárate,471,DEMANDA_MEDIA,12,COLECTIVO,REPRESENTATIVE_POINT,
88c2e3a131fffff,Buenos Aires,José C. Paz,471,DEMANDA_MEDIA,8,COLECTIVO,REPRESENTATIVE_POINT,
88c2e399a5fffff,Buenos Aires,Almirante Brown,470,DEMANDA_MEDIA,6,COLECTIVO,REPRESENTATIVE_POINT,
88c2e3325dfffff,Buenos Aires,Escobar,470,DEMANDA_MEDIA,12,COLECTIVO,REPRESENTATIVE_POINT,
88c2ee52b5fffff,Buenos Aires,Zárate,470,DEMANDA_MEDIA,12,COLECTIVO,REPRESENTATIVE_POINT,
88c2e3d595fffff,Buenos Aires,Quilmes,469,DEMANDA_MEDIA,12,COLECTIVO,REPRESENTATIVE_POINT,
88c2e3a907fffff,Buenos Aires,Tigre,469,DEMANDA_MEDIA,12,COLECTIVO,REPRESENTATIVE_POINT,
88c2e3da6dfffff,Buenos Aires,La Plata,468,DEMANDA_MEDIA,7,COLECTIVO,REPRESENTATIVE_POINT,
88c2e3b123fffff,Buenos Aires,Moreno,468,DEMANDA_MEDIA,7,COLECTIVO,REPRESENTATIVE_POINT,
88c2e3ac6bfffff,Buenos Aires,Pilar,467,DEMANDA_MEDIA,16,COLECTIVO,REPRESENTATIVE_POINT,
88c2e3c00dfffff,Buenos Aires,Berazategui,467,DEMANDA_MEDIA,12,COLECTIVO,REPRESENTATIVE_POINT,
88c2e3aa2dfffff,Buenos Aires,Malvinas Argentinas,466,DEMANDA_MEDIA,12,COLECTIVO,REPRESENTATIVE_POINT,
88c2e3c445fffff,Buenos Aires,Quilmes,465,DEMANDA_MEDIA,13,COLECTIVO,REPRESENTATIVE_POINT,
88c2e3b1c9fffff,Buenos Aires,Moreno,465,DEMANDA_MEDIA,6,COLECTIVO,REPRESENTATIVE_POINT,
88c2e380abfffff,Buenos Aires,La Matanza,465,DEMANDA_MEDIA,12,COLECTIVO,REPRESENTATIVE_POINT,
88c2e3aab9fffff,Buenos Aires,José C. Paz,465,DEMANDA_MEDIA,7,COLECTIVO,REPRESENTATIVE_POINT,
88c2e3808bfffff,Buenos Aires,La Matanza,465,DEMANDA_MEDIA,8,COLECTIVO,REPRESENTATIVE_POINT,
88c2e3d5d7fffff,Buenos Aires,Quilmes,464,DEMANDA_MEDIA,9,COLECTIVO,REPRESENTATIVE_POINT,
88c2e38d4bfffff,Buenos Aires,La Matanza,464,DEMANDA_MEDIA,7,COLECTIVO,REPRESENTATIVE_POINT,
88c2e3ac55fffff,Buenos Aires,Pilar,464,DEMANDA_MEDIA,16,COLECTIVO,REPRESENTATIVE_POINT,
88c2e31569fffff,Ciudad Autónoma de Buenos Aires,Comuna 12,463,DEMANDA_MEDIA,17,COLECTIVO,REPRESENTATIVE_POINT,
88c2e3db39fffff,Buenos Aires,La Plata,463,DEMANDA_MEDIA,9,COLECTIVO,REPRESENTATIVE_POINT,
88c2e3b121fffff,Buenos Aires,Moreno,463,DEMANDA_MEDIA,7,COLECTIVO,REPRESENTATIVE_POINT,
88c2e06c81fffff,Buenos Aires,Presidente Perón,463,DEMANDA_MEDIA,17,COLECTIVO,REPRESENTATIVE_POINT,
88c2e38ca1fffff,Buenos Aires,Morón,462,DEMANDA_MEDIA,7,COLECTIVO,REPRESENTATIVE_POINT,
88c2eec207fffff,Buenos Aires,Exaltación de la Cruz,462,DEMANDA_MEDIA,17,COLECTIVO,REPRESENTATIVE_POINT,
88c2e3d4c3fffff,Buenos Aires,Almirante Brown,461,DEMANDA_MEDIA,12,COLECTIVO,REPRESENTATIVE_POINT,
88c2e3c36dfffff,Buenos Aires,Berazategui,461,DEMANDA_MEDIA,14,COLECTIVO,REPRESENTATIVE_POINT,
88c2e3073dfffff,Buenos Aires,San Fernando,461,DEMANDA_MEDIA,14,COLECTIVO,INTERSECCION_MAYOR_AREA,
88c2e3c649fffff,Buenos Aires,Almirante Brown,461,DEMANDA_MEDIA,17,COLECTIVO,REPRESENTATIVE_POINT,
88c2e3ae47fffff,Buenos Aires,Pilar,461,DEMANDA_MEDIA,6,COLECTIVO,REPRESENTATIVE_POINT,
88c2e0673dfffff,Buenos Aires,San Vicente,459,DEMANDA_MEDIA,17,COLECTIVO,REPRESENTATIVE_POINT,
88c2e3a181fffff,Buenos Aires,Pilar,459,DEMANDA_MEDIA,5,COLECTIVO,REPRESENTATIVE_POINT,
88c2e38b0bfffff,Buenos Aires,Lomas de Zamora,459,DEMANDA_MEDIA,7,COLECTIVO,REPRESENTATIVE_POINT,
88c2e39923fffff,Buenos Aires,Almirante Brown,458,DEMANDA_MEDIA,12,COLECTIVO,REPRESENTATIVE_POINT,
88c2e2a431fffff,Buenos Aires,La Plata,457,DEMANDA_MEDIA,7,COLECTIVO,REPRESENTATIVE_POINT,
88c2e38a95fffff,Buenos Aires,La Matanza,457,DEMANDA_MEDIA,17,COLECTIVO,REPRESENTATIVE_POINT,
88c2e3af2dfffff,Buenos Aires,Pilar,457,DEMANDA_MEDIA,12,COLECTIVO,REPRESENTATIVE_POINT,
88c2e2a5a3fffff,Buenos Aires,La Plata,456,DEMANDA_MEDIA,7,COLECTIVO,REPRESENTATIVE_POINT,
88c2e3c4abfffff,Buenos Aires,Avellaneda,455,DEMANDA_MEDIA,6,COLECTIVO,REPRESENTATIVE_POINT,
88c2e3b4a1fffff,Buenos Aires,General Rodríguez,455,DEMANDA_MEDIA,7,COLECTIVO,REPRESENTATIVE_POINT,
88c2e398a3fffff,Buenos Aires,Esteban Echeverría,453,DEMANDA_MEDIA,17,COLECTIVO,REPRESENTATIVE_POINT,
88c2e3b991fffff,Buenos Aires,San Miguel,453,DEMANDA_MEDIA,4,COLECTIVO,REPRESENTATIVE_POINT,
88c2e39b25fffff,Buenos Aires,Almirante Brown,452,DEMANDA_MEDIA,7,COLECTIVO,REPRESENTATIVE_POINT,
88c2e382edfffff,Buenos Aires,La Matanza,452,DEMANDA_MEDIA,9,COLECTIVO,REPRESENTATIVE_POINT,
88c2e2a439fffff,Buenos Aires,La Plata,451,DEMANDA_MEDIA,12,COLECTIVO,REPRESENTATIVE_POINT,
88c2e2ae95fffff,Buenos Aires,La Plata,451,DEMANDA_MEDIA,13,COLECTIVO,REPRESENTATIVE_POINT,
88c2e3add5fffff,Buenos Aires,Escobar,450,DEMANDA_MEDIA,15,COLECTIVO,REPRESENTATIVE_POINT,
88c2e3d801fffff,Buenos Aires,La Plata,449,DEMANDA_MEDIA,12,COLECTIVO,REPRESENTATIVE_POINT,
88c2e3bb3bfffff,Buenos Aires,Ituzaingó,449,DEMANDA_MEDIA,19,COLECTIVO,REPRESENTATIVE_POINT,
88c2e3c735fffff,Buenos Aires,Quilmes,448,DEMANDA_MEDIA,17,COLECTIVO,REPRESENTATIVE_POINT,
88c2e3b1e7fffff,Buenos Aires,Moreno,448,DEMANDA_MEDIA,7,COLECTIVO,REPRESENTATIVE_POINT,
88c2e3c707fffff,Buenos Aires,Quilmes,447,DEMANDA_MEDIA,7,COLECTIVO,REPRESENTATIVE_POINT,
88c2e39ab5fffff,Buenos Aires,Ezeiza,446,DEMANDA_MEDIA,6,COLECTIVO,REPRESENTATIVE_POINT,
88c2e3ae31fffff,Buenos Aires,Pilar,445,DEMANDA_MEDIA,16,COLECTIVO,REPRESENTATIVE_POINT,
88c2e3bb57fffff,Buenos Aires,Ituzaingó,445,DEMANDA_MEDIA,7,COLECTIVO,REPRESENTATIVE_POINT,
88c2e38f57fffff,Buenos Aires,La Matanza,445,DEMANDA_MEDIA,6,COLECTIVO,REPRESENTATIVE_POINT,
88c2e3d4cbfffff,Buenos Aires,Almirante Brown,445,DEMANDA_MEDIA,12,COLECTIVO,REPRESENTATIVE_POINT,
88c2e07ac5fffff,Buenos Aires,Brandsen,445,DEMANDA_MEDIA,12,COLECTIVO,REPRESENTATIVE_POINT,
88c2e385cdfffff,Buenos Aires,Merlo,444,DEMANDA_MEDIA,6,COLECTIVO,REPRESENTATIVE_POINT,
88c2e3ae01fffff,Buenos Aires,Pilar,444,DEMANDA_MEDIA,7,COLECTIVO,REPRESENTATIVE_POINT,
88c2e2ae97fffff,Buenos Aires,La Plata,444,DEMANDA_MEDIA,12,COLECTIVO,REPRESENTATIVE_POINT,
88c2e2acbbfffff,Buenos Aires,Ensenada,443,DEMANDA_MEDIA,17,COLECTIVO,REPRESENTATIVE_POINT,
88c2e23635fffff,Buenos Aires,Berisso,443,DEMANDA_MEDIA,12,COLECTIVO,REPRESENTATIVE_POINT,
88c2e23623fffff,Buenos Aires,Berisso,442,DEMANDA_MEDIA,16,COLECTIVO,REPRESENTATIVE_POINT,
88c2e38b41fffff,Buenos Aires,Almirante Brown,442,DEMANDA_MEDIA,12,COLECTIVO,REPRESENTATIVE_POINT,
88c2e38819fffff,Buenos Aires,Lomas de Zamora,441,DEMANDA_MEDIA,7,COLECTIVO,REPRESENTATIVE_POINT,
88c2e2ac57fffff,Buenos Aires,La Plata,441,DEMANDA_MEDIA,12,COLECTIVO,REPRESENTATIVE_POINT,
88c2e0615bfffff,Buenos Aires,San Vicente,441,DEMANDA_MEDIA,7,COLECTIVO,REPRESENTATIVE_POINT,
88c2e31589fffff,Buenos Aires,San Isidro,441,DEMANDA_MEDIA,7,COLECTIVO,REPRESENTATIVE_POINT,
88c2e16613fffff,Buenos Aires,Mercedes,441,DEMANDA_MEDIA,7,COLECTIVO,REPRESENTATIVE_POINT,
88c2e06723fffff,Buenos Aires,San Vicente,441,DEMANDA_MEDIA,18,COLECTIVO,REPRESENTATIVE_POINT,
88c2e3b937fffff,Buenos Aires,San Miguel,440,DEMANDA_MEDIA,12,COLECTIVO,REPRESENTATIVE_POINT,
88c2e3d46dfffff,Buenos Aires,Florencio Varela,440,DEMANDA_MEDIA,11,COLECTIVO,REPRESENTATIVE_POINT,
88c2e3b1a3fffff,Buenos Aires,Moreno,440,DEMANDA_MEDIA,12,COLECTIVO,REPRESENTATIVE_POINT,
88c2e3b1a1fffff,Buenos Aires,Moreno,439,DEMANDA_MEDIA,16,COLECTIVO,REPRESENTATIVE_POINT,
88c2e3c4bdfffff,Buenos Aires,Avellaneda,438,DEMANDA_MEDIA,6,COLECTIVO,REPRESENTATIVE_POINT,
88c2e38ce7fffff,Buenos Aires,Morón,437,DEMANDA_MEDIA,7,COLECTIVO,REPRESENTATIVE_POINT,
88c2e38ec1fffff,Buenos Aires,Morón,436,DEMANDA_MEDIA,8,COLECTIVO,REPRESENTATIVE_POINT,
88c2e3c623fffff,Buenos Aires,Quilmes,436,DEMANDA_MEDIA,7,COLECTIVO,REPRESENTATIVE_POINT,
88c2e3d685fffff,Buenos Aires,Almirante Brown,436,DEMANDA_MEDIA,7,COLECTIVO,REPRESENTATIVE_POINT,
88c2e31263fffff,Ciudad Autónoma de Buenos Aires,Comuna 8,435,DEMANDA_MEDIA,17,COLECTIVO,REPRESENTATIVE_POINT,
88c2e38cedfffff,Buenos Aires,Morón,434,DEMANDA_MEDIA,12,COLECTIVO,REPRESENTATIVE_POINT,
88c2e3b14dfffff,Buenos Aires,Merlo,434,DEMANDA_MEDIA,6,COLECTIVO,REPRESENTATIVE_POINT,
88c2e39ad5fffff,Buenos Aires,Ezeiza,434,DEMANDA_MEDIA,18,COLECTIVO,REPRESENTATIVE_POINT,
88c2e33755fffff,Buenos Aires,Escobar,434,DEMANDA_MEDIA,22,COLECTIVO,REPRESENTATIVE_POINT,
88c2e16823fffff,Buenos Aires,Luján,434,DEMANDA_MEDIA,12,COLECTIVO,REPRESENTATIVE_POINT,
88c2e3b9b1fffff,Buenos Aires,San Miguel,434,DEMANDA_MEDIA,7,COLECTIVO,REPRESENTATIVE_POINT,
88c2e38a45fffff,Buenos Aires,Esteban Echeverría,433,DEMANDA_MEDIA,7,COLECTIVO,REPRESENTATIVE_POINT,
88c2e3ae85fffff,Buenos Aires,Pilar,432,DEMANDA_MEDIA,16,COLECTIVO,REPRESENTATIVE_POINT,
88c2ee5549fffff,Buenos Aires,Zárate,432,DEMANDA_MEDIA,12,COLECTIVO,REPRESENTATIVE_POINT,
88c2e3ae2bfffff,Buenos Aires,Pilar,432,DEMANDA_MEDIA,12,COLECTIVO,REPRESENTATIVE_POINT,
88c2e3821bfffff,Buenos Aires,La Matanza,432,DEMANDA_MEDIA,4,COLECTIVO,REPRESENTATIVE_POINT,
88c2e3a809fffff,Buenos Aires,Malvinas Argentinas,431,DEMANDA_MEDIA,7,COLECTIVO,REPRESENTATIVE_POINT,
88c2e2a463fffff,Buenos Aires,La Plata,431,DEMANDA_MEDIA,7,COLECTIVO,REPRESENTATIVE_POINT,
88c2e3b9bdfffff,Buenos Aires,San Miguel,431,DEMANDA_MEDIA,12,COLECTIVO,REPRESENTATIVE_POINT,
88c2e3ae37fffff,Buenos Aires,Pilar,431,DEMANDA_MEDIA,17,COLECTIVO,REPRESENTATIVE_POINT,
88c2e3ba59fffff,Buenos Aires,Merlo,431,DEMANDA_MEDIA,12,COLECTIVO,REPRESENTATIVE_POINT,
88c2e33267fffff,Buenos Aires,Tigre,431,DEMANDA_MEDIA,7,COLECTIVO,REPRESENTATIVE_POINT,
88c2e3af21fffff,Buenos Aires,Pilar,430,DEMANDA_MEDIA,12,COLECTIVO,REPRESENTATIVE_POINT,
88c2e3d819fffff,Buenos Aires,La Plata,430,DEMANDA_MEDIA,12,COLECTIVO,REPRESENTATIVE_POINT,
88c2e31269fffff,Ciudad Autónoma de Buenos Aires,Comuna 8,430,DEMANDA_MEDIA,6,COLECTIVO,REPRESENTATIVE_POINT,
88c2e30633fffff,Buenos Aires,Tigre,430,DEMANDA_MEDIA,12,COLECTIVO,REPRESENTATIVE_POINT,
88c2e3034bfffff,Ciudad Autónoma de Buenos Aires,Comuna 14,429,DEMANDA_MEDIA,17,COLECTIVO,REPRESENTATIVE_POINT,
88c2e39151fffff,Buenos Aires,Ezeiza,429,DEMANDA_MEDIA,6,COLECTIVO,REPRESENTATIVE_POINT,
88c2e382e9fffff,Buenos Aires,La Matanza,429,DEMANDA_MEDIA,6,COLECTIVO,REPRESENTATIVE_POINT,
88c2e3bae9fffff,Buenos Aires,Moreno,429,DEMANDA_MEDIA,7,COLECTIVO,REPRESENTATIVE_POINT,
88c2e2af55fffff,Buenos Aires,La Plata,429,DEMANDA_MEDIA,6,COLECTIVO,REPRESENTATIVE_POINT,
88c2e02d01fffff,Buenos Aires,Cañuelas,428,DEMANDA_MEDIA,16,COLECTIVO,REPRESENTATIVE_POINT,
88c2e3b9d7fffff,Buenos Aires,San Miguel,428,DEMANDA_MEDIA,12,COLECTIVO,REPRESENTATIVE_POINT,
88c2e3c60dfffff,Buenos Aires,Quilmes,427,DEMANDA_MEDIA,7,COLECTIVO,REPRESENTATIVE_POINT,
88c2e3b527fffff,Buenos Aires,General Rodríguez,427,DEMANDA_MEDIA,17,COLECTIVO,REPRESENTATIVE_POINT,
88c2e3c4c9fffff,Buenos Aires,Avellaneda,427,DEMANDA_MEDIA,7,COLECTIVO,REPRESENTATIVE_POINT,
88c2e39a1bfffff,Buenos Aires,Esteban Echeverría,427,DEMANDA_MEDIA,17,COLECTIVO,REPRESENTATIVE_POINT,
88c2e02e55fffff,Buenos Aires,Cañuelas,427,DEMANDA_MEDIA,13,COLECTIVO,REPRESENTATIVE_POINT,
88c2e388d9fffff,Buenos Aires,La Matanza,427,DEMANDA_MEDIA,15,COLECTIVO,REPRESENTATIVE_POINT,
88c2e3b101fffff,Buenos Aires,Moreno,427,DEMANDA_MEDIA,6,COLECTIVO,REPRESENTATIVE_POINT,
88c2e3baedfffff,Buenos Aires,Moreno,427,DEMANDA_MEDIA,6,COLECTIVO,REPRESENTATIVE_POINT,
88c2e3993bfffff,Buenos Aires,Almirante Brown,426,DEMANDA_MEDIA,7,COLECTIVO,REPRESENTATIVE_POINT,
88c2e30289fffff,Buenos Aires,Vicente López,426,DEMANDA_MEDIA,8,COLECTIVO,REPRESENTATIVE_POINT,
88c2e39005fffff,Buenos Aires,Ezeiza,426,DEMANDA_MEDIA,8,COLECTIVO,REPRESENTATIVE_POINT,
88c2e30601fffff,Buenos Aires,San Fernando,425,DEMANDA_MEDIA,8,COLECTIVO,REPRESENTATIVE_POINT,
88c2e06ebdfffff,Buenos Aires,Presidente Perón,425,DEMANDA_MEDIA,7,COLECTIVO,REPRESENTATIVE_POINT,
88c2e382c1fffff,Buenos Aires,La Matanza,425,DEMANDA_MEDIA,9,COLECTIVO,REPRESENTATIVE_POINT,
88c2e3aa87fffff,Buenos Aires,José C. Paz,425,DEMANDA_MEDIA,7,COLECTIVO,REPRESENTATIVE_POINT,
88c2e3a847fffff,Buenos Aires,Malvinas Argentinas,424,DEMANDA_MEDIA,12,COLECTIVO,REPRESENTATIVE_POINT,
88c2e3bb49fffff,Buenos Aires,Ituzaingó,424,DEMANDA_MEDIA,17,COLECTIVO,REPRESENTATIVE_POINT,
88c2e3b847fffff,Buenos Aires,Ituzaingó,424,DEMANDA_MEDIA,7,COLECTIVO,REPRESENTATIVE_POINT,
88c2e38ed5fffff,Buenos Aires,Morón,424,DEMANDA_MEDIA,12,COLECTIVO,REPRESENTATIVE_POINT,
88c2e3a20bfffff,Buenos Aires,General Rodríguez,424,DEMANDA_MEDIA,6,COLECTIVO,REPRESENTATIVE_POINT,
88c2e3b965fffff,Buenos Aires,Hurlingham,423,DEMANDA_MEDIA,17,COLECTIVO,REPRESENTATIVE_POINT,
88c2e3bae5fffff,Buenos Aires,Moreno,423,DEMANDA_MEDIA,12,COLECTIVO,REPRESENTATIVE_POINT,
88c2e3db13fffff,Buenos Aires,La Plata,423,DEMANDA_MEDIA,17,COLECTIVO,REPRESENTATIVE_POINT,
88c2e38c4bfffff,Buenos Aires,La Matanza,422,DEMANDA_MEDIA,13,COLECTIVO,REPRESENTATIVE_POINT,
88c2e3ba47fffff,Buenos Aires,Merlo,422,DEMANDA_MEDIA,18,COLECTIVO,REPRESENTATIVE_POINT,
88c2e3c047fffff,Buenos Aires,Berazategui,422,DEMANDA_MEDIA,16,COLECTIVO,REPRESENTATIVE_POINT,
88c2e3d689fffff,Buenos Aires,Almirante Brown,422,DEMANDA_MEDIA,12,COLECTIVO,REPRESENTATIVE_POINT,
88c2e3971dfffff,Buenos Aires,La Matanza,420,DEMANDA_MEDIA,6,COLECTIVO,REPRESENTATIVE_POINT,
88c2ee5267fffff,Buenos Aires,Campana,420,DEMANDA_MEDIA,12,COLECTIVO,REPRESENTATIVE_POINT,
88c2e3334bfffff,Buenos Aires,Tigre,420,DEMANDA_MEDIA,16,COLECTIVO,REPRESENTATIVE_POINT,
88c2e3a5b3fffff,Buenos Aires,Pilar,420,DEMANDA_MEDIA,16,COLECTIVO,REPRESENTATIVE_POINT,
88c2e3ae4dfffff,Buenos Aires,Pilar,419,DEMANDA_MEDIA,5,COLECTIVO,REPRESENTATIVE_POINT,
88c2e3a8e3fffff,Buenos Aires,Escobar,419,DEMANDA_MEDIA,4,COLECTIVO,REPRESENTATIVE_POINT,
88c2e3d0a5fffff,Buenos Aires,Berazategui,419,DEMANDA_MEDIA,7,COLECTIVO,REPRESENTATIVE_POINT,
88c2e38083fffff,Buenos Aires,La Matanza,418,DEMANDA_MEDIA,7,COLECTIVO,REPRESENTATIVE_POINT,
88c2e3bb09fffff,Buenos Aires,Ituzaingó,418,DEMANDA_MEDIA,13,COLECTIVO,REPRESENTATIVE_POINT,
88c2e380e7fffff,Buenos Aires,La Matanza,418,DEMANDA_MEDIA,7,COLECTIVO,REPRESENTATIVE_POINT,
88c2e3db59fffff,Buenos Aires,La Plata,417,DEMANDA_MEDIA,12,COLECTIVO,REPRESENTATIVE_POINT,
88c2e39a85fffff,Buenos Aires,Ezeiza,416,DEMANDA_MEDIA,17,COLECTIVO,REPRESENTATIVE_POINT,
88c2e3375dfffff,Buenos Aires,Escobar,416,DEMANDA_MEDIA,7,COLECTIVO,REPRESENTATIVE_POINT,
88c2e06eb1fffff,Buenos Aires,Presidente Perón,416,DEMANDA_MEDIA,6,COLECTIVO,REPRESENTATIVE_POINT,
88c2e300d9fffff,Buenos Aires,San Isidro,416,DEMANDA_MEDIA,17,COLECTIVO,REPRESENTATIVE_POINT,
88c2e2a5b9fffff,Buenos Aires,La Plata,416,DEMANDA_MEDIA,12,COLECTIVO,REPRESENTATIVE_POINT,
88c2e38cb3fffff,Buenos Aires,Hurlingham,415,DEMANDA_MEDIA,12,COLECTIVO,REPRESENTATIVE_POINT,
88c2e06d31fffff,Buenos Aires,Florencio Varela,415,DEMANDA_MEDIA,14,COLECTIVO,REPRESENTATIVE_POINT,
88c2e3ace9fffff,Buenos Aires,Pilar,414,DEMANDA_MEDIA,7,COLECTIVO,REPRESENTATIVE_POINT,
88c2e3ba53fffff,Buenos Aires,Merlo,414,DEMANDA_MEDIA,12,COLECTIVO,REPRESENTATIVE_POINT,
88c2e3ae59fffff,Buenos Aires,Pilar,414,DEMANDA_MEDIA,12,COLECTIVO,REPRESENTATIVE_POINT,
88c2e3a133fffff,Buenos Aires,José C. Paz,414,DEMANDA_MEDIA,7,COLECTIVO,REPRESENTATIVE_POINT,
88c2e38b6dfffff,Buenos Aires,Almirante Brown,414,DEMANDA_MEDIA,17,COLECTIVO,REPRESENTATIVE_POINT,
88c2e3bb4dfffff,Buenos Aires,Ituzaingó,414,DEMANDA_MEDIA,7,COLECTIVO,REPRESENTATIVE_POINT,
88c2e3c759fffff,Buenos Aires,Quilmes,414,DEMANDA_MEDIA,12,COLECTIVO,REPRESENTATIVE_POINT,
88c2eeda4dfffff,Buenos Aires,Pilar,413,DEMANDA_MEDIA,6,COLECTIVO,REPRESENTATIVE_POINT,
88c2e384d5fffff,Buenos Aires,Merlo,412,DEMANDA_MEDIA,5,COLECTIVO,REPRESENTATIVE_POINT,
88c2e382abfffff,Buenos Aires,La Matanza,412,DEMANDA_MEDIA,6,COLECTIVO,REPRESENTATIVE_POINT,
88c2e380c3fffff,Buenos Aires,La Matanza,412,DEMANDA_MEDIA,5,COLECTIVO,REPRESENTATIVE_POINT,
88c2e3a8b5fffff,Buenos Aires,Escobar,411,DEMANDA_MEDIA,7,COLECTIVO,REPRESENTATIVE_POINT,
88c2eeda27fffff,Buenos Aires,Pilar,410,DEMANDA_MEDIA,6,COLECTIVO,REPRESENTATIVE_POINT,
88c2e3d5d5fffff,Buenos Aires,Florencio Varela,410,DEMANDA_MEDIA,6,COLECTIVO,REPRESENTATIVE_POINT,
88c2e2af59fffff,Buenos Aires,La Plata,410,DEMANDA_MEDIA,11,COLECTIVO,REPRESENTATIVE_POINT,
88c2ee5723fffff,Buenos Aires,Zárate,410,DEMANDA_MEDIA,12,COLECTIVO,REPRESENTATIVE_POINT,
88c2e14329fffff,Buenos Aires,General Las Heras,409,DEMANDA_MEDIA,12,COLECTIVO,REPRESENTATIVE_POINT,
88c2e3aec7fffff,Buenos Aires,Pilar,409,DEMANDA_MEDIA,17,COLECTIVO,REPRESENTATIVE_POINT,
88c2e3c425fffff,Buenos Aires,Quilmes,408,DEMANDA_MEDIA,7,COLECTIVO,REPRESENTATIVE_POINT,
88c2e3d619fffff,Buenos Aires,Almirante Brown,408,DEMANDA_MEDIA,6,COLECTIVO,REPRESENTATIVE_POINT,
88c2e3d943fffff,Buenos Aires,La Plata,407,DEMANDA_MEDIA,7,COLECTIVO,REPRESENTATIVE_POINT,
88c2e391e5fffff,Buenos Aires,Ezeiza,406,DEMANDA_MEDIA,7,COLECTIVO,REPRESENTATIVE_POINT,
88c2e3d6c9fffff,Buenos Aires,Almirante Brown,406,DEMANDA_MEDIA,7,COLECTIVO,REPRESENTATIVE_POINT,
88c2e3d1e1fffff,Buenos Aires,La Plata,406,DEMANDA_MEDIA,7,COLECTIVO,REPRESENTATIVE_POINT,
88c2eec9e3fffff,Buenos Aires,Campana,405,DEMANDA_MEDIA,7,COLECTIVO,REPRESENTATIVE_POINT,
88c2e3a743fffff,Buenos Aires,General Rodríguez,405,DEMANDA_MEDIA,7,COLECTIVO,REPRESENTATIVE_POINT,
88c2e3166dfffff,Buenos Aires,Tres de Febrero,405,DEMANDA_MEDIA,16,COLECTIVO,REPRESENTATIVE_POINT,
88c2e3d4b1fffff,Buenos Aires,Almirante Brown,405,DEMANDA_MEDIA,17,COLECTIVO,REPRESENTATIVE_POINT,
88c2e3a155fffff,Buenos Aires,Moreno,404,DEMANDA_MEDIA,5,COLECTIVO,REPRESENTATIVE_POINT,
88c2e3ab03fffff,Buenos Aires,Malvinas Argentinas,404,DEMANDA_MEDIA,12,COLECTIVO,REPRESENTATIVE_POINT,
88c2e3b5cbfffff,Buenos Aires,General Rodríguez,403,DEMANDA_MEDIA,6,COLECTIVO,REPRESENTATIVE_POINT,
88c2e2a513fffff,Buenos Aires,La Plata,403,DEMANDA_MEDIA,7,COLECTIVO,REPRESENTATIVE_POINT,
88c2e399e3fffff,Buenos Aires,Almirante Brown,403,DEMANDA_MEDIA,17,COLECTIVO,REPRESENTATIVE_POINT,
88c2e3a891fffff,Buenos Aires,Pilar,403,DEMANDA_MEDIA,7,COLECTIVO,REPRESENTATIVE_POINT,
88c2e385d5fffff,Buenos Aires,Merlo,402,DEMANDA_MEDIA,8,COLECTIVO,REPRESENTATIVE_POINT,
88c2e3bb47fffff,Buenos Aires,Ituzaingó,402,DEMANDA_MEDIA,12,COLECTIVO,REPRESENTATIVE_POINT,
88c2e3aa8bfffff,Buenos Aires,José C. Paz,402,DEMANDA_MEDIA,6,COLECTIVO,REPRESENTATIVE_POINT,
88c2e3dae7fffff,Buenos Aires,La Plata,400,DEMANDA_MEDIA,12,COLECTIVO,REPRESENTATIVE_POINT,
88c2e23667fffff,Buenos Aires,Berisso,400,DEMANDA_MEDIA,11,COLECTIVO,REPRESENTATIVE_POINT,
88c2e3add1fffff,Buenos Aires,Pilar,399,DEMANDA_MEDIA,7,COLECTIVO,REPRESENTATIVE_POINT,
88c2e3d53dfffff,Buenos Aires,Florencio Varela,397,DEMANDA_MEDIA,7,COLECTIVO,REPRESENTATIVE_POINT,
88c2e3c23bfffff,Buenos Aires,Berazategui,397,DEMANDA_MEDIA,6,COLECTIVO,REPRESENTATIVE_POINT,
88c2e32559fffff,Buenos Aires,Campana,397,DEMANDA_MEDIA,12,COLECTIVO,REPRESENTATIVE_POINT,
88c2e3306dfffff,Buenos Aires,Tigre,397,DEMANDA_MEDIA,17,COLECTIVO,REPRESENTATIVE_POINT,
88c2e2a4ebfffff,Buenos Aires,La Plata,397,DEMANDA_MEDIA,7,COLECTIVO,REPRESENTATIVE_POINT,
88c2e39117fffff,Buenos Aires,Ezeiza,397,DEMANDA_MEDIA,6,COLECTIVO,REPRESENTATIVE_POINT,
88c2e3aa4bfffff,Buenos Aires,San Miguel,397,DEMANDA_MEDIA,7,COLECTIVO,REPRESENTATIVE_POINT,
88c2e38ccbfffff,Buenos Aires,Morón,396,DEMANDA_MEDIA,13,COLECTIVO,REPRESENTATIVE_POINT,
88c2e3b1e3fffff,Buenos Aires,Moreno,396,DEMANDA_MEDIA,12,COLECTIVO,REPRESENTATIVE_POINT,
88c2e302b5fffff,Buenos Aires,San Isidro,396,DEMANDA_MEDIA,17,COLECTIVO,REPRESENTATIVE_POINT,
88c2e02e09fffff,Buenos Aires,Cañuelas,395,DEMANDA_MEDIA,7,COLECTIVO,REPRESENTATIVE_POINT,
88c2e3da8dfffff,Buenos Aires,La Plata,395,DEMANDA_MEDIA,15,COLECTIVO,REPRESENTATIVE_POINT,
88c2e38283fffff,Buenos Aires,La Matanza,395,DEMANDA_MEDIA,8,COLECTIVO,REPRESENTATIVE_POINT,
88c2e33637fffff,Buenos Aires,Escobar,394,DEMANDA_MEDIA,17,COLECTIVO,REPRESENTATIVE_POINT,
88c2e3b1c3fffff,Buenos Aires,Moreno,394,DEMANDA_MEDIA,6,COLECTIVO,REPRESENTATIVE_POINT,
88c2e3c71dfffff,Buenos Aires,Quilmes,394,DEMANDA_MEDIA,17,COLECTIVO,REPRESENTATIVE_POINT,
88c2e398b5fffff,Buenos Aires,Esteban Echeverría,393,DEMANDA_MEDIA,18,COLECTIVO,REPRESENTATIVE_POINT,
88c2e388e3fffff,Buenos Aires,La Matanza,393,DEMANDA_MEDIA,15,COLECTIVO,REPRESENTATIVE_POINT,
88c2eed30dfffff,Buenos Aires,Luján,393,DEMANDA_MEDIA,7,COLECTIVO,REPRESENTATIVE_POINT,
88c2e3a10dfffff,Buenos Aires,Moreno,393,DEMANDA_MEDIA,6,COLECTIVO,REPRESENTATIVE_POINT,
88c2e3af67fffff,Buenos Aires,Pilar,392,DEMANDA_MEDIA,7,COLECTIVO,REPRESENTATIVE_POINT,
88c2e399abfffff,Buenos Aires,Almirante Brown,392,DEMANDA_MEDIA,7,COLECTIVO,REPRESENTATIVE_POINT,
88c2e3b523fffff,Buenos Aires,General Rodríguez,391,DEMANDA_MEDIA,8,COLECTIVO,REPRESENTATIVE_POINT,
88c2e38a29fffff,Buenos Aires,Lomas de Zamora,390,DEMANDA_MEDIA,16,COLECTIVO,REPRESENTATIVE_POINT,
88c2e3c2b3fffff,Buenos Aires,Berazategui,390,DEMANDA_MEDIA,7,COLECTIVO,REPRESENTATIVE_POINT,
88c2e2a61dfffff,Buenos Aires,La Plata,390,DEMANDA_MEDIA,13,COLECTIVO,REPRESENTATIVE_POINT,
88c2e3a2d3fffff,Buenos Aires,General Rodríguez,389,DEMANDA_MEDIA,11,COLECTIVO,REPRESENTATIVE_POINT,
88c2eeda6dfffff,Buenos Aires,Pilar,389,DEMANDA_MEDIA,12,COLECTIVO,REPRESENTATIVE_POINT,
88c2e3b0b1fffff,Buenos Aires,General Rodríguez,389,DEMANDA_MEDIA,12,COLECTIVO,REPRESENTATIVE_POINT,
88c2e06549fffff,Buenos Aires,San Vicente,388,DEMANDA_MEDIA,12,COLECTIVO,REPRESENTATIVE_POINT,
88c2e2369bfffff,Buenos Aires,Ensenada,388,DEMANDA_MEDIA,12,COLECTIVO,REPRESENTATIVE_POINT,
88c2e3d1edfffff,Buenos Aires,La Plata,388,DEMANDA_MEDIA,7,COLECTIVO,REPRESENTATIVE_POINT,
88c2e38b2bfffff,Buenos Aires,Lomas de Zamora,388,DEMANDA_MEDIA,16,COLECTIVO,REPRESENTATIVE_POINT,
88c2e398d9fffff,Buenos Aires,Ezeiza,388,DEMANDA_MEDIA,12,COLECTIVO,REPRESENTATIVE_POINT,
88c2e3ac47fffff,Buenos Aires,Pilar,387,DEMANDA_MEDIA,17,COLECTIVO,REPRESENTATIVE_POINT,
88c2e3a249fffff,Buenos Aires,Moreno,387,DEMANDA_MEDIA,8,COLECTIVO,REPRESENTATIVE_POINT,
88c2e38dd1fffff,Buenos Aires,Morón,384,DEMANDA_MEDIA,10,COLECTIVO,REPRESENTATIVE_POINT,
88c2e3d519fffff,Buenos Aires,Florencio Varela,384,DEMANDA_MEDIA,8,COLECTIVO,REPRESENTATIVE_POINT,
88c2e38b03fffff,Buenos Aires,Lomas de Zamora,383,DEMANDA_MEDIA,7,COLECTIVO,REPRESENTATIVE_POINT,
88c2e3b10bfffff,Buenos Aires,Moreno,383,DEMANDA_MEDIA,5,COLECTIVO,REPRESENTATIVE_POINT,
88c2e38b55fffff,Buenos Aires,Lomas de Zamora,383,DEMANDA_MEDIA,7,COLECTIVO,REPRESENTATIVE_POINT,
88c2e31631fffff,Buenos Aires,Tres de Febrero,382,DEMANDA_MEDIA,8,COLECTIVO,REPRESENTATIVE_POINT,
88c2e3ad67fffff,Buenos Aires,Escobar,382,DEMANDA_MEDIA,7,COLECTIVO,REPRESENTATIVE_POINT,
88c2e3b949fffff,Buenos Aires,Hurlingham,381,DEMANDA_MEDIA,12,COLECTIVO,REPRESENTATIVE_POINT,
88c2e3b9cdfffff,Buenos Aires,San Miguel,381,DEMANDA_MEDIA,12,COLECTIVO,REPRESENTATIVE_POINT,
88c2e06e89fffff,Buenos Aires,San Vicente,380,DEMANDA_MEDIA,7,COLECTIVO,REPRESENTATIVE_POINT,
88c2e3d703fffff,Buenos Aires,Florencio Varela,379,DEMANDA_MEDIA,15,COLECTIVO,REPRESENTATIVE_POINT,
88c2e38e27fffff,Buenos Aires,La Matanza,378,DEMANDA_MEDIA,16,COLECTIVO,REPRESENTATIVE_POINT,
88c2e334d1fffff,Buenos Aires,Campana,377,DEMANDA_MEDIA,16,COLECTIVO,REPRESENTATIVE_POINT,
88c2e3a815fffff,Buenos Aires,Malvinas Argentinas,377,DEMANDA_MEDIA,7,COLECTIVO,REPRESENTATIVE_POINT,
88c2e3aea3fffff,Buenos Aires,Pilar,377,DEMANDA_MEDIA,12,COLECTIVO,REPRESENTATIVE_POINT,
88c2e3b8c5fffff,Buenos Aires,Moreno,375,DEMANDA_MEDIA,7,COLECTIVO,REPRESENTATIVE_POINT,
88c2e3da3dfffff,Buenos Aires,La Plata,375,DEMANDA_MEDIA,7,COLECTIVO,REPRESENTATIVE_POINT,
88c2e06cb7fffff,Buenos Aires,Almirante Brown,373,DEMANDA_MEDIA,6,COLECTIVO,INTERSECCION_MAYOR_AREA,
88c2e38ce9fffff,Buenos Aires,Morón,372,DEMANDA_MEDIA,12,COLECTIVO,REPRESENTATIVE_POINT,
88c2e382cbfffff,Buenos Aires,La Matanza,372,DEMANDA_MEDIA,5,COLECTIVO,REPRESENTATIVE_POINT,
88c2e06095fffff,Buenos Aires,San Vicente,371,DEMANDA_MEDIA,6,COLECTIVO,REPRESENTATIVE_POINT,
88c2e3b103fffff,Buenos Aires,Moreno,371,DEMANDA_MEDIA,6,COLECTIVO,REPRESENTATIVE_POINT,
88c2e3a525fffff,Buenos Aires,Pilar,371,DEMANDA_MEDIA,6,COLECTIVO,REPRESENTATIVE_POINT,
88c2ee5729fffff,Buenos Aires,Zárate,371,DEMANDA_MEDIA,17,COLECTIVO,REPRESENTATIVE_POINT,
88c2e04443fffff,Buenos Aires,Brandsen,371,DEMANDA_MEDIA,17,COLECTIVO,REPRESENTATIVE_POINT,
88c2e380c7fffff,Buenos Aires,La Matanza,370,DEMANDA_MEDIA,11,COLECTIVO,REPRESENTATIVE_POINT,
88c2e3c0c9fffff,Buenos Aires,Berazategui,370,DEMANDA_MEDIA,7,COLECTIVO,REPRESENTATIVE_POINT,
88c2e3b1a7fffff,Buenos Aires,Moreno,370,DEMANDA_MEDIA,17,COLECTIVO,REPRESENTATIVE_POINT,
88c2e39b67fffff,Buenos Aires,Presidente Perón,370,DEMANDA_MEDIA,7,COLECTIVO,REPRESENTATIVE_POINT,
88c2e168e5fffff,Buenos Aires,Luján,370,DEMANDA_MEDIA,13,COLECTIVO,REPRESENTATIVE_POINT,
88c2e06c97fffff,Buenos Aires,Almirante Brown,370,DEMANDA_MEDIA,12,COLECTIVO,REPRESENTATIVE_POINT,
88c2e3aa0bfffff,Buenos Aires,José C. Paz,369,DEMANDA_MEDIA,17,COLECTIVO,REPRESENTATIVE_POINT,
88c2e3d941fffff,Buenos Aires,La Plata,369,DEMANDA_MEDIA,8,COLECTIVO,REPRESENTATIVE_POINT,
88c2e3c221fffff,Buenos Aires,Berazategui,368,DEMANDA_MEDIA,16,COLECTIVO,REPRESENTATIVE_POINT,
88c2ee5725fffff,Buenos Aires,Zárate,368,DEMANDA_MEDIA,12,COLECTIVO,REPRESENTATIVE_POINT,
88c2e38b39fffff,Buenos Aires,Lomas de Zamora,368,DEMANDA_MEDIA,12,COLECTIVO,REPRESENTATIVE_POINT,
88c2e3adabfffff,Buenos Aires,Escobar,368,DEMANDA_MEDIA,7,COLECTIVO,REPRESENTATIVE_POINT,
88c2e3b869fffff,Buenos Aires,Ituzaingó,367,DEMANDA_MEDIA,17,COLECTIVO,REPRESENTATIVE_POINT,
88c2e3a535fffff,Buenos Aires,Pilar,367,DEMANDA_MEDIA,12,COLECTIVO,REPRESENTATIVE_POINT,
88c2e3116dfffff,Buenos Aires,Avellaneda,367,DEMANDA_MEDIA,7,COLECTIVO,REPRESENTATIVE_POINT,
88c2e3c239fffff,Buenos Aires,Berazategui,367,DEMANDA_MEDIA,7,COLECTIVO,REPRESENTATIVE_POINT,
88c2e3b16dfffff,Buenos Aires,Merlo,367,DEMANDA_MEDIA,8,COLECTIVO,REPRESENTATIVE_POINT,
88c2e3b32bfffff,Buenos Aires,Merlo,366,DEMANDA_MEDIA,11,COLECTIVO,REPRESENTATIVE_POINT,
88c2eeca4dfffff,Buenos Aires,Exaltación de la Cruz,366,DEMANDA_MEDIA,17,COLECTIVO,REPRESENTATIVE_POINT,
88c2e3bac7fffff,Buenos Aires,Moreno,366,DEMANDA_MEDIA,7,COLECTIVO,REPRESENTATIVE_POINT,
88c2eecb67fffff,Buenos Aires,Campana,365,DEMANDA_MEDIA,18,COLECTIVO,REPRESENTATIVE_POINT,
88c2e38b49fffff,Buenos Aires,Almirante Brown,365,DEMANDA_MEDIA,14,COLECTIVO,REPRESENTATIVE_POINT,
88c2e38917fffff,Buenos Aires,Lanús,365,DEMANDA_MEDIA,17,COLECTIVO,REPRESENTATIVE_POINT,
88c2e385a7fffff,Buenos Aires,Ituzaingó,365,DEMANDA_MEDIA,7,COLECTIVO,REPRESENTATIVE_POINT,
88c2e3db3bfffff,Buenos Aires,La Plata,365,DEMANDA_MEDIA,10,COLECTIVO,REPRESENTATIVE_POINT,
88c2e07ac7fffff,Buenos Aires,Brandsen,364,DEMANDA_MEDIA,11,COLECTIVO,REPRESENTATIVE_POINT,
88c2e39941fffff,Buenos Aires,Almirante Brown,364,DEMANDA_MEDIA,12,COLECTIVO,REPRESENTATIVE_POINT,
88c2e3b131fffff,Buenos Aires,Moreno,364,DEMANDA_MEDIA,12,COLECTIVO,REPRESENTATIVE_POINT,
88c2e38a53fffff,Buenos Aires,Esteban Echeverría,364,DEMANDA_MEDIA,6,COLECTIVO,REPRESENTATIVE_POINT,
88c2e38595fffff,Buenos Aires,Merlo,364,DEMANDA_MEDIA,12,COLECTIVO,REPRESENTATIVE_POINT,
88c2eed301fffff,Buenos Aires,Luján,363,DEMANDA_MEDIA,8,COLECTIVO,REPRESENTATIVE_POINT,
88c2e3d031fffff,Buenos Aires,Berazategui,363,DEMANDA_MEDIA,16,COLECTIVO,REPRESENTATIVE_POINT,
88c2e3c043fffff,Buenos Aires,Berazategui,363,DEMANDA_MEDIA,10,COLECTIVO,REPRESENTATIVE_POINT,
88c2e3a8a1fffff,Buenos Aires,Escobar,363,DEMANDA_MEDIA,6,COLECTIVO,REPRESENTATIVE_POINT,
88c2e3c2adfffff,Buenos Aires,Berazategui,362,DEMANDA_MEDIA,17,COLECTIVO,REPRESENTATIVE_POINT,
88c2e3db41fffff,Buenos Aires,La Plata,361,DEMANDA_MEDIA,7,COLECTIVO,REPRESENTATIVE_POINT,
88c2e385c9fffff,Buenos Aires,Merlo,361,DEMANDA_MEDIA,18,COLECTIVO,REPRESENTATIVE_POINT,
88c2e38197fffff,Buenos Aires,La Matanza,361,DEMANDA_MEDIA,11,COLECTIVO,REPRESENTATIVE_POINT,
88c2e38eb9fffff,Buenos Aires,Morón,360,DEMANDA_MEDIA,13,COLECTIVO,REPRESENTATIVE_POINT,
88c2e3b585fffff,Buenos Aires,General Rodríguez,360,DEMANDA_MEDIA,12,COLECTIVO,REPRESENTATIVE_POINT,
88c2e31591fffff,Buenos Aires,San Isidro,359,DEMANDA_MEDIA,7,COLECTIVO,REPRESENTATIVE_POINT,
88c2e3a53dfffff,Buenos Aires,Pilar,359,DEMANDA_MEDIA,12,COLECTIVO,REPRESENTATIVE_POINT,
88c2e3a9bdfffff,Buenos Aires,Tigre,359,DEMANDA_MEDIA,8,COLECTIVO,REPRESENTATIVE_POINT,
88c2e3a863fffff,Buenos Aires,Malvinas Argentinas,357,DEMANDA_MEDIA,10,COLECTIVO,REPRESENTATIVE_POINT,
88c2e31353fffff,Ciudad Autónoma de Buenos Aires,Comuna 8,356,DEMANDA_MEDIA,16,COLECTIVO,INTERSECCION_MAYOR_AREA,
88c2e380d3fffff,Buenos Aires,La Matanza,356,DEMANDA_MEDIA,8,COLECTIVO,REPRESENTATIVE_POINT,
88c2e3b139fffff,Buenos Aires,Moreno,355,DEMANDA_MEDIA,7,COLECTIVO,REPRESENTATIVE_POINT,
88c2eedb69fffff,Buenos Aires,Pilar,355,DEMANDA_MEDIA,6,COLECTIVO,REPRESENTATIVE_POINT,
88c2e38491fffff,Buenos Aires,Merlo,355,DEMANDA_MEDIA,7,COLECTIVO,REPRESENTATIVE_POINT,
88c2e385a1fffff,Buenos Aires,Merlo,355,DEMANDA_MEDIA,17,COLECTIVO,REPRESENTATIVE_POINT,
88c2e3973dfffff,Buenos Aires,La Matanza,355,DEMANDA_MEDIA,7,COLECTIVO,REPRESENTATIVE_POINT,
88c2e3ab3bfffff,Buenos Aires,Malvinas Argentinas,355,DEMANDA_MEDIA,7,COLECTIVO,REPRESENTATIVE_POINT,
88c2e385e7fffff,Buenos Aires,Merlo,353,DEMANDA_MEDIA,7,COLECTIVO,REPRESENTATIVE_POINT,
88c2e3998bfffff,Buenos Aires,Almirante Brown,353,DEMANDA_MEDIA,7,COLECTIVO,REPRESENTATIVE_POINT,
88c2e3c203fffff,Buenos Aires,Berazategui,353,DEMANDA_MEDIA,7,COLECTIVO,REPRESENTATIVE_POINT,
88c2e3972bfffff,Buenos Aires,La Matanza,353,DEMANDA_MEDIA,7,COLECTIVO,REPRESENTATIVE_POINT,
88c2e3809dfffff,Buenos Aires,La Matanza,352,DEMANDA_MEDIA,7,COLECTIVO,REPRESENTATIVE_POINT,
88c2e3b183fffff,Buenos Aires,Moreno,352,DEMANDA_MEDIA,12,COLECTIVO,REPRESENTATIVE_POINT,
88c2e2ac97fffff,Buenos Aires,Ensenada,352,DEMANDA_MEDIA,12,COLECTIVO,REPRESENTATIVE_POINT,
88c2e315b5fffff,Buenos Aires,San Isidro,352,DEMANDA_MEDIA,17,COLECTIVO,REPRESENTATIVE_POINT,
88c2ee5709fffff,Buenos Aires,Zárate,351,DEMANDA_MEDIA,7,COLECTIVO,REPRESENTATIVE_POINT,
88c2e3330bfffff,Buenos Aires,Tigre,351,DEMANDA_MEDIA,16,COLECTIVO,REPRESENTATIVE_POINT,
88c2e38037fffff,Buenos Aires,La Matanza,351,DEMANDA_MEDIA,8,COLECTIVO,REPRESENTATIVE_POINT,
88c2e311b5fffff,Ciudad Autónoma de Buenos Aires,Comuna 14,351,DEMANDA_MEDIA,17,COLECTIVO,REPRESENTATIVE_POINT,
88c2e3b1c7fffff,Buenos Aires,Moreno,350,DEMANDA_MEDIA,6,COLECTIVO,REPRESENTATIVE_POINT,
88c2e302b7fffff,Buenos Aires,San Isidro,350,DEMANDA_MEDIA,15,COLECTIVO,REPRESENTATIVE_POINT,
88c2e39801fffff,Buenos Aires,Esteban Echeverría,350,DEMANDA_MEDIA,7,COLECTIVO,REPRESENTATIVE_POINT,
88c2e315bbfffff,Buenos Aires,San Isidro,349,DEMANDA_MEDIA,15,COLECTIVO,REPRESENTATIVE_POINT,
88c2e38f11fffff,Buenos Aires,La Matanza,348,DEMANDA_MEDIA,8,COLECTIVO,REPRESENTATIVE_POINT,
88c2eeda83fffff,Buenos Aires,Exaltación de la Cruz,348,DEMANDA_MEDIA,7,COLECTIVO,REPRESENTATIVE_POINT,
88c2e39a81fffff,Buenos Aires,Ezeiza,348,DEMANDA_MEDIA,6,COLECTIVO,REPRESENTATIVE_POINT,
88c2e3ba13fffff,Buenos Aires,Moreno,348,DEMANDA_MEDIA,6,COLECTIVO,REPRESENTATIVE_POINT,
88c2e3ba97fffff,Buenos Aires,Moreno,347,DEMANDA_MEDIA,8,COLECTIVO,REPRESENTATIVE_POINT,
88c2e3175dfffff,Buenos Aires,Tres de Febrero,347,DEMANDA_MEDIA,7,COLECTIVO,REPRESENTATIVE_POINT,
88c2e3c24bfffff,Buenos Aires,Florencio Varela,347,DEMANDA_MEDIA,17,COLECTIVO,REPRESENTATIVE_POINT,
88c2e38a13fffff,Buenos Aires,Esteban Echeverría,346,DEMANDA_MEDIA,18,COLECTIVO,REPRESENTATIVE_POINT,
88c2e3a831fffff,Buenos Aires,Malvinas Argentinas,346,DEMANDA_MEDIA,17,COLECTIVO,REPRESENTATIVE_POINT,
88c2e2a589fffff,Buenos Aires,La Plata,346,DEMANDA_MEDIA,7,COLECTIVO,REPRESENTATIVE_POINT,
88c2e2360bfffff,Buenos Aires,Ensenada,346,DEMANDA_MEDIA,12,COLECTIVO,REPRESENTATIVE_POINT,
88c2e2a499fffff,Buenos Aires,La Plata,345,DEMANDA_MEDIA,16,COLECTIVO,REPRESENTATIVE_POINT,
88c2e33291fffff,Buenos Aires,Escobar,344,DEMANDA_MEDIA,16,COLECTIVO,REPRESENTATIVE_POINT,
88c2e3d515fffff,Buenos Aires,Florencio Varela,343,DEMANDA_MEDIA,7,COLECTIVO,REPRESENTATIVE_POINT,
88c2e382c9fffff,Buenos Aires,La Matanza,343,DEMANDA_MEDIA,8,COLECTIVO,REPRESENTATIVE_POINT,
88c2e3a8d1fffff,Buenos Aires,Pilar,343,DEMANDA_MEDIA,12,COLECTIVO,REPRESENTATIVE_POINT,
88c2e3a8c9fffff,Buenos Aires,Malvinas Argentinas,342,DEMANDA_MEDIA,12,COLECTIVO,REPRESENTATIVE_POINT,
88c2e38487fffff,Buenos Aires,Merlo,342,DEMANDA_MEDIA,7,COLECTIVO,REPRESENTATIVE_POINT,
88c2e3c281fffff,Buenos Aires,Berazategui,342,DEMANDA_MEDIA,12,COLECTIVO,REPRESENTATIVE_POINT,
88c2e3ab29fffff,Buenos Aires,Malvinas Argentinas,342,DEMANDA_MEDIA,7,COLECTIVO,REPRESENTATIVE_POINT,
88c2e06c89fffff,Buenos Aires,Presidente Perón,341,DEMANDA_MEDIA,12,COLECTIVO,REPRESENTATIVE_POINT,
88c2e2a5b3fffff,Buenos Aires,La Plata,341,DEMANDA_MEDIA,7,COLECTIVO,REPRESENTATIVE_POINT,
88c2e3a88bfffff,Buenos Aires,Pilar,341,DEMANDA_MEDIA,6,COLECTIVO,REPRESENTATIVE_POINT,
88c2e2adb3fffff,Buenos Aires,Berisso,341,DEMANDA_MEDIA,7,COLECTIVO,REPRESENTATIVE_POINT,
88c2e382bdfffff,Buenos Aires,La Matanza,340,DEMANDA_MEDIA,12,COLECTIVO,REPRESENTATIVE_POINT,
88c2e2aca3fffff,Buenos Aires,Berisso,340,DEMANDA_MEDIA,6,COLECTIVO,REPRESENTATIVE_POINT,
88c2e06ec7fffff,Buenos Aires,San Vicente,340,DEMANDA_MEDIA,6,COLECTIVO,REPRESENTATIVE_POINT,
88c2e3a88dfffff,Buenos Aires,Pilar,340,DEMANDA_MEDIA,18,COLECTIVO,REPRESENTATIVE_POINT,
88c2e398e3fffff,Buenos Aires,Esteban Echeverría,339,DEMANDA_MEDIA,12,COLECTIVO,REPRESENTATIVE_POINT,
88c2e3d81bfffff,Buenos Aires,La Plata,338,DEMANDA_MEDIA,7,COLECTIVO,REPRESENTATIVE_POINT,
88c2e3aaa7fffff,Buenos Aires,Malvinas Argentinas,338,DEMANDA_MEDIA,12,COLECTIVO,REPRESENTATIVE_POINT,
88c2e3ae67fffff,Buenos Aires,Pilar,338,DEMANDA_MEDIA,18,COLECTIVO,REPRESENTATIVE_POINT,
88c2ee5229fffff,Buenos Aires,Campana,338,DEMANDA_MEDIA,12,COLECTIVO,REPRESENTATIVE_POINT,
88c2e3d4d9fffff,Buenos Aires,Almirante Brown,336,DEMANDA_MEDIA,7,COLECTIVO,REPRESENTATIVE_POINT,
88c2e38ce3fffff,Buenos Aires,Morón,336,DEMANDA_MEDIA,14,COLECTIVO,REPRESENTATIVE_POINT,
88c2e316c9fffff,Buenos Aires,Hurlingham,336,DEMANDA_MEDIA,17,COLECTIVO,REPRESENTATIVE_POINT,
88c2e3c01bfffff,Buenos Aires,Berazategui,336,DEMANDA_MEDIA,16,COLECTIVO,REPRESENTATIVE_POINT,
88c2eed843fffff,Buenos Aires,Pilar,335,DEMANDA_MEDIA,15,COLECTIVO,REPRESENTATIVE_POINT,
88c2e2a619fffff,Buenos Aires,La Plata,335,DEMANDA_MEDIA,6,COLECTIVO,REPRESENTATIVE_POINT,
88c2e31421fffff,Buenos Aires,General San Martín,335,DEMANDA_MEDIA,17,COLECTIVO,REPRESENTATIVE_POINT,
88c2e2a4a1fffff,Buenos Aires,La Plata,334,DEMANDA_MEDIA,7,COLECTIVO,REPRESENTATIVE_POINT,
88c2e3b865fffff,Buenos Aires,Ituzaingó,334,DEMANDA_MEDIA,15,COLECTIVO,REPRESENTATIVE_POINT,
88c2e3aed1fffff,Buenos Aires,Pilar,334,DEMANDA_MEDIA,16,COLECTIVO,REPRESENTATIVE_POINT,
88c2e3c259fffff,Buenos Aires,Florencio Varela,334,DEMANDA_MEDIA,12,COLECTIVO,REPRESENTATIVE_POINT,
88c2e3c605fffff,Buenos Aires,Quilmes,333,DEMANDA_MEDIA,12,COLECTIVO,REPRESENTATIVE_POINT,
88c2e3a8b3fffff,Buenos Aires,Escobar,333,DEMANDA_MEDIA,5,COLECTIVO,REPRESENTATIVE_POINT,
88c2e38f35fffff,Buenos Aires,La Matanza,333,DEMANDA_MEDIA,7,COLECTIVO,REPRESENTATIVE_POINT,
88c2e3c621fffff,Buenos Aires,Quilmes,333,DEMANDA_MEDIA,7,COLECTIVO,REPRESENTATIVE_POINT,
88c2e3a531fffff,Buenos Aires,Pilar,332,DEMANDA_MEDIA,6,COLECTIVO,REPRESENTATIVE_POINT,
88c2e39ac5fffff,Buenos Aires,Ezeiza,332,DEMANDA_MEDIA,16,COLECTIVO,REPRESENTATIVE_POINT,
88c2e23743fffff,Buenos Aires,Berisso,332,DEMANDA_MEDIA,7,COLECTIVO,REPRESENTATIVE_POINT,
88c2eed0a9fffff,Buenos Aires,Luján,331,DEMANDA_MEDIA,18,COLECTIVO,REPRESENTATIVE_POINT,
88c2e3b0b7fffff,Buenos Aires,General Rodríguez,330,DEMANDA_MEDIA,6,COLECTIVO,REPRESENTATIVE_POINT,
88c2eeda01fffff,Buenos Aires,Pilar,329,DEMANDA_MEDIA,17,COLECTIVO,REPRESENTATIVE_POINT,
88c2e3b91dfffff,Buenos Aires,Hurlingham,329,DEMANDA_MEDIA,16,COLECTIVO,REPRESENTATIVE_POINT,
88c2eed303fffff,Buenos Aires,Luján,328,DEMANDA_MEDIA,12,COLECTIVO,REPRESENTATIVE_POINT,
88c2ee8145fffff,Buenos Aires,San Andrés de Giles,328,DEMANDA_MEDIA,12,COLECTIVO,REPRESENTATIVE_POINT,
88c2e3160dfffff,Buenos Aires,Tres de Febrero,328,DEMANDA_MEDIA,17,COLECTIVO,REPRESENTATIVE_POINT,
88c2e2af17fffff,Buenos Aires,La Plata,327,DEMANDA_MEDIA,12,COLECTIVO,REPRESENTATIVE_POINT,
88c2e16835fffff,Buenos Aires,Luján,327,DEMANDA_MEDIA,17,COLECTIVO,REPRESENTATIVE_POINT,
88c2e3b12bfffff,Buenos Aires,Moreno,327,DEMANDA_MEDIA,7,COLECTIVO,REPRESENTATIVE_POINT,
88c2eec1d5fffff,Buenos Aires,Exaltación de la Cruz,326,DEMANDA_MEDIA,12,COLECTIVO,REPRESENTATIVE_POINT,
88c2e33229fffff,Buenos Aires,Tigre,326,DEMANDA_MEDIA,7,COLECTIVO,REPRESENTATIVE_POINT,
88c2e3ba29fffff,Buenos Aires,Merlo,326,DEMANDA_MEDIA,7,COLECTIVO,REPRESENTATIVE_POINT,
88c2e3a21bfffff,Buenos Aires,General Rodríguez,326,DEMANDA_MEDIA,5,COLECTIVO,REPRESENTATIVE_POINT,
88c2e30411fffff,Buenos Aires,Tigre,326,DEMANDA_MEDIA,12,COLECTIVO,REPRESENTATIVE_POINT,
88c2e3c761fffff,Buenos Aires,Berazategui,326,DEMANDA_MEDIA,9,COLECTIVO,INTERSECCION_MAYOR_AREA,
88c2e38567fffff,Buenos Aires,La Matanza,326,DEMANDA_MEDIA,7,COLECTIVO,REPRESENTATIVE_POINT,
88c2e38b1bfffff,Buenos Aires,Lomas de Zamora,325,DEMANDA_MEDIA,6,COLECTIVO,REPRESENTATIVE_POINT,
88c2e3ab07fffff,Buenos Aires,Malvinas Argentinas,325,DEMANDA_MEDIA,17,COLECTIVO,REPRESENTATIVE_POINT,
88c2e38ddbfffff,Buenos Aires,Morón,325,DEMANDA_MEDIA,16,COLECTIVO,REPRESENTATIVE_POINT,
88c2e3c421fffff,Buenos Aires,Quilmes,325,DEMANDA_MEDIA,14,COLECTIVO,REPRESENTATIVE_POINT,
88c2e23661fffff,Buenos Aires,Berisso,324,DEMANDA_MEDIA,7,COLECTIVO,REPRESENTATIVE_POINT,
88c2e30461fffff,Buenos Aires,San Fernando,324,DEMANDA_MEDIA,7,TREN,REPRESENTATIVE_POINT,
88c2e316ddfffff,Buenos Aires,San Miguel,323,DEMANDA_MEDIA,15,COLECTIVO,REPRESENTATIVE_POINT,
88c2e3ae57fffff,Buenos Aires,Pilar,322,DEMANDA_MEDIA,12,COLECTIVO,REPRESENTATIVE_POINT,
88c2e38b3bfffff,Buenos Aires,Lomas de Zamora,321,DEMANDA_MEDIA,16,COLECTIVO,REPRESENTATIVE_POINT,
88c2e3ae29fffff,Buenos Aires,Pilar,321,DEMANDA_MEDIA,7,COLECTIVO,REPRESENTATIVE_POINT,
88c2e3a211fffff,Buenos Aires,General Rodríguez,321,DEMANDA_MEDIA,6,COLECTIVO,REPRESENTATIVE_POINT,
88c2e31125fffff,Ciudad Autónoma de Buenos Aires,Comuna 4,320,DEMANDA_MEDIA,7,COLECTIVO,REPRESENTATIVE_POINT,
88c2e38cd9fffff,Buenos Aires,Morón,320,DEMANDA_MEDIA,17,COLECTIVO,REPRESENTATIVE_POINT,
88c2e3c2dbfffff,Buenos Aires,Florencio Varela,319,DEMANDA_MEDIA,7,COLECTIVO,REPRESENTATIVE_POINT,
88c2e3b98bfffff,Buenos Aires,San Miguel,319,DEMANDA_MEDIA,7,COLECTIVO,REPRESENTATIVE_POINT,
88c2e3ab25fffff,Buenos Aires,Tigre,319,DEMANDA_MEDIA,5,COLECTIVO,REPRESENTATIVE_POINT,
88c2e3819dfffff,Buenos Aires,La Matanza,319,DEMANDA_MEDIA,7,COLECTIVO,REPRESENTATIVE_POINT,
88c2e398e7fffff,Buenos Aires,Esteban Echeverría,318,DEMANDA_MEDIA,7,COLECTIVO,REPRESENTATIVE_POINT,
88c2e3b583fffff,Buenos Aires,General Rodríguez,318,DEMANDA_MEDIA,17,COLECTIVO,REPRESENTATIVE_POINT,
88c2e3ab5dfffff,Buenos Aires,San Miguel,318,DEMANDA_MEDIA,20,COLECTIVO,REPRESENTATIVE_POINT,
88c2e3ab47fffff,Buenos Aires,San Miguel,317,DEMANDA_MEDIA,8,COLECTIVO,REPRESENTATIVE_POINT,
88c2e23649fffff,Buenos Aires,Berisso,317,DEMANDA_MEDIA,12,COLECTIVO,REPRESENTATIVE_POINT,
88c2e149cbfffff,Buenos Aires,Marcos Paz,316,DEMANDA_MEDIA,7,COLECTIVO,REPRESENTATIVE_POINT,
88c2e06da1fffff,Buenos Aires,Florencio Varela,316,DEMANDA_MEDIA,7,COLECTIVO,REPRESENTATIVE_POINT,
88c2e3ad35fffff,Buenos Aires,Escobar,316,DEMANDA_MEDIA,6,COLECTIVO,REPRESENTATIVE_POINT,
88c2e3074dfffff,Buenos Aires,San Isidro,315,DEMANDA_MEDIA,15,COLECTIVO,REPRESENTATIVE_POINT,
88c2e3c0d1fffff,Buenos Aires,Berazategui,315,DEMANDA_MEDIA,12,COLECTIVO,REPRESENTATIVE_POINT,
88c2e3bb1bfffff,Buenos Aires,Ituzaingó,315,DEMANDA_MEDIA,13,COLECTIVO,REPRESENTATIVE_POINT,
88c2ee526dfffff,Buenos Aires,Campana,314,DEMANDA_MEDIA,8,COLECTIVO,REPRESENTATIVE_POINT,
88c2e1c133fffff,Buenos Aires,Lobos,314,DEMANDA_MEDIA,12,COLECTIVO,REPRESENTATIVE_POINT,
88c2e3a99bfffff,Buenos Aires,Escobar,314,DEMANDA_MEDIA,6,COLECTIVO,REPRESENTATIVE_POINT,
88c2e38c29fffff,Buenos Aires,La Matanza,314,DEMANDA_MEDIA,11,COLECTIVO,REPRESENTATIVE_POINT,
88c2e3970bfffff,Buenos Aires,La Matanza,313,DEMANDA_MEDIA,6,COLECTIVO,REPRESENTATIVE_POINT,
88c2e3a8adfffff,Buenos Aires,Escobar,313,DEMANDA_MEDIA,6,COLECTIVO,REPRESENTATIVE_POINT,
88c2ee50dbfffff,Buenos Aires,Zárate,313,DEMANDA_MEDIA,7,COLECTIVO,REPRESENTATIVE_POINT,
88c2e39b0dfffff,Buenos Aires,Presidente Perón,313,DEMANDA_MEDIA,12,COLECTIVO,REPRESENTATIVE_POINT,
88c2e3836dfffff,Buenos Aires,Ezeiza,313,DEMANDA_MEDIA,12,COLECTIVO,REPRESENTATIVE_POINT,
88c2e3c765fffff,Buenos Aires,Berazategui,311,DEMANDA_MEDIA,17,COLECTIVO,REPRESENTATIVE_POINT,
88c2e3b909fffff,Buenos Aires,Hurlingham,311,DEMANDA_MEDIA,5,COLECTIVO,REPRESENTATIVE_POINT,
88c2e166e1fffff,Buenos Aires,Mercedes,310,DEMANDA_MEDIA,13,COLECTIVO,REPRESENTATIVE_POINT,
88c2eed8a1fffff,Buenos Aires,Exaltación de la Cruz,310,DEMANDA_MEDIA,7,COLECTIVO,REPRESENTATIVE_POINT,
88c2e3af25fffff,Buenos Aires,Pilar,310,DEMANDA_MEDIA,8,COLECTIVO,REPRESENTATIVE_POINT,
88c2e02e05fffff,Buenos Aires,Cañuelas,309,DEMANDA_MEDIA,9,COLECTIVO,REPRESENTATIVE_POINT,
88c2e2aeddfffff,Buenos Aires,La Plata,309,DEMANDA_MEDIA,7,COLECTIVO,REPRESENTATIVE_POINT,
88c2e06cd3fffff,Buenos Aires,Presidente Perón,309,DEMANDA_MEDIA,12,COLECTIVO,REPRESENTATIVE_POINT,
88c2e3c681fffff,Buenos Aires,Lanús,309,DEMANDA_MEDIA,12,COLECTIVO,REPRESENTATIVE_POINT,
88c2e33063fffff,Buenos Aires,Tigre,309,DEMANDA_MEDIA,6,COLECTIVO,REPRESENTATIVE_POINT,
88c2e3d535fffff,Buenos Aires,Florencio Varela,308,DEMANDA_MEDIA,7,COLECTIVO,REPRESENTATIVE_POINT,
88c2e2acc9fffff,Buenos Aires,La Plata,308,DEMANDA_MEDIA,12,COLECTIVO,REPRESENTATIVE_POINT,
88c2e30267fffff,Ciudad Autónoma de Buenos Aires,Comuna 13,308,DEMANDA_MEDIA,16,COLECTIVO,REPRESENTATIVE_POINT,
88c2e3c4dbfffff,Buenos Aires,Avellaneda,308,DEMANDA_MEDIA,7,COLECTIVO,REPRESENTATIVE_POINT,
88c2e16833fffff,Buenos Aires,Luján,307,DEMANDA_MEDIA,7,COLECTIVO,REPRESENTATIVE_POINT,
88c2e06d09fffff,Buenos Aires,Florencio Varela,307,DEMANDA_MEDIA,12,COLECTIVO,REPRESENTATIVE_POINT,
88c2e3070dfffff,Buenos Aires,San Isidro,307,DEMANDA_MEDIA,13,COLECTIVO,REPRESENTATIVE_POINT,
88c2e39525fffff,Buenos Aires,La Matanza,307,DEMANDA_MEDIA,12,COLECTIVO,REPRESENTATIVE_POINT,
88c2e3a94dfffff,Buenos Aires,Tigre,306,DEMANDA_MEDIA,7,COLECTIVO,REPRESENTATIVE_POINT,
88c2e3cb4bfffff,Buenos Aires,Ensenada,306,DEMANDA_MEDIA,7,COLECTIVO,REPRESENTATIVE_POINT,
88c2e38e47fffff,Buenos Aires,La Matanza,306,DEMANDA_MEDIA,12,COLECTIVO,REPRESENTATIVE_POINT,
88c2e2ac47fffff,Buenos Aires,La Plata,305,DEMANDA_MEDIA,7,COLECTIVO,REPRESENTATIVE_POINT,
88c2e33769fffff,Buenos Aires,Escobar,305,DEMANDA_MEDIA,12,COLECTIVO,REPRESENTATIVE_POINT,
88c2e33449fffff,Buenos Aires,Escobar,305,DEMANDA_MEDIA,17,COLECTIVO,REPRESENTATIVE_POINT,
88c2e38f0dfffff,Buenos Aires,La Matanza,304,DEMANDA_MEDIA,7,COLECTIVO,REPRESENTATIVE_POINT,
88c2e2a4c1fffff,Buenos Aires,La Plata,304,DEMANDA_MEDIA,6,COLECTIVO,REPRESENTATIVE_POINT,
88c2e3d095fffff,Buenos Aires,Florencio Varela,304,DEMANDA_MEDIA,5,COLECTIVO,REPRESENTATIVE_POINT,
88c2e16919fffff,Buenos Aires,Luján,303,DEMANDA_MEDIA,15,COLECTIVO,REPRESENTATIVE_POINT,
88c2e3bb63fffff,Buenos Aires,Ituzaingó,303,DEMANDA_MEDIA,18,COLECTIVO,REPRESENTATIVE_POINT,
88c2e02e21fffff,Buenos Aires,Cañuelas,303,DEMANDA_MEDIA,7,COLECTIVO,REPRESENTATIVE_POINT,
88c2e38ed7fffff,Buenos Aires,Morón,302,DEMANDA_MEDIA,12,COLECTIVO,INTERSECCION_MAYOR_AREA,
88c2e3b8bbfffff,Buenos Aires,San Miguel,302,DEMANDA_MEDIA,7,COLECTIVO,REPRESENTATIVE_POINT,
88c2e3140dfffff,Buenos Aires,General San Martín,302,DEMANDA_MEDIA,13,COLECTIVO,REPRESENTATIVE_POINT,
88c2eecb61fffff,Buenos Aires,Campana,301,DEMANDA_MEDIA,8,COLECTIVO,REPRESENTATIVE_POINT,
88c2e385bdfffff,Buenos Aires,Merlo,301,DEMANDA_MEDIA,17,COLECTIVO,REPRESENTATIVE_POINT,
88c2e38e95fffff,Buenos Aires,Morón,300,DEMANDA_MEDIA,6,COLECTIVO,REPRESENTATIVE_POINT,
88c2e3af65fffff,Buenos Aires,Pilar,300,DEMANDA_MEDIA,17,COLECTIVO,REPRESENTATIVE_POINT,
88c2e3d867fffff,Buenos Aires,La Plata,300,DEMANDA_MEDIA,7,COLECTIVO,REPRESENTATIVE_POINT,
88c2e06567fffff,Buenos Aires,San Vicente,299,DEMANDA_MEDIA,7,COLECTIVO,REPRESENTATIVE_POINT,
88c2e3c729fffff,Buenos Aires,Quilmes,298,DEMANDA_MEDIA,7,COLECTIVO,REPRESENTATIVE_POINT,
88c2e381ddfffff,Buenos Aires,La Matanza,298,DEMANDA_MEDIA,17,COLECTIVO,REPRESENTATIVE_POINT,
88c2e2ae8dfffff,Buenos Aires,La Plata,298,DEMANDA_MEDIA,12,COLECTIVO,REPRESENTATIVE_POINT,
88c2e3d51dfffff,Buenos Aires,Florencio Varela,298,DEMANDA_MEDIA,7,COLECTIVO,REPRESENTATIVE_POINT,
88c2e3b321fffff,Buenos Aires,Merlo,297,DEMANDA_MEDIA,6,COLECTIVO,REPRESENTATIVE_POINT,
88c2e3ab51fffff,Buenos Aires,Malvinas Argentinas,297,DEMANDA_MEDIA,17,COLECTIVO,REPRESENTATIVE_POINT,
88c2e3973bfffff,Buenos Aires,La Matanza,296,DEMANDA_MEDIA,7,COLECTIVO,REPRESENTATIVE_POINT,
88c2e3905dfffff,Buenos Aires,Cañuelas,296,DEMANDA_MEDIA,12,COLECTIVO,REPRESENTATIVE_POINT,
88c2e3a985fffff,Buenos Aires,Tigre,295,DEMANDA_MEDIA,7,COLECTIVO,REPRESENTATIVE_POINT,
88c2e3801bfffff,Buenos Aires,La Matanza,295,DEMANDA_MEDIA,12,COLECTIVO,REPRESENTATIVE_POINT,
88c2e06dedfffff,Buenos Aires,Florencio Varela,295,DEMANDA_MEDIA,17,COLECTIVO,REPRESENTATIVE_POINT,
88c2e3db03fffff,Buenos Aires,La Plata,295,DEMANDA_MEDIA,12,COLECTIVO,REPRESENTATIVE_POINT,
88c2e3daa7fffff,Buenos Aires,La Plata,295,DEMANDA_MEDIA,16,COLECTIVO,REPRESENTATIVE_POINT,
88c2e23663fffff,Buenos Aires,Berisso,295,DEMANDA_MEDIA,13,COLECTIVO,REPRESENTATIVE_POINT,
88c2eecb29fffff,Buenos Aires,Campana,295,DEMANDA_MEDIA,12,COLECTIVO,REPRESENTATIVE_POINT,
88c2e06e81fffff,Buenos Aires,Presidente Perón,294,DEMANDA_MEDIA,12,COLECTIVO,REPRESENTATIVE_POINT,
88c2e39523fffff,Buenos Aires,La Matanza,294,DEMANDA_MEDIA,6,COLECTIVO,REPRESENTATIVE_POINT,
88c2e3ae5dfffff,Buenos Aires,Pilar,294,DEMANDA_MEDIA,6,COLECTIVO,REPRESENTATIVE_POINT,
88c2e3a8a5fffff,Buenos Aires,Escobar,294,DEMANDA_MEDIA,7,COLECTIVO,REPRESENTATIVE_POINT,
88c2e3d325fffff,Buenos Aires,La Plata,293,DEMANDA_MEDIA,17,COLECTIVO,REPRESENTATIVE_POINT,
88c2e06d03fffff,Buenos Aires,Florencio Varela,293,DEMANDA_MEDIA,7,COLECTIVO,REPRESENTATIVE_POINT,
88c2e3a98bfffff,Buenos Aires,Tigre,293,DEMANDA_MEDIA,6,COLECTIVO,REPRESENTATIVE_POINT,
88c2e3c4ebfffff,Buenos Aires,Avellaneda,293,DEMANDA_MEDIA,17,COLECTIVO,REPRESENTATIVE_POINT,
88c2e2a617fffff,Buenos Aires,La Plata,293,DEMANDA_MEDIA,7,COLECTIVO,REPRESENTATIVE_POINT,
88c2e39addfffff,Buenos Aires,Ezeiza,293,DEMANDA_MEDIA,13,COLECTIVO,REPRESENTATIVE_POINT,
88c2e3aab3fffff,Buenos Aires,Malvinas Argentinas,292,DEMANDA_MEDIA,12,COLECTIVO,REPRESENTATIVE_POINT,
88c2e3bb0dfffff,Buenos Aires,Ituzaingó,291,DEMANDA_MEDIA,17,COLECTIVO,REPRESENTATIVE_POINT,
88c2e3a9d1fffff,Buenos Aires,Malvinas Argentinas,291,DEMANDA_MEDIA,6,COLECTIVO,REPRESENTATIVE_POINT,
88c2e3ad83fffff,Buenos Aires,Escobar,291,DEMANDA_MEDIA,7,COLECTIVO,REPRESENTATIVE_POINT,
88c2e3cb41fffff,Buenos Aires,Ensenada,291,DEMANDA_MEDIA,12,COLECTIVO,REPRESENTATIVE_POINT,
88c2e3b835fffff,Buenos Aires,San Miguel,291,DEMANDA_MEDIA,7,COLECTIVO,REPRESENTATIVE_POINT,
88c2e3aa1dfffff,Buenos Aires,José C. Paz,291,DEMANDA_MEDIA,18,COLECTIVO,REPRESENTATIVE_POINT,
88c2e38ec7fffff,Buenos Aires,Morón,290,DEMANDA_MEDIA,12,COLECTIVO,REPRESENTATIVE_POINT,
88c2e31737fffff,Buenos Aires,General San Martín,290,DEMANDA_MEDIA,7,COLECTIVO,REPRESENTATIVE_POINT,
88c2e3a9c1fffff,Buenos Aires,Tigre,290,DEMANDA_MEDIA,14,COLECTIVO,REPRESENTATIVE_POINT,
88c2e31493fffff,Buenos Aires,Tigre,290,DEMANDA_MEDIA,12,COLECTIVO,REPRESENTATIVE_POINT,
88c2e33135fffff,Buenos Aires,Tigre,290,DEMANDA_MEDIA,15,COLECTIVO,REPRESENTATIVE_POINT,
88c2e3ba11fffff,Buenos Aires,Moreno,290,DEMANDA_MEDIA,17,COLECTIVO,REPRESENTATIVE_POINT,
88c2e3ad89fffff,Buenos Aires,Escobar,290,DEMANDA_MEDIA,6,COLECTIVO,REPRESENTATIVE_POINT,
88c2e3a801fffff,Buenos Aires,Malvinas Argentinas,289,DEMANDA_MEDIA,6,COLECTIVO,REPRESENTATIVE_POINT,
88c2e385e1fffff,Buenos Aires,Merlo,289,DEMANDA_MEDIA,6,COLECTIVO,REPRESENTATIVE_POINT,
88c2e2a5d1fffff,Buenos Aires,La Plata,289,DEMANDA_MEDIA,6,COLECTIVO,REPRESENTATIVE_POINT,
88c2ee50cbfffff,Buenos Aires,Zárate,289,DEMANDA_MEDIA,18,COLECTIVO,REPRESENTATIVE_POINT,
88c2e33703fffff,Buenos Aires,Escobar,289,DEMANDA_MEDIA,12,COLECTIVO,REPRESENTATIVE_POINT,
88c2e3d42bfffff,Buenos Aires,Florencio Varela,287,DEMANDA_MEDIA,7,COLECTIVO,REPRESENTATIVE_POINT,
88c2e33061fffff,Buenos Aires,Tigre,286,DEMANDA_MEDIA,13,COLECTIVO,REPRESENTATIVE_POINT,
88c2e3a31dfffff,Buenos Aires,Moreno,286,DEMANDA_MEDIA,5,COLECTIVO,REPRESENTATIVE_POINT,
88c2e39895fffff,Buenos Aires,Esteban Echeverría,285,DEMANDA_MEDIA,7,COLECTIVO,REPRESENTATIVE_POINT,
88c2e33763fffff,Buenos Aires,Escobar,285,DEMANDA_MEDIA,7,COLECTIVO,REPRESENTATIVE_POINT,
88c2e385b5fffff,Buenos Aires,Merlo,285,DEMANDA_MEDIA,15,COLECTIVO,REPRESENTATIVE_POINT,
88c2e3c0e1fffff,Buenos Aires,Berazategui,284,DEMANDA_MEDIA,8,COLECTIVO,REPRESENTATIVE_POINT,
88c2e3daa3fffff,Buenos Aires,La Plata,284,DEMANDA_MEDIA,12,COLECTIVO,REPRESENTATIVE_POINT,
88c2e06c9bfffff,Buenos Aires,Almirante Brown,284,DEMANDA_MEDIA,6,COLECTIVO,REPRESENTATIVE_POINT,
88c2e3d6d9fffff,Buenos Aires,Almirante Brown,284,DEMANDA_MEDIA,12,COLECTIVO,REPRESENTATIVE_POINT,
88c2e02d95fffff,Buenos Aires,Cañuelas,283,DEMANDA_MEDIA,12,COLECTIVO,REPRESENTATIVE_POINT,
88c2e385a5fffff,Buenos Aires,Ituzaingó,282,DEMANDA_MEDIA,17,COLECTIVO,REPRESENTATIVE_POINT,
88c2e306cbfffff,Buenos Aires,Tigre,282,DEMANDA_MEDIA,17,COLECTIVO,REPRESENTATIVE_POINT,
88c2e3374bfffff,Buenos Aires,Escobar,282,DEMANDA_MEDIA,14,COLECTIVO,REPRESENTATIVE_POINT,
88c2e30265fffff,Ciudad Autónoma de Buenos Aires,Comuna 14,280,DEMANDA_MEDIA,15,COLECTIVO,REPRESENTATIVE_POINT,
88c2e3c09dfffff,Buenos Aires,Quilmes,280,DEMANDA_MEDIA,10,COLECTIVO,REPRESENTATIVE_POINT,
88c2e3d80bfffff,Buenos Aires,La Plata,280,DEMANDA_MEDIA,7,COLECTIVO,REPRESENTATIVE_POINT,
88c2e3db15fffff,Buenos Aires,La Plata,280,DEMANDA_MEDIA,7,COLECTIVO,REPRESENTATIVE_POINT,
88c2e3d6d1fffff,Buenos Aires,Almirante Brown,280,DEMANDA_MEDIA,7,COLECTIVO,REPRESENTATIVE_POINT,
88c2e3c241fffff,Buenos Aires,Florencio Varela,279,DEMANDA_MEDIA,7,COLECTIVO,REPRESENTATIVE_POINT,
88c2e384b5fffff,Buenos Aires,Merlo,279,DEMANDA_MEDIA,7,COLECTIVO,REPRESENTATIVE_POINT,
88c2e3d003fffff,Buenos Aires,Berazategui,279,DEMANDA_MEDIA,7,COLECTIVO,REPRESENTATIVE_POINT,
88c2e3ada3fffff,Buenos Aires,Escobar,278,DEMANDA_MEDIA,18,COLECTIVO,REPRESENTATIVE_POINT,
88c2e3828dfffff,Buenos Aires,La Matanza,278,DEMANDA_MEDIA,7,COLECTIVO,REPRESENTATIVE_POINT,
88c2e38ca7fffff,Buenos Aires,Morón,278,DEMANDA_MEDIA,12,COLECTIVO,REPRESENTATIVE_POINT,
88c2e1cad3fffff,Buenos Aires,Lobos,277,DEMANDA_MEDIA,18,COLECTIVO,REPRESENTATIVE_POINT,
88c2e3da07fffff,Buenos Aires,La Plata,277,DEMANDA_MEDIA,15,COLECTIVO,REPRESENTATIVE_POINT,
88c2e38ae1fffff,Buenos Aires,Esteban Echeverría,277,DEMANDA_MEDIA,7,COLECTIVO,REPRESENTATIVE_POINT,
88c2e38559fffff,Buenos Aires,Merlo,276,DEMANDA_MEDIA,7,COLECTIVO,REPRESENTATIVE_POINT,
88c2e39025fffff,Buenos Aires,Ezeiza,276,DEMANDA_MEDIA,17,COLECTIVO,REPRESENTATIVE_POINT,
88c2e3ae83fffff,Buenos Aires,Pilar,275,DEMANDA_MEDIA,7,COLECTIVO,REPRESENTATIVE_POINT,
88c2e3166bfffff,Buenos Aires,Tres de Febrero,274,DEMANDA_MEDIA,17,COLECTIVO,REPRESENTATIVE_POINT,
88c2e3aa95fffff,Buenos Aires,José C. Paz,274,DEMANDA_MEDIA,12,COLECTIVO,REPRESENTATIVE_POINT,
88c2e23607fffff,Buenos Aires,Berisso,274,DEMANDA_MEDIA,13,COLECTIVO,REPRESENTATIVE_POINT,
88c2e3ac83fffff,Buenos Aires,Pilar,273,DEMANDA_MEDIA,16,COLECTIVO,REPRESENTATIVE_POINT,
88c2e1cf61fffff,Buenos Aires,Lobos,273,DEMANDA_MEDIA,7,COLECTIVO,REPRESENTATIVE_POINT,
88c2e2aea3fffff,Buenos Aires,La Plata,272,DEMANDA_MEDIA,12,COLECTIVO,REPRESENTATIVE_POINT,
88c2e3db57fffff,Buenos Aires,La Plata,272,DEMANDA_MEDIA,6,COLECTIVO,REPRESENTATIVE_POINT,
88c2e33729fffff,Buenos Aires,Escobar,272,DEMANDA_MEDIA,11,COLECTIVO,REPRESENTATIVE_POINT,
88c2e3c66bfffff,Buenos Aires,Quilmes,272,DEMANDA_MEDIA,6,COLECTIVO,REPRESENTATIVE_POINT,
88c2e14835fffff,Buenos Aires,Marcos Paz,272,DEMANDA_MEDIA,6,COLECTIVO,REPRESENTATIVE_POINT,
88c2e3c287fffff,Buenos Aires,Berazategui,271,DEMANDA_MEDIA,8,COLECTIVO,REPRESENTATIVE_POINT,
88c2e38dd3fffff,Buenos Aires,Morón,271,DEMANDA_MEDIA,6,COLECTIVO,REPRESENTATIVE_POINT,
88c2ee52e1fffff,Buenos Aires,Zárate,270,DEMANDA_MEDIA,12,COLECTIVO,REPRESENTATIVE_POINT,
88c2e2ac45fffff,Buenos Aires,La Plata,270,DEMANDA_MEDIA,12,COLECTIVO,REPRESENTATIVE_POINT,
88c2e3bb3dfffff,Buenos Aires,Ituzaingó,270,DEMANDA_MEDIA,19,COLECTIVO,REPRESENTATIVE_POINT,
88c2e3c29dfffff,Buenos Aires,Berazategui,269,DEMANDA_MEDIA,12,COLECTIVO,REPRESENTATIVE_POINT,
88c2e3b195fffff,Buenos Aires,Moreno,269,DEMANDA_MEDIA,12,COLECTIVO,REPRESENTATIVE_POINT,
88c2e3ae53fffff,Buenos Aires,Pilar,269,DEMANDA_MEDIA,7,COLECTIVO,REPRESENTATIVE_POINT,
88c2e2ac53fffff,Buenos Aires,La Plata,268,DEMANDA_MEDIA,6,COLECTIVO,REPRESENTATIVE_POINT,
88c2e2a42dfffff,Buenos Aires,La Plata,268,DEMANDA_MEDIA,7,COLECTIVO,REPRESENTATIVE_POINT,
88c2ee50ddfffff,Buenos Aires,Zárate,268,DEMANDA_MEDIA,12,COLECTIVO,REPRESENTATIVE_POINT,
88c2e38949fffff,Buenos Aires,Lomas de Zamora,267,DEMANDA_MEDIA,17,COLECTIVO,REPRESENTATIVE_POINT,
88c2e2363dfffff,Buenos Aires,Berisso,267,DEMANDA_MEDIA,12,COLECTIVO,REPRESENTATIVE_POINT,
88c2e3a9abfffff,Buenos Aires,Tigre,267,DEMANDA_MEDIA,5,COLECTIVO,REPRESENTATIVE_POINT,
88c2e2a733fffff,Buenos Aires,La Plata,267,DEMANDA_MEDIA,17,COLECTIVO,REPRESENTATIVE_POINT,
88c2e3c463fffff,Buenos Aires,Quilmes,266,DEMANDA_MEDIA,17,COLECTIVO,REPRESENTATIVE_POINT,
88c2e3b4adfffff,Buenos Aires,General Rodríguez,266,DEMANDA_MEDIA,12,COLECTIVO,REPRESENTATIVE_POINT,
88c2e385d3fffff,Buenos Aires,Merlo,266,DEMANDA_MEDIA,7,COLECTIVO,REPRESENTATIVE_POINT,
88c2e3aacdfffff,Buenos Aires,José C. Paz,266,DEMANDA_MEDIA,14,COLECTIVO,REPRESENTATIVE_POINT,
88c2e380e9fffff,Buenos Aires,La Matanza,266,DEMANDA_MEDIA,12,COLECTIVO,REPRESENTATIVE_POINT,
88c2e2ac07fffff,Buenos Aires,La Plata,265,DEMANDA_MEDIA,12,COLECTIVO,REPRESENTATIVE_POINT,
88c2e3ae13fffff,Buenos Aires,Pilar,265,DEMANDA_MEDIA,12,COLECTIVO,REPRESENTATIVE_POINT,
88c2eec9abfffff,Buenos Aires,Campana,265,DEMANDA_MEDIA,7,COLECTIVO,REPRESENTATIVE_POINT,
88c2e398d7fffff,Buenos Aires,Esteban Echeverría,265,DEMANDA_MEDIA,8,COLECTIVO,REPRESENTATIVE_POINT,
88c2e33081fffff,Buenos Aires,Escobar,264,DEMANDA_MEDIA,16,COLECTIVO,REPRESENTATIVE_POINT,
88c2e38ca5fffff,Buenos Aires,Morón,264,DEMANDA_MEDIA,14,COLECTIVO,REPRESENTATIVE_POINT,
88c2e38285fffff,Buenos Aires,La Matanza,264,DEMANDA_MEDIA,18,COLECTIVO,REPRESENTATIVE_POINT,
88c2e06565fffff,Buenos Aires,San Vicente,264,DEMANDA_MEDIA,12,COLECTIVO,REPRESENTATIVE_POINT,
88c2e38725fffff,Buenos Aires,La Matanza,264,DEMANDA_MEDIA,12,COLECTIVO,REPRESENTATIVE_POINT,
88c2e31559fffff,Buenos Aires,General San Martín,264,DEMANDA_MEDIA,19,COLECTIVO,REPRESENTATIVE_POINT,
88c2e3bac1fffff,Buenos Aires,Moreno,263,DEMANDA_MEDIA,12,COLECTIVO,REPRESENTATIVE_POINT,
88c2eed855fffff,Buenos Aires,Pilar,263,DEMANDA_MEDIA,17,COLECTIVO,REPRESENTATIVE_POINT,
88c2e3d6c1fffff,Buenos Aires,Almirante Brown,263,DEMANDA_MEDIA,17,COLECTIVO,REPRESENTATIVE_POINT,
88c2e3b5d1fffff,Buenos Aires,General Rodríguez,262,DEMANDA_MEDIA,17,COLECTIVO,REPRESENTATIVE_POINT,
88c2e3370dfffff,Buenos Aires,Escobar,262,DEMANDA_MEDIA,17,COLECTIVO,REPRESENTATIVE_POINT,
88c2e2ae9bfffff,Buenos Aires,La Plata,262,DEMANDA_MEDIA,12,COLECTIVO,REPRESENTATIVE_POINT,
88c2e3da2bfffff,Buenos Aires,La Plata,262,DEMANDA_MEDIA,8,COLECTIVO,REPRESENTATIVE_POINT,
88c2e168e1fffff,Buenos Aires,Luján,261,DEMANDA_MEDIA,12,COLECTIVO,REPRESENTATIVE_POINT,
88c2e38a65fffff,Buenos Aires,Lomas de Zamora,261,DEMANDA_MEDIA,8,COLECTIVO,REPRESENTATIVE_POINT,
88c2e310e1fffff,Ciudad Autónoma de Buenos Aires,Comuna 15,261,DEMANDA_MEDIA,18,COLECTIVO,REPRESENTATIVE_POINT,
88c2e3d113fffff,Buenos Aires,La Plata,260,DEMANDA_MEDIA,7,COLECTIVO,REPRESENTATIVE_POINT,
88c2e30659fffff,Buenos Aires,Tigre,260,DEMANDA_MEDIA,5,COLECTIVO,REPRESENTATIVE_POINT,
88c2e3b1b5fffff,Buenos Aires,Moreno,260,DEMANDA_MEDIA,17,COLECTIVO,REPRESENTATIVE_POINT,
88c2e3bb55fffff,Buenos Aires,Ituzaingó,260,DEMANDA_MEDIA,8,COLECTIVO,REPRESENTATIVE_POINT,
88c2e3d715fffff,Buenos Aires,Florencio Varela,259,DEMANDA_MEDIA,16,COLECTIVO,REPRESENTATIVE_POINT,
88c2e3b9c9fffff,Buenos Aires,San Miguel,259,DEMANDA_MEDIA,17,COLECTIVO,REPRESENTATIVE_POINT,
88c2e33719fffff,Buenos Aires,Escobar,259,DEMANDA_MEDIA,12,COLECTIVO,REPRESENTATIVE_POINT,
88c2e384b1fffff,Buenos Aires,Merlo,259,DEMANDA_MEDIA,7,COLECTIVO,REPRESENTATIVE_POINT,
88c2e2a425fffff,Buenos Aires,La Plata,259,DEMANDA_MEDIA,12,COLECTIVO,REPRESENTATIVE_POINT,
88c2e3b9b5fffff,Buenos Aires,San Miguel,258,DEMANDA_MEDIA,15,COLECTIVO,REPRESENTATIVE_POINT,
88c2e2a5a9fffff,Buenos Aires,La Plata,258,DEMANDA_MEDIA,7,COLECTIVO,REPRESENTATIVE_POINT,
88c2e3ad59fffff,Buenos Aires,Pilar,258,DEMANDA_MEDIA,6,COLECTIVO,REPRESENTATIVE_POINT,
88c2e3c08bfffff,Buenos Aires,Berazategui,257,DEMANDA_MEDIA,12,COLECTIVO,REPRESENTATIVE_POINT,
88c2e3ab23fffff,Buenos Aires,Malvinas Argentinas,257,DEMANDA_MEDIA,17,COLECTIVO,REPRESENTATIVE_POINT,
88c2e3b8a9fffff,Buenos Aires,San Miguel,257,DEMANDA_MEDIA,12,COLECTIVO,REPRESENTATIVE_POINT,
88c2eed86bfffff,Buenos Aires,Pilar,257,DEMANDA_MEDIA,12,COLECTIVO,REPRESENTATIVE_POINT,
88c2e0653dfffff,Buenos Aires,San Vicente,257,DEMANDA_MEDIA,6,COLECTIVO,REPRESENTATIVE_POINT,
88c2e3112dfffff,Ciudad Autónoma de Buenos Aires,Comuna 4,256,DEMANDA_MEDIA,15,COLECTIVO,REPRESENTATIVE_POINT,
88c2e38a8dfffff,Buenos Aires,Esteban Echeverría,255,DEMANDA_MEDIA,6,COLECTIVO,REPRESENTATIVE_POINT,
88c2e3b5c1fffff,Buenos Aires,General Rodríguez,254,DEMANDA_MEDIA,12,COLECTIVO,REPRESENTATIVE_POINT,
88c2eeda21fffff,Buenos Aires,Pilar,253,DEMANDA_MEDIA,14,COLECTIVO,REPRESENTATIVE_POINT,
88c2e3c28dfffff,Buenos Aires,Berazategui,253,DEMANDA_MEDIA,12,COLECTIVO,REPRESENTATIVE_POINT,
88c2e1690dfffff,Buenos Aires,Luján,253,DEMANDA_MEDIA,7,COLECTIVO,REPRESENTATIVE_POINT,
88c2e3daedfffff,Buenos Aires,La Plata,253,DEMANDA_MEDIA,12,COLECTIVO,REPRESENTATIVE_POINT,
88c2e3ae43fffff,Buenos Aires,Pilar,253,DEMANDA_MEDIA,6,COLECTIVO,REPRESENTATIVE_POINT,
88c2e3adc7fffff,Buenos Aires,Escobar,252,DEMANDA_MEDIA,12,COLECTIVO,REPRESENTATIVE_POINT,
88c2e3acb5fffff,Buenos Aires,Pilar,252,DEMANDA_MEDIA,17,COLECTIVO,REPRESENTATIVE_POINT,
88c2e3ad4bfffff,Buenos Aires,Pilar,252,DEMANDA_MEDIA,14,COLECTIVO,REPRESENTATIVE_POINT,
88c2e33213fffff,Buenos Aires,Escobar,252,DEMANDA_MEDIA,12,COLECTIVO,REPRESENTATIVE_POINT,
88c2e06541fffff,Buenos Aires,San Vicente,251,DEMANDA_MEDIA,7,COLECTIVO,REPRESENTATIVE_POINT,
88c2e3045bfffff,Buenos Aires,Tigre,251,DEMANDA_MEDIA,12,COLECTIVO,REPRESENTATIVE_POINT,
88c2eedb1bfffff,Buenos Aires,Pilar,251,DEMANDA_MEDIA,21,COLECTIVO,REPRESENTATIVE_POINT,
88c2e3d74bfffff,Buenos Aires,Florencio Varela,251,DEMANDA_MEDIA,16,COLECTIVO,REPRESENTATIVE_POINT,
88c2ee52edfffff,Buenos Aires,Campana,250,DEMANDA_MEDIA,8,COLECTIVO,REPRESENTATIVE_POINT,
88c2e38147fffff,Buenos Aires,Ezeiza,249,DEMANDA_MEDIA,19,COLECTIVO,REPRESENTATIVE_POINT,
88c2e3c28bfffff,Buenos Aires,Berazategui,249,DEMANDA_MEDIA,8,COLECTIVO,REPRESENTATIVE_POINT,
88c2e380b7fffff,Buenos Aires,La Matanza,249,DEMANDA_MEDIA,10,COLECTIVO,REPRESENTATIVE_POINT,
88c2e3a5adfffff,Buenos Aires,Pilar,249,DEMANDA_MEDIA,12,COLECTIVO,REPRESENTATIVE_POINT,
88c2e33259fffff,Buenos Aires,Escobar,249,DEMANDA_MEDIA,12,COLECTIVO,REPRESENTATIVE_POINT,
88c2e149a5fffff,Buenos Aires,Marcos Paz,248,DEMANDA_MEDIA,8,COLECTIVO,REPRESENTATIVE_POINT,
88c2e38edbfffff,Buenos Aires,Merlo,248,DEMANDA_MEDIA,6,COLECTIVO,REPRESENTATIVE_POINT,
88c2e2ac1dfffff,Buenos Aires,La Plata,248,DEMANDA_MEDIA,17,COLECTIVO,REPRESENTATIVE_POINT,
88c2e33709fffff,Buenos Aires,Escobar,247,DEMANDA_MEDIA,7,COLECTIVO,REPRESENTATIVE_POINT,
88c2e38ebdfffff,Buenos Aires,Morón,247,DEMANDA_MEDIA,17,COLECTIVO,REPRESENTATIVE_POINT,
88c2e3b437fffff,Buenos Aires,General Rodríguez,247,DEMANDA_MEDIA,12,COLECTIVO,REPRESENTATIVE_POINT,
88c2e3a80dfffff,Buenos Aires,Malvinas Argentinas,247,DEMANDA_MEDIA,7,COLECTIVO,REPRESENTATIVE_POINT,
88c2e382b5fffff,Buenos Aires,La Matanza,246,DEMANDA_MEDIA,7,COLECTIVO,REPRESENTATIVE_POINT,
88c2eecb69fffff,Buenos Aires,Campana,246,DEMANDA_MEDIA,8,COLECTIVO,REPRESENTATIVE_POINT,
88c2e399ebfffff,Buenos Aires,Almirante Brown,245,DEMANDA_MEDIA,16,COLECTIVO,REPRESENTATIVE_POINT,
88c2e3a309fffff,Buenos Aires,Moreno,244,DEMANDA_MEDIA,17,COLECTIVO,REPRESENTATIVE_POINT,
88c2e3b1e9fffff,Buenos Aires,Moreno,244,DEMANDA_MEDIA,16,COLECTIVO,REPRESENTATIVE_POINT,
88c2e2a5c7fffff,Buenos Aires,La Plata,244,DEMANDA_MEDIA,7,COLECTIVO,REPRESENTATIVE_POINT,
88c2e3bb35fffff,Buenos Aires,Ituzaingó,244,DEMANDA_MEDIA,7,COLECTIVO,REPRESENTATIVE_POINT,
88c2e398c9fffff,Buenos Aires,Esteban Echeverría,243,DEMANDA_MEDIA,12,COLECTIVO,REPRESENTATIVE_POINT,
88c2e3a30bfffff,Buenos Aires,Moreno,243,DEMANDA_MEDIA,5,COLECTIVO,REPRESENTATIVE_POINT,
88c2e3c029fffff,Buenos Aires,Berazategui,243,DEMANDA_MEDIA,12,COLECTIVO,REPRESENTATIVE_POINT,
88c2e33627fffff,Buenos Aires,Escobar,243,DEMANDA_MEDIA,16,COLECTIVO,REPRESENTATIVE_POINT,
88c2e3d961fffff,Buenos Aires,Ensenada,243,DEMANDA_MEDIA,7,COLECTIVO,REPRESENTATIVE_POINT,
88c2e33741fffff,Buenos Aires,Escobar,242,DEMANDA_MEDIA,14,COLECTIVO,REPRESENTATIVE_POINT,
88c2e385bbfffff,Buenos Aires,Merlo,242,DEMANDA_MEDIA,6,COLECTIVO,REPRESENTATIVE_POINT,
88c2e2ae63fffff,Buenos Aires,La Plata,242,DEMANDA_MEDIA,11,COLECTIVO,REPRESENTATIVE_POINT,
88c2e3b181fffff,Buenos Aires,Moreno,242,DEMANDA_MEDIA,7,COLECTIVO,REPRESENTATIVE_POINT,
88c2e33243fffff,Buenos Aires,Escobar,241,DEMANDA_MEDIA,7,COLECTIVO,REPRESENTATIVE_POINT,
88c2e39731fffff,Buenos Aires,La Matanza,241,DEMANDA_MEDIA,6,COLECTIVO,REPRESENTATIVE_POINT,
88c2e3990bfffff,Buenos Aires,Almirante Brown,241,DEMANDA_MEDIA,12,COLECTIVO,REPRESENTATIVE_POINT,
88c2e3ae91fffff,Buenos Aires,Pilar,241,DEMANDA_MEDIA,12,COLECTIVO,REPRESENTATIVE_POINT,
88c2e3bb6dfffff,Buenos Aires,Morón,241,DEMANDA_MEDIA,13,COLECTIVO,INTERSECCION_MAYOR_AREA,
88c2e3331bfffff,Buenos Aires,Tigre,240,DEMANDA_MEDIA,16,COLECTIVO,REPRESENTATIVE_POINT,
88c2e3a063fffff,Buenos Aires,Moreno,240,DEMANDA_MEDIA,16,COLECTIVO,REPRESENTATIVE_POINT,
88c2e3161dfffff,Buenos Aires,Tres de Febrero,240,DEMANDA_MEDIA,6,COLECTIVO,REPRESENTATIVE_POINT,
88c2e2b2abfffff,Buenos Aires,Brandsen,240,DEMANDA_MEDIA,17,COLECTIVO,REPRESENTATIVE_POINT,
88c2e3b8adfffff,Buenos Aires,San Miguel,240,DEMANDA_MEDIA,12,COLECTIVO,REPRESENTATIVE_POINT,
88c2e39021fffff,Buenos Aires,Ezeiza,239,DEMANDA_MEDIA,7,COLECTIVO,REPRESENTATIVE_POINT,
88c2e388c3fffff,Buenos Aires,La Matanza,239,DEMANDA_MEDIA,7,COLECTIVO,REPRESENTATIVE_POINT,
88c2e38c15fffff,Buenos Aires,Morón,238,DEMANDA_MEDIA,7,COLECTIVO,REPRESENTATIVE_POINT,
88c2e3da33fffff,Buenos Aires,La Plata,238,DEMANDA_MEDIA,7,COLECTIVO,REPRESENTATIVE_POINT,
88c2e3a747fffff,Buenos Aires,General Rodríguez,238,DEMANDA_MEDIA,12,COLECTIVO,REPRESENTATIVE_POINT,
88c2e3164bfffff,Buenos Aires,Morón,237,DEMANDA_MEDIA,12,COLECTIVO,REPRESENTATIVE_POINT,
88c2e39545fffff,Buenos Aires,La Matanza,237,DEMANDA_MEDIA,4,COLECTIVO,REPRESENTATIVE_POINT,
88c2e2af0bfffff,Buenos Aires,La Plata,236,DEMANDA_MEDIA,7,COLECTIVO,REPRESENTATIVE_POINT,
88c2e3a5b1fffff,Buenos Aires,Pilar,236,DEMANDA_MEDIA,17,COLECTIVO,REPRESENTATIVE_POINT,
88c2e3a2e1fffff,Buenos Aires,General Rodríguez,235,DEMANDA_MEDIA,12,COLECTIVO,REPRESENTATIVE_POINT,
88c2e3c059fffff,Buenos Aires,Berazategui,235,DEMANDA_MEDIA,7,COLECTIVO,REPRESENTATIVE_POINT,
88c2e3ad07fffff,Buenos Aires,Pilar,235,DEMANDA_MEDIA,6,COLECTIVO,REPRESENTATIVE_POINT,
88c2e31491fffff,Buenos Aires,Tigre,234,DEMANDA_MEDIA,12,COLECTIVO,REPRESENTATIVE_POINT,
88c2e3d85dfffff,Buenos Aires,La Plata,233,DEMANDA_MEDIA,7,COLECTIVO,REPRESENTATIVE_POINT,
88c2e3a9d9fffff,Buenos Aires,Malvinas Argentinas,233,DEMANDA_MEDIA,14,COLECTIVO,REPRESENTATIVE_POINT,
88c2eec943fffff,Buenos Aires,Campana,232,DEMANDA_MEDIA,12,COLECTIVO,REPRESENTATIVE_POINT,
88c2e38895fffff,Buenos Aires,La Matanza,232,DEMANDA_MEDIA,7,COLECTIVO,REPRESENTATIVE_POINT,
88c2e3a35bfffff,Buenos Aires,Moreno,232,DEMANDA_MEDIA,6,COLECTIVO,REPRESENTATIVE_POINT,
88c2e3159dfffff,Buenos Aires,San Isidro,232,DEMANDA_MEDIA,7,COLECTIVO,REPRESENTATIVE_POINT,
88c2e385abfffff,Buenos Aires,Merlo,231,DEMANDA_MEDIA,7,COLECTIVO,REPRESENTATIVE_POINT,
88c2e02f1bfffff,Buenos Aires,Cañuelas,231,DEMANDA_MEDIA,6,TREN,REPRESENTATIVE_POINT,
88c2e3c205fffff,Buenos Aires,Berazategui,231,DEMANDA_MEDIA,7,COLECTIVO,REPRESENTATIVE_POINT,
88c2e23643fffff,Buenos Aires,Berisso,230,DEMANDA_MEDIA,7,COLECTIVO,REPRESENTATIVE_POINT,
88c2e39a33fffff,Buenos Aires,Esteban Echeverría,230,DEMANDA_MEDIA,16,COLECTIVO,REPRESENTATIVE_POINT,
88c2e3b867fffff,Buenos Aires,Ituzaingó,230,DEMANDA_MEDIA,12,COLECTIVO,REPRESENTATIVE_POINT,
88c2e38a27fffff,Buenos Aires,Lomas de Zamora,230,DEMANDA_MEDIA,18,COLECTIVO,REPRESENTATIVE_POINT,
88c2e3d505fffff,Buenos Aires,Florencio Varela,229,DEMANDA_MEDIA,12,COLECTIVO,REPRESENTATIVE_POINT,
88c2e3d853fffff,Buenos Aires,La Plata,228,DEMANDA_MEDIA,8,COLECTIVO,REPRESENTATIVE_POINT,
88c2e399bbfffff,Buenos Aires,Esteban Echeverría,227,DEMANDA_MEDIA,5,COLECTIVO,REPRESENTATIVE_POINT,
88c2e3ac33fffff,Buenos Aires,Pilar,227,DEMANDA_MEDIA,16,COLECTIVO,REPRESENTATIVE_POINT,
88c2e3b805fffff,Buenos Aires,Ituzaingó,227,DEMANDA_MEDIA,14,COLECTIVO,REPRESENTATIVE_POINT,
88c2e3b4a3fffff,Buenos Aires,General Rodríguez,227,DEMANDA_MEDIA,6,COLECTIVO,REPRESENTATIVE_POINT,
88c2e3160bfffff,Buenos Aires,Tres de Febrero,227,DEMANDA_MEDIA,5,COLECTIVO,REPRESENTATIVE_POINT,
88c2e3c007fffff,Buenos Aires,Berazategui,227,DEMANDA_MEDIA,7,COLECTIVO,REPRESENTATIVE_POINT,
88c2e3db1dfffff,Buenos Aires,La Plata,225,DEMANDA_MEDIA,7,COLECTIVO,REPRESENTATIVE_POINT,
88c2e381bdfffff,Buenos Aires,La Matanza,225,DEMANDA_MEDIA,15,COLECTIVO,REPRESENTATIVE_POINT,
88c2e30453fffff,Buenos Aires,Tigre,225,DEMANDA_MEDIA,7,COLECTIVO,REPRESENTATIVE_POINT,
88c2e31581fffff,Buenos Aires,San Isidro,225,DEMANDA_MEDIA,7,COLECTIVO,REPRESENTATIVE_POINT,
88c2e169c5fffff,Buenos Aires,Luján,225,DEMANDA_MEDIA,7,COLECTIVO,REPRESENTATIVE_POINT,
88c2e3b1c5fffff,Buenos Aires,Moreno,224,DEMANDA_MEDIA,17,COLECTIVO,REPRESENTATIVE_POINT,
88c2e07a13fffff,Buenos Aires,Brandsen,224,DEMANDA_MEDIA,16,COLECTIVO,REPRESENTATIVE_POINT,
88c2e3d55dfffff,Buenos Aires,Florencio Varela,224,DEMANDA_MEDIA,6,COLECTIVO,REPRESENTATIVE_POINT,
88c2e332c5fffff,Buenos Aires,Escobar,224,DEMANDA_MEDIA,7,COLECTIVO,REPRESENTATIVE_POINT,
88c2e3b743fffff,Buenos Aires,General Rodríguez,224,DEMANDA_MEDIA,12,COLECTIVO,REPRESENTATIVE_POINT,
88c2e2a533fffff,Buenos Aires,La Plata,224,DEMANDA_MEDIA,7,COLECTIVO,REPRESENTATIVE_POINT,
88c2e380c9fffff,Buenos Aires,La Matanza,223,DEMANDA_MEDIA,12,COLECTIVO,REPRESENTATIVE_POINT,
88c2e3346dfffff,Buenos Aires,Escobar,223,DEMANDA_MEDIA,16,COLECTIVO,REPRESENTATIVE_POINT,
88c2e3988dfffff,Buenos Aires,Esteban Echeverría,223,DEMANDA_MEDIA,12,COLECTIVO,REPRESENTATIVE_POINT,
88c2e3d0e5fffff,Buenos Aires,Berazategui,222,DEMANDA_MEDIA,17,COLECTIVO,REPRESENTATIVE_POINT,
88c2e316c5fffff,Buenos Aires,Tres de Febrero,222,DEMANDA_MEDIA,6,COLECTIVO,REPRESENTATIVE_POINT,
88c2e3ae2dfffff,Buenos Aires,Pilar,222,DEMANDA_MEDIA,7,COLECTIVO,REPRESENTATIVE_POINT,
88c2e3b863fffff,Buenos Aires,Ituzaingó,222,DEMANDA_MEDIA,7,COLECTIVO,REPRESENTATIVE_POINT,
88c2e3c4e1fffff,Buenos Aires,Avellaneda,222,DEMANDA_MEDIA,7,COLECTIVO,REPRESENTATIVE_POINT,
88c2e38003fffff,Buenos Aires,La Matanza,221,DEMANDA_MEDIA,7,COLECTIVO,REPRESENTATIVE_POINT,
88c2e39b57fffff,Buenos Aires,Presidente Perón,221,DEMANDA_MEDIA,17,COLECTIVO,REPRESENTATIVE_POINT,
88c2e2a5bdfffff,Buenos Aires,La Plata,221,DEMANDA_MEDIA,12,COLECTIVO,REPRESENTATIVE_POINT,
88c2e381d3fffff,Buenos Aires,La Matanza,220,DEMANDA_MEDIA,5,COLECTIVO,REPRESENTATIVE_POINT,
88c2e3af5dfffff,Buenos Aires,Pilar,220,DEMANDA_MEDIA,5,COLECTIVO,REPRESENTATIVE_POINT,
88c2e3d613fffff,Buenos Aires,Almirante Brown,219,DEMANDA_MEDIA,6,COLECTIVO,REPRESENTATIVE_POINT,
88c2e065d3fffff,Buenos Aires,Presidente Perón,219,DEMANDA_MEDIA,17,COLECTIVO,REPRESENTATIVE_POINT,
88c2e3ac19fffff,Buenos Aires,Pilar,219,DEMANDA_MEDIA,7,COLECTIVO,REPRESENTATIVE_POINT,
88c2e3370bfffff,Buenos Aires,Escobar,219,DEMANDA_MEDIA,12,COLECTIVO,REPRESENTATIVE_POINT,
88c2e3a027fffff,Buenos Aires,Moreno,218,DEMANDA_MEDIA,5,COLECTIVO,REPRESENTATIVE_POINT,
88c2e388a9fffff,Buenos Aires,La Matanza,218,DEMANDA_MEDIA,14,COLECTIVO,REPRESENTATIVE_POINT,
88c2e2aec1fffff,Buenos Aires,La Plata,218,DEMANDA_MEDIA,9,COLECTIVO,REPRESENTATIVE_POINT,
88c2e3ac41fffff,Buenos Aires,Pilar,218,DEMANDA_MEDIA,7,COLECTIVO,REPRESENTATIVE_POINT,
88c2e3c26bfffff,Buenos Aires,Berazategui,217,DEMANDA_MEDIA,13,COLECTIVO,REPRESENTATIVE_POINT,
88c2e388cbfffff,Buenos Aires,La Matanza,217,DEMANDA_MEDIA,6,COLECTIVO,REPRESENTATIVE_POINT,
88c2e02e29fffff,Buenos Aires,Cañuelas,217,DEMANDA_MEDIA,7,COLECTIVO,REPRESENTATIVE_POINT,
88c2e3073bfffff,Buenos Aires,San Fernando,217,DEMANDA_MEDIA,13,TREN,REPRESENTATIVE_POINT,
88c2e30725fffff,Buenos Aires,San Isidro,216,DEMANDA_MEDIA,7,COLECTIVO,REPRESENTATIVE_POINT,
88c2e302ddfffff,Buenos Aires,Vicente López,216,DEMANDA_MEDIA,13,COLECTIVO,REPRESENTATIVE_POINT,
88c2eeda25fffff,Buenos Aires,Pilar,214,DEMANDA_MEDIA,15,COLECTIVO,REPRESENTATIVE_POINT,
88c2e3c663fffff,Buenos Aires,Quilmes,214,DEMANDA_MEDIA,12,COLECTIVO,REPRESENTATIVE_POINT,
88c2e02601fffff,Buenos Aires,Cañuelas,214,DEMANDA_MEDIA,15,COLECTIVO,REPRESENTATIVE_POINT,
88c2e02d9dfffff,Buenos Aires,Cañuelas,214,DEMANDA_MEDIA,9,COLECTIVO,REPRESENTATIVE_POINT,
88c2e33757fffff,Buenos Aires,Escobar,214,DEMANDA_MEDIA,6,COLECTIVO,REPRESENTATIVE_POINT,
88c2e3a101fffff,Buenos Aires,Moreno,213,DEMANDA_MEDIA,7,COLECTIVO,REPRESENTATIVE_POINT,
88c2e33043fffff,Buenos Aires,Tigre,213,DEMANDA_MEDIA,17,COLECTIVO,REPRESENTATIVE_POINT,
88c2e39a83fffff,Buenos Aires,Ezeiza,213,DEMANDA_MEDIA,12,COLECTIVO,REPRESENTATIVE_POINT,
88c2e33459fffff,Buenos Aires,Escobar,213,DEMANDA_MEDIA,15,COLECTIVO,REPRESENTATIVE_POINT,
88c2e30719fffff,Buenos Aires,San Fernando,213,DEMANDA_MEDIA,6,COLECTIVO,REPRESENTATIVE_POINT,
88c2e069a9fffff,Buenos Aires,La Plata,212,DEMANDA_MEDIA,16,COLECTIVO,REPRESENTATIVE_POINT,
88c2e1698bfffff,Buenos Aires,Luján,212,DEMANDA_MEDIA,7,COLECTIVO,REPRESENTATIVE_POINT,
88c2e3a9d3fffff,Buenos Aires,Escobar,212,DEMANDA_MEDIA,7,COLECTIVO,REPRESENTATIVE_POINT,
88c2e3a9cdfffff,Buenos Aires,Tigre,212,DEMANDA_MEDIA,5,COLECTIVO,REPRESENTATIVE_POINT,
88c2e311b1fffff,Ciudad Autónoma de Buenos Aires,Comuna 14,211,DEMANDA_MEDIA,11,COLECTIVO,REPRESENTATIVE_POINT,
88c2e38737fffff,Buenos Aires,Merlo,211,DEMANDA_MEDIA,11,COLECTIVO,REPRESENTATIVE_POINT,
88c2eec991fffff,Buenos Aires,Campana,210,DEMANDA_MEDIA,7,COLECTIVO,REPRESENTATIVE_POINT,
88c2e3a311fffff,Buenos Aires,Moreno,210,DEMANDA_MEDIA,16,COLECTIVO,REPRESENTATIVE_POINT,
88c2e3d085fffff,Buenos Aires,Florencio Varela,210,DEMANDA_MEDIA,7,COLECTIVO,REPRESENTATIVE_POINT,
88c2e38f51fffff,Buenos Aires,La Matanza,209,DEMANDA_MEDIA,7,COLECTIVO,REPRESENTATIVE_POINT,
88c2e3b525fffff,Buenos Aires,General Rodríguez,209,DEMANDA_MEDIA,6,COLECTIVO,REPRESENTATIVE_POINT,
88c2e3b505fffff,Buenos Aires,General Rodríguez,209,DEMANDA_MEDIA,17,COLECTIVO,REPRESENTATIVE_POINT,
88c2e399e1fffff,Buenos Aires,Almirante Brown,209,DEMANDA_MEDIA,12,COLECTIVO,REPRESENTATIVE_POINT,
88c2e1cf6bfffff,Buenos Aires,Lobos,209,DEMANDA_MEDIA,8,COLECTIVO,REPRESENTATIVE_POINT,
88c2e30595fffff,Buenos Aires,Tigre,209,DEMANDA_MEDIA,17,COLECTIVO,REPRESENTATIVE_POINT,
88c2eed0abfffff,Buenos Aires,Luján,209,DEMANDA_MEDIA,12,COLECTIVO,REPRESENTATIVE_POINT,
88c2e3b4bdfffff,Buenos Aires,General Rodríguez,208,DEMANDA_MEDIA,7,COLECTIVO,REPRESENTATIVE_POINT,
88c2e3b5d5fffff,Buenos Aires,General Rodríguez,208,DEMANDA_MEDIA,16,COLECTIVO,REPRESENTATIVE_POINT,
88c2e2a611fffff,Buenos Aires,La Plata,207,DEMANDA_MEDIA,12,COLECTIVO,REPRESENTATIVE_POINT,
88c2e39aebfffff,Buenos Aires,Esteban Echeverría,207,DEMANDA_MEDIA,17,COLECTIVO,REPRESENTATIVE_POINT,
88c2e38d11fffff,Buenos Aires,La Matanza,207,DEMANDA_MEDIA,7,COLECTIVO,REPRESENTATIVE_POINT,
88c2e2aed1fffff,Buenos Aires,La Plata,206,DEMANDA_MEDIA,12,COLECTIVO,REPRESENTATIVE_POINT,
88c2e06de7fffff,Buenos Aires,Florencio Varela,206,DEMANDA_MEDIA,17,COLECTIVO,REPRESENTATIVE_POINT,
88c2e3a9a7fffff,Buenos Aires,Tigre,206,DEMANDA_MEDIA,12,COLECTIVO,REPRESENTATIVE_POINT,
88c2e2ac5dfffff,Buenos Aires,La Plata,205,DEMANDA_MEDIA,12,COLECTIVO,REPRESENTATIVE_POINT,
88c2e39903fffff,Buenos Aires,Almirante Brown,205,DEMANDA_MEDIA,7,COLECTIVO,REPRESENTATIVE_POINT,
88c2e3db1bfffff,Buenos Aires,La Plata,205,DEMANDA_MEDIA,12,COLECTIVO,REPRESENTATIVE_POINT,
88c2e3d227fffff,Buenos Aires,La Plata,205,DEMANDA_MEDIA,7,COLECTIVO,REPRESENTATIVE_POINT,
88c2e02d25fffff,Buenos Aires,Cañuelas,205,DEMANDA_MEDIA,19,COLECTIVO,REPRESENTATIVE_POINT,
88c2e382b1fffff,Buenos Aires,La Matanza,205,DEMANDA_MEDIA,16,COLECTIVO,REPRESENTATIVE_POINT,
88c2ee570bfffff,Buenos Aires,Zárate,203,DEMANDA_MEDIA,6,COLECTIVO,REPRESENTATIVE_POINT,
88c2e2aec3fffff,Buenos Aires,La Plata,203,DEMANDA_MEDIA,7,COLECTIVO,REPRESENTATIVE_POINT,
88c2e3981bfffff,Buenos Aires,Esteban Echeverría,203,DEMANDA_MEDIA,6,COLECTIVO,REPRESENTATIVE_POINT,
88c2e3143bfffff,Buenos Aires,General San Martín,203,DEMANDA_MEDIA,7,COLECTIVO,REPRESENTATIVE_POINT,
88c2e33833fffff,Buenos Aires,San Fernando,202,DEMANDA_MEDIA,12,COLECTIVO,REPRESENTATIVE_POINT,
88c2e3ac81fffff,Buenos Aires,Pilar,202,DEMANDA_MEDIA,13,COLECTIVO,REPRESENTATIVE_POINT,
88c2e3a99dfffff,Buenos Aires,Tigre,202,DEMANDA_MEDIA,6,COLECTIVO,REPRESENTATIVE_POINT,
88c2e16821fffff,Buenos Aires,Luján,202,DEMANDA_MEDIA,8,COLECTIVO,REPRESENTATIVE_POINT,
88c2eec985fffff,Buenos Aires,Campana,201,DEMANDA_MEDIA,7,COLECTIVO,REPRESENTATIVE_POINT,
88c2e3ab31fffff,Buenos Aires,Malvinas Argentinas,201,DEMANDA_MEDIA,8,COLECTIVO,REPRESENTATIVE_POINT,
88c2e3aec5fffff,Buenos Aires,Pilar,200,DEMANDA_MEDIA,12,COLECTIVO,REPRESENTATIVE_POINT,
88c2e330d7fffff,Buenos Aires,Escobar,200,DEMANDA_MEDIA,12,COLECTIVO,REPRESENTATIVE_POINT,
88c2e3c4b1fffff,Buenos Aires,Avellaneda,200,DEMANDA_MEDIA,12,COLECTIVO,REPRESENTATIVE_POINT,
88c2e3a5d9fffff,Buenos Aires,Pilar,199,DEMANDA_MEDIA,16,COLECTIVO,REPRESENTATIVE_POINT,
88c2e3ad23fffff,Buenos Aires,Escobar,199,DEMANDA_MEDIA,6,COLECTIVO,REPRESENTATIVE_POINT,
88c2eed0e7fffff,Buenos Aires,Luján,198,DEMANDA_MEDIA,17,COLECTIVO,REPRESENTATIVE_POINT,
88c2e3bae7fffff,Buenos Aires,Moreno,198,DEMANDA_MEDIA,7,COLECTIVO,REPRESENTATIVE_POINT,
88c2e3d6ddfffff,Buenos Aires,Almirante Brown,197,DEMANDA_MEDIA,18,COLECTIVO,REPRESENTATIVE_POINT,
88c2e312a3fffff,Ciudad Autónoma de Buenos Aires,Comuna 11,197,DEMANDA_MEDIA,7,COLECTIVO,REPRESENTATIVE_POINT,
88c2e32233fffff,Buenos Aires,Campana,197,DEMANDA_MEDIA,16,COLECTIVO,INTERSECCION_MAYOR_AREA,
88c2e3d22dfffff,Buenos Aires,La Plata,196,DEMANDA_MEDIA,7,COLECTIVO,REPRESENTATIVE_POINT,
88c2ee5765fffff,Buenos Aires,Zárate,196,DEMANDA_MEDIA,17,COLECTIVO,REPRESENTATIVE_POINT,
88c2e31201fffff,Ciudad Autónoma de Buenos Aires,Comuna 8,196,DEMANDA_MEDIA,7,COLECTIVO,REPRESENTATIVE_POINT,
88c2e3158dfffff,Buenos Aires,San Isidro,196,DEMANDA_MEDIA,7,COLECTIVO,REPRESENTATIVE_POINT,
88c2e38cd1fffff,Buenos Aires,Morón,195,DEMANDA_MEDIA,7,COLECTIVO,REPRESENTATIVE_POINT,
88c2e06dadfffff,Buenos Aires,Florencio Varela,195,DEMANDA_MEDIA,7,COLECTIVO,REPRESENTATIVE_POINT,
88c2e38143fffff,Buenos Aires,Ezeiza,195,DEMANDA_MEDIA,12,COLECTIVO,REPRESENTATIVE_POINT,
88c2e3b4b1fffff,Buenos Aires,General Rodríguez,194,DEMANDA_MEDIA,12,COLECTIVO,REPRESENTATIVE_POINT,
88c2e3c265fffff,Buenos Aires,Berazategui,193,DEMANDA_MEDIA,6,COLECTIVO,REPRESENTATIVE_POINT,
88c2e39a99fffff,Buenos Aires,Ezeiza,193,DEMANDA_MEDIA,11,COLECTIVO,REPRESENTATIVE_POINT,
88c2eed841fffff,Buenos Aires,Pilar,192,DEMANDA_MEDIA,16,COLECTIVO,REPRESENTATIVE_POINT,
88c2e3b5c3fffff,Buenos Aires,General Rodríguez,192,DEMANDA_MEDIA,15,COLECTIVO,REPRESENTATIVE_POINT,
88c2e3333bfffff,Buenos Aires,Tigre,192,DEMANDA_MEDIA,8,COLECTIVO,REPRESENTATIVE_POINT,
88c2eec36dfffff,Buenos Aires,Exaltación de la Cruz,192,DEMANDA_MEDIA,15,COLECTIVO,REPRESENTATIVE_POINT,
88c2e39a53fffff,Buenos Aires,Esteban Echeverría,192,DEMANDA_MEDIA,17,COLECTIVO,REPRESENTATIVE_POINT,
88c2e33281fffff,Buenos Aires,Escobar,192,DEMANDA_MEDIA,6,COLECTIVO,REPRESENTATIVE_POINT,
88c2e3ac11fffff,Buenos Aires,Pilar,191,DEMANDA_MEDIA,7,COLECTIVO,REPRESENTATIVE_POINT,
88c2e3d947fffff,Buenos Aires,La Plata,191,DEMANDA_MEDIA,16,COLECTIVO,REPRESENTATIVE_POINT,
88c2e31a19fffff,Ciudad Autónoma de Buenos Aires,Comuna 4,191,DEMANDA_MEDIA,15,COLECTIVO,REPRESENTATIVE_POINT,
88c2eed339fffff,Buenos Aires,Luján,191,DEMANDA_MEDIA,6,COLECTIVO,REPRESENTATIVE_POINT,
88c2e3022dfffff,Ciudad Autónoma de Buenos Aires,Comuna 13,191,DEMANDA_MEDIA,17,COLECTIVO,INTERSECCION_MAYOR_AREA,
88c2e3a5a3fffff,Buenos Aires,Pilar,191,DEMANDA_MEDIA,12,COLECTIVO,REPRESENTATIVE_POINT,
88c2e14a91fffff,Buenos Aires,General Las Heras,191,DEMANDA_MEDIA,9,COLECTIVO,REPRESENTATIVE_POINT,
88c2e3ad05fffff,Buenos Aires,Pilar,191,DEMANDA_MEDIA,6,COLECTIVO,REPRESENTATIVE_POINT,
88c2e3b13dfffff,Buenos Aires,Moreno,190,DEMANDA_MEDIA,17,COLECTIVO,REPRESENTATIVE_POINT,
88c2e332c9fffff,Buenos Aires,Escobar,190,DEMANDA_MEDIA,7,COLECTIVO,REPRESENTATIVE_POINT,
88c2e3d85bfffff,Buenos Aires,La Plata,190,DEMANDA_MEDIA,17,COLECTIVO,REPRESENTATIVE_POINT,
88c2e3b927fffff,Buenos Aires,Hurlingham,190,DEMANDA_MEDIA,7,COLECTIVO,REPRESENTATIVE_POINT,
88c2e30735fffff,Buenos Aires,San Fernando,190,DEMANDA_MEDIA,16,TREN,REPRESENTATIVE_POINT,
88c2e315c9fffff,Buenos Aires,General San Martín,189,DEMANDA_MEDIA,7,COLECTIVO,REPRESENTATIVE_POINT,
88c2e38ab7fffff,Buenos Aires,La Matanza,189,DEMANDA_MEDIA,6,COLECTIVO,INTERSECCION_MAYOR_AREA,
88c2e1483dfffff,Buenos Aires,Marcos Paz,189,DEMANDA_MEDIA,12,COLECTIVO,REPRESENTATIVE_POINT,
88c2e332cdfffff,Buenos Aires,Escobar,189,DEMANDA_MEDIA,7,COLECTIVO,REPRESENTATIVE_POINT,
88c2e3c6bdfffff,Buenos Aires,Avellaneda,189,DEMANDA_MEDIA,8,COLECTIVO,REPRESENTATIVE_POINT,
88c2e3329bfffff,Buenos Aires,Escobar,189,DEMANDA_MEDIA,5,COLECTIVO,REPRESENTATIVE_POINT,
88c2ee50d7fffff,Buenos Aires,Zárate,189,DEMANDA_MEDIA,12,COLECTIVO,REPRESENTATIVE_POINT,
88c2e30663fffff,Buenos Aires,San Fernando,188,DEMANDA_MEDIA,7,COLECTIVO,REPRESENTATIVE_POINT,
88c2e06937fffff,Buenos Aires,La Plata,188,DEMANDA_MEDIA,10,COLECTIVO,REPRESENTATIVE_POINT,
88c2e2aeabfffff,Buenos Aires,La Plata,187,DEMANDA_MEDIA,12,COLECTIVO,REPRESENTATIVE_POINT,
88c2e39951fffff,Buenos Aires,Almirante Brown,187,DEMANDA_MEDIA,7,COLECTIVO,REPRESENTATIVE_POINT,
88c2e3d039fffff,Buenos Aires,Berazategui,187,DEMANDA_MEDIA,6,COLECTIVO,REPRESENTATIVE_POINT,
88c2e3a003fffff,Buenos Aires,Moreno,187,DEMANDA_MEDIA,16,COLECTIVO,REPRESENTATIVE_POINT,
88c2e33aa5fffff,Buenos Aires,Tigre,186,DEMANDA_MEDIA,7,COLECTIVO,REPRESENTATIVE_POINT,
88c2e3add9fffff,Buenos Aires,Pilar,186,DEMANDA_MEDIA,16,COLECTIVO,REPRESENTATIVE_POINT,
88c2e39369fffff,Buenos Aires,Ezeiza,186,DEMANDA_MEDIA,17,COLECTIVO,REPRESENTATIVE_POINT,
88c2e16913fffff,Buenos Aires,Luján,185,DEMANDA_MEDIA,12,COLECTIVO,REPRESENTATIVE_POINT,
88c2e2ac51fffff,Buenos Aires,La Plata,185,DEMANDA_MEDIA,12,COLECTIVO,REPRESENTATIVE_POINT,
88c2e38607fffff,Buenos Aires,La Matanza,185,DEMANDA_MEDIA,13,COLECTIVO,REPRESENTATIVE_POINT,
88c2e3d467fffff,Buenos Aires,Florencio Varela,185,DEMANDA_MEDIA,5,COLECTIVO,REPRESENTATIVE_POINT,
88c2e30749fffff,Buenos Aires,San Isidro,184,DEMANDA_MEDIA,17,COLECTIVO,REPRESENTATIVE_POINT,
88c2e0a12bfffff,Buenos Aires,Monte,184,DEMANDA_MEDIA,16,COLECTIVO,REPRESENTATIVE_POINT,
88c2e39055fffff,Buenos Aires,Ezeiza,184,DEMANDA_MEDIA,7,COLECTIVO,REPRESENTATIVE_POINT,
88c2e3b129fffff,Buenos Aires,Moreno,184,DEMANDA_MEDIA,12,COLECTIVO,REPRESENTATIVE_POINT,
88c2e2375bfffff,Buenos Aires,Berisso,184,DEMANDA_MEDIA,9,COLECTIVO,REPRESENTATIVE_POINT,
88c2e14b6bfffff,Buenos Aires,Marcos Paz,183,DEMANDA_MEDIA,17,COLECTIVO,REPRESENTATIVE_POINT,
88c2e39917fffff,Buenos Aires,Almirante Brown,183,DEMANDA_MEDIA,16,COLECTIVO,REPRESENTATIVE_POINT,
88c2e3da35fffff,Buenos Aires,La Plata,182,DEMANDA_MEDIA,12,COLECTIVO,REPRESENTATIVE_POINT,
88c2e3c01dfffff,Buenos Aires,Berazategui,182,DEMANDA_MEDIA,12,COLECTIVO,REPRESENTATIVE_POINT,
88c2e39803fffff,Buenos Aires,Esteban Echeverría,182,DEMANDA_MEDIA,12,COLECTIVO,REPRESENTATIVE_POINT,
88c2e16a87fffff,Buenos Aires,Luján,181,DEMANDA_MEDIA,12,COLECTIVO,REPRESENTATIVE_POINT,
88c2e3b145fffff,Buenos Aires,Merlo,181,DEMANDA_MEDIA,7,COLECTIVO,REPRESENTATIVE_POINT,
88c2e3bb59fffff,Buenos Aires,Merlo,181,DEMANDA_MEDIA,13,COLECTIVO,REPRESENTATIVE_POINT,
88c2e3c21dfffff,Buenos Aires,Florencio Varela,180,DEMANDA_MEDIA,6,COLECTIVO,REPRESENTATIVE_POINT,
88c2eec98dfffff,Buenos Aires,Campana,180,DEMANDA_MEDIA,6,COLECTIVO,REPRESENTATIVE_POINT,
88c2e0650dfffff,Buenos Aires,San Vicente,180,DEMANDA_MEDIA,8,COLECTIVO,REPRESENTATIVE_POINT,
88c2e33299fffff,Buenos Aires,Escobar,180,DEMANDA_MEDIA,15,COLECTIVO,REPRESENTATIVE_POINT,
88c2e3a2c9fffff,Buenos Aires,General Rodríguez,180,DEMANDA_MEDIA,6,COLECTIVO,REPRESENTATIVE_POINT,
88c2e3d065fffff,Buenos Aires,La Plata,180,DEMANDA_MEDIA,7,COLECTIVO,REPRESENTATIVE_POINT,
88c2e168e3fffff,Buenos Aires,Luján,179,DEMANDA_MEDIA,7,COLECTIVO,REPRESENTATIVE_POINT,
88c2e3b983fffff,Buenos Aires,San Miguel,179,DEMANDA_MEDIA,17,COLECTIVO,REPRESENTATIVE_POINT,
88c2e3999dfffff,Buenos Aires,Esteban Echeverría,179,DEMANDA_MEDIA,7,COLECTIVO,REPRESENTATIVE_POINT,
88c2e2a597fffff,Buenos Aires,La Plata,179,DEMANDA_MEDIA,6,COLECTIVO,REPRESENTATIVE_POINT,
88c2e3c491fffff,Buenos Aires,Avellaneda,178,DEMANDA_MEDIA,7,COLECTIVO,REPRESENTATIVE_POINT,
88c2eecb65fffff,Buenos Aires,Campana,178,DEMANDA_MEDIA,7,COLECTIVO,REPRESENTATIVE_POINT,
88c2e3ab33fffff,Buenos Aires,Malvinas Argentinas,177,DEMANDA_MEDIA,6,COLECTIVO,REPRESENTATIVE_POINT,
88c2e23757fffff,Buenos Aires,Berisso,177,DEMANDA_MEDIA,8,COLECTIVO,REPRESENTATIVE_POINT,
88c2eedb53fffff,Buenos Aires,Pilar,177,DEMANDA_MEDIA,14,COLECTIVO,REPRESENTATIVE_POINT,
88c2e38287fffff,Buenos Aires,La Matanza,177,DEMANDA_MEDIA,6,COLECTIVO,REPRESENTATIVE_POINT,
88c2e3d415fffff,Buenos Aires,Florencio Varela,177,DEMANDA_MEDIA,6,COLECTIVO,REPRESENTATIVE_POINT,
88c2e3a933fffff,Buenos Aires,Tigre,176,DEMANDA_MEDIA,6,COLECTIVO,REPRESENTATIVE_POINT,
88c2e3d84dfffff,Buenos Aires,La Plata,176,DEMANDA_MEDIA,13,COLECTIVO,REPRESENTATIVE_POINT,
88c2e2a5d7fffff,Buenos Aires,La Plata,176,DEMANDA_MEDIA,7,COLECTIVO,REPRESENTATIVE_POINT,
88c2e2a52bfffff,Buenos Aires,La Plata,175,DEMANDA_MEDIA,16,COLECTIVO,REPRESENTATIVE_POINT,
88c2e31665fffff,Buenos Aires,Tres de Febrero,175,DEMANDA_MEDIA,19,COLECTIVO,REPRESENTATIVE_POINT,
88c2e3a1a3fffff,Buenos Aires,José C. Paz,175,DEMANDA_MEDIA,5,COLECTIVO,REPRESENTATIVE_POINT,
88c2e39839fffff,Buenos Aires,Esteban Echeverría,175,DEMANDA_MEDIA,7,COLECTIVO,REPRESENTATIVE_POINT,
88c2e3a22bfffff,Buenos Aires,Moreno,175,DEMANDA_MEDIA,12,COLECTIVO,REPRESENTATIVE_POINT,
88c2e23655fffff,Buenos Aires,Ensenada,174,DEMANDA_MEDIA,16,COLECTIVO,REPRESENTATIVE_POINT,
88c2ee5207fffff,Buenos Aires,Campana,174,DEMANDA_MEDIA,7,COLECTIVO,REPRESENTATIVE_POINT,
88c2e38b5bfffff,Buenos Aires,Lomas de Zamora,174,DEMANDA_MEDIA,20,COLECTIVO,REPRESENTATIVE_POINT,
88c2e30359fffff,Ciudad Autónoma de Buenos Aires,Comuna 14,173,DEMANDA_MEDIA,16,COLECTIVO,REPRESENTATIVE_POINT,
88c2e38e9dfffff,Buenos Aires,Morón,173,DEMANDA_MEDIA,12,COLECTIVO,REPRESENTATIVE_POINT,
88c2e2acebfffff,Buenos Aires,La Plata,173,DEMANDA_MEDIA,15,COLECTIVO,REPRESENTATIVE_POINT,
88c2ee5769fffff,Buenos Aires,Zárate,172,DEMANDA_MEDIA,12,COLECTIVO,REPRESENTATIVE_POINT,
88c2e06de5fffff,Buenos Aires,Florencio Varela,172,DEMANDA_MEDIA,17,COLECTIVO,REPRESENTATIVE_POINT,
88c2e39ae7fffff,Buenos Aires,Esteban Echeverría,172,DEMANDA_MEDIA,15,COLECTIVO,REPRESENTATIVE_POINT,
88c2ee5763fffff,Buenos Aires,Zárate,172,DEMANDA_MEDIA,7,COLECTIVO,REPRESENTATIVE_POINT,
88c2e39565fffff,Buenos Aires,La Matanza,171,DEMANDA_MEDIA,6,COLECTIVO,REPRESENTATIVE_POINT,
88c2e3a887fffff,Buenos Aires,Escobar,171,DEMANDA_MEDIA,16,COLECTIVO,REPRESENTATIVE_POINT,
88c2eeda63fffff,Buenos Aires,Pilar,171,DEMANDA_MEDIA,16,COLECTIVO,REPRESENTATIVE_POINT,
88c2e3dab7fffff,Buenos Aires,La Plata,171,DEMANDA_MEDIA,12,COLECTIVO,REPRESENTATIVE_POINT,
88c2e3b9a9fffff,Buenos Aires,San Miguel,171,DEMANDA_MEDIA,19,COLECTIVO,REPRESENTATIVE_POINT,
88c2e3ad65fffff,Buenos Aires,Escobar,171,DEMANDA_MEDIA,7,COLECTIVO,REPRESENTATIVE_POINT,
88c2e3ba55fffff,Buenos Aires,Merlo,170,DEMANDA_MEDIA,7,COLECTIVO,REPRESENTATIVE_POINT,
88c2e3d041fffff,Buenos Aires,La Plata,170,DEMANDA_MEDIA,5,COLECTIVO,REPRESENTATIVE_POINT,
88c2e3a9a3fffff,Buenos Aires,Tigre,170,DEMANDA_MEDIA,7,COLECTIVO,REPRESENTATIVE_POINT,
88c2e3ade3fffff,Buenos Aires,Escobar,170,DEMANDA_MEDIA,6,COLECTIVO,REPRESENTATIVE_POINT,
88c2eec903fffff,Buenos Aires,Campana,169,DEMANDA_MEDIA,8,COLECTIVO,REPRESENTATIVE_POINT,
88c2e3a183fffff,Buenos Aires,Pilar,169,DEMANDA_MEDIA,12,COLECTIVO,REPRESENTATIVE_POINT,
88c2e3b931fffff,Buenos Aires,Hurlingham,169,DEMANDA_MEDIA,17,COLECTIVO,REPRESENTATIVE_POINT,
88c2e3b5a5fffff,Buenos Aires,General Rodríguez,169,DEMANDA_MEDIA,12,COLECTIVO,REPRESENTATIVE_POINT,
88c2e30607fffff,Buenos Aires,San Fernando,169,DEMANDA_MEDIA,6,COLECTIVO,REPRESENTATIVE_POINT,
88c2ee5221fffff,Buenos Aires,Campana,169,DEMANDA_MEDIA,17,COLECTIVO,REPRESENTATIVE_POINT,
88c2eec9e1fffff,Buenos Aires,Campana,169,DEMANDA_MEDIA,8,COLECTIVO,REPRESENTATIVE_POINT,
88c2e064b7fffff,Buenos Aires,Ezeiza,168,DEMANDA_MEDIA,16,COLECTIVO,REPRESENTATIVE_POINT,
88c2e31657fffff,Buenos Aires,Tres de Febrero,168,DEMANDA_MEDIA,11,COLECTIVO,INTERSECCION_MAYOR_AREA,
88c2e38627fffff,Buenos Aires,La Matanza,168,DEMANDA_MEDIA,10,COLECTIVO,REPRESENTATIVE_POINT,
88c2e17945fffff,Buenos Aires,General Rodríguez,168,DEMANDA_MEDIA,17,COLECTIVO,REPRESENTATIVE_POINT,
88c2e3a1b3fffff,Buenos Aires,Pilar,168,DEMANDA_MEDIA,8,COLECTIVO,REPRESENTATIVE_POINT,
88c2e39853fffff,Buenos Aires,Esteban Echeverría,167,DEMANDA_MEDIA,16,COLECTIVO,REPRESENTATIVE_POINT,
88c2e3a503fffff,Buenos Aires,Pilar,167,DEMANDA_MEDIA,16,COLECTIVO,REPRESENTATIVE_POINT,
88c2e16999fffff,Buenos Aires,Luján,167,DEMANDA_MEDIA,16,COLECTIVO,REPRESENTATIVE_POINT,
88c2e3a915fffff,Buenos Aires,Tigre,167,DEMANDA_MEDIA,7,COLECTIVO,REPRESENTATIVE_POINT,
88c2e3b0a1fffff,Buenos Aires,Moreno,167,DEMANDA_MEDIA,7,COLECTIVO,REPRESENTATIVE_POINT,
88c2e3ac05fffff,Buenos Aires,Pilar,167,DEMANDA_MEDIA,18,COLECTIVO,REPRESENTATIVE_POINT,
88c2e3b9c1fffff,Buenos Aires,San Miguel,166,DEMANDA_MEDIA,16,COLECTIVO,REPRESENTATIVE_POINT,
88c2e38f4dfffff,Buenos Aires,La Matanza,166,DEMANDA_MEDIA,10,COLECTIVO,REPRESENTATIVE_POINT,
88c2e38e9bfffff,Buenos Aires,Ituzaingó,166,DEMANDA_MEDIA,12,COLECTIVO,REPRESENTATIVE_POINT,
88c2e3b861fffff,Buenos Aires,Ituzaingó,165,DEMANDA_MEDIA,5,COLECTIVO,REPRESENTATIVE_POINT,
88c2e38233fffff,Buenos Aires,La Matanza,165,DEMANDA_MEDIA,5,COLECTIVO,REPRESENTATIVE_POINT,
88c2ee5701fffff,Buenos Aires,Zárate,165,DEMANDA_MEDIA,17,COLECTIVO,REPRESENTATIVE_POINT,
88c2e314a7fffff,Buenos Aires,San Isidro,165,DEMANDA_MEDIA,12,COLECTIVO,REPRESENTATIVE_POINT,
88c2e3a763fffff,Buenos Aires,General Rodríguez,164,DEMANDA_MEDIA,6,COLECTIVO,REPRESENTATIVE_POINT,
88c2e3a957fffff,Buenos Aires,Tigre,164,DEMANDA_MEDIA,15,COLECTIVO,REPRESENTATIVE_POINT,
88c2e3d323fffff,Buenos Aires,La Plata,164,DEMANDA_MEDIA,13,COLECTIVO,REPRESENTATIVE_POINT,
88c2e3ac39fffff,Buenos Aires,Pilar,164,DEMANDA_MEDIA,16,COLECTIVO,REPRESENTATIVE_POINT,
88c2e30293fffff,Buenos Aires,San Isidro,163,DEMANDA_MEDIA,8,COLECTIVO,REPRESENTATIVE_POINT,
88c2e30463fffff,Buenos Aires,San Fernando,163,DEMANDA_MEDIA,15,COLECTIVO,REPRESENTATIVE_POINT,
88c2e2ad0dfffff,Buenos Aires,La Plata,163,DEMANDA_MEDIA,12,COLECTIVO,REPRESENTATIVE_POINT,
88c2e2ac17fffff,Buenos Aires,La Plata,163,DEMANDA_MEDIA,12,COLECTIVO,REPRESENTATIVE_POINT,
88c2e382b9fffff,Buenos Aires,La Matanza,163,DEMANDA_MEDIA,13,COLECTIVO,REPRESENTATIVE_POINT,
88c2e334ddfffff,Buenos Aires,Campana,163,DEMANDA_MEDIA,16,COLECTIVO,REPRESENTATIVE_POINT,
88c2e3a9edfffff,Buenos Aires,Tigre,163,DEMANDA_MEDIA,7,COLECTIVO,REPRESENTATIVE_POINT,
88c2e33231fffff,Buenos Aires,Escobar,163,DEMANDA_MEDIA,6,COLECTIVO,REPRESENTATIVE_POINT,
88c2e2a4c7fffff,Buenos Aires,La Plata,162,DEMANDA_MEDIA,7,COLECTIVO,REPRESENTATIVE_POINT,
88c2e2a5d3fffff,Buenos Aires,La Plata,162,DEMANDA_MEDIA,7,COLECTIVO,REPRESENTATIVE_POINT,
88c2e31667fffff,Buenos Aires,Tres de Febrero,162,DEMANDA_MEDIA,18,COLECTIVO,REPRESENTATIVE_POINT,
88c2e1696dfffff,Buenos Aires,Luján,162,DEMANDA_MEDIA,7,COLECTIVO,REPRESENTATIVE_POINT,
88c2e31497fffff,Buenos Aires,Tigre,161,DEMANDA_MEDIA,12,COLECTIVO,REPRESENTATIVE_POINT,
88c2e31647fffff,Buenos Aires,Tres de Febrero,161,DEMANDA_MEDIA,14,COLECTIVO,REPRESENTATIVE_POINT,
88c2e39961fffff,Buenos Aires,Almirante Brown,160,DEMANDA_MEDIA,7,COLECTIVO,REPRESENTATIVE_POINT,
88c2e31655fffff,Buenos Aires,Morón,160,DEMANDA_MEDIA,18,COLECTIVO,INTERSECCION_MAYOR_AREA,
88c2e3ae45fffff,Buenos Aires,Pilar,160,DEMANDA_MEDIA,12,COLECTIVO,REPRESENTATIVE_POINT,
88c2e3db33fffff,Buenos Aires,La Plata,160,DEMANDA_MEDIA,12,COLECTIVO,REPRESENTATIVE_POINT,
88c2eedb5dfffff,Buenos Aires,Pilar,160,DEMANDA_MEDIA,13,COLECTIVO,REPRESENTATIVE_POINT,
88c2e3cb49fffff,Buenos Aires,Ensenada,160,DEMANDA_MEDIA,11,COLECTIVO,REPRESENTATIVE_POINT,
88c2e3ae93fffff,Buenos Aires,Pilar,159,DEMANDA_MEDIA,12,COLECTIVO,REPRESENTATIVE_POINT,
88c2e3b75dfffff,Buenos Aires,General Rodríguez,159,DEMANDA_MEDIA,7,COLECTIVO,REPRESENTATIVE_POINT,
88c2e06463fffff,Buenos Aires,Presidente Perón,159,DEMANDA_MEDIA,16,COLECTIVO,REPRESENTATIVE_POINT,
88c2e3ac87fffff,Buenos Aires,Pilar,159,DEMANDA_MEDIA,16,COLECTIVO,REPRESENTATIVE_POINT,
88c2e33309fffff,Buenos Aires,Tigre,159,DEMANDA_MEDIA,16,COLECTIVO,REPRESENTATIVE_POINT,
88c2e3d0a7fffff,Buenos Aires,Florencio Varela,159,DEMANDA_MEDIA,19,COLECTIVO,REPRESENTATIVE_POINT,
88c2e3b537fffff,Buenos Aires,General Rodríguez,158,DEMANDA_MEDIA,12,COLECTIVO,REPRESENTATIVE_POINT,
88c2e3aeadfffff,Buenos Aires,Pilar,158,DEMANDA_MEDIA,16,COLECTIVO,REPRESENTATIVE_POINT,
88c2e38e8dfffff,Buenos Aires,Morón,158,DEMANDA_MEDIA,12,COLECTIVO,REPRESENTATIVE_POINT,
88c2e38e83fffff,Buenos Aires,Morón,158,DEMANDA_MEDIA,7,COLECTIVO,REPRESENTATIVE_POINT,
88c2e14b1dfffff,Buenos Aires,Marcos Paz,158,DEMANDA_MEDIA,17,COLECTIVO,REPRESENTATIVE_POINT,
88c2e33341fffff,Buenos Aires,Tigre,158,DEMANDA_MEDIA,16,COLECTIVO,REPRESENTATIVE_POINT,
88c2e02dd7fffff,Buenos Aires,Cañuelas,158,DEMANDA_MEDIA,12,COLECTIVO,REPRESENTATIVE_POINT,
88c2eeda65fffff,Buenos Aires,Pilar,157,DEMANDA_MEDIA,7,COLECTIVO,REPRESENTATIVE_POINT,
88c2e3af0dfffff,Buenos Aires,José C. Paz,157,DEMANDA_MEDIA,12,COLECTIVO,REPRESENTATIVE_POINT,
88c2e3b951fffff,Buenos Aires,Hurlingham,157,DEMANDA_MEDIA,7,COLECTIVO,REPRESENTATIVE_POINT,
88c2e06e83fffff,Buenos Aires,Presidente Perón,157,DEMANDA_MEDIA,12,COLECTIVO,REPRESENTATIVE_POINT,
88c2e33225fffff,Buenos Aires,Tigre,157,DEMANDA_MEDIA,17,COLECTIVO,REPRESENTATIVE_POINT,
88c2e38c25fffff,Buenos Aires,La Matanza,157,DEMANDA_MEDIA,13,COLECTIVO,REPRESENTATIVE_POINT,
88c2ee5359fffff,Buenos Aires,Campana,156,DEMANDA_MEDIA,13,COLECTIVO,REPRESENTATIVE_POINT,
88c2e33a8dfffff,Buenos Aires,Tigre,156,DEMANDA_MEDIA,8,COLECTIVO,REPRESENTATIVE_POINT,
88c2e3c2ebfffff,Buenos Aires,Berazategui,156,DEMANDA_MEDIA,17,COLECTIVO,REPRESENTATIVE_POINT,
88c2e23699fffff,Buenos Aires,Ensenada,155,DEMANDA_MEDIA,7,COLECTIVO,REPRESENTATIVE_POINT,
88c2e38c87fffff,Buenos Aires,Hurlingham,155,DEMANDA_MEDIA,7,COLECTIVO,REPRESENTATIVE_POINT,
88c2e169d5fffff,Buenos Aires,Luján,154,DEMANDA_MEDIA,15,COLECTIVO,REPRESENTATIVE_POINT,
88c2e398b9fffff,Buenos Aires,Esteban Echeverría,154,DEMANDA_MEDIA,12,COLECTIVO,REPRESENTATIVE_POINT,
88c2e38e69fffff,Buenos Aires,La Matanza,154,DEMANDA_MEDIA,18,COLECTIVO,REPRESENTATIVE_POINT,
88c2e3da05fffff,Buenos Aires,La Plata,153,DEMANDA_MEDIA,12,COLECTIVO,REPRESENTATIVE_POINT,
88c2e3b531fffff,Buenos Aires,General Rodríguez,153,DEMANDA_MEDIA,6,COLECTIVO,REPRESENTATIVE_POINT,
88c2e398adfffff,Buenos Aires,Esteban Echeverría,153,DEMANDA_MEDIA,17,COLECTIVO,REPRESENTATIVE_POINT,
88c2e3ac43fffff,Buenos Aires,Pilar,153,DEMANDA_MEDIA,17,COLECTIVO,REPRESENTATIVE_POINT,
88c2e02e0dfffff,Buenos Aires,Cañuelas,153,DEMANDA_MEDIA,17,COLECTIVO,REPRESENTATIVE_POINT,
88c2e32463fffff,Buenos Aires,Campana,153,DEMANDA_MEDIA,12,COLECTIVO,REPRESENTATIVE_POINT,
88c2e3c08dfffff,Buenos Aires,Berazategui,152,DEMANDA_MEDIA,20,COLECTIVO,REPRESENTATIVE_POINT,
88c2eeda3bfffff,Buenos Aires,Pilar,152,DEMANDA_MEDIA,17,COLECTIVO,REPRESENTATIVE_POINT,
88c2e3a18bfffff,Buenos Aires,Pilar,151,DEMANDA_MEDIA,6,COLECTIVO,REPRESENTATIVE_POINT,
88c2e3a745fffff,Buenos Aires,General Rodríguez,151,DEMANDA_MEDIA,8,COLECTIVO,REPRESENTATIVE_POINT,
88c2eeb213fffff,Buenos Aires,Carmen de Areco,151,DEMANDA_MEDIA,6,COLECTIVO,REPRESENTATIVE_POINT,
88c2e38cb7fffff,Buenos Aires,Hurlingham,151,DEMANDA_MEDIA,13,COLECTIVO,REPRESENTATIVE_POINT,
88c2e38017fffff,Buenos Aires,La Matanza,150,DEMANDA_MEDIA,6,COLECTIVO,REPRESENTATIVE_POINT,
88c2e2a689fffff,Buenos Aires,La Plata,150,DEMANDA_MEDIA,7,COLECTIVO,REPRESENTATIVE_POINT,
88c2eec9b1fffff,Buenos Aires,Campana,150,DEMANDA_MEDIA,16,COLECTIVO,REPRESENTATIVE_POINT,
88c2e3814bfffff,Buenos Aires,Ezeiza,150,DEMANDA_MEDIA,17,COLECTIVO,REPRESENTATIVE_POINT,
88c2e31485fffff,Buenos Aires,Tigre,149,DEMANDA_MEDIA,15,COLECTIVO,REPRESENTATIVE_POINT,
88c2eedb59fffff,Buenos Aires,Pilar,149,DEMANDA_MEDIA,16,COLECTIVO,REPRESENTATIVE_POINT,
88c2eedab9fffff,Buenos Aires,Exaltación de la Cruz,149,DEMANDA_MEDIA,10,COLECTIVO,REPRESENTATIVE_POINT,
88c2e2369dfffff,Buenos Aires,Ensenada,149,DEMANDA_MEDIA,8,COLECTIVO,INTERSECCION_MAYOR_AREA,
88c2e3a507fffff,Buenos Aires,Pilar,149,DEMANDA_MEDIA,9,COLECTIVO,REPRESENTATIVE_POINT,
88c2e3baa7fffff,Buenos Aires,Moreno,149,DEMANDA_MEDIA,17,COLECTIVO,REPRESENTATIVE_POINT,
88c2e3c2bdfffff,Buenos Aires,Berazategui,149,DEMANDA_MEDIA,7,COLECTIVO,REPRESENTATIVE_POINT,
88c2e398d1fffff,Buenos Aires,Ezeiza,149,DEMANDA_MEDIA,6,COLECTIVO,REPRESENTATIVE_POINT,
88c2e3324dfffff,Buenos Aires,Escobar,148,DEMANDA_MEDIA,6,COLECTIVO,REPRESENTATIVE_POINT,
88c2e3383bfffff,Buenos Aires,San Fernando,148,DEMANDA_MEDIA,12,COLECTIVO,REPRESENTATIVE_POINT,
88c2eec947fffff,Buenos Aires,Campana,148,DEMANDA_MEDIA,7,COLECTIVO,REPRESENTATIVE_POINT,
88c2e3acebfffff,Buenos Aires,Pilar,148,DEMANDA_MEDIA,8,COLECTIVO,REPRESENTATIVE_POINT,
88c2e31ac9fffff,Ciudad Autónoma de Buenos Aires,Comuna 1,148,DEMANDA_MEDIA,16,COLECTIVO,REPRESENTATIVE_POINT,
88c2e2368dfffff,Buenos Aires,Ensenada,148,DEMANDA_MEDIA,17,COLECTIVO,REPRESENTATIVE_POINT,
88c2e382c7fffff,Buenos Aires,La Matanza,148,DEMANDA_MEDIA,17,COLECTIVO,REPRESENTATIVE_POINT,
88c2e168d3fffff,Buenos Aires,Luján,147,DEMANDA_MEDIA,12,COLECTIVO,REPRESENTATIVE_POINT,
88c2e33009fffff,Buenos Aires,Escobar,147,DEMANDA_MEDIA,15,COLECTIVO,REPRESENTATIVE_POINT,
88c2e3d749fffff,Buenos Aires,Florencio Varela,147,DEMANDA_MEDIA,12,COLECTIVO,REPRESENTATIVE_POINT,
88c2e06483fffff,Buenos Aires,San Vicente,147,DEMANDA_MEDIA,16,COLECTIVO,REPRESENTATIVE_POINT,
88c2e3b53dfffff,Buenos Aires,General Rodríguez,147,DEMANDA_MEDIA,11,COLECTIVO,REPRESENTATIVE_POINT,
88c2e3074bfffff,Buenos Aires,San Isidro,147,DEMANDA_MEDIA,18,COLECTIVO,REPRESENTATIVE_POINT,
88c2e3345bfffff,Buenos Aires,Escobar,147,DEMANDA_MEDIA,15,COLECTIVO,REPRESENTATIVE_POINT,
88c2e3cb43fffff,Buenos Aires,Ensenada,147,DEMANDA_MEDIA,7,COLECTIVO,INTERSECCION_MAYOR_AREA,
88c2e060bdfffff,Buenos Aires,San Vicente,146,DEMANDA_MEDIA,12,COLECTIVO,REPRESENTATIVE_POINT,
88c2e2a467fffff,Buenos Aires,La Plata,146,DEMANDA_MEDIA,6,COLECTIVO,REPRESENTATIVE_POINT,
88c2e2af03fffff,Buenos Aires,La Plata,146,DEMANDA_MEDIA,6,COLECTIVO,REPRESENTATIVE_POINT,
88c2e30239fffff,Ciudad Autónoma de Buenos Aires,Comuna 13,146,DEMANDA_MEDIA,8,COLECTIVO,REPRESENTATIVE_POINT,
88c2e3d427fffff,Buenos Aires,Florencio Varela,146,DEMANDA_MEDIA,13,COLECTIVO,REPRESENTATIVE_POINT,
88c2e1199bfffff,Buenos Aires,Navarro,146,DEMANDA_MEDIA,6,COLECTIVO,REPRESENTATIVE_POINT,
88c2e16d49fffff,Buenos Aires,Luján,145,DEMANDA_MEDIA,12,COLECTIVO,REPRESENTATIVE_POINT,
88c2e33915fffff,Buenos Aires,San Fernando,145,DEMANDA_MEDIA,16,COLECTIVO,REPRESENTATIVE_POINT,
88c2e06403fffff,Buenos Aires,San Vicente,145,DEMANDA_MEDIA,16,COLECTIVO,REPRESENTATIVE_POINT,
88c2e3a105fffff,Buenos Aires,José C. Paz,145,DEMANDA_MEDIA,4,COLECTIVO,REPRESENTATIVE_POINT,
88c2ee89a5fffff,Buenos Aires,San Andrés de Giles,145,DEMANDA_MEDIA,7,COLECTIVO,REPRESENTATIVE_POINT,
88c2e3a259fffff,Buenos Aires,General Rodríguez,144,DEMANDA_MEDIA,7,COLECTIVO,REPRESENTATIVE_POINT,
88c2e39ae3fffff,Buenos Aires,Esteban Echeverría,144,DEMANDA_MEDIA,17,COLECTIVO,REPRESENTATIVE_POINT,
88c2e3c0edfffff,Buenos Aires,Berazategui,144,DEMANDA_MEDIA,17,COLECTIVO,REPRESENTATIVE_POINT,
88c2e3a1b9fffff,Buenos Aires,Pilar,144,DEMANDA_MEDIA,12,COLECTIVO,REPRESENTATIVE_POINT,
88c2e3af51fffff,Buenos Aires,Pilar,143,DEMANDA_MEDIA,6,COLECTIVO,REPRESENTATIVE_POINT,
88c2e3305dfffff,Buenos Aires,Escobar,142,DEMANDA_MEDIA,6,COLECTIVO,REPRESENTATIVE_POINT,
88c2e07a89fffff,Buenos Aires,Brandsen,142,DEMANDA_MEDIA,6,COLECTIVO,REPRESENTATIVE_POINT,
88c2e3d525fffff,Buenos Aires,Florencio Varela,142,DEMANDA_MEDIA,17,COLECTIVO,REPRESENTATIVE_POINT,
88c2e3c443fffff,Buenos Aires,Quilmes,142,DEMANDA_MEDIA,6,COLECTIVO,REPRESENTATIVE_POINT,
88c2e2ac91fffff,Buenos Aires,La Plata,142,DEMANDA_MEDIA,10,COLECTIVO,REPRESENTATIVE_POINT,
88c2e38057fffff,Buenos Aires,La Matanza,142,DEMANDA_MEDIA,7,COLECTIVO,REPRESENTATIVE_POINT,
88c2e3db55fffff,Buenos Aires,La Plata,142,DEMANDA_MEDIA,7,COLECTIVO,REPRESENTATIVE_POINT,
88c2eedae1fffff,Buenos Aires,Pilar,142,DEMANDA_MEDIA,17,COLECTIVO,REPRESENTATIVE_POINT,
88c2e060abfffff,Buenos Aires,San Vicente,142,DEMANDA_MEDIA,5,COLECTIVO,REPRESENTATIVE_POINT,
88c2eed307fffff,Buenos Aires,Luján,141,DEMANDA_MEDIA,16,COLECTIVO,REPRESENTATIVE_POINT,
88c2e3a2e7fffff,Buenos Aires,Moreno,141,DEMANDA_MEDIA,6,COLECTIVO,REPRESENTATIVE_POINT,
88c2e2a46bfffff,Buenos Aires,La Plata,141,DEMANDA_MEDIA,7,COLECTIVO,REPRESENTATIVE_POINT,
88c2e3a203fffff,Buenos Aires,General Rodríguez,141,DEMANDA_MEDIA,6,COLECTIVO,REPRESENTATIVE_POINT,
88c2ee52b3fffff,Buenos Aires,Zárate,141,DEMANDA_MEDIA,12,COLECTIVO,REPRESENTATIVE_POINT,
88c2e3ac31fffff,Buenos Aires,Pilar,141,DEMANDA_MEDIA,15,COLECTIVO,REPRESENTATIVE_POINT,
88c2e33251fffff,Buenos Aires,Escobar,140,DEMANDA_MEDIA,7,COLECTIVO,REPRESENTATIVE_POINT,
88c2e3c24dfffff,Buenos Aires,Berazategui,140,DEMANDA_MEDIA,12,COLECTIVO,REPRESENTATIVE_POINT,
88c2e3b809fffff,Buenos Aires,Moreno,140,DEMANDA_MEDIA,8,COLECTIVO,REPRESENTATIVE_POINT,
88c2e02dd9fffff,Buenos Aires,Cañuelas,140,DEMANDA_MEDIA,12,COLECTIVO,REPRESENTATIVE_POINT,
88c2eecb21fffff,Buenos Aires,Campana,139,DEMANDA_MEDIA,13,COLECTIVO,REPRESENTATIVE_POINT,
88c2e339d7fffff,Buenos Aires,San Fernando,139,DEMANDA_MEDIA,17,COLECTIVO,REPRESENTATIVE_POINT,
88c2e3a9a5fffff,Buenos Aires,Tigre,139,DEMANDA_MEDIA,16,COLECTIVO,REPRESENTATIVE_POINT,
88c2eed99bfffff,Buenos Aires,Exaltación de la Cruz,139,DEMANDA_MEDIA,6,COLECTIVO,REPRESENTATIVE_POINT,
88c2e06d3bfffff,Buenos Aires,Florencio Varela,139,DEMANDA_MEDIA,5,COLECTIVO,REPRESENTATIVE_POINT,
88c2e30693fffff,Buenos Aires,Tigre,139,DEMANDA_MEDIA,14,COLECTIVO,REPRESENTATIVE_POINT,
88c2e385b1fffff,Buenos Aires,Merlo,138,DEMANDA_MEDIA,11,COLECTIVO,REPRESENTATIVE_POINT,
88c2e315a7fffff,Buenos Aires,San Isidro,138,DEMANDA_MEDIA,13,COLECTIVO,REPRESENTATIVE_POINT,
88c2e399adfffff,Buenos Aires,Almirante Brown,138,DEMANDA_MEDIA,12,COLECTIVO,REPRESENTATIVE_POINT,
88c2e3381bfffff,Buenos Aires,Tigre,138,DEMANDA_MEDIA,8,COLECTIVO,REPRESENTATIVE_POINT,
88c2e33339fffff,Buenos Aires,Tigre,138,DEMANDA_MEDIA,16,COLECTIVO,REPRESENTATIVE_POINT,
88c2e3da1bfffff,Buenos Aires,La Plata,138,DEMANDA_MEDIA,12,COLECTIVO,REPRESENTATIVE_POINT,
88c2e316c1fffff,Buenos Aires,Tres de Febrero,138,DEMANDA_MEDIA,17,COLECTIVO,REPRESENTATIVE_POINT,
88c2e38515fffff,Buenos Aires,Merlo,137,DEMANDA_MEDIA,6,COLECTIVO,REPRESENTATIVE_POINT,
88c2e30687fffff,Buenos Aires,Tigre,137,DEMANDA_MEDIA,16,COLECTIVO,REPRESENTATIVE_POINT,
88c2e3a2d9fffff,Buenos Aires,General Rodríguez,137,DEMANDA_MEDIA,13,COLECTIVO,REPRESENTATIVE_POINT,
88c2e3da19fffff,Buenos Aires,La Plata,137,DEMANDA_MEDIA,14,COLECTIVO,REPRESENTATIVE_POINT,
88c2e3da2dfffff,Buenos Aires,La Plata,136,DEMANDA_MEDIA,12,COLECTIVO,REPRESENTATIVE_POINT,
88c2e3c517fffff,Buenos Aires,Quilmes,136,DEMANDA_MEDIA,7,COLECTIVO,INTERSECCION_MAYOR_AREA,
88c2e236ebfffff,Buenos Aires,Ensenada,136,DEMANDA_MEDIA,6,COLECTIVO,REPRESENTATIVE_POINT,
88c2e3c507fffff,Buenos Aires,Quilmes,136,DEMANDA_MEDIA,7,COLECTIVO,INTERSECCION_MAYOR_AREA,
88c2e2a6a3fffff,Buenos Aires,La Plata,136,DEMANDA_MEDIA,7,COLECTIVO,REPRESENTATIVE_POINT,
88c2e3ac89fffff,Buenos Aires,Pilar,136,DEMANDA_MEDIA,7,COLECTIVO,REPRESENTATIVE_POINT,
88c2e3daadfffff,Buenos Aires,La Plata,135,DEMANDA_MEDIA,11,COLECTIVO,REPRESENTATIVE_POINT,
88c2eedb11fffff,Buenos Aires,Pilar,135,DEMANDA_MEDIA,14,COLECTIVO,REPRESENTATIVE_POINT,
88c2e1683bfffff,Buenos Aires,Luján,135,DEMANDA_MEDIA,12,COLECTIVO,REPRESENTATIVE_POINT,
88c2e3ac1bfffff,Buenos Aires,Pilar,135,DEMANDA_MEDIA,16,COLECTIVO,REPRESENTATIVE_POINT,
88c2e169d3fffff,Buenos Aires,Luján,135,DEMANDA_MEDIA,7,COLECTIVO,REPRESENTATIVE_POINT,
88c2e1696bfffff,Buenos Aires,Luján,135,DEMANDA_MEDIA,16,COLECTIVO,REPRESENTATIVE_POINT,
88c2e3a811fffff,Buenos Aires,Malvinas Argentinas,135,DEMANDA_MEDIA,12,COLECTIVO,REPRESENTATIVE_POINT,
88c2e3d225fffff,Buenos Aires,La Plata,135,DEMANDA_MEDIA,16,COLECTIVO,REPRESENTATIVE_POINT,
88c2e3300dfffff,Buenos Aires,Escobar,135,DEMANDA_MEDIA,22,COLECTIVO,REPRESENTATIVE_POINT,
88c2e3d129fffff,Buenos Aires,La Plata,134,DEMANDA_MEDIA,7,COLECTIVO,REPRESENTATIVE_POINT,
88c2e39a8bfffff,Buenos Aires,Ezeiza,134,DEMANDA_MEDIA,7,COLECTIVO,REPRESENTATIVE_POINT,
88c2ee554bfffff,Buenos Aires,Zárate,134,DEMANDA_MEDIA,12,COLECTIVO,REPRESENTATIVE_POINT,
88c2e06b53fffff,Buenos Aires,Brandsen,134,DEMANDA_MEDIA,12,COLECTIVO,REPRESENTATIVE_POINT,
88c2e39233fffff,Buenos Aires,Cañuelas,133,DEMANDA_MEDIA,5,COLECTIVO,REPRESENTATIVE_POINT,
88c2e3aa9dfffff,Buenos Aires,José C. Paz,133,DEMANDA_MEDIA,7,COLECTIVO,REPRESENTATIVE_POINT,
88c2eec205fffff,Buenos Aires,Exaltación de la Cruz,133,DEMANDA_MEDIA,16,COLECTIVO,REPRESENTATIVE_POINT,
88c2e3bab7fffff,Buenos Aires,Moreno,133,DEMANDA_MEDIA,6,COLECTIVO,REPRESENTATIVE_POINT,
88c2e399edfffff,Buenos Aires,Almirante Brown,133,DEMANDA_MEDIA,12,COLECTIVO,REPRESENTATIVE_POINT,
88c2e14823fffff,Buenos Aires,Marcos Paz,133,DEMANDA_MEDIA,16,COLECTIVO,REPRESENTATIVE_POINT,
88c2eec981fffff,Buenos Aires,Campana,132,DEMANDA_MEDIA,6,COLECTIVO,REPRESENTATIVE_POINT,
88c2e3dad9fffff,Buenos Aires,La Plata,132,DEMANDA_MEDIA,12,COLECTIVO,REPRESENTATIVE_POINT,
88c2e2add9fffff,Buenos Aires,Berisso,132,DEMANDA_MEDIA,7,COLECTIVO,REPRESENTATIVE_POINT,
88c2e0696dfffff,Buenos Aires,La Plata,132,DEMANDA_MEDIA,6,COLECTIVO,REPRESENTATIVE_POINT,
88c2e332d7fffff,Buenos Aires,Escobar,132,DEMANDA_MEDIA,13,COLECTIVO,REPRESENTATIVE_POINT,
88c2e3a1bdfffff,Buenos Aires,Pilar,132,DEMANDA_MEDIA,12,COLECTIVO,REPRESENTATIVE_POINT,
88c2e3b51dfffff,Buenos Aires,General Rodríguez,131,DEMANDA_MEDIA,12,COLECTIVO,REPRESENTATIVE_POINT,
88c2e23633fffff,Buenos Aires,Ensenada,131,DEMANDA_MEDIA,13,COLECTIVO,REPRESENTATIVE_POINT,
88c2e06d37fffff,Buenos Aires,Florencio Varela,131,DEMANDA_MEDIA,15,COLECTIVO,REPRESENTATIVE_POINT,
88c2e16909fffff,Buenos Aires,Luján,131,DEMANDA_MEDIA,15,COLECTIVO,REPRESENTATIVE_POINT,
88c2e3a541fffff,Buenos Aires,Pilar,131,DEMANDA_MEDIA,16,COLECTIVO,REPRESENTATIVE_POINT,
88c2e3d049fffff,Buenos Aires,La Plata,131,DEMANDA_MEDIA,6,COLECTIVO,REPRESENTATIVE_POINT,
88c2e3db27fffff,Buenos Aires,La Plata,131,DEMANDA_MEDIA,8,COLECTIVO,REPRESENTATIVE_POINT,
88c2e16ab9fffff,Buenos Aires,Luján,131,DEMANDA_MEDIA,17,COLECTIVO,REPRESENTATIVE_POINT,
88c2e3d541fffff,Buenos Aires,Florencio Varela,130,DEMANDA_MEDIA,8,COLECTIVO,REPRESENTATIVE_POINT,
88c2eecca5fffff,Buenos Aires,Zárate,130,DEMANDA_MEDIA,17,COLECTIVO,REPRESENTATIVE_POINT,
88c2e38cdbfffff,Buenos Aires,Morón,130,DEMANDA_MEDIA,12,COLECTIVO,REPRESENTATIVE_POINT,
88c2e1432bfffff,Buenos Aires,General Las Heras,130,DEMANDA_MEDIA,15,COLECTIVO,REPRESENTATIVE_POINT,
88c2eec15bfffff,Buenos Aires,Exaltación de la Cruz,130,DEMANDA_MEDIA,12,COLECTIVO,REPRESENTATIVE_POINT,
88c2eedabbfffff,Buenos Aires,Exaltación de la Cruz,130,DEMANDA_MEDIA,7,COLECTIVO,REPRESENTATIVE_POINT,
88c2e06ebbfffff,Buenos Aires,Presidente Perón,129,DEMANDA_MEDIA,12,COLECTIVO,REPRESENTATIVE_POINT,
88c2e30685fffff,Buenos Aires,Tigre,129,DEMANDA_MEDIA,17,COLECTIVO,REPRESENTATIVE_POINT,
88c2e31307fffff,Buenos Aires,Avellaneda,129,DEMANDA_MEDIA,12,COLECTIVO,REPRESENTATIVE_POINT,
88c2eeda87fffff,Buenos Aires,Exaltación de la Cruz,128,DEMANDA_MEDIA,14,COLECTIVO,REPRESENTATIVE_POINT,
88c2e0633dfffff,Buenos Aires,Brandsen,128,DEMANDA_MEDIA,7,COLECTIVO,REPRESENTATIVE_POINT,
88c2e3bad3fffff,Buenos Aires,Moreno,128,DEMANDA_MEDIA,7,COLECTIVO,REPRESENTATIVE_POINT,
88c2eeda61fffff,Buenos Aires,Pilar,128,DEMANDA_MEDIA,7,COLECTIVO,REPRESENTATIVE_POINT,
88c2e3d6e9fffff,Buenos Aires,Almirante Brown,128,DEMANDA_MEDIA,12,COLECTIVO,REPRESENTATIVE_POINT,
88c2e3d001fffff,Buenos Aires,Berazategui,127,DEMANDA_MEDIA,18,COLECTIVO,REPRESENTATIVE_POINT,
88c2e316d1fffff,Buenos Aires,San Miguel,127,DEMANDA_MEDIA,11,COLECTIVO,REPRESENTATIVE_POINT,
88c2e339c3fffff,Buenos Aires,San Fernando,127,DEMANDA_MEDIA,12,COLECTIVO,REPRESENTATIVE_POINT,
88c2e39125fffff,Buenos Aires,Esteban Echeverría,126,DEMANDA_MEDIA,15,COLECTIVO,REPRESENTATIVE_POINT,
88c2eedb13fffff,Buenos Aires,Pilar,126,DEMANDA_MEDIA,18,COLECTIVO,REPRESENTATIVE_POINT,
88c2e3ada7fffff,Buenos Aires,Escobar,126,DEMANDA_MEDIA,6,COLECTIVO,REPRESENTATIVE_POINT,
88c2eec9b5fffff,Buenos Aires,Campana,126,DEMANDA_MEDIA,13,COLECTIVO,REPRESENTATIVE_POINT,
88c2ee8da7fffff,Buenos Aires,San Antonio de Areco,126,DEMANDA_MEDIA,17,COLECTIVO,REPRESENTATIVE_POINT,
88c2e06da3fffff,Buenos Aires,Florencio Varela,126,DEMANDA_MEDIA,7,COLECTIVO,REPRESENTATIVE_POINT,
88c2e38b53fffff,Buenos Aires,Lomas de Zamora,126,DEMANDA_MEDIA,8,COLECTIVO,REPRESENTATIVE_POINT,
88c2e399e9fffff,Buenos Aires,Almirante Brown,125,DEMANDA_MEDIA,15,COLECTIVO,REPRESENTATIVE_POINT,
88c2e2375dfffff,Buenos Aires,Berisso,125,DEMANDA_MEDIA,8,COLECTIVO,REPRESENTATIVE_POINT,
88c2e3c261fffff,Buenos Aires,Berazategui,125,DEMANDA_MEDIA,14,COLECTIVO,REPRESENTATIVE_POINT,
88c2e3833dfffff,Buenos Aires,Ezeiza,125,DEMANDA_MEDIA,22,COLECTIVO,REPRESENTATIVE_POINT,
88c2e2a53bfffff,Buenos Aires,La Plata,125,DEMANDA_MEDIA,7,COLECTIVO,REPRESENTATIVE_POINT,
88c2e38621fffff,Buenos Aires,La Matanza,125,DEMANDA_MEDIA,16,COLECTIVO,REPRESENTATIVE_POINT,
88c2e398cdfffff,Buenos Aires,Esteban Echeverría,124,DEMANDA_MEDIA,7,COLECTIVO,REPRESENTATIVE_POINT,
88c2e3acbdfffff,Buenos Aires,Pilar,124,DEMANDA_MEDIA,16,COLECTIVO,REPRESENTATIVE_POINT,
88c2e3b929fffff,Buenos Aires,Hurlingham,124,DEMANDA_MEDIA,12,COLECTIVO,REPRESENTATIVE_POINT,
88c2e3ba1dfffff,Buenos Aires,Moreno,124,DEMANDA_MEDIA,12,COLECTIVO,REPRESENTATIVE_POINT,
88c2e3aeb3fffff,Buenos Aires,Pilar,124,DEMANDA_MEDIA,8,COLECTIVO,REPRESENTATIVE_POINT,
88c2e3d849fffff,Buenos Aires,La Plata,124,DEMANDA_MEDIA,16,COLECTIVO,REPRESENTATIVE_POINT,
88c2e331e7fffff,Buenos Aires,Tigre,124,DEMANDA_MEDIA,8,COLECTIVO,REPRESENTATIVE_POINT,
88c2e3a0e1fffff,Buenos Aires,Pilar,124,DEMANDA_MEDIA,16,COLECTIVO,REPRESENTATIVE_POINT,
88c2e3c2a7fffff,Buenos Aires,Berazategui,124,DEMANDA_MEDIA,7,COLECTIVO,REPRESENTATIVE_POINT,
88c2eeda39fffff,Buenos Aires,Pilar,124,DEMANDA_MEDIA,17,COLECTIVO,REPRESENTATIVE_POINT,
88c2e30697fffff,Buenos Aires,Tigre,123,DEMANDA_MEDIA,16,COLECTIVO,REPRESENTATIVE_POINT,
88c2e38aa3fffff,Buenos Aires,Esteban Echeverría,123,DEMANDA_MEDIA,7,COLECTIVO,REPRESENTATIVE_POINT,
88c2e06e55fffff,Buenos Aires,San Vicente,123,DEMANDA_MEDIA,12,COLECTIVO,REPRESENTATIVE_POINT,
88c2ee5239fffff,Buenos Aires,Campana,122,DEMANDA_MEDIA,5,COLECTIVO,REPRESENTATIVE_POINT,
88c2e0652bfffff,Buenos Aires,San Vicente,122,DEMANDA_MEDIA,5,COLECTIVO,REPRESENTATIVE_POINT,
88c2eed869fffff,Buenos Aires,Pilar,122,DEMANDA_MEDIA,13,COLECTIVO,REPRESENTATIVE_POINT,
88c2e3d0b1fffff,Buenos Aires,Florencio Varela,122,DEMANDA_MEDIA,14,COLECTIVO,REPRESENTATIVE_POINT,
88c2e3c401fffff,Buenos Aires,Quilmes,122,DEMANDA_MEDIA,6,COLECTIVO,REPRESENTATIVE_POINT,
88c2e3b5d7fffff,Buenos Aires,General Rodríguez,122,DEMANDA_MEDIA,7,COLECTIVO,REPRESENTATIVE_POINT,
88c2e3aa21fffff,Buenos Aires,Malvinas Argentinas,122,DEMANDA_MEDIA,12,COLECTIVO,REPRESENTATIVE_POINT,
88c2ee52bdfffff,Buenos Aires,Zárate,122,DEMANDA_MEDIA,8,COLECTIVO,REPRESENTATIVE_POINT,
88c2e306cdfffff,Buenos Aires,Tigre,122,DEMANDA_MEDIA,13,COLECTIVO,REPRESENTATIVE_POINT,
88c2ee570dfffff,Buenos Aires,Zárate,121,DEMANDA_MEDIA,17,COLECTIVO,REPRESENTATIVE_POINT,
88c2e3dad7fffff,Buenos Aires,La Plata,121,DEMANDA_MEDIA,12,COLECTIVO,REPRESENTATIVE_POINT,
88c2e38539fffff,Buenos Aires,Merlo,121,DEMANDA_MEDIA,7,COLECTIVO,REPRESENTATIVE_POINT,
88c2e315a1fffff,Buenos Aires,San Isidro,121,DEMANDA_MEDIA,17,COLECTIVO,REPRESENTATIVE_POINT,
88c2e3c20bfffff,Buenos Aires,Florencio Varela,121,DEMANDA_MEDIA,8,COLECTIVO,REPRESENTATIVE_POINT,
88c2e232bbfffff,Buenos Aires,Berisso,121,DEMANDA_MEDIA,16,COLECTIVO,REPRESENTATIVE_POINT,
88c2eedae3fffff,Buenos Aires,Exaltación de la Cruz,121,DEMANDA_MEDIA,19,COLECTIVO,REPRESENTATIVE_POINT,
88c2e382b3fffff,Buenos Aires,La Matanza,121,DEMANDA_MEDIA,8,COLECTIVO,REPRESENTATIVE_POINT,
88c2e3c423fffff,Buenos Aires,Quilmes,121,DEMANDA_MEDIA,8,COLECTIVO,REPRESENTATIVE_POINT,
88c2e3a8bdfffff,Buenos Aires,Escobar,121,DEMANDA_MEDIA,6,COLECTIVO,REPRESENTATIVE_POINT,
88c2eec9edfffff,Buenos Aires,Campana,121,DEMANDA_MEDIA,12,COLECTIVO,REPRESENTATIVE_POINT,
88c2e3a803fffff,Buenos Aires,Malvinas Argentinas,121,DEMANDA_MEDIA,7,COLECTIVO,REPRESENTATIVE_POINT,
88c2e339ddfffff,Buenos Aires,San Fernando,121,DEMANDA_MEDIA,11,COLECTIVO,REPRESENTATIVE_POINT,
88c2e3b925fffff,Buenos Aires,Hurlingham,120,DEMANDA_MEDIA,7,COLECTIVO,REPRESENTATIVE_POINT,
88c2e3d967fffff,Buenos Aires,Ensenada,120,DEMANDA_MEDIA,7,COLECTIVO,REPRESENTATIVE_POINT,
88c2e3d701fffff,Buenos Aires,Florencio Varela,120,DEMANDA_MEDIA,6,COLECTIVO,REPRESENTATIVE_POINT,
88c2ee574dfffff,Buenos Aires,Zárate,120,DEMANDA_MEDIA,6,COLECTIVO,REPRESENTATIVE_POINT,
88c2e39751fffff,Buenos Aires,Marcos Paz,120,DEMANDA_MEDIA,17,COLECTIVO,REPRESENTATIVE_POINT,
88c2e381abfffff,Buenos Aires,La Matanza,119,DEMANDA_MEDIA,10,COLECTIVO,REPRESENTATIVE_POINT,
88c2e2a49bfffff,Buenos Aires,La Plata,119,DEMANDA_MEDIA,8,COLECTIVO,REPRESENTATIVE_POINT,
88c2e02e27fffff,Buenos Aires,Cañuelas,119,DEMANDA_MEDIA,14,COLECTIVO,REPRESENTATIVE_POINT,
88c2e3b12dfffff,Buenos Aires,Merlo,119,DEMANDA_MEDIA,7,COLECTIVO,REPRESENTATIVE_POINT,
88c2e3a8ddfffff,Buenos Aires,Pilar,119,DEMANDA_MEDIA,6,COLECTIVO,REPRESENTATIVE_POINT,
88c2e306d3fffff,Buenos Aires,Tigre,118,DEMANDA_MEDIA,16,COLECTIVO,REPRESENTATIVE_POINT,
88c2e02661fffff,Buenos Aires,Cañuelas,118,DEMANDA_MEDIA,16,COLECTIVO,REPRESENTATIVE_POINT,
88c2e2a933fffff,Buenos Aires,Magdalena,118,DEMANDA_MEDIA,16,COLECTIVO,REPRESENTATIVE_POINT,
88c2e3da9bfffff,Buenos Aires,Berazategui,117,DEMANDA_MEDIA,17,COLECTIVO,REPRESENTATIVE_POINT,
88c2e16631fffff,Buenos Aires,Mercedes,117,DEMANDA_MEDIA,13,COLECTIVO,REPRESENTATIVE_POINT,
88c2e3af29fffff,Buenos Aires,Pilar,117,DEMANDA_MEDIA,16,COLECTIVO,REPRESENTATIVE_POINT,
88c2ee5269fffff,Buenos Aires,Campana,117,DEMANDA_MEDIA,6,COLECTIVO,REPRESENTATIVE_POINT,
88c2e3da27fffff,Buenos Aires,La Plata,117,DEMANDA_MEDIA,12,COLECTIVO,REPRESENTATIVE_POINT,
88c2e3a03bfffff,Buenos Aires,Pilar,117,DEMANDA_MEDIA,6,COLECTIVO,REPRESENTATIVE_POINT,
88c2e3c235fffff,Buenos Aires,Berazategui,117,DEMANDA_MEDIA,9,COLECTIVO,REPRESENTATIVE_POINT,
88c2e06021fffff,Buenos Aires,San Vicente,116,DEMANDA_MEDIA,14,COLECTIVO,REPRESENTATIVE_POINT,
88c2e306ddfffff,Buenos Aires,Tigre,116,DEMANDA_MEDIA,15,COLECTIVO,REPRESENTATIVE_POINT,
88c2e38691fffff,Buenos Aires,Marcos Paz,116,DEMANDA_MEDIA,12,COLECTIVO,REPRESENTATIVE_POINT,
88c2e16199fffff,Buenos Aires,Luján,116,DEMANDA_MEDIA,6,COLECTIVO,REPRESENTATIVE_POINT,
88c2e3aca9fffff,Buenos Aires,Pilar,116,DEMANDA_MEDIA,15,COLECTIVO,REPRESENTATIVE_POINT,
88c2e39a59fffff,Buenos Aires,Ezeiza,116,DEMANDA_MEDIA,16,COLECTIVO,REPRESENTATIVE_POINT,
88c2e3b5a9fffff,Buenos Aires,General Rodríguez,116,DEMANDA_MEDIA,17,COLECTIVO,REPRESENTATIVE_POINT,
88c2e2a6edfffff,Buenos Aires,La Plata,115,DEMANDA_MEDIA,7,COLECTIVO,REPRESENTATIVE_POINT,
88c2e2aecdfffff,Buenos Aires,La Plata,115,DEMANDA_MEDIA,12,COLECTIVO,REPRESENTATIVE_POINT,
88c2ee5759fffff,Buenos Aires,Zárate,115,DEMANDA_MEDIA,7,COLECTIVO,REPRESENTATIVE_POINT,
88c2e33903fffff,Buenos Aires,San Fernando,115,DEMANDA_MEDIA,16,COLECTIVO,INTERSECCION_MAYOR_AREA,
88c2e33743fffff,Buenos Aires,Escobar,115,DEMANDA_MEDIA,8,COLECTIVO,REPRESENTATIVE_POINT,
88c2e3c2e5fffff,Buenos Aires,Berazategui,114,DEMANDA_MEDIA,16,COLECTIVO,REPRESENTATIVE_POINT,
88c2e1cf47fffff,Buenos Aires,Lobos,114,DEMANDA_MEDIA,7,COLECTIVO,REPRESENTATIVE_POINT,
88c2e3a96bfffff,Buenos Aires,Tigre,114,DEMANDA_MEDIA,16,COLECTIVO,REPRESENTATIVE_POINT,
88c2e06d01fffff,Buenos Aires,Florencio Varela,114,DEMANDA_MEDIA,13,COLECTIVO,REPRESENTATIVE_POINT,
88c2e33093fffff,Buenos Aires,Escobar,114,DEMANDA_MEDIA,16,COLECTIVO,REPRESENTATIVE_POINT,
88c2e39231fffff,Buenos Aires,Cañuelas,114,DEMANDA_MEDIA,6,COLECTIVO,REPRESENTATIVE_POINT,
88c2ee523bfffff,Buenos Aires,Campana,114,DEMANDA_MEDIA,6,COLECTIVO,REPRESENTATIVE_POINT,
88c2eed809fffff,Buenos Aires,Pilar,114,DEMANDA_MEDIA,14,COLECTIVO,REPRESENTATIVE_POINT,
88c2e064b9fffff,Buenos Aires,Ezeiza,114,DEMANDA_MEDIA,16,COLECTIVO,REPRESENTATIVE_POINT,
88c2eedb51fffff,Buenos Aires,Pilar,113,DEMANDA_MEDIA,15,COLECTIVO,REPRESENTATIVE_POINT,
88c2e3dad1fffff,Buenos Aires,La Plata,113,DEMANDA_MEDIA,12,COLECTIVO,REPRESENTATIVE_POINT,
88c2e23619fffff,Buenos Aires,Ensenada,113,DEMANDA_MEDIA,13,COLECTIVO,REPRESENTATIVE_POINT,
88c2e3b84bfffff,Buenos Aires,Ituzaingó,112,DEMANDA_MEDIA,5,COLECTIVO,INTERSECCION_MAYOR_AREA,
88c2e3a967fffff,Buenos Aires,Tigre,112,DEMANDA_MEDIA,6,COLECTIVO,REPRESENTATIVE_POINT,
88c2e17947fffff,Buenos Aires,General Rodríguez,112,DEMANDA_MEDIA,13,COLECTIVO,REPRESENTATIVE_POINT,
88c2e3322dfffff,Buenos Aires,Tigre,112,DEMANDA_MEDIA,16,COLECTIVO,REPRESENTATIVE_POINT,
88c2eec94bfffff,Buenos Aires,Campana,111,DEMANDA_MEDIA,12,COLECTIVO,REPRESENTATIVE_POINT,
88c2e3a83dfffff,Buenos Aires,Malvinas Argentinas,111,DEMANDA_MEDIA,16,COLECTIVO,REPRESENTATIVE_POINT,
88c2e3a085fffff,Buenos Aires,Pilar,111,DEMANDA_MEDIA,16,COLECTIVO,REPRESENTATIVE_POINT,
88c2eedaa1fffff,Buenos Aires,Exaltación de la Cruz,111,DEMANDA_MEDIA,13,COLECTIVO,REPRESENTATIVE_POINT,
88c2e3db53fffff,Buenos Aires,La Plata,110,DEMANDA_MEDIA,11,COLECTIVO,REPRESENTATIVE_POINT,
88c2e3b513fffff,Buenos Aires,General Rodríguez,110,DEMANDA_MEDIA,9,COLECTIVO,REPRESENTATIVE_POINT,
88c2e3a5a7fffff,Buenos Aires,Pilar,109,DEMANDA_MEDIA,16,COLECTIVO,REPRESENTATIVE_POINT,
88c2e30221fffff,Ciudad Autónoma de Buenos Aires,Comuna 13,109,DEMANDA_MEDIA,19,COLECTIVO,INTERSECCION_MAYOR_AREA,
88c2e3b709fffff,Buenos Aires,General Rodríguez,109,DEMANDA_MEDIA,7,COLECTIVO,REPRESENTATIVE_POINT,
88c2e2ae21fffff,Buenos Aires,La Plata,109,DEMANDA_MEDIA,12,COLECTIVO,REPRESENTATIVE_POINT,
88c2e33999fffff,Buenos Aires,San Fernando,109,DEMANDA_MEDIA,17,COLECTIVO,REPRESENTATIVE_POINT,
88c2e3ae63fffff,Buenos Aires,Pilar,108,DEMANDA_MEDIA,12,COLECTIVO,REPRESENTATIVE_POINT,
88c2e3d0bdfffff,Buenos Aires,Florencio Varela,108,DEMANDA_MEDIA,12,COLECTIVO,REPRESENTATIVE_POINT,
88c2e3d763fffff,Buenos Aires,Florencio Varela,108,DEMANDA_MEDIA,14,COLECTIVO,REPRESENTATIVE_POINT,
88c2e3b533fffff,Buenos Aires,General Rodríguez,108,DEMANDA_MEDIA,6,COLECTIVO,REPRESENTATIVE_POINT,
88c2e3bb41fffff,Buenos Aires,Ituzaingó,108,DEMANDA_MEDIA,7,COLECTIVO,REPRESENTATIVE_POINT,
88c2e2a4c9fffff,Buenos Aires,La Plata,108,DEMANDA_MEDIA,12,COLECTIVO,REPRESENTATIVE_POINT,
88c2e306d1fffff,Buenos Aires,Tigre,108,DEMANDA_MEDIA,16,COLECTIVO,REPRESENTATIVE_POINT,
88c2e3a9dbfffff,Buenos Aires,Escobar,108,DEMANDA_MEDIA,6,COLECTIVO,REPRESENTATIVE_POINT,
88c2e39897fffff,Buenos Aires,Esteban Echeverría,108,DEMANDA_MEDIA,18,COLECTIVO,REPRESENTATIVE_POINT,
88c2e3d1d3fffff,Buenos Aires,Berazategui,107,DEMANDA_MEDIA,7,COLECTIVO,REPRESENTATIVE_POINT,
88c2ee572bfffff,Buenos Aires,Zárate,107,DEMANDA_MEDIA,8,COLECTIVO,REPRESENTATIVE_POINT,
88c2e3a74dfffff,Buenos Aires,General Rodríguez,107,DEMANDA_MEDIA,6,COLECTIVO,REPRESENTATIVE_POINT,
88c2e32255fffff,Buenos Aires,Escobar,107,DEMANDA_MEDIA,6,COLECTIVO,REPRESENTATIVE_POINT,
88c2e399c5fffff,Buenos Aires,Almirante Brown,107,DEMANDA_MEDIA,10,COLECTIVO,REPRESENTATIVE_POINT,
88c2eec9b7fffff,Buenos Aires,Campana,107,DEMANDA_MEDIA,7,COLECTIVO,REPRESENTATIVE_POINT,
88c2e3b841fffff,Buenos Aires,Ituzaingó,107,DEMANDA_MEDIA,14,COLECTIVO,REPRESENTATIVE_POINT,
88c2eecb2dfffff,Buenos Aires,Campana,107,DEMANDA_MEDIA,21,COLECTIVO,REPRESENTATIVE_POINT,
88c2e3065dfffff,Buenos Aires,Tigre,107,DEMANDA_MEDIA,12,COLECTIVO,REPRESENTATIVE_POINT,
88c2e322e1fffff,Buenos Aires,Escobar,107,DEMANDA_MEDIA,6,COLECTIVO,REPRESENTATIVE_POINT,
88c2e3bb23fffff,Buenos Aires,Ituzaingó,106,DEMANDA_MEDIA,6,COLECTIVO,REPRESENTATIVE_POINT,
88c2e2ae0bfffff,Buenos Aires,La Plata,106,DEMANDA_MEDIA,7,COLECTIVO,REPRESENTATIVE_POINT,
88c2e14307fffff,Buenos Aires,General Las Heras,106,DEMANDA_MEDIA,22,COLECTIVO,REPRESENTATIVE_POINT,
88c2e1cf69fffff,Buenos Aires,Lobos,106,DEMANDA_MEDIA,7,COLECTIVO,REPRESENTATIVE_POINT,
88c2e3ac63fffff,Buenos Aires,Pilar,106,DEMANDA_MEDIA,7,COLECTIVO,REPRESENTATIVE_POINT,
88c2e3aca3fffff,Buenos Aires,Pilar,106,DEMANDA_MEDIA,12,COLECTIVO,REPRESENTATIVE_POINT,
88c2e02d59fffff,Buenos Aires,Cañuelas,105,DEMANDA_MEDIA,7,COLECTIVO,REPRESENTATIVE_POINT,
88c2e3c263fffff,Buenos Aires,Berazategui,105,DEMANDA_MEDIA,7,COLECTIVO,REPRESENTATIVE_POINT,
88c2e306c9fffff,Buenos Aires,Tigre,105,DEMANDA_MEDIA,16,COLECTIVO,REPRESENTATIVE_POINT,
88c2e33305fffff,Buenos Aires,Tigre,105,DEMANDA_MEDIA,16,COLECTIVO,REPRESENTATIVE_POINT,
88c2e39991fffff,Buenos Aires,Esteban Echeverría,105,DEMANDA_MEDIA,12,COLECTIVO,REPRESENTATIVE_POINT,
88c2e33361fffff,Buenos Aires,Tigre,104,DEMANDA_MEDIA,18,COLECTIVO,REPRESENTATIVE_POINT,
88c2e3331dfffff,Buenos Aires,Tigre,104,DEMANDA_MEDIA,17,COLECTIVO,REPRESENTATIVE_POINT,
88c2e0632bfffff,Buenos Aires,Brandsen,104,DEMANDA_MEDIA,12,COLECTIVO,REPRESENTATIVE_POINT,
88c2e3a2cbfffff,Buenos Aires,General Rodríguez,104,DEMANDA_MEDIA,15,COLECTIVO,REPRESENTATIVE_POINT,
88c2e3aea9fffff,Buenos Aires,Pilar,104,DEMANDA_MEDIA,12,COLECTIVO,REPRESENTATIVE_POINT,
88c2e3ae65fffff,Buenos Aires,Pilar,104,DEMANDA_MEDIA,6,COLECTIVO,REPRESENTATIVE_POINT,
88c2e31a53fffff,Ciudad Autónoma de Buenos Aires,Comuna 4,103,DEMANDA_MEDIA,16,COLECTIVO,REPRESENTATIVE_POINT,
88c2eec915fffff,Buenos Aires,Campana,103,DEMANDA_MEDIA,7,COLECTIVO,REPRESENTATIVE_POINT,
88c2e2a595fffff,Buenos Aires,La Plata,103,DEMANDA_MEDIA,6,COLECTIVO,REPRESENTATIVE_POINT,
88c2e3b5adfffff,Buenos Aires,General Rodríguez,102,DEMANDA_MEDIA,6,COLECTIVO,REPRESENTATIVE_POINT,
88c2e3b701fffff,Buenos Aires,General Rodríguez,102,DEMANDA_MEDIA,12,COLECTIVO,REPRESENTATIVE_POINT,
88c2e39ad9fffff,Buenos Aires,Ezeiza,102,DEMANDA_MEDIA,12,COLECTIVO,REPRESENTATIVE_POINT,
88c2e3d96dfffff,Buenos Aires,Ensenada,102,DEMANDA_MEDIA,13,COLECTIVO,REPRESENTATIVE_POINT,
88c2e04455fffff,Buenos Aires,Brandsen,102,DEMANDA_MEDIA,13,COLECTIVO,REPRESENTATIVE_POINT,
88c2e3ae9dfffff,Buenos Aires,Pilar,102,DEMANDA_MEDIA,7,COLECTIVO,REPRESENTATIVE_POINT,
88c2e384d9fffff,Buenos Aires,Merlo,102,DEMANDA_MEDIA,8,COLECTIVO,REPRESENTATIVE_POINT,
88c2e3db0dfffff,Buenos Aires,La Plata,102,DEMANDA_MEDIA,12,COLECTIVO,REPRESENTATIVE_POINT,
88c2e3da69fffff,Buenos Aires,La Plata,102,DEMANDA_MEDIA,7,COLECTIVO,REPRESENTATIVE_POINT,
88c2e3da99fffff,Buenos Aires,La Plata,102,DEMANDA_MEDIA,13,COLECTIVO,REPRESENTATIVE_POINT,
88c2e169cdfffff,Buenos Aires,Luján,101,DEMANDA_MEDIA,7,COLECTIVO,REPRESENTATIVE_POINT,
88c2e39a0dfffff,Buenos Aires,Esteban Echeverría,101,DEMANDA_MEDIA,16,COLECTIVO,REPRESENTATIVE_POINT,
88c2e17985fffff,Buenos Aires,General Rodríguez,101,DEMANDA_MEDIA,16,COLECTIVO,REPRESENTATIVE_POINT,
88c2e06595fffff,Buenos Aires,Presidente Perón,101,DEMANDA_MEDIA,16,COLECTIVO,REPRESENTATIVE_POINT,
88c2e3b5e1fffff,Buenos Aires,General Rodríguez,101,DEMANDA_MEDIA,16,COLECTIVO,REPRESENTATIVE_POINT,
88c2e16807fffff,Buenos Aires,Luján,101,DEMANDA_MEDIA,8,COLECTIVO,REPRESENTATIVE_POINT,
88c2e1690bfffff,Buenos Aires,Luján,101,DEMANDA_MEDIA,15,COLECTIVO,REPRESENTATIVE_POINT,
88c2e33297fffff,Buenos Aires,Escobar,101,DEMANDA_MEDIA,17,COLECTIVO,REPRESENTATIVE_POINT,
88c2e3d557fffff,Buenos Aires,Florencio Varela,101,DEMANDA_MEDIA,12,COLECTIVO,REPRESENTATIVE_POINT,
88c2e3acabfffff,Buenos Aires,Pilar,101,DEMANDA_MEDIA,16,COLECTIVO,REPRESENTATIVE_POINT,
88c2e3b333fffff,Buenos Aires,Merlo,101,DEMANDA_MEDIA,12,COLECTIVO,REPRESENTATIVE_POINT,
88c2e39a5bfffff,Buenos Aires,Ezeiza,100,DEMANDA_MEDIA,17,COLECTIVO,REPRESENTATIVE_POINT,
88c2e38f45fffff,Buenos Aires,La Matanza,100,DEMANDA_MEDIA,18,COLECTIVO,REPRESENTATIVE_POINT,
88c2e3aa4dfffff,Buenos Aires,San Miguel,100,DEMANDA_MEDIA,7,COLECTIVO,REPRESENTATIVE_POINT,
88c2e3c343fffff,Buenos Aires,Berazategui,100,DEMANDA_MEDIA,18,COLECTIVO,REPRESENTATIVE_POINT,
88c2e3ad47fffff,Buenos Aires,Pilar,100,DEMANDA_MEDIA,17,COLECTIVO,REPRESENTATIVE_POINT,
88c2e3a8d9fffff,Buenos Aires,Pilar,100,DEMANDA_MEDIA,5,COLECTIVO,REPRESENTATIVE_POINT,
88c2eec247fffff,Buenos Aires,Exaltación de la Cruz,99,DEMANDA_MEDIA,6,COLECTIVO,REPRESENTATIVE_POINT,
88c2e3365dfffff,Buenos Aires,Pilar,99,DEMANDA_MEDIA,17,COLECTIVO,REPRESENTATIVE_POINT,
88c2e3a59dfffff,Buenos Aires,Pilar,99,DEMANDA_MEDIA,17,COLECTIVO,REPRESENTATIVE_POINT,
88c2e33131fffff,Buenos Aires,Tigre,99,DEMANDA_MEDIA,18,COLECTIVO,REPRESENTATIVE_POINT,
88c2e39093fffff,Buenos Aires,La Matanza,98,DEMANDA_MEDIA,18,COLECTIVO,REPRESENTATIVE_POINT,
88c2e3b0a5fffff,Buenos Aires,Moreno,98,DEMANDA_MEDIA,12,COLECTIVO,REPRESENTATIVE_POINT,
88c2e2a657fffff,Buenos Aires,La Plata,98,DEMANDA_MEDIA,6,COLECTIVO,REPRESENTATIVE_POINT,
88c2e3953dfffff,Buenos Aires,La Matanza,98,DEMANDA_MEDIA,10,COLECTIVO,REPRESENTATIVE_POINT,
88c2eecb6dfffff,Buenos Aires,Campana,98,DEMANDA_MEDIA,7,COLECTIVO,REPRESENTATIVE_POINT,
88c2eec805fffff,Buenos Aires,Campana,98,DEMANDA_MEDIA,12,COLECTIVO,REPRESENTATIVE_POINT,
88c2e168dbfffff,Buenos Aires,Luján,98,DEMANDA_MEDIA,13,COLECTIVO,REPRESENTATIVE_POINT,
88c2e30769fffff,Buenos Aires,San Isidro,98,DEMANDA_MEDIA,11,COLECTIVO,REPRESENTATIVE_POINT,
88c2e23601fffff,Buenos Aires,Berisso,98,DEMANDA_MEDIA,6,COLECTIVO,REPRESENTATIVE_POINT,
88c2e02f13fffff,Buenos Aires,Cañuelas,98,DEMANDA_MEDIA,13,COLECTIVO,REPRESENTATIVE_POINT,
88c2e3b85dfffff,Buenos Aires,Moreno,98,DEMANDA_MEDIA,14,COLECTIVO,REPRESENTATIVE_POINT,
88c2e16ab3fffff,Buenos Aires,Luján,97,DEMANDA_MEDIA,17,COLECTIVO,REPRESENTATIVE_POINT,
88c2e3aebdfffff,Buenos Aires,Pilar,97,DEMANDA_MEDIA,16,COLECTIVO,REPRESENTATIVE_POINT,
88c2e1699bfffff,Buenos Aires,Luján,97,DEMANDA_MEDIA,12,COLECTIVO,REPRESENTATIVE_POINT,
88c2e31653fffff,Buenos Aires,Hurlingham,97,DEMANDA_MEDIA,22,COLECTIVO,REPRESENTATIVE_POINT,
88c2e306dbfffff,Buenos Aires,Tigre,97,DEMANDA_MEDIA,16,COLECTIVO,REPRESENTATIVE_POINT,
88c2e33ae3fffff,Buenos Aires,Tigre,97,DEMANDA_MEDIA,22,COLECTIVO,REPRESENTATIVE_POINT,
88c2e3ad6dfffff,Buenos Aires,Pilar,97,DEMANDA_MEDIA,6,COLECTIVO,REPRESENTATIVE_POINT,
88c2e3c755fffff,Buenos Aires,Quilmes,97,DEMANDA_MEDIA,7,COLECTIVO,REPRESENTATIVE_POINT,
88c2eec01dfffff,Buenos Aires,Exaltación de la Cruz,97,DEMANDA_MEDIA,7,COLECTIVO,REPRESENTATIVE_POINT,
88c2e3306bfffff,Buenos Aires,Tigre,97,DEMANDA_MEDIA,19,COLECTIVO,REPRESENTATIVE_POINT,
88c2e02d5dfffff,Buenos Aires,Cañuelas,97,DEMANDA_MEDIA,16,COLECTIVO,REPRESENTATIVE_POINT,
88c2e39703fffff,Buenos Aires,La Matanza,96,DEMANDA_MEDIA,8,COLECTIVO,REPRESENTATIVE_POINT,
88c2e2af5dfffff,Buenos Aires,La Plata,96,DEMANDA_MEDIA,7,COLECTIVO,REPRESENTATIVE_POINT,
88c2e38b0dfffff,Buenos Aires,Lomas de Zamora,96,DEMANDA_MEDIA,17,COLECTIVO,REPRESENTATIVE_POINT,
88c2e332b5fffff,Buenos Aires,Escobar,96,DEMANDA_MEDIA,13,COLECTIVO,REPRESENTATIVE_POINT,
88c2e3ac07fffff,Buenos Aires,Pilar,96,DEMANDA_MEDIA,16,COLECTIVO,REPRESENTATIVE_POINT,
88c2ee5703fffff,Buenos Aires,Zárate,95,DEMANDA_MEDIA,7,COLECTIVO,REPRESENTATIVE_POINT,
88c2ee5213fffff,Buenos Aires,Campana,95,DEMANDA_MEDIA,7,COLECTIVO,REPRESENTATIVE_POINT,
88c2e3da37fffff,Buenos Aires,La Plata,95,DEMANDA_MEDIA,12,COLECTIVO,REPRESENTATIVE_POINT,
88c2e3344bfffff,Buenos Aires,Escobar,95,DEMANDA_MEDIA,17,COLECTIVO,REPRESENTATIVE_POINT,
88c2e3b5c9fffff,Buenos Aires,General Rodríguez,95,DEMANDA_MEDIA,18,COLECTIVO,REPRESENTATIVE_POINT,
88c2e305ebfffff,Buenos Aires,Tigre,95,DEMANDA_MEDIA,13,COLECTIVO,REPRESENTATIVE_POINT,
88c2e3a15dfffff,Buenos Aires,Moreno,95,DEMANDA_MEDIA,5,COLECTIVO,REPRESENTATIVE_POINT,
88c2e0692dfffff,Buenos Aires,La Plata,95,DEMANDA_MEDIA,12,COLECTIVO,REPRESENTATIVE_POINT,
88c2e2ae29fffff,Buenos Aires,La Plata,94,DEMANDA_MEDIA,17,COLECTIVO,REPRESENTATIVE_POINT,
88c2eeda41fffff,Buenos Aires,Pilar,94,DEMANDA_MEDIA,16,COLECTIVO,REPRESENTATIVE_POINT,
88c2e3da67fffff,Buenos Aires,La Plata,94,DEMANDA_MEDIA,6,COLECTIVO,REPRESENTATIVE_POINT,
88c2e3ad0dfffff,Buenos Aires,Pilar,94,DEMANDA_MEDIA,16,COLECTIVO,REPRESENTATIVE_POINT,
88c2eedb19fffff,Buenos Aires,Pilar,94,DEMANDA_MEDIA,16,COLECTIVO,REPRESENTATIVE_POINT,
88c2ee52abfffff,Buenos Aires,Zárate,93,DEMANDA_MEDIA,16,COLECTIVO,REPRESENTATIVE_POINT,
88c2e3b1e1fffff,Buenos Aires,Moreno,93,DEMANDA_MEDIA,16,COLECTIVO,REPRESENTATIVE_POINT,
88c2e02d55fffff,Buenos Aires,Cañuelas,93,DEMANDA_MEDIA,13,COLECTIVO,REPRESENTATIVE_POINT,
88c2eec9ebfffff,Buenos Aires,Campana,93,DEMANDA_MEDIA,7,COLECTIVO,REPRESENTATIVE_POINT,
88c2e166ddfffff,Buenos Aires,Mercedes,93,DEMANDA_MEDIA,12,COLECTIVO,REPRESENTATIVE_POINT,
88c2eec35dfffff,Buenos Aires,Exaltación de la Cruz,92,DEMANDA_MEDIA,12,COLECTIVO,REPRESENTATIVE_POINT,
88c2e334b7fffff,Buenos Aires,Campana,92,DEMANDA_MEDIA,12,COLECTIVO,REPRESENTATIVE_POINT,
88c2eec199fffff,Buenos Aires,Exaltación de la Cruz,92,DEMANDA_MEDIA,7,COLECTIVO,REPRESENTATIVE_POINT,
88c2e38735fffff,Buenos Aires,Merlo,92,DEMANDA_MEDIA,8,COLECTIVO,REPRESENTATIVE_POINT,
88c2e168d1fffff,Buenos Aires,Luján,92,DEMANDA_MEDIA,12,COLECTIVO,REPRESENTATIVE_POINT,
88c2ee814dfffff,Buenos Aires,San Andrés de Giles,92,DEMANDA_MEDIA,13,COLECTIVO,REPRESENTATIVE_POINT,
88c2e3d047fffff,Buenos Aires,La Plata,92,DEMANDA_MEDIA,7,COLECTIVO,REPRESENTATIVE_POINT,
88c2e168e7fffff,Buenos Aires,Luján,92,DEMANDA_MEDIA,7,COLECTIVO,REPRESENTATIVE_POINT,
88c2e16839fffff,Buenos Aires,Luján,92,DEMANDA_MEDIA,12,COLECTIVO,REPRESENTATIVE_POINT,
88c2e33137fffff,Buenos Aires,Tigre,92,DEMANDA_MEDIA,15,COLECTIVO,REPRESENTATIVE_POINT,
88c2eedaa7fffff,Buenos Aires,Exaltación de la Cruz,92,DEMANDA_MEDIA,9,COLECTIVO,REPRESENTATIVE_POINT,
88c2e2a415fffff,Buenos Aires,La Plata,91,DEMANDA_MEDIA,12,COLECTIVO,REPRESENTATIVE_POINT,
88c2e38501fffff,Buenos Aires,Merlo,91,DEMANDA_MEDIA,14,COLECTIVO,REPRESENTATIVE_POINT,
88c2e3a5dbfffff,Buenos Aires,Pilar,91,DEMANDA_MEDIA,15,COLECTIVO,REPRESENTATIVE_POINT,
88c2e331a5fffff,Buenos Aires,Tigre,91,DEMANDA_MEDIA,15,COLECTIVO,REPRESENTATIVE_POINT,
88c2e16805fffff,Buenos Aires,Luján,91,DEMANDA_MEDIA,7,COLECTIVO,REPRESENTATIVE_POINT,
88c2e0671bfffff,Buenos Aires,San Vicente,91,DEMANDA_MEDIA,17,COLECTIVO,REPRESENTATIVE_POINT,
88c2e3b959fffff,Buenos Aires,Ituzaingó,90,DEMANDA_MEDIA,16,COLECTIVO,REPRESENTATIVE_POINT,
88c2e069e7fffff,Buenos Aires,Brandsen,90,DEMANDA_MEDIA,7,COLECTIVO,REPRESENTATIVE_POINT,
88c2e3a4b7fffff,Buenos Aires,Pilar,90,DEMANDA_MEDIA,13,COLECTIVO,REPRESENTATIVE_POINT,
88c2e306b9fffff,Buenos Aires,Tigre,90,DEMANDA_MEDIA,13,COLECTIVO,REPRESENTATIVE_POINT,
88c2e0656bfffff,Buenos Aires,San Vicente,90,DEMANDA_MEDIA,7,COLECTIVO,REPRESENTATIVE_POINT,
88c2e3b587fffff,Buenos Aires,General Rodríguez,90,DEMANDA_MEDIA,5,COLECTIVO,REPRESENTATIVE_POINT,
88c2e3dae1fffff,Buenos Aires,La Plata,90,DEMANDA_MEDIA,16,COLECTIVO,REPRESENTATIVE_POINT,
88c2e3371bfffff,Buenos Aires,Escobar,90,DEMANDA_MEDIA,17,COLECTIVO,REPRESENTATIVE_POINT,
88c2e3d843fffff,Buenos Aires,La Plata,90,DEMANDA_MEDIA,12,COLECTIVO,REPRESENTATIVE_POINT,
88c2e3daa5fffff,Buenos Aires,La Plata,89,DEMANDA_MEDIA,8,COLECTIVO,REPRESENTATIVE_POINT,
88c2e3a1b5fffff,Buenos Aires,Pilar,89,DEMANDA_MEDIA,6,COLECTIVO,REPRESENTATIVE_POINT,
88c2e3b519fffff,Buenos Aires,General Rodríguez,89,DEMANDA_MEDIA,9,COLECTIVO,REPRESENTATIVE_POINT,
88c2e16941fffff,Buenos Aires,Luján,89,DEMANDA_MEDIA,15,COLECTIVO,REPRESENTATIVE_POINT,
88c2eec901fffff,Buenos Aires,Campana,89,DEMANDA_MEDIA,6,COLECTIVO,REPRESENTATIVE_POINT,
88c2ee8dabfffff,Buenos Aires,San Antonio de Areco,89,DEMANDA_MEDIA,15,COLECTIVO,REPRESENTATIVE_POINT,
88c2e3bb37fffff,Buenos Aires,Ituzaingó,89,DEMANDA_MEDIA,15,COLECTIVO,REPRESENTATIVE_POINT,
88c2e16993fffff,Buenos Aires,Luján,89,DEMANDA_MEDIA,7,COLECTIVO,REPRESENTATIVE_POINT,
88c2e1c357fffff,Buenos Aires,Lobos,89,DEMANDA_MEDIA,15,COLECTIVO,REPRESENTATIVE_POINT,
88c2e33221fffff,Buenos Aires,Tigre,89,DEMANDA_MEDIA,16,COLECTIVO,REPRESENTATIVE_POINT,
88c2e3b589fffff,Buenos Aires,General Rodríguez,88,DEMANDA_MEDIA,12,COLECTIVO,REPRESENTATIVE_POINT,
88c2e3adb5fffff,Buenos Aires,Escobar,88,DEMANDA_MEDIA,7,COLECTIVO,REPRESENTATIVE_POINT,
88c2e315b1fffff,Buenos Aires,San Isidro,88,DEMANDA_MEDIA,14,COLECTIVO,REPRESENTATIVE_POINT,
88c2e33363fffff,Buenos Aires,Tigre,88,DEMANDA_MEDIA,8,COLECTIVO,REPRESENTATIVE_POINT,
88c2e3a65dfffff,Buenos Aires,Luján,87,DEMANDA_MEDIA,15,COLECTIVO,REPRESENTATIVE_POINT,
88c2e3148bfffff,Buenos Aires,Tigre,87,DEMANDA_MEDIA,9,COLECTIVO,REPRESENTATIVE_POINT,
88c2e3923bfffff,Buenos Aires,Cañuelas,87,DEMANDA_MEDIA,4,COLECTIVO,REPRESENTATIVE_POINT,
88c2e3a583fffff,Buenos Aires,Pilar,87,DEMANDA_MEDIA,15,COLECTIVO,REPRESENTATIVE_POINT,
88c2e3af6bfffff,Buenos Aires,José C. Paz,87,DEMANDA_MEDIA,16,COLECTIVO,REPRESENTATIVE_POINT,
88c2eeda49fffff,Buenos Aires,Pilar,87,DEMANDA_MEDIA,12,COLECTIVO,REPRESENTATIVE_POINT,
88c2e33263fffff,Buenos Aires,Tigre,86,DEMANDA_MEDIA,8,COLECTIVO,REPRESENTATIVE_POINT,
88c2eed849fffff,Buenos Aires,Pilar,86,DEMANDA_MEDIA,17,COLECTIVO,REPRESENTATIVE_POINT,
88c2e330c1fffff,Buenos Aires,Escobar,86,DEMANDA_MEDIA,21,COLECTIVO,REPRESENTATIVE_POINT,
88c2e382a3fffff,Buenos Aires,La Matanza,86,DEMANDA_MEDIA,17,COLECTIVO,REPRESENTATIVE_POINT,
88c2eeda2dfffff,Buenos Aires,Pilar,86,DEMANDA_MEDIA,6,COLECTIVO,REPRESENTATIVE_POINT,
88c2eec153fffff,Buenos Aires,Exaltación de la Cruz,86,DEMANDA_MEDIA,16,COLECTIVO,REPRESENTATIVE_POINT,
88c2e322c5fffff,Buenos Aires,Escobar,86,DEMANDA_MEDIA,6,COLECTIVO,REPRESENTATIVE_POINT,
88c2e3db07fffff,Buenos Aires,La Plata,86,DEMANDA_MEDIA,7,COLECTIVO,REPRESENTATIVE_POINT,
88c2e39ae5fffff,Buenos Aires,Esteban Echeverría,86,DEMANDA_MEDIA,17,COLECTIVO,REPRESENTATIVE_POINT,
88c2e06747fffff,Buenos Aires,San Vicente,86,DEMANDA_MEDIA,12,COLECTIVO,REPRESENTATIVE_POINT,
88c2e33319fffff,Buenos Aires,Tigre,86,DEMANDA_MEDIA,16,COLECTIVO,REPRESENTATIVE_POINT,
88c2e3a8a3fffff,Buenos Aires,Escobar,85,DEMANDA_MEDIA,14,COLECTIVO,REPRESENTATIVE_POINT,
88c2e16f25fffff,Buenos Aires,Luján,85,DEMANDA_MEDIA,8,COLECTIVO,REPRESENTATIVE_POINT,
88c2e3a20dfffff,Buenos Aires,Moreno,85,DEMANDA_MEDIA,16,COLECTIVO,REPRESENTATIVE_POINT,
88c2e3c22bfffff,Buenos Aires,Berazategui,85,DEMANDA_MEDIA,6,COLECTIVO,REPRESENTATIVE_POINT,
88c2e3a5a5fffff,Buenos Aires,Pilar,85,DEMANDA_MEDIA,15,COLECTIVO,REPRESENTATIVE_POINT,
88c2e02e57fffff,Buenos Aires,Cañuelas,85,DEMANDA_MEDIA,14,COLECTIVO,REPRESENTATIVE_POINT,
88c2e3d5e1fffff,Buenos Aires,Florencio Varela,85,DEMANDA_MEDIA,12,COLECTIVO,REPRESENTATIVE_POINT,
88c2e3a26dfffff,Buenos Aires,Moreno,85,DEMANDA_MEDIA,7,COLECTIVO,REPRESENTATIVE_POINT,
88c2e330a9fffff,Buenos Aires,Escobar,85,DEMANDA_MEDIA,16,COLECTIVO,REPRESENTATIVE_POINT,
88c2e39429fffff,Buenos Aires,La Matanza,84,DEMANDA_MEDIA,8,COLECTIVO,REPRESENTATIVE_POINT,
88c2e331cbfffff,Buenos Aires,Escobar,84,DEMANDA_MEDIA,19,COLECTIVO,REPRESENTATIVE_POINT,
88c2e3c04bfffff,Buenos Aires,Berazategui,84,DEMANDA_MEDIA,7,COLECTIVO,REPRESENTATIVE_POINT,
88c2eec997fffff,Buenos Aires,Campana,84,DEMANDA_MEDIA,7,COLECTIVO,REPRESENTATIVE_POINT,
88c2e38881fffff,Buenos Aires,La Matanza,84,DEMANDA_MEDIA,8,COLECTIVO,REPRESENTATIVE_POINT,
88c2e33015fffff,Buenos Aires,Escobar,84,DEMANDA_MEDIA,12,COLECTIVO,REPRESENTATIVE_POINT,
88c2e331e5fffff,Buenos Aires,Tigre,84,DEMANDA_MEDIA,4,COLECTIVO,REPRESENTATIVE_POINT,
88c2e33547fffff,Buenos Aires,Escobar,84,DEMANDA_MEDIA,17,COLECTIVO,REPRESENTATIVE_POINT,
88c2e3371dfffff,Buenos Aires,Escobar,84,DEMANDA_MEDIA,11,COLECTIVO,REPRESENTATIVE_POINT,
88c2e2af51fffff,Buenos Aires,La Plata,84,DEMANDA_MEDIA,6,COLECTIVO,REPRESENTATIVE_POINT,
88c2e3a345fffff,Buenos Aires,Moreno,84,DEMANDA_MEDIA,6,COLECTIVO,REPRESENTATIVE_POINT,
88c2e3a0edfffff,Buenos Aires,Pilar,84,DEMANDA_MEDIA,13,COLECTIVO,REPRESENTATIVE_POINT,
88c2ee0a29fffff,Buenos Aires,Zárate,83,DEMANDA_MEDIA,17,COLECTIVO,REPRESENTATIVE_POINT,
88c2e06e57fffff,Buenos Aires,San Vicente,83,DEMANDA_MEDIA,6,COLECTIVO,REPRESENTATIVE_POINT,
88c2e3ac8dfffff,Buenos Aires,Pilar,83,DEMANDA_MEDIA,7,COLECTIVO,REPRESENTATIVE_POINT,
88c2eec907fffff,Buenos Aires,Campana,83,DEMANDA_MEDIA,6,COLECTIVO,REPRESENTATIVE_POINT,
88c2e33901fffff,Buenos Aires,San Fernando,82,DEMANDA_MEDIA,18,COLECTIVO,INTERSECCION_MAYOR_AREA,
88c2e3b829fffff,Buenos Aires,Ituzaingó,82,DEMANDA_MEDIA,5,COLECTIVO,REPRESENTATIVE_POINT,
88c2eec9adfffff,Buenos Aires,Campana,82,DEMANDA_MEDIA,6,COLECTIVO,REPRESENTATIVE_POINT,
88c2eed9bbfffff,Buenos Aires,Campana,82,DEMANDA_MEDIA,17,COLECTIVO,REPRESENTATIVE_POINT,
88c2e3c25dfffff,Buenos Aires,Florencio Varela,82,DEMANDA_MEDIA,15,COLECTIVO,REPRESENTATIVE_POINT,
88c2e33359fffff,Buenos Aires,Tigre,82,DEMANDA_MEDIA,7,COLECTIVO,REPRESENTATIVE_POINT,
88c2e16633fffff,Buenos Aires,Mercedes,81,DEMANDA_MEDIA,22,COLECTIVO,REPRESENTATIVE_POINT,
88c2e06469fffff,Buenos Aires,San Vicente,81,DEMANDA_MEDIA,17,COLECTIVO,REPRESENTATIVE_POINT,
88c2e3d01dfffff,Buenos Aires,Berazategui,81,DEMANDA_MEDIA,12,COLECTIVO,REPRESENTATIVE_POINT,
88c2e304a3fffff,Buenos Aires,Tigre,81,DEMANDA_MEDIA,7,COLECTIVO,REPRESENTATIVE_POINT,
88c2eecb4bfffff,Buenos Aires,Campana,81,DEMANDA_MEDIA,15,COLECTIVO,REPRESENTATIVE_POINT,
88c2e39891fffff,Buenos Aires,Esteban Echeverría,81,DEMANDA_MEDIA,18,COLECTIVO,REPRESENTATIVE_POINT,
88c2e3a001fffff,Buenos Aires,Moreno,81,DEMANDA_MEDIA,7,COLECTIVO,REPRESENTATIVE_POINT,
88c2e3da11fffff,Buenos Aires,La Plata,81,DEMANDA_MEDIA,6,COLECTIVO,REPRESENTATIVE_POINT,
88c2ee5217fffff,Buenos Aires,Campana,80,DEMANDA_MEDIA,6,COLECTIVO,REPRESENTATIVE_POINT,
88c2e3ba8dfffff,Buenos Aires,Moreno,80,DEMANDA_MEDIA,19,COLECTIVO,REPRESENTATIVE_POINT,
88c2e3b19dfffff,Buenos Aires,Moreno,80,DEMANDA_MEDIA,7,COLECTIVO,REPRESENTATIVE_POINT,
88c2e02e25fffff,Buenos Aires,Cañuelas,80,DEMANDA_MEDIA,22,COLECTIVO,REPRESENTATIVE_POINT,
88c2e306bbfffff,Buenos Aires,Tigre,80,DEMANDA_MEDIA,17,COLECTIVO,REPRESENTATIVE_POINT,
88c2e166edfffff,Buenos Aires,Mercedes,80,DEMANDA_MEDIA,18,COLECTIVO,REPRESENTATIVE_POINT,
88c2e33307fffff,Buenos Aires,Tigre,80,DEMANDA_MEDIA,14,COLECTIVO,REPRESENTATIVE_POINT,
88c2e32219fffff,Buenos Aires,Escobar,80,DEMANDA_MEDIA,17,COLECTIVO,REPRESENTATIVE_POINT,
88c2e3c497fffff,Buenos Aires,Avellaneda,80,DEMANDA_MEDIA,7,COLECTIVO,REPRESENTATIVE_POINT,
88c2e33543fffff,Buenos Aires,Escobar,80,DEMANDA_MEDIA,11,COLECTIVO,REPRESENTATIVE_POINT,
88c2eec93bfffff,Buenos Aires,Campana,80,DEMANDA_MEDIA,7,COLECTIVO,REPRESENTATIVE_POINT,
88c2e16831fffff,Buenos Aires,Luján,79,DEMANDA_MEDIA,12,COLECTIVO,REPRESENTATIVE_POINT,
88c2e330a1fffff,Buenos Aires,Escobar,79,DEMANDA_MEDIA,18,COLECTIVO,REPRESENTATIVE_POINT,
88c2e33011fffff,Buenos Aires,Escobar,79,DEMANDA_MEDIA,12,COLECTIVO,REPRESENTATIVE_POINT,
88c2e166e5fffff,Buenos Aires,Mercedes,79,DEMANDA_MEDIA,6,COLECTIVO,REPRESENTATIVE_POINT,
88c2e1486dfffff,Buenos Aires,Marcos Paz,79,DEMANDA_MEDIA,6,COLECTIVO,REPRESENTATIVE_POINT,
88c2e2ae0dfffff,Buenos Aires,La Plata,79,DEMANDA_MEDIA,15,COLECTIVO,REPRESENTATIVE_POINT,
88c2e3b9e9fffff,Buenos Aires,San Miguel,79,DEMANDA_MEDIA,6,COLECTIVO,REPRESENTATIVE_POINT,
88c2e3ae55fffff,Buenos Aires,Pilar,79,DEMANDA_MEDIA,7,COLECTIVO,REPRESENTATIVE_POINT,
88c2e3adb3fffff,Buenos Aires,Escobar,79,DEMANDA_MEDIA,7,COLECTIVO,REPRESENTATIVE_POINT,
88c2e02e35fffff,Buenos Aires,Cañuelas,79,DEMANDA_MEDIA,14,COLECTIVO,REPRESENTATIVE_POINT,
88c2e3b957fffff,Buenos Aires,Hurlingham,79,DEMANDA_MEDIA,12,COLECTIVO,REPRESENTATIVE_POINT,
88c2e3da9dfffff,Buenos Aires,La Plata,79,DEMANDA_MEDIA,17,COLECTIVO,REPRESENTATIVE_POINT,
88c2e2a653fffff,Buenos Aires,La Plata,79,DEMANDA_MEDIA,12,COLECTIVO,REPRESENTATIVE_POINT,
88c2e38997fffff,Buenos Aires,Lanús,79,DEMANDA_MEDIA,7,COLECTIVO,INTERSECCION_MAYOR_AREA,
88c2ee526bfffff,Buenos Aires,Campana,79,DEMANDA_MEDIA,6,COLECTIVO,REPRESENTATIVE_POINT,
88c2e3b551fffff,Buenos Aires,General Rodríguez,79,DEMANDA_MEDIA,17,COLECTIVO,REPRESENTATIVE_POINT,
88c2e3b18dfffff,Buenos Aires,Moreno,78,DEMANDA_MEDIA,11,COLECTIVO,REPRESENTATIVE_POINT,
88c2eeda85fffff,Buenos Aires,Exaltación de la Cruz,78,DEMANDA_MEDIA,8,COLECTIVO,REPRESENTATIVE_POINT,
88c2e3b86dfffff,Buenos Aires,Ituzaingó,78,DEMANDA_MEDIA,17,COLECTIVO,REPRESENTATIVE_POINT,
88c2e33715fffff,Buenos Aires,Escobar,78,DEMANDA_MEDIA,18,COLECTIVO,REPRESENTATIVE_POINT,
88c2ee9b35fffff,Buenos Aires,Luján,78,DEMANDA_MEDIA,13,COLECTIVO,INTERSECCION_MAYOR_AREA,
88c2e3bac5fffff,Buenos Aires,Moreno,78,DEMANDA_MEDIA,5,COLECTIVO,REPRESENTATIVE_POINT,
88c2e33563fffff,Buenos Aires,Escobar,78,DEMANDA_MEDIA,12,COLECTIVO,REPRESENTATIVE_POINT,
88c2e3b157fffff,Buenos Aires,Moreno,78,DEMANDA_MEDIA,5,COLECTIVO,REPRESENTATIVE_POINT,
88c2e149c3fffff,Buenos Aires,Marcos Paz,77,DEMANDA_MEDIA,17,COLECTIVO,REPRESENTATIVE_POINT,
88c2e1683dfffff,Buenos Aires,Luján,77,DEMANDA_MEDIA,12,COLECTIVO,REPRESENTATIVE_POINT,
88c2e33265fffff,Buenos Aires,Tigre,77,DEMANDA_MEDIA,7,COLECTIVO,REPRESENTATIVE_POINT,
88c2e06023fffff,Buenos Aires,San Vicente,76,DEMANDA_MEDIA,7,COLECTIVO,REPRESENTATIVE_POINT,
88c2e38107fffff,Buenos Aires,Ezeiza,76,DEMANDA_MEDIA,12,COLECTIVO,REPRESENTATIVE_POINT,
88c2e3b599fffff,Buenos Aires,General Rodríguez,76,DEMANDA_MEDIA,17,COLECTIVO,REPRESENTATIVE_POINT,
88c2e23651fffff,Buenos Aires,Ensenada,75,DEMANDA_MEDIA,16,COLECTIVO,REPRESENTATIVE_POINT,
88c2e3b9a5fffff,Buenos Aires,San Miguel,75,DEMANDA_MEDIA,14,COLECTIVO,REPRESENTATIVE_POINT,
88c2e3b151fffff,Buenos Aires,Merlo,75,DEMANDA_MEDIA,5,COLECTIVO,REPRESENTATIVE_POINT,
88c2e304a5fffff,Buenos Aires,Tigre,75,DEMANDA_MEDIA,13,COLECTIVO,REPRESENTATIVE_POINT,
88c2e339c7fffff,Buenos Aires,San Fernando,75,DEMANDA_MEDIA,17,COLECTIVO,REPRESENTATIVE_POINT,
88c2e32461fffff,Buenos Aires,Campana,75,DEMANDA_MEDIA,8,COLECTIVO,REPRESENTATIVE_POINT,
88c2e3a537fffff,Buenos Aires,Pilar,75,DEMANDA_MEDIA,6,COLECTIVO,REPRESENTATIVE_POINT,
88c2e39aa9fffff,Buenos Aires,Esteban Echeverría,74,DEMANDA_MEDIA,15,COLECTIVO,REPRESENTATIVE_POINT,
88c2e3b58dfffff,Buenos Aires,General Rodríguez,74,DEMANDA_MEDIA,7,COLECTIVO,REPRESENTATIVE_POINT,
88c2e3a111fffff,Buenos Aires,Moreno,74,DEMANDA_MEDIA,6,COLECTIVO,REPRESENTATIVE_POINT,
88c2e3d0e7fffff,Buenos Aires,Berazategui,74,DEMANDA_MEDIA,7,COLECTIVO,REPRESENTATIVE_POINT,
88c2ee52e9fffff,Buenos Aires,Campana,74,DEMANDA_MEDIA,12,COLECTIVO,REPRESENTATIVE_POINT,
88c2e2a46dfffff,Buenos Aires,La Plata,74,DEMANDA_MEDIA,12,COLECTIVO,REPRESENTATIVE_POINT,
88c2e3a2d7fffff,Buenos Aires,General Rodríguez,74,DEMANDA_MEDIA,7,COLECTIVO,REPRESENTATIVE_POINT,
88c2e3d611fffff,Buenos Aires,Almirante Brown,74,DEMANDA_MEDIA,16,COLECTIVO,REPRESENTATIVE_POINT,
88c2eec987fffff,Buenos Aires,Campana,74,DEMANDA_MEDIA,16,COLECTIVO,REPRESENTATIVE_POINT,
88c2e3ad41fffff,Buenos Aires,Pilar,74,DEMANDA_MEDIA,12,COLECTIVO,REPRESENTATIVE_POINT,
88c2e3904bfffff,Buenos Aires,Ezeiza,74,DEMANDA_MEDIA,9,COLECTIVO,INTERSECCION_MAYOR_AREA,
88c2e3dab9fffff,Buenos Aires,La Plata,74,DEMANDA_MEDIA,6,COLECTIVO,REPRESENTATIVE_POINT,
88c2e02d21fffff,Buenos Aires,Cañuelas,73,DEMANDA_MEDIA,19,COLECTIVO,REPRESENTATIVE_POINT,
88c2e06439fffff,Buenos Aires,Presidente Perón,73,DEMANDA_MEDIA,16,COLECTIVO,REPRESENTATIVE_POINT,
88c2e314bdfffff,Buenos Aires,Tigre,73,DEMANDA_MEDIA,4,COLECTIVO,REPRESENTATIVE_POINT,
88c2e3b331fffff,Buenos Aires,Merlo,73,DEMANDA_MEDIA,5,COLECTIVO,REPRESENTATIVE_POINT,
88c2e3a02bfffff,Buenos Aires,Moreno,73,DEMANDA_MEDIA,7,COLECTIVO,REPRESENTATIVE_POINT,
88c2e38765fffff,Buenos Aires,La Matanza,73,DEMANDA_MEDIA,7,COLECTIVO,REPRESENTATIVE_POINT,
88c2e2a49dfffff,Buenos Aires,La Plata,73,DEMANDA_MEDIA,16,COLECTIVO,REPRESENTATIVE_POINT,
88c2eec9b3fffff,Buenos Aires,Campana,73,DEMANDA_MEDIA,14,COLECTIVO,REPRESENTATIVE_POINT,
88c2e3335bfffff,Buenos Aires,Tigre,72,DEMANDA_MEDIA,12,COLECTIVO,REPRESENTATIVE_POINT,
88c2e14305fffff,Buenos Aires,General Las Heras,72,DEMANDA_MEDIA,21,COLECTIVO,REPRESENTATIVE_POINT,
88c2e3220bfffff,Buenos Aires,Escobar,72,DEMANDA_MEDIA,16,COLECTIVO,REPRESENTATIVE_POINT,
88c2e33237fffff,Buenos Aires,Escobar,72,DEMANDA_MEDIA,12,COLECTIVO,REPRESENTATIVE_POINT,
88c2e064a3fffff,Buenos Aires,San Vicente,72,DEMANDA_MEDIA,16,COLECTIVO,REPRESENTATIVE_POINT,
88c2e16a81fffff,Buenos Aires,Luján,72,DEMANDA_MEDIA,7,COLECTIVO,REPRESENTATIVE_POINT,
88c2e02dbbfffff,Buenos Aires,Cañuelas,72,DEMANDA_MEDIA,17,COLECTIVO,REPRESENTATIVE_POINT,
88c2e168d9fffff,Buenos Aires,Luján,72,DEMANDA_MEDIA,7,COLECTIVO,REPRESENTATIVE_POINT,
88c2e38f49fffff,Buenos Aires,La Matanza,72,DEMANDA_MEDIA,11,COLECTIVO,REPRESENTATIVE_POINT,
88c2e3a055fffff,Buenos Aires,Moreno,72,DEMANDA_MEDIA,5,COLECTIVO,REPRESENTATIVE_POINT,
88c2e2a423fffff,Buenos Aires,La Plata,72,DEMANDA_MEDIA,6,COLECTIVO,REPRESENTATIVE_POINT,
88c2ee52a9fffff,Buenos Aires,Zárate,72,DEMANDA_MEDIA,15,COLECTIVO,REPRESENTATIVE_POINT,
88c2e3a261fffff,Buenos Aires,Moreno,72,DEMANDA_MEDIA,17,COLECTIVO,REPRESENTATIVE_POINT,
88c2e3c487fffff,Buenos Aires,Avellaneda,71,DEMANDA_MEDIA,7,COLECTIVO,REPRESENTATIVE_POINT,
88c2e33749fffff,Buenos Aires,Escobar,71,DEMANDA_MEDIA,7,COLECTIVO,REPRESENTATIVE_POINT,
88c2e3a927fffff,Buenos Aires,Tigre,71,DEMANDA_MEDIA,14,COLECTIVO,REPRESENTATIVE_POINT,
88c2e3c2e7fffff,Buenos Aires,Berazategui,71,DEMANDA_MEDIA,11,COLECTIVO,REPRESENTATIVE_POINT,
88c2e3a84dfffff,Buenos Aires,Malvinas Argentinas,71,DEMANDA_MEDIA,7,COLECTIVO,REPRESENTATIVE_POINT,
88c2e39aa1fffff,Buenos Aires,Esteban Echeverría,71,DEMANDA_MEDIA,18,COLECTIVO,REPRESENTATIVE_POINT,
88c2e3b4bbfffff,Buenos Aires,General Rodríguez,71,DEMANDA_MEDIA,12,COLECTIVO,REPRESENTATIVE_POINT,
88c2e33233fffff,Buenos Aires,Escobar,71,DEMANDA_MEDIA,13,COLECTIVO,REPRESENTATIVE_POINT,
88c2ee8da1fffff,Buenos Aires,San Antonio de Areco,70,DEMANDA_MEDIA,17,COLECTIVO,REPRESENTATIVE_POINT,
88c2e30653fffff,Buenos Aires,Tigre,70,DEMANDA_MEDIA,6,COLECTIVO,REPRESENTATIVE_POINT,
88c2e069e5fffff,Buenos Aires,Brandsen,70,DEMANDA_MEDIA,16,COLECTIVO,REPRESENTATIVE_POINT,
88c2e3b5a1fffff,Buenos Aires,General Rodríguez,70,DEMANDA_MEDIA,7,COLECTIVO,REPRESENTATIVE_POINT,
88c2e33285fffff,Buenos Aires,Escobar,70,DEMANDA_MEDIA,7,COLECTIVO,REPRESENTATIVE_POINT,
88c2eec9e7fffff,Buenos Aires,Campana,70,DEMANDA_MEDIA,7,COLECTIVO,REPRESENTATIVE_POINT,
88c2e3a899fffff,Buenos Aires,Pilar,70,DEMANDA_MEDIA,7,COLECTIVO,REPRESENTATIVE_POINT,
88c2e3ca25fffff,Buenos Aires,Ensenada,70,DEMANDA_MEDIA,6,COLECTIVO,REPRESENTATIVE_POINT,
88c2e3a993fffff,Buenos Aires,Tigre,69,DEMANDA_MEDIA,16,COLECTIVO,REPRESENTATIVE_POINT,
88c2e3d70dfffff,Buenos Aires,Florencio Varela,69,DEMANDA_MEDIA,8,COLECTIVO,REPRESENTATIVE_POINT,
88c2e3a0abfffff,Buenos Aires,Pilar,69,DEMANDA_MEDIA,7,COLECTIVO,REPRESENTATIVE_POINT,
88c2e2ac23fffff,Buenos Aires,La Plata,69,DEMANDA_MEDIA,8,COLECTIVO,REPRESENTATIVE_POINT,
88c2eecca1fffff,Buenos Aires,Zárate,68,DEMANDA_MEDIA,13,COLECTIVO,REPRESENTATIVE_POINT,
88c2e236c7fffff,Buenos Aires,Ensenada,68,DEMANDA_MEDIA,7,COLECTIVO,REPRESENTATIVE_POINT,
88c2e3b105fffff,Buenos Aires,Moreno,68,DEMANDA_MEDIA,5,COLECTIVO,REPRESENTATIVE_POINT,
88c2e16dbdfffff,Buenos Aires,Luján,68,DEMANDA_MEDIA,14,COLECTIVO,REPRESENTATIVE_POINT,
88c2e33747fffff,Buenos Aires,Escobar,68,DEMANDA_MEDIA,8,COLECTIVO,REPRESENTATIVE_POINT,
88c2e16dabfffff,Buenos Aires,Luján,68,DEMANDA_MEDIA,14,COLECTIVO,REPRESENTATIVE_POINT,
88c2e06535fffff,Buenos Aires,San Vicente,68,DEMANDA_MEDIA,7,COLECTIVO,REPRESENTATIVE_POINT,
88c2e39b47fffff,Buenos Aires,Presidente Perón,68,DEMANDA_MEDIA,12,COLECTIVO,REPRESENTATIVE_POINT,
88c2e3a883fffff,Buenos Aires,Pilar,68,DEMANDA_MEDIA,16,COLECTIVO,REPRESENTATIVE_POINT,
88c2e2a581fffff,Buenos Aires,La Plata,68,DEMANDA_MEDIA,7,COLECTIVO,REPRESENTATIVE_POINT,
88c2ee9893fffff,Buenos Aires,San Andrés de Giles,68,DEMANDA_MEDIA,6,COLECTIVO,REPRESENTATIVE_POINT,
88c2e3ba4bfffff,Buenos Aires,Merlo,68,DEMANDA_MEDIA,12,COLECTIVO,REPRESENTATIVE_POINT,
88c2e3a007fffff,Buenos Aires,Moreno,68,DEMANDA_MEDIA,7,COLECTIVO,REPRESENTATIVE_POINT,
88c2e33317fffff,Buenos Aires,Tigre,68,DEMANDA_MEDIA,14,COLECTIVO,REPRESENTATIVE_POINT,
88c2e3b199fffff,Buenos Aires,Moreno,68,DEMANDA_MEDIA,5,COLECTIVO,REPRESENTATIVE_POINT,
88c2e16ab1fffff,Buenos Aires,Luján,68,DEMANDA_MEDIA,16,COLECTIVO,REPRESENTATIVE_POINT,
88c2e3db49fffff,Buenos Aires,La Plata,68,DEMANDA_MEDIA,12,COLECTIVO,REPRESENTATIVE_POINT,
88c2eec025fffff,Buenos Aires,Exaltación de la Cruz,68,DEMANDA_MEDIA,8,COLECTIVO,REPRESENTATIVE_POINT,
88c2e306c3fffff,Buenos Aires,Tigre,68,DEMANDA_MEDIA,15,COLECTIVO,REPRESENTATIVE_POINT,
88c2e16c07fffff,Buenos Aires,Luján,67,DEMANDA_MEDIA,15,COLECTIVO,REPRESENTATIVE_POINT,
88c2e33545fffff,Buenos Aires,Escobar,67,DEMANDA_MEDIA,15,COLECTIVO,REPRESENTATIVE_POINT,
88c2e3a19bfffff,Buenos Aires,Pilar,67,DEMANDA_MEDIA,8,COLECTIVO,REPRESENTATIVE_POINT,
88c2e3d265fffff,Buenos Aires,La Plata,67,DEMANDA_MEDIA,6,COLECTIVO,REPRESENTATIVE_POINT,
88c2e336adfffff,Buenos Aires,Escobar,67,DEMANDA_MEDIA,17,COLECTIVO,REPRESENTATIVE_POINT,
88c2e336b3fffff,Buenos Aires,Campana,67,DEMANDA_MEDIA,17,COLECTIVO,REPRESENTATIVE_POINT,
88c2e3a963fffff,Buenos Aires,Tigre,67,DEMANDA_MEDIA,12,COLECTIVO,REPRESENTATIVE_POINT,
88c2e3ad9dfffff,Buenos Aires,Escobar,67,DEMANDA_MEDIA,6,COLECTIVO,REPRESENTATIVE_POINT,
88c2e0602dfffff,Buenos Aires,San Vicente,67,DEMANDA_MEDIA,17,COLECTIVO,REPRESENTATIVE_POINT,
88c2e060bbfffff,Buenos Aires,San Vicente,67,DEMANDA_MEDIA,6,COLECTIVO,REPRESENTATIVE_POINT,
88c2e3c369fffff,Buenos Aires,Berazategui,67,DEMANDA_MEDIA,6,COLECTIVO,REPRESENTATIVE_POINT,
88c2e16615fffff,Buenos Aires,Mercedes,67,DEMANDA_MEDIA,21,COLECTIVO,REPRESENTATIVE_POINT,
88c2e3c455fffff,Buenos Aires,Quilmes,67,DEMANDA_MEDIA,7,COLECTIVO,REPRESENTATIVE_POINT,
88c2e3d54bfffff,Buenos Aires,Florencio Varela,67,DEMANDA_MEDIA,6,COLECTIVO,REPRESENTATIVE_POINT,
88c2e3a255fffff,Buenos Aires,General Rodríguez,67,DEMANDA_MEDIA,10,COLECTIVO,REPRESENTATIVE_POINT,
88c2e3a823fffff,Buenos Aires,Malvinas Argentinas,67,DEMANDA_MEDIA,17,COLECTIVO,REPRESENTATIVE_POINT,
88c2e16957fffff,Buenos Aires,Luján,67,DEMANDA_MEDIA,10,COLECTIVO,REPRESENTATIVE_POINT,
88c2e02c33fffff,Buenos Aires,Cañuelas,67,DEMANDA_MEDIA,16,COLECTIVO,REPRESENTATIVE_POINT,
88c2e1c1e5fffff,Buenos Aires,Lobos,66,DEMANDA_MEDIA,13,COLECTIVO,REPRESENTATIVE_POINT,
88c2eeda69fffff,Buenos Aires,Pilar,66,DEMANDA_MEDIA,12,COLECTIVO,REPRESENTATIVE_POINT,
88c2e168a3fffff,Buenos Aires,Luján,66,DEMANDA_MEDIA,17,COLECTIVO,REPRESENTATIVE_POINT,
88c2e2acabfffff,Buenos Aires,Berisso,66,DEMANDA_MEDIA,11,COLECTIVO,REPRESENTATIVE_POINT,
88c2eec847fffff,Buenos Aires,Campana,66,DEMANDA_MEDIA,12,COLECTIVO,REPRESENTATIVE_POINT,
88c2e31261fffff,Ciudad Autónoma de Buenos Aires,Comuna 8,66,DEMANDA_MEDIA,7,COLECTIVO,REPRESENTATIVE_POINT,
88c2e168a5fffff,Buenos Aires,Luján,66,DEMANDA_MEDIA,12,COLECTIVO,REPRESENTATIVE_POINT,
88c2e060a9fffff,Buenos Aires,San Vicente,66,DEMANDA_MEDIA,17,COLECTIVO,REPRESENTATIVE_POINT,
88c2e3d6adfffff,Buenos Aires,Almirante Brown,66,DEMANDA_MEDIA,17,COLECTIVO,REPRESENTATIVE_POINT,
88c2e1ca91fffff,Buenos Aires,Lobos,66,DEMANDA_MEDIA,7,COLECTIVO,REPRESENTATIVE_POINT,
88c2e3c213fffff,Buenos Aires,Florencio Varela,66,DEMANDA_MEDIA,10,COLECTIVO,REPRESENTATIVE_POINT,
88c2e3c257fffff,Buenos Aires,Florencio Varela,66,DEMANDA_MEDIA,6,COLECTIVO,REPRESENTATIVE_POINT,
88c2e2ae1dfffff,Buenos Aires,La Plata,65,DEMANDA_MEDIA,8,COLECTIVO,REPRESENTATIVE_POINT,
88c2e332b1fffff,Buenos Aires,Escobar,65,DEMANDA_MEDIA,7,COLECTIVO,REPRESENTATIVE_POINT,
88c2e02f17fffff,Buenos Aires,Cañuelas,65,DEMANDA_MEDIA,10,COLECTIVO,REPRESENTATIVE_POINT,
88c2e332a1fffff,Buenos Aires,Escobar,65,DEMANDA_MEDIA,10,COLECTIVO,REPRESENTATIVE_POINT,
88c2eec699fffff,Buenos Aires,San Andrés de Giles,65,DEMANDA_MEDIA,15,COLECTIVO,REPRESENTATIVE_POINT,
88c2eed637fffff,Buenos Aires,San Andrés de Giles,65,DEMANDA_MEDIA,12,COLECTIVO,REPRESENTATIVE_POINT,
88c2e3ac17fffff,Buenos Aires,Pilar,65,DEMANDA_MEDIA,12,COLECTIVO,REPRESENTATIVE_POINT,
88c2e3c0e3fffff,Buenos Aires,Berazategui,65,DEMANDA_MEDIA,8,COLECTIVO,REPRESENTATIVE_POINT,
88c2e232bdfffff,Buenos Aires,Berisso,65,DEMANDA_MEDIA,13,COLECTIVO,REPRESENTATIVE_POINT,
88c2eec239fffff,Buenos Aires,Exaltación de la Cruz,65,DEMANDA_MEDIA,16,COLECTIVO,REPRESENTATIVE_POINT,
88c2e334cbfffff,Buenos Aires,Campana,65,DEMANDA_MEDIA,18,COLECTIVO,REPRESENTATIVE_POINT,
88c2e30657fffff,Buenos Aires,Tigre,65,DEMANDA_MEDIA,8,COLECTIVO,REPRESENTATIVE_POINT,
88c2e3a8e7fffff,Buenos Aires,Escobar,65,DEMANDA_MEDIA,7,COLECTIVO,REPRESENTATIVE_POINT,
88c2e39909fffff,Buenos Aires,Almirante Brown,65,DEMANDA_MEDIA,7,COLECTIVO,REPRESENTATIVE_POINT,
88c2e14b45fffff,Buenos Aires,Marcos Paz,64,DEMANDA_MEDIA,18,COLECTIVO,REPRESENTATIVE_POINT,
88c2e06507fffff,Buenos Aires,San Vicente,64,DEMANDA_MEDIA,12,COLECTIVO,REPRESENTATIVE_POINT,
88c2e39a15fffff,Buenos Aires,Esteban Echeverría,64,DEMANDA_MEDIA,14,COLECTIVO,REPRESENTATIVE_POINT,
88c2e3309bfffff,Buenos Aires,Escobar,64,DEMANDA_MEDIA,12,COLECTIVO,REPRESENTATIVE_POINT,
88c2e3d705fffff,Buenos Aires,Florencio Varela,64,DEMANDA_MEDIA,11,COLECTIVO,REPRESENTATIVE_POINT,
88c2e3d35bfffff,Buenos Aires,La Plata,64,DEMANDA_MEDIA,7,COLECTIVO,REPRESENTATIVE_POINT,
88c2e3ac57fffff,Buenos Aires,Pilar,64,DEMANDA_MEDIA,12,COLECTIVO,REPRESENTATIVE_POINT,
88c2e16f35fffff,Buenos Aires,Luján,64,DEMANDA_MEDIA,13,COLECTIVO,REPRESENTATIVE_POINT,
88c2e3dac3fffff,Buenos Aires,La Plata,64,DEMANDA_MEDIA,6,COLECTIVO,REPRESENTATIVE_POINT,
88c2e3db51fffff,Buenos Aires,La Plata,64,DEMANDA_MEDIA,12,COLECTIVO,REPRESENTATIVE_POINT,
88c2e3b591fffff,Buenos Aires,General Rodríguez,64,DEMANDA_MEDIA,18,COLECTIVO,REPRESENTATIVE_POINT,
88c2e0c927fffff,Buenos Aires,Chascomús,64,DEMANDA_MEDIA,11,TREN,REPRESENTATIVE_POINT,
88c2e3950dfffff,Buenos Aires,La Matanza,64,DEMANDA_MEDIA,5,COLECTIVO,REPRESENTATIVE_POINT,
88c2ee5351fffff,Buenos Aires,Campana,64,DEMANDA_MEDIA,9,COLECTIVO,REPRESENTATIVE_POINT,
88c2e3145bfffff,Buenos Aires,General San Martín,64,DEMANDA_MEDIA,7,COLECTIVO,REPRESENTATIVE_POINT,
88c2e1ca99fffff,Buenos Aires,Lobos,64,DEMANDA_MEDIA,7,COLECTIVO,REPRESENTATIVE_POINT,
88c2e3da21fffff,Buenos Aires,La Plata,64,DEMANDA_MEDIA,7,COLECTIVO,REPRESENTATIVE_POINT,
88c2e33817fffff,Buenos Aires,Tigre,63,DEMANDA_MEDIA,9,COLECTIVO,REPRESENTATIVE_POINT,
88c2e30261fffff,Ciudad Autónoma de Buenos Aires,Comuna 14,63,DEMANDA_MEDIA,12,COLECTIVO,REPRESENTATIVE_POINT,
88c2e3c11bfffff,Buenos Aires,Berazategui,63,DEMANDA_MEDIA,16,COLECTIVO,REPRESENTATIVE_POINT,
88c2e3d86bfffff,Buenos Aires,La Plata,63,DEMANDA_MEDIA,12,COLECTIVO,REPRESENTATIVE_POINT,
88c2e3a015fffff,Buenos Aires,Pilar,63,DEMANDA_MEDIA,14,COLECTIVO,REPRESENTATIVE_POINT,
88c2e33085fffff,Buenos Aires,Escobar,63,DEMANDA_MEDIA,15,COLECTIVO,REPRESENTATIVE_POINT,
88c2e3d335fffff,Buenos Aires,La Plata,63,DEMANDA_MEDIA,7,COLECTIVO,REPRESENTATIVE_POINT,
88c2e02c6dfffff,Buenos Aires,Cañuelas,63,DEMANDA_MEDIA,19,COLECTIVO,REPRESENTATIVE_POINT,
88c2eeda05fffff,Buenos Aires,Pilar,63,DEMANDA_MEDIA,17,COLECTIVO,REPRESENTATIVE_POINT,
88c2e39a43fffff,Buenos Aires,Esteban Echeverría,63,DEMANDA_MEDIA,17,COLECTIVO,REPRESENTATIVE_POINT,
88c2e06cddfffff,Buenos Aires,Presidente Perón,63,DEMANDA_MEDIA,12,COLECTIVO,REPRESENTATIVE_POINT,
88c2e3da17fffff,Buenos Aires,La Plata,63,DEMANDA_MEDIA,12,COLECTIVO,REPRESENTATIVE_POINT,
88c2e16961fffff,Buenos Aires,Luján,62,DEMANDA_MEDIA,8,COLECTIVO,REPRESENTATIVE_POINT,
88c2e3b581fffff,Buenos Aires,General Rodríguez,62,DEMANDA_MEDIA,12,COLECTIVO,REPRESENTATIVE_POINT,
88c2e33089fffff,Buenos Aires,Escobar,62,DEMANDA_MEDIA,17,COLECTIVO,REPRESENTATIVE_POINT,
88c2e339d5fffff,Buenos Aires,San Fernando,62,DEMANDA_MEDIA,12,COLECTIVO,REPRESENTATIVE_POINT,
88c2e3ae99fffff,Buenos Aires,Pilar,62,DEMANDA_MEDIA,17,COLECTIVO,REPRESENTATIVE_POINT,
88c2e16739fffff,Buenos Aires,Mercedes,62,DEMANDA_MEDIA,7,COLECTIVO,REPRESENTATIVE_POINT,
88c2eec35bfffff,Buenos Aires,Exaltación de la Cruz,62,DEMANDA_MEDIA,7,COLECTIVO,REPRESENTATIVE_POINT,
88c2e38ca9fffff,Buenos Aires,Morón,62,DEMANDA_MEDIA,17,COLECTIVO,REPRESENTATIVE_POINT,
88c2e3349bfffff,Buenos Aires,Campana,62,DEMANDA_MEDIA,6,COLECTIVO,REPRESENTATIVE_POINT,
88c2eeda07fffff,Buenos Aires,Pilar,62,DEMANDA_MEDIA,17,COLECTIVO,REPRESENTATIVE_POINT,
88c2e3d067fffff,Buenos Aires,La Plata,61,DEMANDA_MEDIA,17,COLECTIVO,REPRESENTATIVE_POINT,
88c2e33227fffff,Buenos Aires,Tigre,61,DEMANDA_MEDIA,17,COLECTIVO,REPRESENTATIVE_POINT,
88c2e3a723fffff,Buenos Aires,General Rodríguez,61,DEMANDA_MEDIA,7,COLECTIVO,REPRESENTATIVE_POINT,
88c2eec90dfffff,Buenos Aires,Campana,61,DEMANDA_MEDIA,7,COLECTIVO,REPRESENTATIVE_POINT,
88c2e390e7fffff,Buenos Aires,Ezeiza,61,DEMANDA_MEDIA,17,COLECTIVO,REPRESENTATIVE_POINT,
88c2e3068dfffff,Buenos Aires,Tigre,61,DEMANDA_MEDIA,18,COLECTIVO,REPRESENTATIVE_POINT,
88c2e3852dfffff,Buenos Aires,Merlo,61,DEMANDA_MEDIA,21,COLECTIVO,REPRESENTATIVE_POINT,
88c2e39509fffff,Buenos Aires,La Matanza,61,DEMANDA_MEDIA,8,COLECTIVO,REPRESENTATIVE_POINT,
88c2eed84dfffff,Buenos Aires,Pilar,61,DEMANDA_MEDIA,17,COLECTIVO,REPRESENTATIVE_POINT,
88c2e3a549fffff,Buenos Aires,General Rodríguez,61,DEMANDA_MEDIA,17,COLECTIVO,REPRESENTATIVE_POINT,
88c2e1663bfffff,Buenos Aires,Mercedes,61,DEMANDA_MEDIA,6,COLECTIVO,REPRESENTATIVE_POINT,
88c2eec159fffff,Buenos Aires,Exaltación de la Cruz,61,DEMANDA_MEDIA,7,COLECTIVO,REPRESENTATIVE_POINT,
88c2e3d811fffff,Buenos Aires,La Plata,61,DEMANDA_MEDIA,7,COLECTIVO,REPRESENTATIVE_POINT,
88c2e306bdfffff,Buenos Aires,Tigre,60,DEMANDA_MEDIA,17,COLECTIVO,REPRESENTATIVE_POINT,
88c2e331d5fffff,Buenos Aires,Escobar,60,DEMANDA_MEDIA,19,COLECTIVO,REPRESENTATIVE_POINT,
88c2e30297fffff,Buenos Aires,San Isidro,60,DEMANDA_MEDIA,14,COLECTIVO,REPRESENTATIVE_POINT,
88c2e1682bfffff,Buenos Aires,Luján,60,DEMANDA_MEDIA,7,COLECTIVO,REPRESENTATIVE_POINT,
88c2eeda23fffff,Buenos Aires,Pilar,60,DEMANDA_MEDIA,15,COLECTIVO,REPRESENTATIVE_POINT,
88c2e3ad61fffff,Buenos Aires,Pilar,60,DEMANDA_MEDIA,5,COLECTIVO,REPRESENTATIVE_POINT,
88c2eec949fffff,Buenos Aires,Campana,60,DEMANDA_MEDIA,7,COLECTIVO,REPRESENTATIVE_POINT,
88c2e3c567fffff,Buenos Aires,Quilmes,60,DEMANDA_MEDIA,6,COLECTIVO,NEAREST,548.775579958911
88c2e168a1fffff,Buenos Aires,Luján,59,DEMANDA_MEDIA,7,COLECTIVO,REPRESENTATIVE_POINT,
88c2e2a6bdfffff,Buenos Aires,La Plata,59,DEMANDA_MEDIA,18,COLECTIVO,REPRESENTATIVE_POINT,
88c2e33099fffff,Buenos Aires,Escobar,59,DEMANDA_MEDIA,13,COLECTIVO,REPRESENTATIVE_POINT,
88c2e06cb1fffff,Buenos Aires,Presidente Perón,59,DEMANDA_MEDIA,18,COLECTIVO,REPRESENTATIVE_POINT,
88c2eec361fffff,Buenos Aires,Exaltación de la Cruz,59,DEMANDA_MEDIA,8,COLECTIVO,REPRESENTATIVE_POINT,
88c2e3a263fffff,Buenos Aires,Moreno,58,DEMANDA_MEDIA,17,COLECTIVO,REPRESENTATIVE_POINT,
88c2e3b02dfffff,Buenos Aires,Moreno,58,DEMANDA_MEDIA,14,COLECTIVO,REPRESENTATIVE_POINT,
88c2e330c9fffff,Buenos Aires,Escobar,58,DEMANDA_MEDIA,16,COLECTIVO,REPRESENTATIVE_POINT,
88c2e3a547fffff,Buenos Aires,Pilar,58,DEMANDA_MEDIA,16,COLECTIVO,REPRESENTATIVE_POINT,
88c2e33b29fffff,Buenos Aires,Tigre,58,DEMANDA_MEDIA,17,COLECTIVO,REPRESENTATIVE_POINT,
88c2e316d3fffff,Buenos Aires,San Miguel,58,DEMANDA_MEDIA,15,COLECTIVO,REPRESENTATIVE_POINT,
88c2e02d05fffff,Buenos Aires,Cañuelas,58,DEMANDA_MEDIA,13,COLECTIVO,REPRESENTATIVE_POINT,
88c2e398d5fffff,Buenos Aires,Esteban Echeverría,58,DEMANDA_MEDIA,7,COLECTIVO,REPRESENTATIVE_POINT,
88c2e33ab3fffff,Buenos Aires,Tigre,58,DEMANDA_MEDIA,15,COLECTIVO,REPRESENTATIVE_POINT,
88c2e3ad43fffff,Buenos Aires,Pilar,58,DEMANDA_MEDIA,16,COLECTIVO,REPRESENTATIVE_POINT,
88c2e3d133fffff,Buenos Aires,La Plata,58,DEMANDA_MEDIA,16,COLECTIVO,REPRESENTATIVE_POINT,
88c2e06505fffff,Buenos Aires,San Vicente,58,DEMANDA_MEDIA,18,COLECTIVO,REPRESENTATIVE_POINT,
88c2e2a537fffff,Buenos Aires,La Plata,58,DEMANDA_MEDIA,12,COLECTIVO,REPRESENTATIVE_POINT,
88c2e3851bfffff,Buenos Aires,Merlo,57,DEMANDA_MEDIA,8,COLECTIVO,REPRESENTATIVE_POINT,
88c2e166c3fffff,Buenos Aires,Mercedes,57,DEMANDA_MEDIA,6,COLECTIVO,REPRESENTATIVE_POINT,
88c2e33693fffff,Buenos Aires,Campana,57,DEMANDA_MEDIA,17,COLECTIVO,REPRESENTATIVE_POINT,
88c2ee5263fffff,Buenos Aires,Campana,57,DEMANDA_MEDIA,19,COLECTIVO,REPRESENTATIVE_POINT,
88c2e33811fffff,Buenos Aires,Tigre,57,DEMANDA_MEDIA,7,COLECTIVO,REPRESENTATIVE_POINT,
88c2e331a1fffff,Buenos Aires,Escobar,57,DEMANDA_MEDIA,9,COLECTIVO,REPRESENTATIVE_POINT,
88c2e3ae11fffff,Buenos Aires,Pilar,57,DEMANDA_MEDIA,7,COLECTIVO,REPRESENTATIVE_POINT,
88c2e38101fffff,Buenos Aires,Ezeiza,57,DEMANDA_MEDIA,5,COLECTIVO,REPRESENTATIVE_POINT,
88c2e065d9fffff,Buenos Aires,Presidente Perón,57,DEMANDA_MEDIA,17,COLECTIVO,REPRESENTATIVE_POINT,
88c2eedb55fffff,Buenos Aires,Pilar,57,DEMANDA_MEDIA,18,COLECTIVO,REPRESENTATIVE_POINT,
88c2e3aea1fffff,Buenos Aires,Pilar,57,DEMANDA_MEDIA,14,COLECTIVO,REPRESENTATIVE_POINT,
88c2e169c1fffff,Buenos Aires,Luján,56,DEMANDA_MEDIA,12,COLECTIVO,REPRESENTATIVE_POINT,
88c2e306d9fffff,Buenos Aires,Tigre,56,DEMANDA_MEDIA,13,COLECTIVO,REPRESENTATIVE_POINT,
88c2eecb41fffff,Buenos Aires,Campana,56,DEMANDA_MEDIA,16,COLECTIVO,REPRESENTATIVE_POINT,
88c2e32243fffff,Buenos Aires,Escobar,56,DEMANDA_MEDIA,15,COLECTIVO,REPRESENTATIVE_POINT,
88c2ee5285fffff,Buenos Aires,Zárate,56,DEMANDA_MEDIA,16,COLECTIVO,REPRESENTATIVE_POINT,
88c2e3a8c7fffff,Buenos Aires,Pilar,56,DEMANDA_MEDIA,18,COLECTIVO,REPRESENTATIVE_POINT,
88c2e3a0e3fffff,Buenos Aires,Pilar,56,DEMANDA_MEDIA,18,COLECTIVO,REPRESENTATIVE_POINT,
88c2e3d0b3fffff,Buenos Aires,Florencio Varela,55,DEMANDA_MEDIA,6,COLECTIVO,REPRESENTATIVE_POINT,
88c2e306c1fffff,Buenos Aires,Tigre,55,DEMANDA_MEDIA,19,COLECTIVO,REPRESENTATIVE_POINT,
88c2e06461fffff,Buenos Aires,San Vicente,55,DEMANDA_MEDIA,7,COLECTIVO,REPRESENTATIVE_POINT,
88c2e06961fffff,Buenos Aires,La Plata,55,DEMANDA_MEDIA,7,COLECTIVO,REPRESENTATIVE_POINT,
88c2e2a445fffff,Buenos Aires,La Plata,55,DEMANDA_MEDIA,7,COLECTIVO,REPRESENTATIVE_POINT,
88c2e2aec5fffff,Buenos Aires,La Plata,55,DEMANDA_MEDIA,7,COLECTIVO,REPRESENTATIVE_POINT,
88c2e336a1fffff,Buenos Aires,Escobar,55,DEMANDA_MEDIA,7,COLECTIVO,REPRESENTATIVE_POINT,
88c2e331a9fffff,Buenos Aires,Escobar,55,DEMANDA_MEDIA,5,COLECTIVO,REPRESENTATIVE_POINT,
88c2e02e0bfffff,Buenos Aires,Cañuelas,55,DEMANDA_MEDIA,7,COLECTIVO,REPRESENTATIVE_POINT,
88c2e39557fffff,Buenos Aires,La Matanza,55,DEMANDA_MEDIA,6,COLECTIVO,REPRESENTATIVE_POINT,
88c2e39a13fffff,Buenos Aires,Esteban Echeverría,55,DEMANDA_MEDIA,13,COLECTIVO,REPRESENTATIVE_POINT,
88c2e16911fffff,Buenos Aires,Luján,54,DEMANDA_MEDIA,7,COLECTIVO,REPRESENTATIVE_POINT,
88c2e0643bfffff,Buenos Aires,San Vicente,54,DEMANDA_MEDIA,16,COLECTIVO,REPRESENTATIVE_POINT,
88c2e3d767fffff,Buenos Aires,Florencio Varela,54,DEMANDA_MEDIA,16,COLECTIVO,REPRESENTATIVE_POINT,
88c2e3a995fffff,Buenos Aires,Tigre,54,DEMANDA_MEDIA,7,COLECTIVO,REPRESENTATIVE_POINT,
88c2eedb57fffff,Buenos Aires,Pilar,54,DEMANDA_MEDIA,15,COLECTIVO,REPRESENTATIVE_POINT,
88c2e14a93fffff,Buenos Aires,General Las Heras,54,DEMANDA_MEDIA,6,COLECTIVO,REPRESENTATIVE_POINT,
88c2e332bbfffff,Buenos Aires,Escobar,54,DEMANDA_MEDIA,8,COLECTIVO,REPRESENTATIVE_POINT,
88c2e33ac3fffff,Buenos Aires,Tigre,54,DEMANDA_MEDIA,12,COLECTIVO,REPRESENTATIVE_POINT,
88c2ee554dfffff,Buenos Aires,Zárate,54,DEMANDA_MEDIA,7,COLECTIVO,REPRESENTATIVE_POINT,
88c2e39543fffff,Buenos Aires,La Matanza,54,DEMANDA_MEDIA,5,COLECTIVO,REPRESENTATIVE_POINT,
88c2e3a64dfffff,Buenos Aires,General Rodríguez,54,DEMANDA_MEDIA,17,COLECTIVO,REPRESENTATIVE_POINT,
88c2eec20dfffff,Buenos Aires,Exaltación de la Cruz,54,DEMANDA_MEDIA,9,COLECTIVO,REPRESENTATIVE_POINT,
88c2e3d2bbfffff,Buenos Aires,Florencio Varela,53,DEMANDA_MEDIA,7,COLECTIVO,REPRESENTATIVE_POINT,
88c2e2a6d5fffff,Buenos Aires,La Plata,53,DEMANDA_MEDIA,11,COLECTIVO,REPRESENTATIVE_POINT,
88c2e06157fffff,Buenos Aires,San Vicente,53,DEMANDA_MEDIA,18,COLECTIVO,REPRESENTATIVE_POINT,
88c2eed343fffff,Buenos Aires,Luján,53,DEMANDA_MEDIA,7,COLECTIVO,REPRESENTATIVE_POINT,
88c2e3aae7fffff,Buenos Aires,Malvinas Argentinas,53,DEMANDA_MEDIA,8,COLECTIVO,REPRESENTATIVE_POINT,
88c2e304abfffff,Buenos Aires,Tigre,53,DEMANDA_MEDIA,7,COLECTIVO,REPRESENTATIVE_POINT,
88c2e3da83fffff,Buenos Aires,La Plata,53,DEMANDA_MEDIA,16,COLECTIVO,REPRESENTATIVE_POINT,
88c2eeda45fffff,Buenos Aires,Pilar,53,DEMANDA_MEDIA,15,COLECTIVO,REPRESENTATIVE_POINT,
88c2e30405fffff,Buenos Aires,Tigre,53,DEMANDA_MEDIA,13,COLECTIVO,REPRESENTATIVE_POINT,
88c2eed1dbfffff,Buenos Aires,Exaltación de la Cruz,53,DEMANDA_MEDIA,17,COLECTIVO,REPRESENTATIVE_POINT,
88c2e06401fffff,Buenos Aires,Presidente Perón,53,DEMANDA_MEDIA,17,COLECTIVO,REPRESENTATIVE_POINT,
88c2e12937fffff,Buenos Aires,Mercedes,52,DEMANDA_MEDIA,11,COLECTIVO,REPRESENTATIVE_POINT,
88c2e33017fffff,Buenos Aires,Escobar,52,DEMANDA_MEDIA,7,COLECTIVO,REPRESENTATIVE_POINT,
88c2e1682dfffff,Buenos Aires,Luján,52,DEMANDA_MEDIA,6,COLECTIVO,REPRESENTATIVE_POINT,
88c2e2ad0bfffff,Buenos Aires,La Plata,52,DEMANDA_MEDIA,15,COLECTIVO,REPRESENTATIVE_POINT,
88c2e2ac9dfffff,Buenos Aires,La Plata,52,DEMANDA_MEDIA,12,TREN,REPRESENTATIVE_POINT,
88c2e064a7fffff,Buenos Aires,Presidente Perón,52,DEMANDA_MEDIA,15,COLECTIVO,REPRESENTATIVE_POINT,
88c2e336b5fffff,Buenos Aires,Campana,52,DEMANDA_MEDIA,18,COLECTIVO,REPRESENTATIVE_POINT,
88c2e38eabfffff,Buenos Aires,Morón,52,DEMANDA_MEDIA,8,COLECTIVO,REPRESENTATIVE_POINT,
88c2e3daddfffff,Buenos Aires,La Plata,52,DEMANDA_MEDIA,7,COLECTIVO,REPRESENTATIVE_POINT,
88c2e33ac7fffff,Buenos Aires,Tigre,52,DEMANDA_MEDIA,13,COLECTIVO,REPRESENTATIVE_POINT,
88c2e06967fffff,Buenos Aires,La Plata,52,DEMANDA_MEDIA,12,COLECTIVO,REPRESENTATIVE_POINT,
88c2eed8c5fffff,Buenos Aires,Exaltación de la Cruz,52,DEMANDA_MEDIA,14,COLECTIVO,REPRESENTATIVE_POINT,
88c2e32529fffff,Buenos Aires,Campana,52,DEMANDA_MEDIA,15,COLECTIVO,REPRESENTATIVE_POINT,
88c2e33917fffff,Buenos Aires,San Fernando,51,DEMANDA_MEDIA,17,COLECTIVO,REPRESENTATIVE_POINT,
88c2e3ace1fffff,Buenos Aires,Pilar,51,DEMANDA_MEDIA,7,COLECTIVO,REPRESENTATIVE_POINT,
88c2e14db7fffff,Buenos Aires,General Rodríguez,51,DEMANDA_MEDIA,5,COLECTIVO,REPRESENTATIVE_POINT,
88c2e16705fffff,Buenos Aires,Mercedes,51,DEMANDA_MEDIA,15,COLECTIVO,REPRESENTATIVE_POINT,
88c2e3a141fffff,Buenos Aires,Moreno,51,DEMANDA_MEDIA,4,COLECTIVO,REPRESENTATIVE_POINT,
88c2e305c5fffff,Buenos Aires,Tigre,51,DEMANDA_MEDIA,13,COLECTIVO,REPRESENTATIVE_POINT,
88c2e032c7fffff,Buenos Aires,Monte,51,DEMANDA_MEDIA,9,COLECTIVO,REPRESENTATIVE_POINT,
88c2eedb65fffff,Buenos Aires,Pilar,51,DEMANDA_MEDIA,6,COLECTIVO,REPRESENTATIVE_POINT,
88c2e06745fffff,Buenos Aires,San Vicente,51,DEMANDA_MEDIA,17,COLECTIVO,REPRESENTATIVE_POINT,
88c2eec34dfffff,Buenos Aires,Exaltación de la Cruz,51,DEMANDA_MEDIA,6,COLECTIVO,REPRESENTATIVE_POINT,
88c2e166e3fffff,Buenos Aires,Mercedes,51,DEMANDA_MEDIA,7,COLECTIVO,REPRESENTATIVE_POINT,
88c2e2a289fffff,Buenos Aires,La Plata,51,DEMANDA_MEDIA,7,COLECTIVO,REPRESENTATIVE_POINT,
88c2e2a213fffff,Buenos Aires,La Plata,51,DEMANDA_MEDIA,8,COLECTIVO,REPRESENTATIVE_POINT,
88c2e3a0bdfffff,Buenos Aires,Pilar,50,DEMANDA_MEDIA,17,COLECTIVO,REPRESENTATIVE_POINT,
88c2e306e3fffff,Buenos Aires,Tigre,50,DEMANDA_MEDIA,16,COLECTIVO,REPRESENTATIVE_POINT,
88c2eedaabfffff,Buenos Aires,Exaltación de la Cruz,50,DEMANDA_MEDIA,7,COLECTIVO,REPRESENTATIVE_POINT,
88c2eecb6bfffff,Buenos Aires,Campana,50,DEMANDA_MEDIA,6,COLECTIVO,REPRESENTATIVE_POINT,
88c2e3da41fffff,Buenos Aires,La Plata,50,DEMANDA_MEDIA,12,COLECTIVO,REPRESENTATIVE_POINT,
88c2e069b3fffff,Buenos Aires,La Plata,50,DEMANDA_MEDIA,7,COLECTIVO,REPRESENTATIVE_POINT,
88c2eed957fffff,Buenos Aires,Exaltación de la Cruz,50,DEMANDA_MEDIA,12,COLECTIVO,REPRESENTATIVE_POINT,
88c2e3362bfffff,Buenos Aires,Escobar,50,DEMANDA_MEDIA,16,COLECTIVO,REPRESENTATIVE_POINT,
88c2e30c9bfffff,Buenos Aires,Tigre,50,DEMANDA_MEDIA,16,COLECTIVO,REPRESENTATIVE_POINT,
88c2e326e1fffff,Buenos Aires,Campana,50,DEMANDA_MEDIA,12,COLECTIVO,REPRESENTATIVE_POINT,
88c2e339e9fffff,Buenos Aires,San Fernando,50,DEMANDA_MEDIA,17,COLECTIVO,REPRESENTATIVE_POINT,
88c2e38625fffff,Buenos Aires,La Matanza,50,DEMANDA_MEDIA,7,COLECTIVO,REPRESENTATIVE_POINT,
88c2e3d137fffff,Buenos Aires,La Plata,50,DEMANDA_MEDIA,8,COLECTIVO,REPRESENTATIVE_POINT,
88c2e1c243fffff,Buenos Aires,Lobos,50,DEMANDA_MEDIA,17,COLECTIVO,REPRESENTATIVE_POINT,
88c2e30681fffff,Buenos Aires,Tigre,50,DEMANDA_MEDIA,16,COLECTIVO,REPRESENTATIVE_POINT,
88c2eecb25fffff,Buenos Aires,Campana,50,DEMANDA_MEDIA,18,COLECTIVO,REPRESENTATIVE_POINT,
88c2e2ae13fffff,Buenos Aires,La Plata,50,DEMANDA_MEDIA,15,COLECTIVO,REPRESENTATIVE_POINT,
88c2e2a413fffff,Buenos Aires,La Plata,50,DEMANDA_MEDIA,12,COLECTIVO,REPRESENTATIVE_POINT,
88c2e38f4bfffff,Buenos Aires,La Matanza,50,DEMANDA_MEDIA,5,COLECTIVO,REPRESENTATIVE_POINT,
88c2e3a29bfffff,Buenos Aires,General Rodríguez,50,DEMANDA_MEDIA,17,COLECTIVO,REPRESENTATIVE_POINT,
88c2e06c99fffff,Buenos Aires,Presidente Perón,50,DEMANDA_MEDIA,16,COLECTIVO,REPRESENTATIVE_POINT,
88c2e3d0adfffff,Buenos Aires,Berazategui,50,DEMANDA_MEDIA,12,COLECTIVO,REPRESENTATIVE_POINT,
88c2eed9a7fffff,Buenos Aires,Campana,50,DEMANDA_MEDIA,15,COLECTIVO,REPRESENTATIVE_POINT,
88c2e3a885fffff,Buenos Aires,Escobar,49,DEMANDA_MEDIA,6,COLECTIVO,REPRESENTATIVE_POINT,
88c2ee9891fffff,Buenos Aires,San Andrés de Giles,49,DEMANDA_MEDIA,7,COLECTIVO,REPRESENTATIVE_POINT,
88c2e3a8a9fffff,Buenos Aires,Escobar,49,DEMANDA_MEDIA,7,COLECTIVO,REPRESENTATIVE_POINT,
88c2e1c247fffff,Buenos Aires,Lobos,49,DEMANDA_MEDIA,15,COLECTIVO,REPRESENTATIVE_POINT,
88c2e33097fffff,Buenos Aires,Escobar,49,DEMANDA_MEDIA,15,COLECTIVO,REPRESENTATIVE_POINT,
88c2e39039fffff,Buenos Aires,Ezeiza,49,DEMANDA_MEDIA,17,COLECTIVO,REPRESENTATIVE_POINT,
88c2e02f33fffff,Buenos Aires,Cañuelas,49,DEMANDA_MEDIA,11,COLECTIVO,REPRESENTATIVE_POINT,
88c2e166c5fffff,Buenos Aires,Mercedes,49,DEMANDA_MEDIA,18,COLECTIVO,REPRESENTATIVE_POINT,
88c2e33315fffff,Buenos Aires,Tigre,49,DEMANDA_MEDIA,11,COLECTIVO,REPRESENTATIVE_POINT,
88c2e384e1fffff,Buenos Aires,Merlo,49,DEMANDA_MEDIA,11,COLECTIVO,REPRESENTATIVE_POINT,
88c2eec341fffff,Buenos Aires,Exaltación de la Cruz,49,DEMANDA_MEDIA,6,COLECTIVO,REPRESENTATIVE_POINT,
88c2e38b43fffff,Buenos Aires,Lomas de Zamora,49,DEMANDA_MEDIA,16,COLECTIVO,REPRESENTATIVE_POINT,
88c2e306c7fffff,Buenos Aires,Tigre,48,DEMANDA_MEDIA,17,COLECTIVO,REPRESENTATIVE_POINT,
88c2e322ebfffff,Buenos Aires,Escobar,48,DEMANDA_MEDIA,17,COLECTIVO,REPRESENTATIVE_POINT,
88c2e3db63fffff,Buenos Aires,La Plata,48,DEMANDA_MEDIA,12,COLECTIVO,REPRESENTATIVE_POINT,
88c2e3255dfffff,Buenos Aires,Campana,48,DEMANDA_MEDIA,14,COLECTIVO,REPRESENTATIVE_POINT,
88c2e2a6e7fffff,Buenos Aires,La Plata,48,DEMANDA_MEDIA,7,COLECTIVO,REPRESENTATIVE_POINT,
88c2e3b93bfffff,Buenos Aires,San Miguel,48,DEMANDA_MEDIA,7,COLECTIVO,REPRESENTATIVE_POINT,
88c2e2acb3fffff,Buenos Aires,Ensenada,48,DEMANDA_MEDIA,12,COLECTIVO,REPRESENTATIVE_POINT,
88c2e3a195fffff,Buenos Aires,Pilar,48,DEMANDA_MEDIA,6,COLECTIVO,REPRESENTATIVE_POINT,
88c2eec337fffff,Buenos Aires,Exaltación de la Cruz,48,DEMANDA_MEDIA,8,COLECTIVO,REPRESENTATIVE_POINT,
88c2e3c031fffff,Buenos Aires,Berazategui,48,DEMANDA_MEDIA,16,COLECTIVO,REPRESENTATIVE_POINT,
88c2e3aab7fffff,Buenos Aires,Malvinas Argentinas,48,DEMANDA_MEDIA,7,COLECTIVO,REPRESENTATIVE_POINT,
88c2e16a85fffff,Buenos Aires,Luján,48,DEMANDA_MEDIA,7,COLECTIVO,REPRESENTATIVE_POINT,
88c2e02405fffff,Buenos Aires,Cañuelas,48,DEMANDA_MEDIA,7,COLECTIVO,REPRESENTATIVE_POINT,
88c2e3d2b3fffff,Buenos Aires,Florencio Varela,48,DEMANDA_MEDIA,7,COLECTIVO,REPRESENTATIVE_POINT,
88c2e3ae5bfffff,Buenos Aires,Pilar,47,DEMANDA_MEDIA,8,COLECTIVO,REPRESENTATIVE_POINT,
88c2e02d0bfffff,Buenos Aires,Cañuelas,47,DEMANDA_MEDIA,16,COLECTIVO,REPRESENTATIVE_POINT,
88c2e3871bfffff,Buenos Aires,Merlo,47,DEMANDA_MEDIA,10,COLECTIVO,REPRESENTATIVE_POINT,
88c2e06717fffff,Buenos Aires,San Vicente,47,DEMANDA_MEDIA,17,COLECTIVO,REPRESENTATIVE_POINT,
88c2e168e9fffff,Buenos Aires,Luján,47,DEMANDA_MEDIA,7,COLECTIVO,REPRESENTATIVE_POINT,
88c2e2b663fffff,Buenos Aires,Brandsen,47,DEMANDA_MEDIA,17,COLECTIVO,REPRESENTATIVE_POINT,
88c2e3b187fffff,Buenos Aires,Moreno,47,DEMANDA_MEDIA,11,COLECTIVO,REPRESENTATIVE_POINT,
88c2e2ae25fffff,Buenos Aires,La Plata,47,DEMANDA_MEDIA,13,COLECTIVO,REPRESENTATIVE_POINT,
88c2e3369bfffff,Buenos Aires,Campana,47,DEMANDA_MEDIA,18,COLECTIVO,REPRESENTATIVE_POINT,
88c2e3a641fffff,Buenos Aires,Luján,47,DEMANDA_MEDIA,17,COLECTIVO,REPRESENTATIVE_POINT,
88c2e3334dfffff,Buenos Aires,Tigre,47,DEMANDA_MEDIA,15,COLECTIVO,REPRESENTATIVE_POINT,
88c2e075bdfffff,Buenos Aires,San Vicente,47,DEMANDA_MEDIA,7,COLECTIVO,REPRESENTATIVE_POINT,
88c2e16c03fffff,Buenos Aires,Luján,47,DEMANDA_MEDIA,16,COLECTIVO,REPRESENTATIVE_POINT,
88c2e33365fffff,Buenos Aires,Tigre,46,DEMANDA_MEDIA,7,COLECTIVO,REPRESENTATIVE_POINT,
88c2e30655fffff,Buenos Aires,Tigre,46,DEMANDA_MEDIA,15,COLECTIVO,REPRESENTATIVE_POINT,
88c2e338a5fffff,Buenos Aires,San Fernando,46,DEMANDA_MEDIA,15,COLECTIVO,REPRESENTATIVE_POINT,
88c2e3a043fffff,Buenos Aires,Moreno,46,DEMANDA_MEDIA,16,COLECTIVO,REPRESENTATIVE_POINT,
88c2e3d14dfffff,Buenos Aires,La Plata,46,DEMANDA_MEDIA,7,COLECTIVO,REPRESENTATIVE_POINT,
88c2eeda03fffff,Buenos Aires,Pilar,46,DEMANDA_MEDIA,17,COLECTIVO,REPRESENTATIVE_POINT,
88c2e3b595fffff,Buenos Aires,General Rodríguez,46,DEMANDA_MEDIA,10,COLECTIVO,REPRESENTATIVE_POINT,
88c2e060e7fffff,Buenos Aires,San Vicente,46,DEMANDA_MEDIA,10,COLECTIVO,REPRESENTATIVE_POINT,
88c2e316cbfffff,Buenos Aires,Hurlingham,46,DEMANDA_MEDIA,7,COLECTIVO,REPRESENTATIVE_POINT,
88c2e330a7fffff,Buenos Aires,Escobar,46,DEMANDA_MEDIA,16,COLECTIVO,REPRESENTATIVE_POINT,
88c2e39569fffff,Buenos Aires,La Matanza,46,DEMANDA_MEDIA,17,COLECTIVO,REPRESENTATIVE_POINT,
88c2e3b917fffff,Buenos Aires,San Miguel,46,DEMANDA_MEDIA,17,COLECTIVO,REPRESENTATIVE_POINT,
88c2e386cbfffff,Buenos Aires,Marcos Paz,46,DEMANDA_MEDIA,8,COLECTIVO,REPRESENTATIVE_POINT,
88c2e16917fffff,Buenos Aires,Luján,46,DEMANDA_MEDIA,16,COLECTIVO,REPRESENTATIVE_POINT,
88c2e12931fffff,Buenos Aires,Mercedes,46,DEMANDA_MEDIA,16,COLECTIVO,REPRESENTATIVE_POINT,
88c2eec9a3fffff,Buenos Aires,Campana,46,DEMANDA_MEDIA,7,COLECTIVO,REPRESENTATIVE_POINT,
88c2eecb27fffff,Buenos Aires,Campana,46,DEMANDA_MEDIA,12,COLECTIVO,REPRESENTATIVE_POINT,
88c2e3b501fffff,Buenos Aires,General Rodríguez,45,DEMANDA_MEDIA,9,COLECTIVO,REPRESENTATIVE_POINT,
88c2e384ddfffff,Buenos Aires,Merlo,45,DEMANDA_MEDIA,17,COLECTIVO,REPRESENTATIVE_POINT,
88c2e2a6abfffff,Buenos Aires,La Plata,45,DEMANDA_MEDIA,7,COLECTIVO,REPRESENTATIVE_POINT,
88c2e3c359fffff,Buenos Aires,Berazategui,45,DEMANDA_MEDIA,12,COLECTIVO,REPRESENTATIVE_POINT,
88c2e14303fffff,Buenos Aires,General Las Heras,45,DEMANDA_MEDIA,21,COLECTIVO,REPRESENTATIVE_POINT,
88c2e3c229fffff,Buenos Aires,Berazategui,45,DEMANDA_MEDIA,10,COLECTIVO,REPRESENTATIVE_POINT,
88c2e3364dfffff,Buenos Aires,Pilar,45,DEMANDA_MEDIA,6,COLECTIVO,REPRESENTATIVE_POINT,
88c2e23631fffff,Buenos Aires,Ensenada,45,DEMANDA_MEDIA,13,COLECTIVO,REPRESENTATIVE_POINT,
88c2e3d857fffff,Buenos Aires,La Plata,45,DEMANDA_MEDIA,14,COLECTIVO,REPRESENTATIVE_POINT,
88c2e398ebfffff,Buenos Aires,Esteban Echeverría,45,DEMANDA_MEDIA,8,COLECTIVO,REPRESENTATIVE_POINT,
88c2e3b1cbfffff,Buenos Aires,Moreno,45,DEMANDA_MEDIA,8,COLECTIVO,REPRESENTATIVE_POINT,
88c2e3ad91fffff,Buenos Aires,Escobar,45,DEMANDA_MEDIA,7,COLECTIVO,REPRESENTATIVE_POINT,
88c2e3271bfffff,Buenos Aires,Campana,44,DEMANDA_MEDIA,12,COLECTIVO,REPRESENTATIVE_POINT,
88c2e332c1fffff,Buenos Aires,Escobar,44,DEMANDA_MEDIA,12,COLECTIVO,REPRESENTATIVE_POINT,
88c2e3975bfffff,Buenos Aires,Marcos Paz,44,DEMANDA_MEDIA,6,COLECTIVO,REPRESENTATIVE_POINT,
88c2e38ae3fffff,Buenos Aires,Esteban Echeverría,44,DEMANDA_MEDIA,5,COLECTIVO,REPRESENTATIVE_POINT,
88c2e16191fffff,Buenos Aires,Luján,44,DEMANDA_MEDIA,7,COLECTIVO,REPRESENTATIVE_POINT,
88c2e38169fffff,Buenos Aires,Esteban Echeverría,44,DEMANDA_MEDIA,12,COLECTIVO,REPRESENTATIVE_POINT,
88c2e06713fffff,Buenos Aires,San Vicente,44,DEMANDA_MEDIA,15,COLECTIVO,REPRESENTATIVE_POINT,
88c2e39a47fffff,Buenos Aires,Presidente Perón,44,DEMANDA_MEDIA,16,COLECTIVO,REPRESENTATIVE_POINT,
88c2e16863fffff,Buenos Aires,Luján,44,DEMANDA_MEDIA,8,COLECTIVO,REPRESENTATIVE_POINT,
88c2e3d1b3fffff,Buenos Aires,Berazategui,44,DEMANDA_MEDIA,13,COLECTIVO,REPRESENTATIVE_POINT,
88c2e3d851fffff,Buenos Aires,La Plata,44,DEMANDA_MEDIA,16,COLECTIVO,REPRESENTATIVE_POINT,
88c2e32247fffff,Buenos Aires,Escobar,44,DEMANDA_MEDIA,18,COLECTIVO,REPRESENTATIVE_POINT,
88c2e236edfffff,Buenos Aires,Ensenada,44,DEMANDA_MEDIA,15,COLECTIVO,REPRESENTATIVE_POINT,
88c2e232e7fffff,Buenos Aires,Berisso,44,DEMANDA_MEDIA,7,COLECTIVO,REPRESENTATIVE_POINT,
88c2e23237fffff,Buenos Aires,Berisso,44,DEMANDA_MEDIA,16,COLECTIVO,REPRESENTATIVE_POINT,
88c2e3c00bfffff,Buenos Aires,Berazategui,43,DEMANDA_MEDIA,12,COLECTIVO,REPRESENTATIVE_POINT,
88c2eec931fffff,Buenos Aires,Campana,43,DEMANDA_MEDIA,12,COLECTIVO,REPRESENTATIVE_POINT,
88c2e3b4ddfffff,Buenos Aires,General Rodríguez,43,DEMANDA_MEDIA,16,COLECTIVO,REPRESENTATIVE_POINT,
88c2e2a43bfffff,Buenos Aires,La Plata,43,DEMANDA_MEDIA,7,COLECTIVO,REPRESENTATIVE_POINT,
88c2e06363fffff,Buenos Aires,Brandsen,43,DEMANDA_MEDIA,12,COLECTIVO,REPRESENTATIVE_POINT,
88c2e161d7fffff,Buenos Aires,Luján,43,DEMANDA_MEDIA,7,COLECTIVO,REPRESENTATIVE_POINT,
88c2e2a5c5fffff,Buenos Aires,La Plata,43,DEMANDA_MEDIA,6,COLECTIVO,REPRESENTATIVE_POINT,
88c2e16829fffff,Buenos Aires,Luján,43,DEMANDA_MEDIA,7,COLECTIVO,REPRESENTATIVE_POINT,
88c2ee196bfffff,Buenos Aires,Zárate,43,DEMANDA_MEDIA,15,COLECTIVO,REPRESENTATIVE_POINT,
88c2eedb17fffff,Buenos Aires,Pilar,42,DEMANDA_MEDIA,15,COLECTIVO,REPRESENTATIVE_POINT,
88c2e3ace7fffff,Buenos Aires,Pilar,42,DEMANDA_MEDIA,12,COLECTIVO,REPRESENTATIVE_POINT,
88c2e33b0dfffff,Buenos Aires,Tigre,42,DEMANDA_MEDIA,16,COLECTIVO,REPRESENTATIVE_POINT,
88c2e075b5fffff,Buenos Aires,San Vicente,42,DEMANDA_MEDIA,16,COLECTIVO,REPRESENTATIVE_POINT,
88c2e06035fffff,Buenos Aires,San Vicente,42,DEMANDA_MEDIA,18,COLECTIVO,REPRESENTATIVE_POINT,
88c2e39217fffff,Buenos Aires,Cañuelas,42,DEMANDA_MEDIA,6,COLECTIVO,REPRESENTATIVE_POINT,
88c2e02e03fffff,Buenos Aires,Cañuelas,42,DEMANDA_MEDIA,7,COLECTIVO,REPRESENTATIVE_POINT,
88c2e3a58bfffff,Buenos Aires,Pilar,42,DEMANDA_MEDIA,7,COLECTIVO,REPRESENTATIVE_POINT,
88c2e0694dfffff,Buenos Aires,La Plata,42,DEMANDA_MEDIA,8,COLECTIVO,REPRESENTATIVE_POINT,
88c2e30599fffff,Buenos Aires,Tigre,42,DEMANDA_MEDIA,18,COLECTIVO,REPRESENTATIVE_POINT,
88c2e3d2b1fffff,Buenos Aires,Florencio Varela,42,DEMANDA_MEDIA,7,COLECTIVO,REPRESENTATIVE_POINT,
88c2e33001fffff,Buenos Aires,Escobar,42,DEMANDA_MEDIA,21,COLECTIVO,REPRESENTATIVE_POINT,
88c2e33013fffff,Buenos Aires,Escobar,41,DEMANDA_MEDIA,6,COLECTIVO,REPRESENTATIVE_POINT,
88c2e3d04dfffff,Buenos Aires,La Plata,41,DEMANDA_MEDIA,9,COLECTIVO,REPRESENTATIVE_POINT,
88c2eeda6bfffff,Buenos Aires,Pilar,41,DEMANDA_MEDIA,13,COLECTIVO,REPRESENTATIVE_POINT,
88c2eedac9fffff,Buenos Aires,Pilar,41,DEMANDA_MEDIA,16,COLECTIVO,REPRESENTATIVE_POINT,
88c2e3aeb9fffff,Buenos Aires,Pilar,41,DEMANDA_MEDIA,4,COLECTIVO,REPRESENTATIVE_POINT,
88c2e32551fffff,Buenos Aires,Campana,41,DEMANDA_MEDIA,20,COLECTIVO,REPRESENTATIVE_POINT,
88c2e2a685fffff,Buenos Aires,La Plata,41,DEMANDA_MEDIA,11,COLECTIVO,REPRESENTATIVE_POINT,
88c2e2ae55fffff,Buenos Aires,La Plata,41,DEMANDA_MEDIA,7,COLECTIVO,REPRESENTATIVE_POINT,
88c2e064a1fffff,Buenos Aires,San Vicente,41,DEMANDA_MEDIA,11,COLECTIVO,REPRESENTATIVE_POINT,
88c2eec34bfffff,Buenos Aires,Exaltación de la Cruz,41,DEMANDA_MEDIA,14,COLECTIVO,REPRESENTATIVE_POINT,
88c2e3d503fffff,Buenos Aires,Florencio Varela,41,DEMANDA_MEDIA,13,COLECTIVO,REPRESENTATIVE_POINT,
88c2e33499fffff,Buenos Aires,Campana,41,DEMANDA_MEDIA,7,COLECTIVO,REPRESENTATIVE_POINT,
88c2eec351fffff,Buenos Aires,Exaltación de la Cruz,41,DEMANDA_MEDIA,15,COLECTIVO,REPRESENTATIVE_POINT,
88c2e1ca8dfffff,Buenos Aires,Lobos,41,DEMANDA_MEDIA,7,COLECTIVO,REPRESENTATIVE_POINT,
88c2eec1c9fffff,Buenos Aires,Exaltación de la Cruz,41,DEMANDA_MEDIA,16,COLECTIVO,REPRESENTATIVE_POINT,
88c2e3b1d7fffff,Buenos Aires,Moreno,41,DEMANDA_MEDIA,11,COLECTIVO,REPRESENTATIVE_POINT,
88c2e38a9dfffff,Buenos Aires,La Matanza,41,DEMANDA_MEDIA,9,COLECTIVO,REPRESENTATIVE_POINT,
88c2e38163fffff,Buenos Aires,Esteban Echeverría,41,DEMANDA_MEDIA,5,COLECTIVO,REPRESENTATIVE_POINT,
88c2e06b19fffff,Buenos Aires,La Plata,41,DEMANDA_MEDIA,6,COLECTIVO,REPRESENTATIVE_POINT,
88c2e06333fffff,Buenos Aires,San Vicente,41,DEMANDA_MEDIA,16,COLECTIVO,REPRESENTATIVE_POINT,
88c2e39acdfffff,Buenos Aires,Ezeiza,41,DEMANDA_MEDIA,17,COLECTIVO,REPRESENTATIVE_POINT,
88c2e3d1ddfffff,Buenos Aires,Berazategui,41,DEMANDA_MEDIA,18,COLECTIVO,REPRESENTATIVE_POINT,
88c2e02ea9fffff,Buenos Aires,Cañuelas,40,DEMANDA_MEDIA,18,COLECTIVO,REPRESENTATIVE_POINT,
88c2e1482bfffff,Buenos Aires,Marcos Paz,40,DEMANDA_MEDIA,9,COLECTIVO,REPRESENTATIVE_POINT,
88c2e33aadfffff,Buenos Aires,Tigre,40,DEMANDA_MEDIA,7,COLECTIVO,REPRESENTATIVE_POINT,
88c2e3a5d5fffff,Buenos Aires,Pilar,40,DEMANDA_MEDIA,17,COLECTIVO,REPRESENTATIVE_POINT,
88c2e331b9fffff,Buenos Aires,Escobar,40,DEMANDA_MEDIA,5,COLECTIVO,REPRESENTATIVE_POINT,
88c2e3d333fffff,Buenos Aires,La Plata,40,DEMANDA_MEDIA,7,COLECTIVO,REPRESENTATIVE_POINT,
88c2e3231bfffff,Buenos Aires,San Fernando,40,DEMANDA_MEDIA,12,COLECTIVO,REPRESENTATIVE_POINT,
88c2e06757fffff,Buenos Aires,San Vicente,40,DEMANDA_MEDIA,16,COLECTIVO,REPRESENTATIVE_POINT,
88c2e38ad5fffff,Buenos Aires,Esteban Echeverría,40,DEMANDA_MEDIA,6,COLECTIVO,REPRESENTATIVE_POINT,
88c2e06037fffff,Buenos Aires,San Vicente,40,DEMANDA_MEDIA,14,COLECTIVO,REPRESENTATIVE_POINT,
88c2e33acbfffff,Buenos Aires,Tigre,40,DEMANDA_MEDIA,8,COLECTIVO,REPRESENTATIVE_POINT,
88c2e30689fffff,Buenos Aires,Tigre,40,DEMANDA_MEDIA,15,COLECTIVO,REPRESENTATIVE_POINT,
88c2e3321bfffff,Buenos Aires,Escobar,40,DEMANDA_MEDIA,6,COLECTIVO,REPRESENTATIVE_POINT,
88c2e3381dfffff,Buenos Aires,Tigre,40,DEMANDA_MEDIA,12,COLECTIVO,REPRESENTATIVE_POINT,
88c2e23401fffff,Buenos Aires,Berisso,40,DEMANDA_MEDIA,20,COLECTIVO,REPRESENTATIVE_POINT,
88c2e3c2e1fffff,Buenos Aires,Berazategui,40,DEMANDA_MEDIA,12,COLECTIVO,REPRESENTATIVE_POINT,
88c2e3c35dfffff,Buenos Aires,Berazategui,40,DEMANDA_MEDIA,11,COLECTIVO,REPRESENTATIVE_POINT,
88c2ee174bfffff,Buenos Aires,San Antonio de Areco,39,DEMANDA_MEDIA,19,COLECTIVO,REPRESENTATIVE_POINT,
88c2ee1749fffff,Buenos Aires,San Antonio de Areco,39,DEMANDA_MEDIA,20,COLECTIVO,REPRESENTATIVE_POINT,
88c2e30487fffff,Buenos Aires,Tigre,39,DEMANDA_MEDIA,7,COLECTIVO,REPRESENTATIVE_POINT,
88c2eed34dfffff,Buenos Aires,Luján,39,DEMANDA_MEDIA,12,COLECTIVO,REPRESENTATIVE_POINT,
88c2e33117fffff,Buenos Aires,Tigre,39,DEMANDA_MEDIA,14,COLECTIVO,REPRESENTATIVE_POINT,
88c2e39a1dfffff,Buenos Aires,Esteban Echeverría,39,DEMANDA_MEDIA,17,COLECTIVO,REPRESENTATIVE_POINT,
88c2e3a11bfffff,Buenos Aires,Moreno,39,DEMANDA_MEDIA,7,COLECTIVO,REPRESENTATIVE_POINT,
88c2e3b325fffff,Buenos Aires,Merlo,39,DEMANDA_MEDIA,12,COLECTIVO,REPRESENTATIVE_POINT,
88c2e32625fffff,Buenos Aires,Campana,39,DEMANDA_MEDIA,14,COLECTIVO,REPRESENTATIVE_POINT,
88c2e16701fffff,Buenos Aires,Mercedes,39,DEMANDA_MEDIA,13,COLECTIVO,REPRESENTATIVE_POINT,
88c2eec24dfffff,Buenos Aires,Exaltación de la Cruz,39,DEMANDA_MEDIA,7,COLECTIVO,REPRESENTATIVE_POINT,
88c2e236d7fffff,Buenos Aires,Ensenada,39,DEMANDA_MEDIA,13,COLECTIVO,REPRESENTATIVE_POINT,
88c2e06e51fffff,Buenos Aires,San Vicente,39,DEMANDA_MEDIA,6,COLECTIVO,REPRESENTATIVE_POINT,
88c2eed0e5fffff,Buenos Aires,Luján,39,DEMANDA_MEDIA,13,COLECTIVO,REPRESENTATIVE_POINT,
88c2e339c9fffff,Buenos Aires,San Fernando,39,DEMANDA_MEDIA,9,COLECTIVO,REPRESENTATIVE_POINT,
88c2eed8a5fffff,Buenos Aires,Exaltación de la Cruz,39,DEMANDA_MEDIA,12,COLECTIVO,REPRESENTATIVE_POINT,
88c2eecb23fffff,Buenos Aires,Campana,39,DEMANDA_MEDIA,7,COLECTIVO,REPRESENTATIVE_POINT,
88c2e33aa9fffff,Buenos Aires,Tigre,39,DEMANDA_MEDIA,12,COLECTIVO,REPRESENTATIVE_POINT,
88c2eedb41fffff,Buenos Aires,Pilar,39,DEMANDA_MEDIA,15,COLECTIVO,REPRESENTATIVE_POINT,
88c2e3a06bfffff,Buenos Aires,Moreno,39,DEMANDA_MEDIA,16,COLECTIVO,REPRESENTATIVE_POINT,
88c2e3da57fffff,Buenos Aires,La Plata,38,DEMANDA_MEDIA,17,COLECTIVO,REPRESENTATIVE_POINT,
88c2e2a201fffff,Buenos Aires,La Plata,38,DEMANDA_MEDIA,12,COLECTIVO,REPRESENTATIVE_POINT,
88c2e331ebfffff,Buenos Aires,Escobar,38,DEMANDA_MEDIA,6,COLECTIVO,REPRESENTATIVE_POINT,
88c2ee8db5fffff,Buenos Aires,San Antonio de Areco,38,DEMANDA_MEDIA,22,COLECTIVO,REPRESENTATIVE_POINT,
88c2e065d1fffff,Buenos Aires,Presidente Perón,38,DEMANDA_MEDIA,16,COLECTIVO,REPRESENTATIVE_POINT,
88c2eeb211fffff,Buenos Aires,Carmen de Areco,38,DEMANDA_MEDIA,7,COLECTIVO,REPRESENTATIVE_POINT,
88c2e334dbfffff,Buenos Aires,Campana,38,DEMANDA_MEDIA,7,COLECTIVO,REPRESENTATIVE_POINT,
88c2e330a3fffff,Buenos Aires,Escobar,38,DEMANDA_MEDIA,13,COLECTIVO,REPRESENTATIVE_POINT,
88c2e3d2b9fffff,Buenos Aires,Florencio Varela,38,DEMANDA_MEDIA,12,COLECTIVO,REPRESENTATIVE_POINT,
88c2e16947fffff,Buenos Aires,Luján,38,DEMANDA_MEDIA,15,COLECTIVO,REPRESENTATIVE_POINT,
88c2e3aebbfffff,Buenos Aires,Pilar,38,DEMANDA_MEDIA,5,COLECTIVO,REPRESENTATIVE_POINT,
88c2e0646bfffff,Buenos Aires,San Vicente,38,DEMANDA_MEDIA,7,COLECTIVO,REPRESENTATIVE_POINT,
88c2e3d331fffff,Buenos Aires,La Plata,38,DEMANDA_MEDIA,8,COLECTIVO,REPRESENTATIVE_POINT,
88c2e3d327fffff,Buenos Aires,La Plata,38,DEMANDA_MEDIA,12,COLECTIVO,REPRESENTATIVE_POINT,
88c2eed109fffff,Buenos Aires,Luján,38,DEMANDA_MEDIA,17,COLECTIVO,REPRESENTATIVE_POINT,
88c2eed123fffff,Buenos Aires,Pilar,38,DEMANDA_MEDIA,15,COLECTIVO,REPRESENTATIVE_POINT,
88c2e33287fffff,Buenos Aires,Escobar,38,DEMANDA_MEDIA,7,COLECTIVO,REPRESENTATIVE_POINT,
88c2e3a121fffff,Buenos Aires,José C. Paz,38,DEMANDA_MEDIA,6,COLECTIVO,REPRESENTATIVE_POINT,
88c2e3a0b7fffff,Buenos Aires,Pilar,37,DEMANDA_MEDIA,9,COLECTIVO,REPRESENTATIVE_POINT,
88c2eeda35fffff,Buenos Aires,Pilar,37,DEMANDA_MEDIA,16,COLECTIVO,REPRESENTATIVE_POINT,
88c2e32e19fffff,Buenos Aires,San Fernando,37,DEMANDA_MEDIA,17,COLECTIVO,REPRESENTATIVE_POINT,
88c2e33191fffff,Buenos Aires,Escobar,37,DEMANDA_MEDIA,15,COLECTIVO,REPRESENTATIVE_POINT,
88c2eecb45fffff,Buenos Aires,Campana,37,DEMANDA_MEDIA,17,COLECTIVO,REPRESENTATIVE_POINT,
88c2e3a72bfffff,Buenos Aires,General Rodríguez,37,DEMANDA_MEDIA,15,COLECTIVO,REPRESENTATIVE_POINT,
88c2e39211fffff,Buenos Aires,Cañuelas,37,DEMANDA_MEDIA,15,COLECTIVO,REPRESENTATIVE_POINT,
88c2e161d5fffff,Buenos Aires,Luján,37,DEMANDA_MEDIA,4,COLECTIVO,REPRESENTATIVE_POINT,
88c2e3376dfffff,Buenos Aires,Escobar,37,DEMANDA_MEDIA,16,COLECTIVO,REPRESENTATIVE_POINT,
88c2e30731fffff,Buenos Aires,San Fernando,37,DEMANDA_MEDIA,12,COLECTIVO,REPRESENTATIVE_POINT,
88c2e14b3bfffff,Buenos Aires,Marcos Paz,37,DEMANDA_MEDIA,12,COLECTIVO,REPRESENTATIVE_POINT,
88c2e32209fffff,Buenos Aires,Escobar,37,DEMANDA_MEDIA,17,COLECTIVO,REPRESENTATIVE_POINT,
88c2e3d32dfffff,Buenos Aires,La Plata,37,DEMANDA_MEDIA,17,COLECTIVO,REPRESENTATIVE_POINT,
88c2e11993fffff,Buenos Aires,Navarro,37,DEMANDA_MEDIA,6,COLECTIVO,REPRESENTATIVE_POINT,
88c2e33889fffff,Buenos Aires,San Fernando,37,DEMANDA_MEDIA,11,COLECTIVO,REPRESENTATIVE_POINT,
88c2e3c027fffff,Buenos Aires,Berazategui,36,DEMANDA_MEDIA,17,COLECTIVO,REPRESENTATIVE_POINT,
88c2e3d547fffff,Buenos Aires,Florencio Varela,36,DEMANDA_MEDIA,8,COLECTIVO,REPRESENTATIVE_POINT,
88c2e3d03bfffff,Buenos Aires,Berazategui,36,DEMANDA_MEDIA,12,COLECTIVO,REPRESENTATIVE_POINT,
88c2e3921bfffff,Buenos Aires,Cañuelas,36,DEMANDA_MEDIA,5,COLECTIVO,REPRESENTATIVE_POINT,
88c2e3b593fffff,Buenos Aires,General Rodríguez,36,DEMANDA_MEDIA,11,COLECTIVO,REPRESENTATIVE_POINT,
88c2eedb0bfffff,Buenos Aires,Pilar,36,DEMANDA_MEDIA,6,COLECTIVO,REPRESENTATIVE_POINT,
88c2eeda91fffff,Buenos Aires,Exaltación de la Cruz,36,DEMANDA_MEDIA,21,COLECTIVO,REPRESENTATIVE_POINT,
88c2eec6d7fffff,Buenos Aires,San Andrés de Giles,36,DEMANDA_MEDIA,7,COLECTIVO,REPRESENTATIVE_POINT,
88c2e2a485fffff,Buenos Aires,La Plata,36,DEMANDA_MEDIA,7,COLECTIVO,REPRESENTATIVE_POINT,
88c2e32653fffff,Buenos Aires,Campana,36,DEMANDA_MEDIA,4,COLECTIVO,REPRESENTATIVE_POINT,
88c2e30593fffff,Buenos Aires,Tigre,36,DEMANDA_MEDIA,17,COLECTIVO,REPRESENTATIVE_POINT,
88c2e3d029fffff,Buenos Aires,La Plata,36,DEMANDA_MEDIA,7,COLECTIVO,REPRESENTATIVE_POINT,
88c2e064a5fffff,Buenos Aires,Presidente Perón,36,DEMANDA_MEDIA,16,COLECTIVO,REPRESENTATIVE_POINT,
88c2e169dbfffff,Buenos Aires,Luján,36,DEMANDA_MEDIA,7,COLECTIVO,REPRESENTATIVE_POINT,
88c2e3af63fffff,Buenos Aires,Pilar,36,DEMANDA_MEDIA,14,COLECTIVO,REPRESENTATIVE_POINT,
88c2e33349fffff,Buenos Aires,Tigre,35,DEMANDA_MEDIA,16,COLECTIVO,REPRESENTATIVE_POINT,
88c2e33625fffff,Buenos Aires,Escobar,35,DEMANDA_MEDIA,17,COLECTIVO,REPRESENTATIVE_POINT,
88c2e332b7fffff,Buenos Aires,Escobar,35,DEMANDA_MEDIA,12,COLECTIVO,REPRESENTATIVE_POINT,
88c2e3b737fffff,Buenos Aires,General Rodríguez,35,DEMANDA_MEDIA,17,COLECTIVO,REPRESENTATIVE_POINT,
88c2e3308bfffff,Buenos Aires,Escobar,35,DEMANDA_MEDIA,16,COLECTIVO,REPRESENTATIVE_POINT,
88c2e3b33dfffff,Buenos Aires,Merlo,35,DEMANDA_MEDIA,16,COLECTIVO,REPRESENTATIVE_POINT,
88c2e3a0b1fffff,Buenos Aires,Pilar,35,DEMANDA_MEDIA,11,COLECTIVO,REPRESENTATIVE_POINT,
88c2e0641bfffff,Buenos Aires,San Vicente,35,DEMANDA_MEDIA,16,COLECTIVO,REPRESENTATIVE_POINT,
88c2e304a1fffff,Buenos Aires,Tigre,35,DEMANDA_MEDIA,15,COLECTIVO,REPRESENTATIVE_POINT,
88c2e3d321fffff,Buenos Aires,La Plata,35,DEMANDA_MEDIA,12,COLECTIVO,REPRESENTATIVE_POINT,
88c2e38001fffff,Buenos Aires,La Matanza,35,DEMANDA_MEDIA,12,COLECTIVO,REPRESENTATIVE_POINT,
88c2e14ee1fffff,Buenos Aires,General Las Heras,35,DEMANDA_MEDIA,6,COLECTIVO,REPRESENTATIVE_POINT,
88c2eedac7fffff,Buenos Aires,Exaltación de la Cruz,34,DEMANDA_BAJA,17,COLECTIVO,REPRESENTATIVE_POINT,
88c2e069abfffff,Buenos Aires,La Plata,34,DEMANDA_BAJA,7,COLECTIVO,REPRESENTATIVE_POINT,
88c2eeda8dfffff,Buenos Aires,Exaltación de la Cruz,34,DEMANDA_BAJA,12,COLECTIVO,REPRESENTATIVE_POINT,
88c2e32061fffff,Buenos Aires,San Fernando,34,DEMANDA_BAJA,7,COLECTIVO,REPRESENTATIVE_POINT,
88c2eec33dfffff,Buenos Aires,Exaltación de la Cruz,34,DEMANDA_BAJA,12,COLECTIVO,REPRESENTATIVE_POINT,
88c2e3c565fffff,Buenos Aires,Quilmes,34,DEMANDA_BAJA,17,COLECTIVO,INTERSECCION_MAYOR_AREA,
88c2e2af1bfffff,Buenos Aires,La Plata,34,DEMANDA_BAJA,14,COLECTIVO,REPRESENTATIVE_POINT,
88c2eed0a1fffff,Buenos Aires,Luján,34,DEMANDA_BAJA,13,COLECTIVO,REPRESENTATIVE_POINT,
88c2e33b43fffff,Buenos Aires,Tigre,34,DEMANDA_BAJA,17,COLECTIVO,REPRESENTATIVE_POINT,
88c2eec027fffff,Buenos Aires,Exaltación de la Cruz,34,DEMANDA_BAJA,7,COLECTIVO,REPRESENTATIVE_POINT,
88c2ec4537fffff,Buenos Aires,Carmen de Areco,34,DEMANDA_BAJA,8,COLECTIVO,REPRESENTATIVE_POINT,
88c2e16989fffff,Buenos Aires,Luján,34,DEMANDA_BAJA,8,COLECTIVO,REPRESENTATIVE_POINT,
88c2e060e5fffff,Buenos Aires,San Vicente,34,DEMANDA_BAJA,7,COLECTIVO,REPRESENTATIVE_POINT,
88c2e304d9fffff,Buenos Aires,Tigre,34,DEMANDA_BAJA,7,COLECTIVO,REPRESENTATIVE_POINT,
88c2e06305fffff,Buenos Aires,Brandsen,34,DEMANDA_BAJA,17,COLECTIVO,REPRESENTATIVE_POINT,
88c2e1ca93fffff,Buenos Aires,Lobos,34,DEMANDA_BAJA,14,COLECTIVO,REPRESENTATIVE_POINT,
88c2e33003fffff,Buenos Aires,Escobar,34,DEMANDA_BAJA,12,COLECTIVO,REPRESENTATIVE_POINT,
88c2eec945fffff,Buenos Aires,Campana,34,DEMANDA_BAJA,12,COLECTIVO,REPRESENTATIVE_POINT,
88c2e339cbfffff,Buenos Aires,San Fernando,34,DEMANDA_BAJA,8,COLECTIVO,REPRESENTATIVE_POINT,
88c2e339c5fffff,Buenos Aires,San Fernando,34,DEMANDA_BAJA,16,COLECTIVO,REPRESENTATIVE_POINT,
88c2e3985bfffff,Buenos Aires,Esteban Echeverría,34,DEMANDA_BAJA,17,COLECTIVO,REPRESENTATIVE_POINT,
88c2e3b843fffff,Buenos Aires,Moreno,33,DEMANDA_BAJA,4,COLECTIVO,INTERSECCION_MAYOR_AREA,
88c2e069bdfffff,Buenos Aires,La Plata,33,DEMANDA_BAJA,14,COLECTIVO,REPRESENTATIVE_POINT,
88c2e331c1fffff,Buenos Aires,Escobar,33,DEMANDA_BAJA,12,COLECTIVO,REPRESENTATIVE_POINT,
88c2e2a6a9fffff,Buenos Aires,La Plata,33,DEMANDA_BAJA,15,COLECTIVO,REPRESENTATIVE_POINT,
88c2e3c433fffff,Buenos Aires,Avellaneda,33,DEMANDA_BAJA,7,COLECTIVO,REPRESENTATIVE_POINT,
88c2e16997fffff,Buenos Aires,Luján,33,DEMANDA_BAJA,6,COLECTIVO,REPRESENTATIVE_POINT,
88c2e06e91fffff,Buenos Aires,Presidente Perón,33,DEMANDA_BAJA,9,COLECTIVO,REPRESENTATIVE_POINT,
88c2e3d2d1fffff,Buenos Aires,Florencio Varela,33,DEMANDA_BAJA,7,COLECTIVO,REPRESENTATIVE_POINT,
88c2e33219fffff,Buenos Aires,Escobar,33,DEMANDA_BAJA,12,COLECTIVO,REPRESENTATIVE_POINT,
88c2eec229fffff,Buenos Aires,Exaltación de la Cruz,33,DEMANDA_BAJA,16,COLECTIVO,REPRESENTATIVE_POINT,
88c2eec32bfffff,Buenos Aires,Exaltación de la Cruz,33,DEMANDA_BAJA,7,COLECTIVO,REPRESENTATIVE_POINT,
88c2e33181fffff,Buenos Aires,Escobar,33,DEMANDA_BAJA,4,COLECTIVO,REPRESENTATIVE_POINT,
88c2e33183fffff,Buenos Aires,Escobar,33,DEMANDA_BAJA,5,COLECTIVO,REPRESENTATIVE_POINT,
88c2e16731fffff,Buenos Aires,Mercedes,33,DEMANDA_BAJA,16,COLECTIVO,REPRESENTATIVE_POINT,
88c2e16193fffff,Buenos Aires,Luján,33,DEMANDA_BAJA,8,COLECTIVO,REPRESENTATIVE_POINT,
88c2e3912dfffff,Buenos Aires,Ezeiza,33,DEMANDA_BAJA,13,COLECTIVO,REPRESENTATIVE_POINT,
88c2e3d037fffff,Buenos Aires,Berazategui,32,DEMANDA_BAJA,18,COLECTIVO,REPRESENTATIVE_POINT,
88c2eec00bfffff,Buenos Aires,Exaltación de la Cruz,32,DEMANDA_BAJA,8,COLECTIVO,REPRESENTATIVE_POINT,
88c2e07a1dfffff,Buenos Aires,Brandsen,32,DEMANDA_BAJA,17,COLECTIVO,REPRESENTATIVE_POINT,
88c2eec22bfffff,Buenos Aires,Exaltación de la Cruz,32,DEMANDA_BAJA,6,COLECTIVO,REPRESENTATIVE_POINT,
88c2e06945fffff,Buenos Aires,La Plata,32,DEMANDA_BAJA,12,COLECTIVO,REPRESENTATIVE_POINT,
88c2e3aeb1fffff,Buenos Aires,Pilar,32,DEMANDA_BAJA,16,COLECTIVO,REPRESENTATIVE_POINT,
88c2e3ae51fffff,Buenos Aires,Pilar,32,DEMANDA_BAJA,5,COLECTIVO,REPRESENTATIVE_POINT,
88c2e3cb51fffff,Buenos Aires,Ensenada,32,DEMANDA_BAJA,11,COLECTIVO,REPRESENTATIVE_POINT,
88c2e39367fffff,Buenos Aires,Ezeiza,32,DEMANDA_BAJA,17,COLECTIVO,REPRESENTATIVE_POINT,
88c2e2ae11fffff,Buenos Aires,La Plata,32,DEMANDA_BAJA,7,COLECTIVO,REPRESENTATIVE_POINT,
88c2e11991fffff,Buenos Aires,Navarro,32,DEMANDA_BAJA,18,COLECTIVO,REPRESENTATIVE_POINT,
88c2e06e53fffff,Buenos Aires,San Vicente,32,DEMANDA_BAJA,12,COLECTIVO,REPRESENTATIVE_POINT,
88c2eed8ebfffff,Buenos Aires,Exaltación de la Cruz,32,DEMANDA_BAJA,16,COLECTIVO,REPRESENTATIVE_POINT,
88c2e31267fffff,Ciudad Autónoma de Buenos Aires,Comuna 8,32,DEMANDA_BAJA,4,COLECTIVO,REPRESENTATIVE_POINT,
88c2e38503fffff,Buenos Aires,Merlo,32,DEMANDA_BAJA,13,COLECTIVO,REPRESENTATIVE_POINT,
88c2e2a4c5fffff,Buenos Aires,La Plata,32,DEMANDA_BAJA,18,COLECTIVO,REPRESENTATIVE_POINT,
88c2eec807fffff,Buenos Aires,Campana,32,DEMANDA_BAJA,7,COLECTIVO,REPRESENTATIVE_POINT,
88c2eed45dfffff,Buenos Aires,San Andrés de Giles,32,DEMANDA_BAJA,16,COLECTIVO,REPRESENTATIVE_POINT,
88c2e338b5fffff,Buenos Aires,San Fernando,31,DEMANDA_BAJA,12,COLECTIVO,REPRESENTATIVE_POINT,
88c2e3a587fffff,Buenos Aires,Pilar,31,DEMANDA_BAJA,6,COLECTIVO,REPRESENTATIVE_POINT,
88c2e32733fffff,Buenos Aires,Campana,31,DEMANDA_BAJA,15,COLECTIVO,REPRESENTATIVE_POINT,
88c2e32227fffff,Buenos Aires,San Fernando,31,DEMANDA_BAJA,16,COLECTIVO,REPRESENTATIVE_POINT,
88c2e1433dfffff,Buenos Aires,General Las Heras,31,DEMANDA_BAJA,11,COLECTIVO,REPRESENTATIVE_POINT,
88c2ee5767fffff,Buenos Aires,Zárate,31,DEMANDA_BAJA,12,COLECTIVO,REPRESENTATIVE_POINT,
88c2e33069fffff,Buenos Aires,Tigre,31,DEMANDA_BAJA,5,COLECTIVO,REPRESENTATIVE_POINT,
88c2e32101fffff,Buenos Aires,San Fernando,31,DEMANDA_BAJA,18,COLECTIVO,REPRESENTATIVE_POINT,
88c2e2a443fffff,Buenos Aires,La Plata,31,DEMANDA_BAJA,6,COLECTIVO,REPRESENTATIVE_POINT,
88c2e06749fffff,Buenos Aires,San Vicente,31,DEMANDA_BAJA,12,COLECTIVO,REPRESENTATIVE_POINT,
88c2eed997fffff,Buenos Aires,Campana,31,DEMANDA_BAJA,17,COLECTIVO,REPRESENTATIVE_POINT,
88c2e3b567fffff,Buenos Aires,General Rodríguez,31,DEMANDA_BAJA,11,COLECTIVO,REPRESENTATIVE_POINT,
88c2e3d283fffff,Buenos Aires,Florencio Varela,30,DEMANDA_BAJA,8,COLECTIVO,REPRESENTATIVE_POINT,
88c2eed12bfffff,Buenos Aires,Pilar,30,DEMANDA_BAJA,17,COLECTIVO,REPRESENTATIVE_POINT,
88c2ee575dfffff,Buenos Aires,Zárate,30,DEMANDA_BAJA,16,COLECTIVO,REPRESENTATIVE_POINT,
88c2e3322bfffff,Buenos Aires,Tigre,30,DEMANDA_BAJA,14,COLECTIVO,REPRESENTATIVE_POINT,
88c2e339cdfffff,Buenos Aires,San Fernando,30,DEMANDA_BAJA,9,COLECTIVO,REPRESENTATIVE_POINT,
88c2e2a637fffff,Buenos Aires,La Plata,30,DEMANDA_BAJA,17,COLECTIVO,REPRESENTATIVE_POINT,
88c2e3b825fffff,Buenos Aires,Hurlingham,30,DEMANDA_BAJA,8,COLECTIVO,REPRESENTATIVE_POINT,
88c2e3c03dfffff,Buenos Aires,Berazategui,30,DEMANDA_BAJA,14,COLECTIVO,REPRESENTATIVE_POINT,
88c2e06d39fffff,Buenos Aires,Florencio Varela,30,DEMANDA_BAJA,17,COLECTIVO,REPRESENTATIVE_POINT,
88c2e30467fffff,Buenos Aires,San Fernando,30,DEMANDA_BAJA,18,COLECTIVO,REPRESENTATIVE_POINT,
88c2e3db11fffff,Buenos Aires,La Plata,30,DEMANDA_BAJA,6,COLECTIVO,REPRESENTATIVE_POINT,
88c2e14b03fffff,Buenos Aires,Marcos Paz,30,DEMANDA_BAJA,15,COLECTIVO,REPRESENTATIVE_POINT,
88c2e32221fffff,Buenos Aires,Escobar,30,DEMANDA_BAJA,16,COLECTIVO,REPRESENTATIVE_POINT,
88c2e3d015fffff,Buenos Aires,Berazategui,30,DEMANDA_BAJA,16,COLECTIVO,REPRESENTATIVE_POINT,
88c2e2a29dfffff,Buenos Aires,La Plata,30,DEMANDA_BAJA,7,COLECTIVO,REPRESENTATIVE_POINT,
88c2e30c93fffff,Buenos Aires,Tigre,30,DEMANDA_BAJA,19,COLECTIVO,INTERSECCION_MAYOR_AREA,
88c2e23653fffff,Buenos Aires,Ensenada,29,DEMANDA_BAJA,8,COLECTIVO,REPRESENTATIVE_POINT,
88c2e06769fffff,Buenos Aires,San Vicente,29,DEMANDA_BAJA,5,COLECTIVO,REPRESENTATIVE_POINT,
88c2e06337fffff,Buenos Aires,San Vicente,29,DEMANDA_BAJA,4,COLECTIVO,REPRESENTATIVE_POINT,
88c2e32049fffff,Buenos Aires,San Fernando,29,DEMANDA_BAJA,6,COLECTIVO,REPRESENTATIVE_POINT,
88c2eec215fffff,Buenos Aires,Exaltación de la Cruz,29,DEMANDA_BAJA,15,COLECTIVO,REPRESENTATIVE_POINT,
88c2e06715fffff,Buenos Aires,San Vicente,29,DEMANDA_BAJA,5,COLECTIVO,REPRESENTATIVE_POINT,
88c2e3a087fffff,Buenos Aires,Pilar,29,DEMANDA_BAJA,13,COLECTIVO,REPRESENTATIVE_POINT,
88c2e3b065fffff,Buenos Aires,Merlo,29,DEMANDA_BAJA,6,COLECTIVO,REPRESENTATIVE_POINT,
88c2e33837fffff,Buenos Aires,San Fernando,29,DEMANDA_BAJA,12,COLECTIVO,REPRESENTATIVE_POINT,
88c2e3059bfffff,Buenos Aires,Tigre,29,DEMANDA_BAJA,12,COLECTIVO,REPRESENTATIVE_POINT,
88c2ee50c3fffff,Buenos Aires,Zárate,29,DEMANDA_BAJA,16,COLECTIVO,REPRESENTATIVE_POINT,
88c2e3c347fffff,Buenos Aires,Berazategui,29,DEMANDA_BAJA,17,COLECTIVO,REPRESENTATIVE_POINT,
88c2e1cad1fffff,Buenos Aires,Lobos,29,DEMANDA_BAJA,10,COLECTIVO,REPRESENTATIVE_POINT,
88c2e39aedfffff,Buenos Aires,Esteban Echeverría,29,DEMANDA_BAJA,16,COLECTIVO,REPRESENTATIVE_POINT,
88c2e0260dfffff,Buenos Aires,Cañuelas,29,DEMANDA_BAJA,16,COLECTIVO,REPRESENTATIVE_POINT,
88c2e39153fffff,Buenos Aires,Ezeiza,29,DEMANDA_BAJA,11,COLECTIVO,REPRESENTATIVE_POINT,
88c2e33343fffff,Buenos Aires,Tigre,29,DEMANDA_BAJA,6,COLECTIVO,REPRESENTATIVE_POINT,
88c2e06159fffff,Buenos Aires,San Vicente,29,DEMANDA_BAJA,18,COLECTIVO,REPRESENTATIVE_POINT,
88c2e316cdfffff,Buenos Aires,Tres de Febrero,29,DEMANDA_BAJA,7,COLECTIVO,REPRESENTATIVE_POINT,
88c2e3223bfffff,Buenos Aires,Escobar,29,DEMANDA_BAJA,6,COLECTIVO,REPRESENTATIVE_POINT,
88c2e32245fffff,Buenos Aires,Escobar,29,DEMANDA_BAJA,14,COLECTIVO,REPRESENTATIVE_POINT,
88c2e3ae6bfffff,Buenos Aires,Pilar,29,DEMANDA_BAJA,6,COLECTIVO,REPRESENTATIVE_POINT,
88c2e306e1fffff,Buenos Aires,Tigre,29,DEMANDA_BAJA,17,COLECTIVO,REPRESENTATIVE_POINT,
88c2e338b7fffff,Buenos Aires,San Fernando,29,DEMANDA_BAJA,19,COLECTIVO,REPRESENTATIVE_POINT,
88c2e322c7fffff,Buenos Aires,Escobar,29,DEMANDA_BAJA,6,COLECTIVO,REPRESENTATIVE_POINT,
88c2eec003fffff,Buenos Aires,Exaltación de la Cruz,28,DEMANDA_BAJA,10,COLECTIVO,REPRESENTATIVE_POINT,
88c2e1670bfffff,Buenos Aires,Mercedes,28,DEMANDA_BAJA,18,COLECTIVO,REPRESENTATIVE_POINT,
88c2e3c23dfffff,Buenos Aires,Berazategui,28,DEMANDA_BAJA,9,COLECTIVO,REPRESENTATIVE_POINT,
88c2e30583fffff,Buenos Aires,Tigre,28,DEMANDA_BAJA,7,COLECTIVO,REPRESENTATIVE_POINT,
88c2e33189fffff,Buenos Aires,Escobar,28,DEMANDA_BAJA,12,COLECTIVO,REPRESENTATIVE_POINT,
88c2e16853fffff,Buenos Aires,Luján,28,DEMANDA_BAJA,7,COLECTIVO,REPRESENTATIVE_POINT,
88c2e06361fffff,Buenos Aires,Brandsen,28,DEMANDA_BAJA,5,COLECTIVO,REPRESENTATIVE_POINT,
88c2eed101fffff,Buenos Aires,Luján,28,DEMANDA_BAJA,16,COLECTIVO,REPRESENTATIVE_POINT,
88c2e3d2bdfffff,Buenos Aires,Florencio Varela,28,DEMANDA_BAJA,17,COLECTIVO,REPRESENTATIVE_POINT,
88c2e3a9a1fffff,Buenos Aires,Tigre,28,DEMANDA_BAJA,5,COLECTIVO,REPRESENTATIVE_POINT,
88c2e2304bfffff,Buenos Aires,Berisso,28,DEMANDA_BAJA,12,COLECTIVO,REPRESENTATIVE_POINT,
88c2e2305bfffff,Buenos Aires,Berisso,28,DEMANDA_BAJA,12,COLECTIVO,REPRESENTATIVE_POINT,
88c2e3ac09fffff,Buenos Aires,Pilar,28,DEMANDA_BAJA,13,COLECTIVO,REPRESENTATIVE_POINT,
88c2e33133fffff,Buenos Aires,Tigre,28,DEMANDA_BAJA,5,COLECTIVO,REPRESENTATIVE_POINT,
88c2e06ecdfffff,Buenos Aires,San Vicente,28,DEMANDA_BAJA,7,COLECTIVO,REPRESENTATIVE_POINT,
88c2e2a6e5fffff,Buenos Aires,La Plata,28,DEMANDA_BAJA,12,COLECTIVO,REPRESENTATIVE_POINT,
88c2e02e5dfffff,Buenos Aires,Cañuelas,28,DEMANDA_BAJA,7,COLECTIVO,REPRESENTATIVE_POINT,
88c2e3a589fffff,Buenos Aires,Pilar,28,DEMANDA_BAJA,13,COLECTIVO,REPRESENTATIVE_POINT,
88c2e07a95fffff,Buenos Aires,Brandsen,28,DEMANDA_BAJA,7,COLECTIVO,REPRESENTATIVE_POINT,
88c2e07a11fffff,Buenos Aires,Brandsen,28,DEMANDA_BAJA,18,COLECTIVO,REPRESENTATIVE_POINT,
88c2e33491fffff,Buenos Aires,Campana,28,DEMANDA_BAJA,11,COLECTIVO,REPRESENTATIVE_POINT,
88c2e3b707fffff,Buenos Aires,General Rodríguez,28,DEMANDA_BAJA,13,COLECTIVO,REPRESENTATIVE_POINT,
88c2eec043fffff,Buenos Aires,Exaltación de la Cruz,27,DEMANDA_BAJA,11,COLECTIVO,REPRESENTATIVE_POINT,
88c2eedaedfffff,Buenos Aires,Pilar,27,DEMANDA_BAJA,15,COLECTIVO,REPRESENTATIVE_POINT,
88c2e33311fffff,Buenos Aires,Tigre,27,DEMANDA_BAJA,17,COLECTIVO,REPRESENTATIVE_POINT,
88c2eec1c3fffff,Buenos Aires,Exaltación de la Cruz,27,DEMANDA_BAJA,7,COLECTIVO,REPRESENTATIVE_POINT,
88c2e306d7fffff,Buenos Aires,Tigre,27,DEMANDA_BAJA,12,COLECTIVO,REPRESENTATIVE_POINT,
88c2e069b9fffff,Buenos Aires,Brandsen,27,DEMANDA_BAJA,18,COLECTIVO,REPRESENTATIVE_POINT,
88c2e331c9fffff,Buenos Aires,Escobar,27,DEMANDA_BAJA,15,COLECTIVO,REPRESENTATIVE_POINT,
88c2e3c021fffff,Buenos Aires,Berazategui,27,DEMANDA_BAJA,13,COLECTIVO,REPRESENTATIVE_POINT,
88c2e06405fffff,Buenos Aires,Presidente Perón,27,DEMANDA_BAJA,17,COLECTIVO,REPRESENTATIVE_POINT,
88c2e149adfffff,Buenos Aires,Marcos Paz,27,DEMANDA_BAJA,12,COLECTIVO,REPRESENTATIVE_POINT,
88c2e232b9fffff,Buenos Aires,Berisso,27,DEMANDA_BAJA,15,COLECTIVO,REPRESENTATIVE_POINT,
88c2e390a9fffff,Buenos Aires,Ezeiza,27,DEMANDA_BAJA,17,COLECTIVO,REPRESENTATIVE_POINT,
88c2e2b635fffff,Buenos Aires,La Plata,27,DEMANDA_BAJA,18,COLECTIVO,REPRESENTATIVE_POINT,
88c2ee5749fffff,Buenos Aires,Zárate,27,DEMANDA_BAJA,9,COLECTIVO,REPRESENTATIVE_POINT,
88c2e32627fffff,Buenos Aires,Campana,27,DEMANDA_BAJA,12,COLECTIVO,REPRESENTATIVE_POINT,
88c2e3a5b9fffff,Buenos Aires,Pilar,27,DEMANDA_BAJA,12,COLECTIVO,REPRESENTATIVE_POINT,
88c2e3998dfffff,Buenos Aires,Almirante Brown,27,DEMANDA_BAJA,9,COLECTIVO,REPRESENTATIVE_POINT,
88c2e3200bfffff,Buenos Aires,Campana,27,DEMANDA_BAJA,6,COLECTIVO,INTERSECCION_MAYOR_AREA,
88c2eec2d1fffff,Buenos Aires,Exaltación de la Cruz,27,DEMANDA_BAJA,7,COLECTIVO,REPRESENTATIVE_POINT,
88c2e38addfffff,Buenos Aires,Ezeiza,26,DEMANDA_BAJA,6,COLECTIVO,REPRESENTATIVE_POINT,
88c2ee5689fffff,Buenos Aires,Zárate,26,DEMANDA_BAJA,14,COLECTIVO,REPRESENTATIVE_POINT,
88c2e3da95fffff,Buenos Aires,La Plata,26,DEMANDA_BAJA,12,COLECTIVO,REPRESENTATIVE_POINT,
88c2e2a0b1fffff,Buenos Aires,La Plata,26,DEMANDA_BAJA,12,COLECTIVO,REPRESENTATIVE_POINT,
88c2e39555fffff,Buenos Aires,La Matanza,26,DEMANDA_BAJA,17,COLECTIVO,REPRESENTATIVE_POINT,
88c2e339d9fffff,Buenos Aires,San Fernando,26,DEMANDA_BAJA,13,COLECTIVO,REPRESENTATIVE_POINT,
88c2e16f27fffff,Buenos Aires,Luján,26,DEMANDA_BAJA,19,COLECTIVO,REPRESENTATIVE_POINT,
88c2e1681dfffff,Buenos Aires,Luján,26,DEMANDA_BAJA,13,COLECTIVO,REPRESENTATIVE_POINT,
88c2e3d009fffff,Buenos Aires,Berazategui,26,DEMANDA_BAJA,7,COLECTIVO,REPRESENTATIVE_POINT,
88c2e30485fffff,Buenos Aires,Tigre,26,DEMANDA_BAJA,14,COLECTIVO,REPRESENTATIVE_POINT,
88c2e3c2a5fffff,Buenos Aires,Berazategui,26,DEMANDA_BAJA,12,COLECTIVO,REPRESENTATIVE_POINT,
88c2e2366dfffff,Buenos Aires,Berisso,26,DEMANDA_BAJA,9,COLECTIVO,REPRESENTATIVE_POINT,
88c2eed331fffff,Buenos Aires,Luján,26,DEMANDA_BAJA,12,COLECTIVO,REPRESENTATIVE_POINT,
88c2e3c039fffff,Buenos Aires,Berazategui,26,DEMANDA_BAJA,12,COLECTIVO,REPRESENTATIVE_POINT,
88c2e38ad7fffff,Buenos Aires,Ezeiza,26,DEMANDA_BAJA,12,COLECTIVO,REPRESENTATIVE_POINT,
88c2e3ac69fffff,Buenos Aires,Pilar,26,DEMANDA_BAJA,12,COLECTIVO,REPRESENTATIVE_POINT,
88c2e06da7fffff,Buenos Aires,Florencio Varela,26,DEMANDA_BAJA,8,COLECTIVO,REPRESENTATIVE_POINT,
88c2ee5755fffff,Buenos Aires,Zárate,26,DEMANDA_BAJA,6,COLECTIVO,REPRESENTATIVE_POINT,
88c2e02c3bfffff,Buenos Aires,Cañuelas,26,DEMANDA_BAJA,6,COLECTIVO,REPRESENTATIVE_POINT,
88c2e06331fffff,Buenos Aires,San Vicente,26,DEMANDA_BAJA,12,COLECTIVO,REPRESENTATIVE_POINT,
88c2e166c7fffff,Buenos Aires,Mercedes,26,DEMANDA_BAJA,7,COLECTIVO,REPRESENTATIVE_POINT,
88c2e3d1e5fffff,Buenos Aires,La Plata,26,DEMANDA_BAJA,5,COLECTIVO,REPRESENTATIVE_POINT,
88c2e30cddfffff,Buenos Aires,Tigre,26,DEMANDA_BAJA,15,COLECTIVO,REPRESENTATIVE_POINT,
88c2e064b1fffff,Buenos Aires,Ezeiza,25,DEMANDA_BAJA,15,COLECTIVO,REPRESENTATIVE_POINT,
88c2eed309fffff,Buenos Aires,Luján,25,DEMANDA_BAJA,8,COLECTIVO,REPRESENTATIVE_POINT,
88c2e30465fffff,Buenos Aires,San Fernando,25,DEMANDA_BAJA,11,COLECTIVO,REPRESENTATIVE_POINT,
88c2e3dad5fffff,Buenos Aires,La Plata,25,DEMANDA_BAJA,12,COLECTIVO,REPRESENTATIVE_POINT,
88c2e33711fffff,Buenos Aires,Escobar,25,DEMANDA_BAJA,8,COLECTIVO,REPRESENTATIVE_POINT,
88c2e336a3fffff,Buenos Aires,Escobar,25,DEMANDA_BAJA,7,COLECTIVO,REPRESENTATIVE_POINT,
88c2e16ab7fffff,Buenos Aires,Luján,25,DEMANDA_BAJA,22,COLECTIVO,REPRESENTATIVE_POINT,
88c2e2ad1dfffff,Buenos Aires,La Plata,25,DEMANDA_BAJA,12,COLECTIVO,REPRESENTATIVE_POINT,
88c2e339ebfffff,Buenos Aires,San Fernando,25,DEMANDA_BAJA,16,COLECTIVO,REPRESENTATIVE_POINT,
88c2eec99bfffff,Buenos Aires,Campana,25,DEMANDA_BAJA,7,COLECTIVO,REPRESENTATIVE_POINT,
88c2e06033fffff,Buenos Aires,San Vicente,25,DEMANDA_BAJA,13,COLECTIVO,REPRESENTATIVE_POINT,
88c2e39817fffff,Buenos Aires,Esteban Echeverría,25,DEMANDA_BAJA,12,COLECTIVO,REPRESENTATIVE_POINT,
88c2eec009fffff,Buenos Aires,Exaltación de la Cruz,25,DEMANDA_BAJA,7,COLECTIVO,REPRESENTATIVE_POINT,
88c2ee09e9fffff,Buenos Aires,Zárate,25,DEMANDA_BAJA,17,COLECTIVO,REPRESENTATIVE_POINT,
88c2e331cdfffff,Buenos Aires,Escobar,25,DEMANDA_BAJA,19,COLECTIVO,REPRESENTATIVE_POINT,
88c2e1688dfffff,Buenos Aires,Luján,25,DEMANDA_BAJA,15,COLECTIVO,REPRESENTATIVE_POINT,
88c2eec245fffff,Buenos Aires,Exaltación de la Cruz,25,DEMANDA_BAJA,12,COLECTIVO,REPRESENTATIVE_POINT,
88c2e3d5d9fffff,Buenos Aires,Florencio Varela,25,DEMANDA_BAJA,6,COLECTIVO,REPRESENTATIVE_POINT,
88c2e30ccbfffff,Buenos Aires,Tigre,25,DEMANDA_BAJA,18,COLECTIVO,REPRESENTATIVE_POINT,
88c2e3206bfffff,Buenos Aires,San Fernando,25,DEMANDA_BAJA,19,COLECTIVO,REPRESENTATIVE_POINT,
88c2e3b503fffff,Buenos Aires,General Rodríguez,25,DEMANDA_BAJA,13,COLECTIVO,REPRESENTATIVE_POINT,
88c2e3a50dfffff,Buenos Aires,Pilar,25,DEMANDA_BAJA,16,COLECTIVO,REPRESENTATIVE_POINT,
88c2e32a49fffff,Buenos Aires,San Fernando,25,DEMANDA_BAJA,22,COLECTIVO,REPRESENTATIVE_POINT,
88c2eed8cdfffff,Buenos Aires,Exaltación de la Cruz,25,DEMANDA_BAJA,12,COLECTIVO,REPRESENTATIVE_POINT,
88c2e3bb33fffff,Buenos Aires,Ituzaingó,25,DEMANDA_BAJA,17,COLECTIVO,REPRESENTATIVE_POINT,
88c2e3bb31fffff,Buenos Aires,Ituzaingó,25,DEMANDA_BAJA,7,COLECTIVO,REPRESENTATIVE_POINT,
88c2eed8a9fffff,Buenos Aires,Exaltación de la Cruz,25,DEMANDA_BAJA,14,COLECTIVO,REPRESENTATIVE_POINT,
88c2e2a4abfffff,Buenos Aires,La Plata,25,DEMANDA_BAJA,14,COLECTIVO,REPRESENTATIVE_POINT,
88c2e30209fffff,Ciudad Autónoma de Buenos Aires,Comuna 13,25,DEMANDA_BAJA,6,COLECTIVO,REPRESENTATIVE_POINT,
88c2e322e5fffff,Buenos Aires,Campana,25,DEMANDA_BAJA,15,COLECTIVO,REPRESENTATIVE_POINT,
88c2e3264bfffff,Buenos Aires,Campana,25,DEMANDA_BAJA,10,COLECTIVO,REPRESENTATIVE_POINT,
88c2e2ae41fffff,Buenos Aires,La Plata,25,DEMANDA_BAJA,15,COLECTIVO,REPRESENTATIVE_POINT,
88c2e32555fffff,Buenos Aires,Campana,25,DEMANDA_BAJA,20,COLECTIVO,REPRESENTATIVE_POINT,
88c2ee9b23fffff,Buenos Aires,Luján,24,DEMANDA_BAJA,17,COLECTIVO,REPRESENTATIVE_POINT,
88c2e306c5fffff,Buenos Aires,Tigre,24,DEMANDA_BAJA,7,COLECTIVO,REPRESENTATIVE_POINT,
88c2e3b73dfffff,Buenos Aires,General Rodríguez,24,DEMANDA_BAJA,18,COLECTIVO,REPRESENTATIVE_POINT,
88c2e39665fffff,Buenos Aires,Marcos Paz,24,DEMANDA_BAJA,13,COLECTIVO,REPRESENTATIVE_POINT,
88c2e1cad9fffff,Buenos Aires,Lobos,24,DEMANDA_BAJA,11,COLECTIVO,REPRESENTATIVE_POINT,
88c2e331e3fffff,Buenos Aires,Escobar,24,DEMANDA_BAJA,6,COLECTIVO,REPRESENTATIVE_POINT,
88c2e3835bfffff,Buenos Aires,Ezeiza,24,DEMANDA_BAJA,17,COLECTIVO,REPRESENTATIVE_POINT,
88c2e304a7fffff,Buenos Aires,Tigre,24,DEMANDA_BAJA,12,COLECTIVO,REPRESENTATIVE_POINT,
88c2eedb43fffff,Buenos Aires,Pilar,24,DEMANDA_BAJA,13,COLECTIVO,REPRESENTATIVE_POINT,
88c2e06763fffff,Buenos Aires,San Vicente,24,DEMANDA_BAJA,7,COLECTIVO,REPRESENTATIVE_POINT,
88c2e2a1adfffff,Buenos Aires,La Plata,24,DEMANDA_BAJA,12,COLECTIVO,REPRESENTATIVE_POINT,
88c2e0636dfffff,Buenos Aires,Brandsen,24,DEMANDA_BAJA,11,COLECTIVO,REPRESENTATIVE_POINT,
88c2e2361bfffff,Buenos Aires,Ensenada,24,DEMANDA_BAJA,12,COLECTIVO,REPRESENTATIVE_POINT,
88c2e0662dfffff,Buenos Aires,San Vicente,24,DEMANDA_BAJA,16,COLECTIVO,REPRESENTATIVE_POINT,
88c2e30423fffff,Buenos Aires,Tigre,24,DEMANDA_BAJA,13,COLECTIVO,REPRESENTATIVE_POINT,
88c2e38a8bfffff,Buenos Aires,Esteban Echeverría,24,DEMANDA_BAJA,17,COLECTIVO,REPRESENTATIVE_POINT,
88c2e3c511fffff,Buenos Aires,Quilmes,24,DEMANDA_BAJA,6,COLECTIVO,REPRESENTATIVE_POINT,
88c2e14203fffff,Buenos Aires,General Las Heras,24,DEMANDA_BAJA,16,COLECTIVO,REPRESENTATIVE_POINT,
88c2e2ace5fffff,Buenos Aires,Berisso,24,DEMANDA_BAJA,7,COLECTIVO,REPRESENTATIVE_POINT,
88c2e32609fffff,Buenos Aires,Campana,24,DEMANDA_BAJA,14,COLECTIVO,REPRESENTATIVE_POINT,
88c2e33a9bfffff,Buenos Aires,Tigre,24,DEMANDA_BAJA,10,COLECTIVO,REPRESENTATIVE_POINT,
88c2e33831fffff,Buenos Aires,San Fernando,24,DEMANDA_BAJA,12,COLECTIVO,REPRESENTATIVE_POINT,
88c2e3d76dfffff,Buenos Aires,Florencio Varela,24,DEMANDA_BAJA,7,COLECTIVO,REPRESENTATIVE_POINT,
88c2e3388dfffff,Buenos Aires,San Fernando,24,DEMANDA_BAJA,15,COLECTIVO,REPRESENTATIVE_POINT,
88c2e2331bfffff,Buenos Aires,Berisso,24,DEMANDA_BAJA,16,COLECTIVO,REPRESENTATIVE_POINT,
88c2eecb2bfffff,Buenos Aires,Campana,24,DEMANDA_BAJA,18,COLECTIVO,REPRESENTATIVE_POINT,
88c2e2ae47fffff,Buenos Aires,La Plata,24,DEMANDA_BAJA,12,COLECTIVO,REPRESENTATIVE_POINT,
88c2e16967fffff,Buenos Aires,Luján,24,DEMANDA_BAJA,16,COLECTIVO,REPRESENTATIVE_POINT,
88c2e06b43fffff,Buenos Aires,Brandsen,23,DEMANDA_BAJA,6,COLECTIVO,REPRESENTATIVE_POINT,
88c2eec9a9fffff,Buenos Aires,Campana,23,DEMANDA_BAJA,13,COLECTIVO,REPRESENTATIVE_POINT,
88c2e3b719fffff,Buenos Aires,General Rodríguez,23,DEMANDA_BAJA,16,COLECTIVO,REPRESENTATIVE_POINT,
88c2eeda93fffff,Buenos Aires,Exaltación de la Cruz,23,DEMANDA_BAJA,12,COLECTIVO,REPRESENTATIVE_POINT,
88c2e07833fffff,Buenos Aires,Brandsen,23,DEMANDA_BAJA,15,COLECTIVO,REPRESENTATIVE_POINT,
88c2e16819fffff,Buenos Aires,Luján,23,DEMANDA_BAJA,10,COLECTIVO,REPRESENTATIVE_POINT,
88c2e166e7fffff,Buenos Aires,Mercedes,23,DEMANDA_BAJA,12,COLECTIVO,REPRESENTATIVE_POINT,
88c2eecb37fffff,Buenos Aires,Campana,23,DEMANDA_BAJA,9,COLECTIVO,REPRESENTATIVE_POINT,
88c2e2ad01fffff,Buenos Aires,La Plata,23,DEMANDA_BAJA,8,COLECTIVO,REPRESENTATIVE_POINT,
88c2e2a0b7fffff,Buenos Aires,La Plata,23,DEMANDA_BAJA,7,COLECTIVO,REPRESENTATIVE_POINT,
88c2eed33bfffff,Buenos Aires,Luján,23,DEMANDA_BAJA,7,COLECTIVO,REPRESENTATIVE_POINT,
88c2e0444bfffff,Buenos Aires,Brandsen,23,DEMANDA_BAJA,7,COLECTIVO,REPRESENTATIVE_POINT,
88c2e3af3bfffff,Buenos Aires,Pilar,23,DEMANDA_BAJA,12,COLECTIVO,REPRESENTATIVE_POINT,
88c2e3a8d5fffff,Buenos Aires,Pilar,23,DEMANDA_BAJA,12,COLECTIVO,REPRESENTATIVE_POINT,
88c2e02607fffff,Buenos Aires,Cañuelas,23,DEMANDA_BAJA,7,COLECTIVO,REPRESENTATIVE_POINT,
88c2e3390dfffff,Buenos Aires,San Fernando,23,DEMANDA_BAJA,17,COLECTIVO,INTERSECCION_MAYOR_AREA,
88c2e3b323fffff,Buenos Aires,Merlo,23,DEMANDA_BAJA,6,COLECTIVO,REPRESENTATIVE_POINT,
88c2ee5741fffff,Buenos Aires,Zárate,23,DEMANDA_BAJA,12,COLECTIVO,REPRESENTATIVE_POINT,
88c2e338adfffff,Buenos Aires,San Fernando,23,DEMANDA_BAJA,7,COLECTIVO,REPRESENTATIVE_POINT,
88c2e1ca81fffff,Buenos Aires,Lobos,23,DEMANDA_BAJA,7,COLECTIVO,REPRESENTATIVE_POINT,
88c2e0644bfffff,Buenos Aires,San Vicente,23,DEMANDA_BAJA,16,COLECTIVO,REPRESENTATIVE_POINT,
88c2e30597fffff,Buenos Aires,Tigre,23,DEMANDA_BAJA,17,COLECTIVO,REPRESENTATIVE_POINT,
88c2ee89a7fffff,Buenos Aires,San Andrés de Giles,23,DEMANDA_BAJA,13,COLECTIVO,REPRESENTATIVE_POINT,
88c2eecdb5fffff,Buenos Aires,Zárate,23,DEMANDA_BAJA,6,COLECTIVO,REPRESENTATIVE_POINT,
88c2e14d97fffff,Buenos Aires,General Rodríguez,22,DEMANDA_BAJA,11,COLECTIVO,REPRESENTATIVE_POINT,
88c2ee5261fffff,Buenos Aires,Campana,22,DEMANDA_BAJA,12,COLECTIVO,REPRESENTATIVE_POINT,
88c2e2adcbfffff,Buenos Aires,Berisso,22,DEMANDA_BAJA,14,COLECTIVO,REPRESENTATIVE_POINT,
88c2e3236dfffff,Buenos Aires,Tigre,22,DEMANDA_BAJA,11,COLECTIVO,REPRESENTATIVE_POINT,
88c2e2ad19fffff,Buenos Aires,La Plata,22,DEMANDA_BAJA,8,COLECTIVO,REPRESENTATIVE_POINT,
88c2e16d41fffff,Buenos Aires,Luján,22,DEMANDA_BAJA,13,COLECTIVO,REPRESENTATIVE_POINT,
88c2eed665fffff,Buenos Aires,Luján,22,DEMANDA_BAJA,14,COLECTIVO,REPRESENTATIVE_POINT,
88c2ee4003fffff,Buenos Aires,Campana,22,DEMANDA_BAJA,20,COLECTIVO,REPRESENTATIVE_POINT,
88c2eed0a7fffff,Buenos Aires,Exaltación de la Cruz,22,DEMANDA_BAJA,9,COLECTIVO,REPRESENTATIVE_POINT,
88c2e38b05fffff,Buenos Aires,Lomas de Zamora,22,DEMANDA_BAJA,8,COLECTIVO,REPRESENTATIVE_POINT,
88c2e32613fffff,Buenos Aires,Campana,22,DEMANDA_BAJA,16,COLECTIVO,REPRESENTATIVE_POINT,
88c2e326e7fffff,Buenos Aires,Campana,22,DEMANDA_BAJA,4,COLECTIVO,REPRESENTATIVE_POINT,
88c2e14829fffff,Buenos Aires,Marcos Paz,22,DEMANDA_BAJA,7,COLECTIVO,REPRESENTATIVE_POINT,
88c2e3058dfffff,Buenos Aires,Tigre,22,DEMANDA_BAJA,13,COLECTIVO,REPRESENTATIVE_POINT,
88c2e33b2bfffff,Buenos Aires,Tigre,22,DEMANDA_BAJA,17,COLECTIVO,REPRESENTATIVE_POINT,
88c2e02615fffff,Buenos Aires,Cañuelas,22,DEMANDA_BAJA,17,COLECTIVO,REPRESENTATIVE_POINT,
88c2e14867fffff,Buenos Aires,Marcos Paz,22,DEMANDA_BAJA,12,COLECTIVO,REPRESENTATIVE_POINT,
88c2e232abfffff,Buenos Aires,Berisso,22,DEMANDA_BAJA,16,COLECTIVO,REPRESENTATIVE_POINT,
88c2e32045fffff,Buenos Aires,San Fernando,22,DEMANDA_BAJA,16,COLECTIVO,REPRESENTATIVE_POINT,
88c2e16927fffff,Buenos Aires,Luján,22,DEMANDA_BAJA,17,COLECTIVO,REPRESENTATIVE_POINT,
88c2e3c02bfffff,Buenos Aires,Berazategui,22,DEMANDA_BAJA,16,COLECTIVO,REPRESENTATIVE_POINT,
88c2e3a205fffff,Buenos Aires,Moreno,22,DEMANDA_BAJA,14,COLECTIVO,REPRESENTATIVE_POINT,
88c2e33815fffff,Buenos Aires,Tigre,22,DEMANDA_BAJA,19,COLECTIVO,REPRESENTATIVE_POINT,
88c2e3a19dfffff,Buenos Aires,Pilar,22,DEMANDA_BAJA,16,COLECTIVO,REPRESENTATIVE_POINT,
88c2e168edfffff,Buenos Aires,Luján,22,DEMANDA_BAJA,7,COLECTIVO,REPRESENTATIVE_POINT,
88c2e330cdfffff,Buenos Aires,Escobar,22,DEMANDA_BAJA,13,COLECTIVO,REPRESENTATIVE_POINT,
88c2e305b3fffff,Buenos Aires,Tigre,22,DEMANDA_BAJA,7,COLECTIVO,REPRESENTATIVE_POINT,
88c2e331c3fffff,Buenos Aires,Escobar,22,DEMANDA_BAJA,11,COLECTIVO,REPRESENTATIVE_POINT,
88c2eec001fffff,Buenos Aires,Exaltación de la Cruz,22,DEMANDA_BAJA,6,COLECTIVO,REPRESENTATIVE_POINT,
88c2e3da53fffff,Buenos Aires,La Plata,22,DEMANDA_BAJA,16,COLECTIVO,REPRESENTATIVE_POINT,
88c2e16703fffff,Buenos Aires,Mercedes,22,DEMANDA_BAJA,12,COLECTIVO,REPRESENTATIVE_POINT,
88c2e14cb1fffff,Buenos Aires,General Rodríguez,22,DEMANDA_BAJA,12,COLECTIVO,REPRESENTATIVE_POINT,
88c2e3932dfffff,Buenos Aires,Ezeiza,22,DEMANDA_BAJA,15,COLECTIVO,REPRESENTATIVE_POINT,
88c2e314edfffff,Buenos Aires,General San Martín,21,DEMANDA_BAJA,17,COLECTIVO,REPRESENTATIVE_POINT,
88c2e3d12dfffff,Buenos Aires,La Plata,21,DEMANDA_BAJA,12,COLECTIVO,REPRESENTATIVE_POINT,
88c2e33b47fffff,Buenos Aires,Tigre,21,DEMANDA_BAJA,17,COLECTIVO,REPRESENTATIVE_POINT,
88c2e382adfffff,Buenos Aires,La Matanza,21,DEMANDA_BAJA,6,COLECTIVO,REPRESENTATIVE_POINT,
88c2e32167fffff,Buenos Aires,San Fernando,21,DEMANDA_BAJA,18,COLECTIVO,REPRESENTATIVE_POINT,
88c2ee0917fffff,Buenos Aires,Zárate,21,DEMANDA_BAJA,18,COLECTIVO,REPRESENTATIVE_POINT,
88c2e381c3fffff,Buenos Aires,La Matanza,21,DEMANDA_BAJA,18,COLECTIVO,REPRESENTATIVE_POINT,
88c2eec22dfffff,Buenos Aires,Exaltación de la Cruz,21,DEMANDA_BAJA,8,COLECTIVO,REPRESENTATIVE_POINT,
88c2e316c3fffff,Buenos Aires,San Miguel,21,DEMANDA_BAJA,6,COLECTIVO,REPRESENTATIVE_POINT,
88c2e3b345fffff,Buenos Aires,Marcos Paz,21,DEMANDA_BAJA,6,COLECTIVO,REPRESENTATIVE_POINT,
88c2e2304dfffff,Buenos Aires,Berisso,21,DEMANDA_BAJA,7,COLECTIVO,REPRESENTATIVE_POINT,
88c2e2365bfffff,Buenos Aires,Ensenada,21,DEMANDA_BAJA,15,COLECTIVO,REPRESENTATIVE_POINT,
88c2e30427fffff,Buenos Aires,Tigre,21,DEMANDA_BAJA,5,COLECTIVO,REPRESENTATIVE_POINT,
88c2e168adfffff,Buenos Aires,Luján,21,DEMANDA_BAJA,7,COLECTIVO,REPRESENTATIVE_POINT,
88c2e1c26bfffff,Buenos Aires,Lobos,21,DEMANDA_BAJA,7,COLECTIVO,REPRESENTATIVE_POINT,
88c2e3c341fffff,Buenos Aires,Berazategui,21,DEMANDA_BAJA,5,COLECTIVO,REPRESENTATIVE_POINT,
88c2e3d735fffff,Buenos Aires,Florencio Varela,21,DEMANDA_BAJA,12,COLECTIVO,REPRESENTATIVE_POINT,
88c2eec9bbfffff,Buenos Aires,Campana,21,DEMANDA_BAJA,7,COLECTIVO,REPRESENTATIVE_POINT,
88c2e32311fffff,Buenos Aires,San Fernando,21,DEMANDA_BAJA,6,COLECTIVO,REPRESENTATIVE_POINT,
88c2e32347fffff,Buenos Aires,Escobar,21,DEMANDA_BAJA,16,COLECTIVO,REPRESENTATIVE_POINT,
88c2e3b821fffff,Buenos Aires,Ituzaingó,21,DEMANDA_BAJA,14,COLECTIVO,REPRESENTATIVE_POINT,
88c2e3b735fffff,Buenos Aires,General Rodríguez,21,DEMANDA_BAJA,16,COLECTIVO,REPRESENTATIVE_POINT,
88c2e3265dfffff,Buenos Aires,Campana,21,DEMANDA_BAJA,6,COLECTIVO,REPRESENTATIVE_POINT,
88c2eedb31fffff,Buenos Aires,Pilar,21,DEMANDA_BAJA,12,COLECTIVO,REPRESENTATIVE_POINT,
88c2eedb1dfffff,Buenos Aires,Pilar,21,DEMANDA_BAJA,18,COLECTIVO,REPRESENTATIVE_POINT,
88c2e3ad09fffff,Buenos Aires,Pilar,21,DEMANDA_BAJA,16,COLECTIVO,REPRESENTATIVE_POINT,
88c2e2aadbfffff,Buenos Aires,La Plata,21,DEMANDA_BAJA,7,COLECTIVO,REPRESENTATIVE_POINT,
88c2e2a717fffff,Buenos Aires,La Plata,21,DEMANDA_BAJA,7,COLECTIVO,REPRESENTATIVE_POINT,
88c2e02c15fffff,Buenos Aires,Cañuelas,21,DEMANDA_BAJA,11,COLECTIVO,REPRESENTATIVE_POINT,
88c2e326edfffff,Buenos Aires,Campana,21,DEMANDA_BAJA,6,COLECTIVO,REPRESENTATIVE_POINT,
88c2eec939fffff,Buenos Aires,Campana,21,DEMANDA_BAJA,6,COLECTIVO,REPRESENTATIVE_POINT,
88c2eec925fffff,Buenos Aires,Campana,21,DEMANDA_BAJA,12,COLECTIVO,REPRESENTATIVE_POINT,
88c2e3d761fffff,Buenos Aires,Florencio Varela,21,DEMANDA_BAJA,12,COLECTIVO,REPRESENTATIVE_POINT,
88c2e2b2bdfffff,Buenos Aires,Brandsen,21,DEMANDA_BAJA,15,COLECTIVO,REPRESENTATIVE_POINT,
88c2e33005fffff,Buenos Aires,Escobar,21,DEMANDA_BAJA,8,COLECTIVO,REPRESENTATIVE_POINT,
88c2e3246dfffff,Buenos Aires,Campana,21,DEMANDA_BAJA,8,COLECTIVO,REPRESENTATIVE_POINT,
88c2e304d3fffff,Buenos Aires,Tigre,20,DEMANDA_BAJA,8,COLECTIVO,REPRESENTATIVE_POINT,
88c2e38135fffff,Buenos Aires,Esteban Echeverría,20,DEMANDA_BAJA,11,COLECTIVO,REPRESENTATIVE_POINT,
88c2e06115fffff,Buenos Aires,San Vicente,20,DEMANDA_BAJA,12,COLECTIVO,REPRESENTATIVE_POINT,
88c2e3d127fffff,Buenos Aires,La Plata,20,DEMANDA_BAJA,13,COLECTIVO,REPRESENTATIVE_POINT,
88c2e39a4bfffff,Buenos Aires,Esteban Echeverría,20,DEMANDA_BAJA,17,COLECTIVO,REPRESENTATIVE_POINT,
88c2e390c5fffff,Buenos Aires,Ezeiza,20,DEMANDA_BAJA,17,COLECTIVO,REPRESENTATIVE_POINT,
88c2e14ee3fffff,Buenos Aires,General Las Heras,20,DEMANDA_BAJA,17,COLECTIVO,REPRESENTATIVE_POINT,
88c2e3b5edfffff,Buenos Aires,General Rodríguez,20,DEMANDA_BAJA,12,COLECTIVO,REPRESENTATIVE_POINT,
88c2e3b557fffff,Buenos Aires,General Rodríguez,20,DEMANDA_BAJA,6,COLECTIVO,REPRESENTATIVE_POINT,
88c2e31419fffff,Buenos Aires,General San Martín,20,DEMANDA_BAJA,7,COLECTIVO,REPRESENTATIVE_POINT,
88c2e339d1fffff,Buenos Aires,San Fernando,20,DEMANDA_BAJA,16,COLECTIVO,REPRESENTATIVE_POINT,
88c2e2ace7fffff,Buenos Aires,Berisso,20,DEMANDA_BAJA,12,COLECTIVO,REPRESENTATIVE_POINT,
88c2e161d1fffff,Buenos Aires,Luján,20,DEMANDA_BAJA,7,COLECTIVO,REPRESENTATIVE_POINT,
88c2e2a769fffff,Buenos Aires,La Plata,20,DEMANDA_BAJA,7,COLECTIVO,REPRESENTATIVE_POINT,
88c2e16abbfffff,Buenos Aires,Luján,20,DEMANDA_BAJA,12,COLECTIVO,REPRESENTATIVE_POINT,
88c2e3a889fffff,Buenos Aires,Pilar,20,DEMANDA_BAJA,4,COLECTIVO,REPRESENTATIVE_POINT,
88c2eecd83fffff,Buenos Aires,Zárate,20,DEMANDA_BAJA,7,COLECTIVO,REPRESENTATIVE_POINT,
88c2ee509bfffff,Buenos Aires,Zárate,20,DEMANDA_BAJA,12,COLECTIVO,REPRESENTATIVE_POINT,
88c2e3a835fffff,Buenos Aires,Malvinas Argentinas,20,DEMANDA_BAJA,15,COLECTIVO,REPRESENTATIVE_POINT,
88c2e232a9fffff,Buenos Aires,Berisso,20,DEMANDA_BAJA,14,COLECTIVO,REPRESENTATIVE_POINT,
88c2ee8da5fffff,Buenos Aires,San Antonio de Areco,20,DEMANDA_BAJA,12,COLECTIVO,REPRESENTATIVE_POINT,
88c2e06029fffff,Buenos Aires,San Vicente,20,DEMANDA_BAJA,7,COLECTIVO,REPRESENTATIVE_POINT,
88c2e3d221fffff,Buenos Aires,La Plata,20,DEMANDA_BAJA,6,COLECTIVO,REPRESENTATIVE_POINT,
88c2e331e1fffff,Buenos Aires,Tigre,20,DEMANDA_BAJA,15,COLECTIVO,REPRESENTATIVE_POINT,
88c2e305b7fffff,Buenos Aires,Tigre,20,DEMANDA_BAJA,17,COLECTIVO,REPRESENTATIVE_POINT,
88c2eec213fffff,Buenos Aires,Exaltación de la Cruz,20,DEMANDA_BAJA,12,COLECTIVO,REPRESENTATIVE_POINT,
88c2e3813dfffff,Buenos Aires,Ezeiza,20,DEMANDA_BAJA,14,COLECTIVO,REPRESENTATIVE_POINT,
88c2eec335fffff,Buenos Aires,Exaltación de la Cruz,20,DEMANDA_BAJA,17,COLECTIVO,REPRESENTATIVE_POINT,
88c2e02e3dfffff,Buenos Aires,Cañuelas,20,DEMANDA_BAJA,18,COLECTIVO,REPRESENTATIVE_POINT,
88c2ee8dbdfffff,Buenos Aires,San Antonio de Areco,20,DEMANDA_BAJA,16,COLECTIVO,REPRESENTATIVE_POINT,
88c2e16aadfffff,Buenos Aires,Luján,20,DEMANDA_BAJA,18,COLECTIVO,REPRESENTATIVE_POINT,
88c2e3d809fffff,Buenos Aires,La Plata,20,DEMANDA_BAJA,12,COLECTIVO,REPRESENTATIVE_POINT,
88c2e3b037fffff,Buenos Aires,Moreno,20,DEMANDA_BAJA,18,COLECTIVO,REPRESENTATIVE_POINT,
88c2e16929fffff,Buenos Aires,Luján,20,DEMANDA_BAJA,8,COLECTIVO,REPRESENTATIVE_POINT,
88c2e3acc1fffff,Buenos Aires,Pilar,20,DEMANDA_BAJA,12,COLECTIVO,REPRESENTATIVE_POINT,
88c2ee0b33fffff,Buenos Aires,Zárate,20,DEMANDA_BAJA,12,COLECTIVO,REPRESENTATIVE_POINT,
88c2e332c7fffff,Buenos Aires,Escobar,19,DEMANDA_BAJA,7,COLECTIVO,REPRESENTATIVE_POINT,
88c2e3a9adfffff,Buenos Aires,Tigre,19,DEMANDA_BAJA,8,COLECTIVO,REPRESENTATIVE_POINT,
88c2e06705fffff,Buenos Aires,San Vicente,19,DEMANDA_BAJA,7,COLECTIVO,REPRESENTATIVE_POINT,
88c2e23657fffff,Buenos Aires,Ensenada,19,DEMANDA_BAJA,7,COLECTIVO,REPRESENTATIVE_POINT,
88c2e2a48dfffff,Buenos Aires,La Plata,19,DEMANDA_BAJA,18,COLECTIVO,REPRESENTATIVE_POINT,
88c2e32059fffff,Buenos Aires,Campana,19,DEMANDA_BAJA,15,COLECTIVO,REPRESENTATIVE_POINT,
88c2e0673bfffff,Buenos Aires,San Vicente,19,DEMANDA_BAJA,5,COLECTIVO,REPRESENTATIVE_POINT,
88c2e2a441fffff,Buenos Aires,La Plata,19,DEMANDA_BAJA,11,COLECTIVO,REPRESENTATIVE_POINT,
88c2e32069fffff,Buenos Aires,San Fernando,19,DEMANDA_BAJA,16,COLECTIVO,REPRESENTATIVE_POINT,
88c2e3051bfffff,Buenos Aires,Tigre,19,DEMANDA_BAJA,7,COLECTIVO,REPRESENTATIVE_POINT,
88c2e3a005fffff,Buenos Aires,Moreno,19,DEMANDA_BAJA,7,COLECTIVO,REPRESENTATIVE_POINT,
88c2e3d28bfffff,Buenos Aires,Florencio Varela,19,DEMANDA_BAJA,11,COLECTIVO,REPRESENTATIVE_POINT,
88c2e38f6dfffff,Buenos Aires,La Matanza,19,DEMANDA_BAJA,21,COLECTIVO,REPRESENTATIVE_POINT,
88c2eec1c1fffff,Buenos Aires,Exaltación de la Cruz,19,DEMANDA_BAJA,6,COLECTIVO,REPRESENTATIVE_POINT,
88c2eeda47fffff,Buenos Aires,Pilar,19,DEMANDA_BAJA,17,COLECTIVO,REPRESENTATIVE_POINT,
88c2e3221bfffff,Buenos Aires,Escobar,19,DEMANDA_BAJA,6,COLECTIVO,REPRESENTATIVE_POINT,
88c2e16907fffff,Buenos Aires,Luján,19,DEMANDA_BAJA,5,COLECTIVO,REPRESENTATIVE_POINT,
88c2e330edfffff,Buenos Aires,Escobar,19,DEMANDA_BAJA,15,COLECTIVO,REPRESENTATIVE_POINT,
88c2e33a97fffff,Buenos Aires,Tigre,19,DEMANDA_BAJA,10,COLECTIVO,REPRESENTATIVE_POINT,
88c2e2ae6bfffff,Buenos Aires,La Plata,19,DEMANDA_BAJA,13,COLECTIVO,REPRESENTATIVE_POINT,
88c2e2ae09fffff,Buenos Aires,La Plata,19,DEMANDA_BAJA,8,COLECTIVO,REPRESENTATIVE_POINT,
88c2ee5205fffff,Buenos Aires,Campana,19,DEMANDA_BAJA,16,COLECTIVO,REPRESENTATIVE_POINT,
88c2e02663fffff,Buenos Aires,Cañuelas,19,DEMANDA_BAJA,16,COLECTIVO,REPRESENTATIVE_POINT,
88c2ee1349fffff,Buenos Aires,San Andrés de Giles,19,DEMANDA_BAJA,8,COLECTIVO,REPRESENTATIVE_POINT,
88c2eec80dfffff,Buenos Aires,Campana,19,DEMANDA_BAJA,12,COLECTIVO,REPRESENTATIVE_POINT,
88c2e0a127fffff,Buenos Aires,Monte,19,DEMANDA_BAJA,8,COLECTIVO,REPRESENTATIVE_POINT,
88c2e3ad9bfffff,Buenos Aires,Pilar,19,DEMANDA_BAJA,8,COLECTIVO,REPRESENTATIVE_POINT,
88c2e02c1dfffff,Buenos Aires,Cañuelas,19,DEMANDA_BAJA,12,COLECTIVO,REPRESENTATIVE_POINT,
88c2ee5541fffff,Buenos Aires,Zárate,19,DEMANDA_BAJA,8,COLECTIVO,REPRESENTATIVE_POINT,
88c2e02e23fffff,Buenos Aires,Cañuelas,19,DEMANDA_BAJA,14,COLECTIVO,REPRESENTATIVE_POINT,
88c2e3b649fffff,Buenos Aires,General Rodríguez,19,DEMANDA_BAJA,10,COLECTIVO,REPRESENTATIVE_POINT,
88c2eeda95fffff,Buenos Aires,Exaltación de la Cruz,19,DEMANDA_BAJA,10,COLECTIVO,REPRESENTATIVE_POINT,
88c2eedb03fffff,Buenos Aires,Pilar,19,DEMANDA_BAJA,12,COLECTIVO,REPRESENTATIVE_POINT,
88c2e14db3fffff,Buenos Aires,General Rodríguez,19,DEMANDA_BAJA,9,COLECTIVO,REPRESENTATIVE_POINT,
88c2eedb49fffff,Buenos Aires,Pilar,18,DEMANDA_BAJA,13,COLECTIVO,REPRESENTATIVE_POINT,
88c2e3b755fffff,Buenos Aires,General Rodríguez,18,DEMANDA_BAJA,16,COLECTIVO,REPRESENTATIVE_POINT,
88c2e30699fffff,Buenos Aires,Tigre,18,DEMANDA_BAJA,12,COLECTIVO,REPRESENTATIVE_POINT,
88c2e314e5fffff,Buenos Aires,General San Martín,18,DEMANDA_BAJA,15,COLECTIVO,REPRESENTATIVE_POINT,
88c2e1c353fffff,Buenos Aires,Lobos,18,DEMANDA_BAJA,9,COLECTIVO,REPRESENTATIVE_POINT,
88c2e3069dfffff,Buenos Aires,Tigre,18,DEMANDA_BAJA,19,COLECTIVO,REPRESENTATIVE_POINT,
88c2e31649fffff,Buenos Aires,Morón,18,DEMANDA_BAJA,11,COLECTIVO,REPRESENTATIVE_POINT,
88c2e32717fffff,Buenos Aires,Campana,18,DEMANDA_BAJA,12,COLECTIVO,REPRESENTATIVE_POINT,
88c2e17969fffff,Buenos Aires,General Rodríguez,18,DEMANDA_BAJA,16,COLECTIVO,REPRESENTATIVE_POINT,
88c2e0646dfffff,Buenos Aires,San Vicente,18,DEMANDA_BAJA,18,COLECTIVO,REPRESENTATIVE_POINT,
88c2e33b25fffff,Buenos Aires,Tigre,18,DEMANDA_BAJA,16,COLECTIVO,REPRESENTATIVE_POINT,
88c2e0649bfffff,Buenos Aires,Ezeiza,18,DEMANDA_BAJA,16,COLECTIVO,REPRESENTATIVE_POINT,
88c2eed14bfffff,Buenos Aires,Luján,18,DEMANDA_BAJA,6,COLECTIVO,REPRESENTATIVE_POINT,
88c2e33055fffff,Buenos Aires,Escobar,18,DEMANDA_BAJA,17,COLECTIVO,REPRESENTATIVE_POINT,
88c2e11997fffff,Buenos Aires,Navarro,18,DEMANDA_BAJA,17,COLECTIVO,REPRESENTATIVE_POINT,
88c2e338e7fffff,Buenos Aires,San Fernando,18,DEMANDA_BAJA,16,COLECTIVO,REPRESENTATIVE_POINT,
88c2e31ac3fffff,Ciudad Autónoma de Buenos Aires,Comuna 1,18,DEMANDA_BAJA,15,COLECTIVO,REPRESENTATIVE_POINT,
88c2e331edfffff,Buenos Aires,Tigre,18,DEMANDA_BAJA,14,COLECTIVO,REPRESENTATIVE_POINT,
88c2e39011fffff,Buenos Aires,Ezeiza,18,DEMANDA_BAJA,16,COLECTIVO,REPRESENTATIVE_POINT,
88c2e30513fffff,Buenos Aires,Tigre,18,DEMANDA_BAJA,7,COLECTIVO,REPRESENTATIVE_POINT,
88c2e14b01fffff,Buenos Aires,Marcos Paz,18,DEMANDA_BAJA,7,COLECTIVO,REPRESENTATIVE_POINT,
88c2e33b3dfffff,Buenos Aires,Tigre,18,DEMANDA_BAJA,18,COLECTIVO,REPRESENTATIVE_POINT,
88c2e06667fffff,Buenos Aires,San Vicente,18,DEMANDA_BAJA,11,COLECTIVO,REPRESENTATIVE_POINT,
88c2e3225dfffff,Buenos Aires,Escobar,18,DEMANDA_BAJA,16,COLECTIVO,REPRESENTATIVE_POINT,
88c2e3b031fffff,Buenos Aires,Moreno,18,DEMANDA_BAJA,10,COLECTIVO,REPRESENTATIVE_POINT,
88c2e3b55dfffff,Buenos Aires,General Rodríguez,18,DEMANDA_BAJA,19,COLECTIVO,REPRESENTATIVE_POINT,
88c2e39325fffff,Buenos Aires,Ezeiza,18,DEMANDA_BAJA,14,COLECTIVO,REPRESENTATIVE_POINT,
88c2e332abfffff,Buenos Aires,Escobar,18,DEMANDA_BAJA,12,COLECTIVO,REPRESENTATIVE_POINT,
88c2eed915fffff,Buenos Aires,Campana,18,DEMANDA_BAJA,8,COLECTIVO,REPRESENTATIVE_POINT,
88c2e2a4cdfffff,Buenos Aires,La Plata,17,DEMANDA_BAJA,12,COLECTIVO,REPRESENTATIVE_POINT,
88c2e0671dfffff,Buenos Aires,San Vicente,17,DEMANDA_BAJA,16,COLECTIVO,REPRESENTATIVE_POINT,
88c2e2a6b9fffff,Buenos Aires,La Plata,17,DEMANDA_BAJA,8,COLECTIVO,REPRESENTATIVE_POINT,
88c2e061d9fffff,Buenos Aires,San Vicente,17,DEMANDA_BAJA,6,COLECTIVO,REPRESENTATIVE_POINT,
88c2e166d9fffff,Buenos Aires,Mercedes,17,DEMANDA_BAJA,12,COLECTIVO,REPRESENTATIVE_POINT,
88c2e166a9fffff,Buenos Aires,Mercedes,17,DEMANDA_BAJA,12,COLECTIVO,REPRESENTATIVE_POINT,
88c2e331abfffff,Buenos Aires,Escobar,17,DEMANDA_BAJA,5,COLECTIVO,REPRESENTATIVE_POINT,
88c2e160e7fffff,Buenos Aires,Mercedes,17,DEMANDA_BAJA,7,COLECTIVO,REPRESENTATIVE_POINT,
88c2eec1cbfffff,Buenos Aires,Exaltación de la Cruz,17,DEMANDA_BAJA,6,COLECTIVO,REPRESENTATIVE_POINT,
88c2e3319dfffff,Buenos Aires,Escobar,17,DEMANDA_BAJA,15,COLECTIVO,REPRESENTATIVE_POINT,
88c2e3318bfffff,Buenos Aires,Escobar,17,DEMANDA_BAJA,19,COLECTIVO,REPRESENTATIVE_POINT,
88c2e06b05fffff,Buenos Aires,La Plata,17,DEMANDA_BAJA,6,COLECTIVO,REPRESENTATIVE_POINT,
88c2e33193fffff,Buenos Aires,Escobar,17,DEMANDA_BAJA,16,COLECTIVO,REPRESENTATIVE_POINT,
88c2ee400bfffff,Buenos Aires,Campana,17,DEMANDA_BAJA,20,COLECTIVO,REPRESENTATIVE_POINT,
88c2e06449fffff,Buenos Aires,San Vicente,17,DEMANDA_BAJA,17,COLECTIVO,REPRESENTATIVE_POINT,
88c2e32355fffff,Buenos Aires,Escobar,17,DEMANDA_BAJA,9,COLECTIVO,REPRESENTATIVE_POINT,
88c2e33857fffff,Buenos Aires,Tigre,17,DEMANDA_BAJA,18,COLECTIVO,REPRESENTATIVE_POINT,
88c2e06d33fffff,Buenos Aires,Florencio Varela,17,DEMANDA_BAJA,17,COLECTIVO,REPRESENTATIVE_POINT,
88c2e3236bfffff,Buenos Aires,Escobar,17,DEMANDA_BAJA,11,COLECTIVO,REPRESENTATIVE_POINT,
88c2e3c361fffff,Buenos Aires,Berazategui,17,DEMANDA_BAJA,18,COLECTIVO,REPRESENTATIVE_POINT,
88c2e3c169fffff,Buenos Aires,Berazategui,17,DEMANDA_BAJA,18,COLECTIVO,REPRESENTATIVE_POINT,
88c2e338e1fffff,Buenos Aires,San Fernando,17,DEMANDA_BAJA,7,COLECTIVO,REPRESENTATIVE_POINT,
88c2e32a4dfffff,Buenos Aires,San Fernando,17,DEMANDA_BAJA,10,COLECTIVO,REPRESENTATIVE_POINT,
88c2e338d9fffff,Buenos Aires,Tigre,17,DEMANDA_BAJA,20,COLECTIVO,REPRESENTATIVE_POINT,
88c2e32629fffff,Buenos Aires,Campana,17,DEMANDA_BAJA,14,COLECTIVO,REPRESENTATIVE_POINT,
88c2e1cf45fffff,Buenos Aires,Lobos,17,DEMANDA_BAJA,14,COLECTIVO,REPRESENTATIVE_POINT,
88c2e3ad85fffff,Buenos Aires,Escobar,17,DEMANDA_BAJA,5,COLECTIVO,REPRESENTATIVE_POINT,
88c2ee5617fffff,Buenos Aires,Zárate,17,DEMANDA_BAJA,16,COLECTIVO,REPRESENTATIVE_POINT,
88c2e236cdfffff,Buenos Aires,Ensenada,17,DEMANDA_BAJA,16,COLECTIVO,REPRESENTATIVE_POINT,
88c2e236c5fffff,Buenos Aires,Ensenada,17,DEMANDA_BAJA,8,COLECTIVO,REPRESENTATIVE_POINT,
88c2e39505fffff,Buenos Aires,La Matanza,17,DEMANDA_BAJA,10,COLECTIVO,REPRESENTATIVE_POINT,
88c2eed351fffff,Buenos Aires,Luján,17,DEMANDA_BAJA,16,COLECTIVO,REPRESENTATIVE_POINT,
88c2e3204dfffff,Buenos Aires,San Fernando,17,DEMANDA_BAJA,16,COLECTIVO,REPRESENTATIVE_POINT,
88c2e032e9fffff,Buenos Aires,Monte,17,DEMANDA_BAJA,17,COLECTIVO,REPRESENTATIVE_POINT,
88c2eed347fffff,Buenos Aires,Luján,17,DEMANDA_BAJA,13,COLECTIVO,REPRESENTATIVE_POINT,
88c2e10a69fffff,Buenos Aires,Navarro,16,DEMANDA_BAJA,6,COLECTIVO,REPRESENTATIVE_POINT,
88c2e2a539fffff,Buenos Aires,La Plata,16,DEMANDA_BAJA,7,COLECTIVO,REPRESENTATIVE_POINT,
88c2e3c145fffff,Buenos Aires,Berazategui,16,DEMANDA_BAJA,18,COLECTIVO,REPRESENTATIVE_POINT,
88c2eecdb7fffff,Buenos Aires,Zárate,16,DEMANDA_BAJA,17,COLECTIVO,REPRESENTATIVE_POINT,
88c2e07a8bfffff,Buenos Aires,Brandsen,16,DEMANDA_BAJA,7,COLECTIVO,REPRESENTATIVE_POINT,
88c2e2ae01fffff,Buenos Aires,La Plata,16,DEMANDA_BAJA,6,COLECTIVO,REPRESENTATIVE_POINT,
88c2e02db3fffff,Buenos Aires,Cañuelas,16,DEMANDA_BAJA,14,COLECTIVO,REPRESENTATIVE_POINT,
88c2e3a501fffff,Buenos Aires,Pilar,16,DEMANDA_BAJA,12,COLECTIVO,REPRESENTATIVE_POINT,
88c2eed265fffff,Buenos Aires,Luján,16,DEMANDA_BAJA,15,COLECTIVO,REPRESENTATIVE_POINT,
88c2e322a5fffff,Buenos Aires,Campana,16,DEMANDA_BAJA,14,COLECTIVO,REPRESENTATIVE_POINT,
88c2e23659fffff,Buenos Aires,Ensenada,16,DEMANDA_BAJA,11,COLECTIVO,REPRESENTATIVE_POINT,
88c2e334bbfffff,Buenos Aires,Campana,16,DEMANDA_BAJA,17,COLECTIVO,REPRESENTATIVE_POINT,
88c2e332a9fffff,Buenos Aires,Escobar,16,DEMANDA_BAJA,14,COLECTIVO,REPRESENTATIVE_POINT,
88c2e3b515fffff,Buenos Aires,General Rodríguez,16,DEMANDA_BAJA,6,COLECTIVO,REPRESENTATIVE_POINT,
88c2eed9b7fffff,Buenos Aires,Campana,16,DEMANDA_BAJA,16,COLECTIVO,REPRESENTATIVE_POINT,
88c2eec363fffff,Buenos Aires,Exaltación de la Cruz,16,DEMANDA_BAJA,18,COLECTIVO,REPRESENTATIVE_POINT,
88c2e38161fffff,Buenos Aires,Esteban Echeverría,16,DEMANDA_BAJA,6,COLECTIVO,REPRESENTATIVE_POINT,
88c2e3d329fffff,Buenos Aires,La Plata,16,DEMANDA_BAJA,16,COLECTIVO,REPRESENTATIVE_POINT,
88c2e38365fffff,Buenos Aires,Ezeiza,16,DEMANDA_BAJA,7,COLECTIVO,REPRESENTATIVE_POINT,
88c2e3db19fffff,Buenos Aires,La Plata,16,DEMANDA_BAJA,6,COLECTIVO,REPRESENTATIVE_POINT,
88c2e38485fffff,Buenos Aires,Merlo,16,DEMANDA_BAJA,5,COLECTIVO,REPRESENTATIVE_POINT,
88c2e3210bfffff,Buenos Aires,San Fernando,16,DEMANDA_BAJA,7,COLECTIVO,REPRESENTATIVE_POINT,
88c2ee0b2bfffff,Buenos Aires,Zárate,16,DEMANDA_BAJA,10,COLECTIVO,REPRESENTATIVE_POINT,
88c2e168bdfffff,Buenos Aires,Luján,16,DEMANDA_BAJA,7,COLECTIVO,REPRESENTATIVE_POINT,
88c2eed315fffff,Buenos Aires,Luján,16,DEMANDA_BAJA,6,COLECTIVO,REPRESENTATIVE_POINT,
88c2eec927fffff,Buenos Aires,Campana,16,DEMANDA_BAJA,16,COLECTIVO,REPRESENTATIVE_POINT,
88c2e33a91fffff,Buenos Aires,Tigre,16,DEMANDA_BAJA,15,COLECTIVO,REPRESENTATIVE_POINT,
88c2e14f69fffff,Buenos Aires,Marcos Paz,16,DEMANDA_BAJA,8,COLECTIVO,REPRESENTATIVE_POINT,
88c2e14dbbfffff,Buenos Aires,General Rodríguez,16,DEMANDA_BAJA,10,COLECTIVO,REPRESENTATIVE_POINT,
88c2e32711fffff,Buenos Aires,Campana,16,DEMANDA_BAJA,14,COLECTIVO,REPRESENTATIVE_POINT,
88c2e3c36bfffff,Buenos Aires,Berazategui,16,DEMANDA_BAJA,18,COLECTIVO,REPRESENTATIVE_POINT,
88c2e32643fffff,Buenos Aires,Campana,16,DEMANDA_BAJA,11,COLECTIVO,REPRESENTATIVE_POINT,
88c2e16aa9fffff,Buenos Aires,Luján,16,DEMANDA_BAJA,13,COLECTIVO,REPRESENTATIVE_POINT,
88c2e32317fffff,Buenos Aires,San Fernando,15,DEMANDA_BAJA,8,COLECTIVO,REPRESENTATIVE_POINT,
88c2e10a4dfffff,Buenos Aires,Navarro,15,DEMANDA_BAJA,5,COLECTIVO,REPRESENTATIVE_POINT,
88c2e14161fffff,Buenos Aires,General Las Heras,15,DEMANDA_BAJA,16,COLECTIVO,REPRESENTATIVE_POINT,
88c2e142cdfffff,Buenos Aires,General Las Heras,15,DEMANDA_BAJA,17,COLECTIVO,REPRESENTATIVE_POINT,
88c2e14807fffff,Buenos Aires,Marcos Paz,15,DEMANDA_BAJA,15,COLECTIVO,REPRESENTATIVE_POINT,
88c2e33851fffff,Buenos Aires,Tigre,15,DEMANDA_BAJA,6,COLECTIVO,REPRESENTATIVE_POINT,
88c2eec83dfffff,Buenos Aires,Campana,15,DEMANDA_BAJA,15,COLECTIVO,REPRESENTATIVE_POINT,
88c2e2a481fffff,Buenos Aires,La Plata,15,DEMANDA_BAJA,7,COLECTIVO,REPRESENTATIVE_POINT,
88c2e33819fffff,Buenos Aires,Tigre,15,DEMANDA_BAJA,9,COLECTIVO,REPRESENTATIVE_POINT,
88c2e14323fffff,Buenos Aires,General Las Heras,15,DEMANDA_BAJA,16,COLECTIVO,REPRESENTATIVE_POINT,
88c2eecb3dfffff,Buenos Aires,Campana,15,DEMANDA_BAJA,11,COLECTIVO,REPRESENTATIVE_POINT,
88c2e2a4e7fffff,Buenos Aires,La Plata,15,DEMANDA_BAJA,18,COLECTIVO,REPRESENTATIVE_POINT,
88c2e330e1fffff,Buenos Aires,Escobar,15,DEMANDA_BAJA,15,COLECTIVO,REPRESENTATIVE_POINT,
88c2e3b891fffff,Buenos Aires,Moreno,15,DEMANDA_BAJA,17,COLECTIVO,REPRESENTATIVE_POINT,
88c2e16a8bfffff,Buenos Aires,Luján,15,DEMANDA_BAJA,18,COLECTIVO,REPRESENTATIVE_POINT,
88c2e07a8dfffff,Buenos Aires,Brandsen,15,DEMANDA_BAJA,18,COLECTIVO,REPRESENTATIVE_POINT,
88c2e14b39fffff,Buenos Aires,Marcos Paz,15,DEMANDA_BAJA,8,COLECTIVO,REPRESENTATIVE_POINT,
88c2e306d5fffff,Buenos Aires,Tigre,15,DEMANDA_BAJA,12,COLECTIVO,REPRESENTATIVE_POINT,
88c2e32465fffff,Buenos Aires,Campana,15,DEMANDA_BAJA,8,COLECTIVO,REPRESENTATIVE_POINT,
88c2eedae7fffff,Buenos Aires,Pilar,15,DEMANDA_BAJA,16,COLECTIVO,REPRESENTATIVE_POINT,
88c2e32651fffff,Buenos Aires,Campana,15,DEMANDA_BAJA,6,COLECTIVO,REPRESENTATIVE_POINT,
88c2e32501fffff,Buenos Aires,Campana,15,DEMANDA_BAJA,15,COLECTIVO,REPRESENTATIVE_POINT,
88c2e33913fffff,Buenos Aires,San Fernando,15,DEMANDA_BAJA,7,COLECTIVO,REPRESENTATIVE_POINT,
88c2e33a81fffff,Buenos Aires,Tigre,15,DEMANDA_BAJA,10,COLECTIVO,REPRESENTATIVE_POINT,
88c2e305e9fffff,Buenos Aires,Tigre,15,DEMANDA_BAJA,16,COLECTIVO,REPRESENTATIVE_POINT,
88c2eed5b1fffff,Buenos Aires,Exaltación de la Cruz,15,DEMANDA_BAJA,7,COLECTIVO,REPRESENTATIVE_POINT,
88c2e2a453fffff,Buenos Aires,La Plata,15,DEMANDA_BAJA,13,COLECTIVO,REPRESENTATIVE_POINT,
88c2e16729fffff,Buenos Aires,Mercedes,15,DEMANDA_BAJA,18,COLECTIVO,REPRESENTATIVE_POINT,
88c2e3856bfffff,Buenos Aires,La Matanza,15,DEMANDA_BAJA,8,COLECTIVO,REPRESENTATIVE_POINT,
88c2eed951fffff,Buenos Aires,Exaltación de la Cruz,15,DEMANDA_BAJA,6,COLECTIVO,REPRESENTATIVE_POINT,
88c2e390a1fffff,Buenos Aires,Ezeiza,15,DEMANDA_BAJA,16,COLECTIVO,REPRESENTATIVE_POINT,
88c2e39b33fffff,Buenos Aires,Presidente Perón,15,DEMANDA_BAJA,7,COLECTIVO,REPRESENTATIVE_POINT,
88c2e334b3fffff,Buenos Aires,Campana,15,DEMANDA_BAJA,12,COLECTIVO,REPRESENTATIVE_POINT,
88c2e33493fffff,Buenos Aires,Campana,15,DEMANDA_BAJA,21,COLECTIVO,REPRESENTATIVE_POINT,
88c2e3205bfffff,Buenos Aires,Campana,15,DEMANDA_BAJA,7,COLECTIVO,REPRESENTATIVE_POINT,
88c2e06433fffff,Buenos Aires,San Vicente,15,DEMANDA_BAJA,17,COLECTIVO,REPRESENTATIVE_POINT,
88c2e3b9e5fffff,Buenos Aires,San Miguel,15,DEMANDA_BAJA,6,COLECTIVO,REPRESENTATIVE_POINT,
88c2e3363bfffff,Buenos Aires,Escobar,15,DEMANDA_BAJA,13,COLECTIVO,REPRESENTATIVE_POINT,
88c2e3d829fffff,Buenos Aires,Ensenada,15,DEMANDA_BAJA,17,COLECTIVO,REPRESENTATIVE_POINT,
88c2e3c4e3fffff,Buenos Aires,Avellaneda,15,DEMANDA_BAJA,16,COLECTIVO,REPRESENTATIVE_POINT,
88c2e0323bfffff,Buenos Aires,Monte,15,DEMANDA_BAJA,15,COLECTIVO,REPRESENTATIVE_POINT,
88c2e32063fffff,Buenos Aires,San Fernando,15,DEMANDA_BAJA,7,COLECTIVO,REPRESENTATIVE_POINT,
88c2e3d2d9fffff,Buenos Aires,Florencio Varela,15,DEMANDA_BAJA,12,COLECTIVO,REPRESENTATIVE_POINT,
88c2e33b3bfffff,Buenos Aires,Tigre,15,DEMANDA_BAJA,14,COLECTIVO,REPRESENTATIVE_POINT,
88c2e0611dfffff,Buenos Aires,San Vicente,15,DEMANDA_BAJA,6,COLECTIVO,REPRESENTATIVE_POINT,
88c2e30581fffff,Buenos Aires,Tigre,14,DEMANDA_BAJA,17,COLECTIVO,REPRESENTATIVE_POINT,
88c2e1618bfffff,Buenos Aires,Luján,14,DEMANDA_BAJA,8,COLECTIVO,REPRESENTATIVE_POINT,
88c2e161a9fffff,Buenos Aires,Luján,14,DEMANDA_BAJA,18,COLECTIVO,REPRESENTATIVE_POINT,
88c2e16715fffff,Buenos Aires,Mercedes,14,DEMANDA_BAJA,7,COLECTIVO,REPRESENTATIVE_POINT,
88c2e06741fffff,Buenos Aires,San Vicente,14,DEMANDA_BAJA,6,COLECTIVO,REPRESENTATIVE_POINT,
88c2eec261fffff,Buenos Aires,Exaltación de la Cruz,14,DEMANDA_BAJA,16,COLECTIVO,REPRESENTATIVE_POINT,
88c2e31417fffff,Buenos Aires,General San Martín,14,DEMANDA_BAJA,19,COLECTIVO,REPRESENTATIVE_POINT,
88c2e33253fffff,Buenos Aires,Escobar,14,DEMANDA_BAJA,12,COLECTIVO,REPRESENTATIVE_POINT,
88c2e2a093fffff,Buenos Aires,La Plata,14,DEMANDA_BAJA,7,COLECTIVO,REPRESENTATIVE_POINT,
88c2e3d1b7fffff,Buenos Aires,Berazategui,14,DEMANDA_BAJA,17,COLECTIVO,REPRESENTATIVE_POINT,
88c2e331c5fffff,Buenos Aires,Escobar,14,DEMANDA_BAJA,15,COLECTIVO,REPRESENTATIVE_POINT,
88c2eec98bfffff,Buenos Aires,Campana,14,DEMANDA_BAJA,15,COLECTIVO,REPRESENTATIVE_POINT,
88c2e2a707fffff,Buenos Aires,La Plata,14,DEMANDA_BAJA,7,COLECTIVO,REPRESENTATIVE_POINT,
88c2e07a0bfffff,Buenos Aires,Brandsen,14,DEMANDA_BAJA,18,COLECTIVO,REPRESENTATIVE_POINT,
88c2e32319fffff,Buenos Aires,San Fernando,14,DEMANDA_BAJA,6,COLECTIVO,REPRESENTATIVE_POINT,
88c2ee573bfffff,Buenos Aires,Zárate,14,DEMANDA_BAJA,13,COLECTIVO,REPRESENTATIVE_POINT,
88c2ee573dfffff,Buenos Aires,Zárate,14,DEMANDA_BAJA,10,COLECTIVO,REPRESENTATIVE_POINT,
88c2e338ddfffff,Buenos Aires,San Fernando,14,DEMANDA_BAJA,10,COLECTIVO,REPRESENTATIVE_POINT,
88c2e32725fffff,Buenos Aires,Campana,14,DEMANDA_BAJA,7,COLECTIVO,REPRESENTATIVE_POINT,
88c2e3399bfffff,Buenos Aires,San Fernando,14,DEMANDA_BAJA,7,COLECTIVO,REPRESENTATIVE_POINT,
88c2ee98e7fffff,Buenos Aires,San Andrés de Giles,14,DEMANDA_BAJA,17,COLECTIVO,REPRESENTATIVE_POINT,
88c2e3a509fffff,Buenos Aires,Pilar,14,DEMANDA_BAJA,17,COLECTIVO,REPRESENTATIVE_POINT,
88c2e3c34bfffff,Buenos Aires,Berazategui,14,DEMANDA_BAJA,13,COLECTIVO,REPRESENTATIVE_POINT,
88c2e3d03dfffff,Buenos Aires,Berazategui,14,DEMANDA_BAJA,12,COLECTIVO,REPRESENTATIVE_POINT,
88c2e33943fffff,Buenos Aires,Tigre,14,DEMANDA_BAJA,14,COLECTIVO,REPRESENTATIVE_POINT,
88c2e2a6e3fffff,Buenos Aires,La Plata,14,DEMANDA_BAJA,17,COLECTIVO,REPRESENTATIVE_POINT,
88c2e33945fffff,Buenos Aires,Tigre,14,DEMANDA_BAJA,19,COLECTIVO,INTERSECCION_MAYOR_AREA,
88c2e3af39fffff,Buenos Aires,Pilar,14,DEMANDA_BAJA,12,COLECTIVO,REPRESENTATIVE_POINT,
88c2e3043dfffff,Buenos Aires,Tigre,14,DEMANDA_BAJA,6,COLECTIVO,REPRESENTATIVE_POINT,
88c2e168ddfffff,Buenos Aires,Luján,14,DEMANDA_BAJA,11,COLECTIVO,REPRESENTATIVE_POINT,
88c2e16803fffff,Buenos Aires,Luján,14,DEMANDA_BAJA,12,COLECTIVO,REPRESENTATIVE_POINT,
88c2e33641fffff,Buenos Aires,Pilar,14,DEMANDA_BAJA,12,COLECTIVO,REPRESENTATIVE_POINT,
88c2e30421fffff,Buenos Aires,Tigre,14,DEMANDA_BAJA,7,COLECTIVO,REPRESENTATIVE_POINT,
88c2e2a483fffff,Buenos Aires,La Plata,14,DEMANDA_BAJA,12,COLECTIVO,REPRESENTATIVE_POINT,
88c2e3a64bfffff,Buenos Aires,Luján,14,DEMANDA_BAJA,17,COLECTIVO,REPRESENTATIVE_POINT,
88c2eecd87fffff,Buenos Aires,Zárate,14,DEMANDA_BAJA,7,COLECTIVO,REPRESENTATIVE_POINT,
88c2e16e41fffff,Buenos Aires,Mercedes,14,DEMANDA_BAJA,6,COLECTIVO,REPRESENTATIVE_POINT,
88c2e06497fffff,Buenos Aires,Ezeiza,14,DEMANDA_BAJA,17,COLECTIVO,REPRESENTATIVE_POINT,
88c2e3a705fffff,Buenos Aires,General Rodríguez,14,DEMANDA_BAJA,18,COLECTIVO,REPRESENTATIVE_POINT,
88c2ee9883fffff,Buenos Aires,San Andrés de Giles,14,DEMANDA_BAJA,8,COLECTIVO,REPRESENTATIVE_POINT,
88c2e16cc5fffff,Buenos Aires,Luján,14,DEMANDA_BAJA,12,COLECTIVO,REPRESENTATIVE_POINT,
88c2e33a49fffff,Buenos Aires,Tigre,14,DEMANDA_BAJA,10,COLECTIVO,REPRESENTATIVE_POINT,
88c2eec841fffff,Buenos Aires,Campana,14,DEMANDA_BAJA,17,COLECTIVO,REPRESENTATIVE_POINT,
88c2eed993fffff,Buenos Aires,Exaltación de la Cruz,14,DEMANDA_BAJA,8,COLECTIVO,REPRESENTATIVE_POINT,
88c2e3d9a5fffff,Buenos Aires,Ensenada,14,DEMANDA_BAJA,11,COLECTIVO,REPRESENTATIVE_POINT,
88c2eed62bfffff,Buenos Aires,San Andrés de Giles,14,DEMANDA_BAJA,14,COLECTIVO,REPRESENTATIVE_POINT,
88c2e06753fffff,Buenos Aires,San Vicente,14,DEMANDA_BAJA,16,COLECTIVO,REPRESENTATIVE_POINT,
88c2e3d1a7fffff,Buenos Aires,Berazategui,14,DEMANDA_BAJA,10,COLECTIVO,REPRESENTATIVE_POINT,
88c2eed26dfffff,Buenos Aires,Luján,14,DEMANDA_BAJA,6,COLECTIVO,REPRESENTATIVE_POINT,
88c2e2ae2dfffff,Buenos Aires,La Plata,13,DEMANDA_BAJA,13,COLECTIVO,REPRESENTATIVE_POINT,
88c2e06493fffff,Buenos Aires,Ezeiza,13,DEMANDA_BAJA,17,COLECTIVO,REPRESENTATIVE_POINT,
88c2e321c9fffff,Buenos Aires,San Fernando,13,DEMANDA_BAJA,16,COLECTIVO,REPRESENTATIVE_POINT,
88c2e3ac49fffff,Buenos Aires,Pilar,13,DEMANDA_BAJA,17,COLECTIVO,REPRESENTATIVE_POINT,
88c2e23297fffff,Buenos Aires,Berisso,13,DEMANDA_BAJA,9,COLECTIVO,REPRESENTATIVE_POINT,
88c2e338e9fffff,Buenos Aires,San Fernando,13,DEMANDA_BAJA,7,COLECTIVO,REPRESENTATIVE_POINT,
88c2e2b629fffff,Buenos Aires,Brandsen,13,DEMANDA_BAJA,17,COLECTIVO,REPRESENTATIVE_POINT,
88c2e3a65bfffff,Buenos Aires,Luján,13,DEMANDA_BAJA,14,COLECTIVO,REPRESENTATIVE_POINT,
88c2e02e07fffff,Buenos Aires,Cañuelas,13,DEMANDA_BAJA,18,COLECTIVO,REPRESENTATIVE_POINT,
88c2e32345fffff,Buenos Aires,Escobar,13,DEMANDA_BAJA,17,COLECTIVO,INTERSECCION_MAYOR_AREA,
88c2e3da89fffff,Buenos Aires,La Plata,13,DEMANDA_BAJA,8,COLECTIVO,REPRESENTATIVE_POINT,
88c2e3072bfffff,Buenos Aires,San Isidro,13,DEMANDA_BAJA,9,COLECTIVO,REPRESENTATIVE_POINT,
88c2e3d02bfffff,Buenos Aires,Berazategui,13,DEMANDA_BAJA,15,COLECTIVO,REPRESENTATIVE_POINT,
88c2e06b2bfffff,Buenos Aires,La Plata,13,DEMANDA_BAJA,8,COLECTIVO,REPRESENTATIVE_POINT,
88c2e3ae09fffff,Buenos Aires,Pilar,13,DEMANDA_BAJA,19,COLECTIVO,REPRESENTATIVE_POINT,
88c2e1cad7fffff,Buenos Aires,Lobos,13,DEMANDA_BAJA,7,COLECTIVO,REPRESENTATIVE_POINT,
88c2e33a87fffff,Buenos Aires,Tigre,13,DEMANDA_BAJA,11,COLECTIVO,REPRESENTATIVE_POINT,
88c2eed031fffff,Buenos Aires,Luján,13,DEMANDA_BAJA,7,COLECTIVO,REPRESENTATIVE_POINT,
88c2e3a431fffff,Buenos Aires,Pilar,13,DEMANDA_BAJA,17,COLECTIVO,REPRESENTATIVE_POINT,
88c2e16c11fffff,Buenos Aires,Luján,13,DEMANDA_BAJA,7,COLECTIVO,REPRESENTATIVE_POINT,
88c2e10b4dfffff,Buenos Aires,Navarro,13,DEMANDA_BAJA,17,COLECTIVO,REPRESENTATIVE_POINT,
88c2eec9c3fffff,Buenos Aires,Campana,13,DEMANDA_BAJA,12,COLECTIVO,REPRESENTATIVE_POINT,
88c2eec92bfffff,Buenos Aires,Campana,13,DEMANDA_BAJA,8,COLECTIVO,REPRESENTATIVE_POINT,
88c2eed063fffff,Buenos Aires,Luján,13,DEMANDA_BAJA,16,COLECTIVO,REPRESENTATIVE_POINT,
88c2eed061fffff,Buenos Aires,Luján,13,DEMANDA_BAJA,16,COLECTIVO,REPRESENTATIVE_POINT,
88c2e322a7fffff,Buenos Aires,Campana,13,DEMANDA_BAJA,6,COLECTIVO,REPRESENTATIVE_POINT,
88c2e06031fffff,Buenos Aires,San Vicente,13,DEMANDA_BAJA,17,COLECTIVO,REPRESENTATIVE_POINT,
88c2e32027fffff,Buenos Aires,San Fernando,13,DEMANDA_BAJA,12,COLECTIVO,REPRESENTATIVE_POINT,
88c2e305bbfffff,Buenos Aires,Tigre,13,DEMANDA_BAJA,16,COLECTIVO,REPRESENTATIVE_POINT,
88c2e304e9fffff,Buenos Aires,Tigre,13,DEMANDA_BAJA,6,LANCHAS,REPRESENTATIVE_POINT,
88c2e381dbfffff,Buenos Aires,La Matanza,13,DEMANDA_BAJA,12,COLECTIVO,REPRESENTATIVE_POINT,
88c2eed5adfffff,Buenos Aires,Exaltación de la Cruz,13,DEMANDA_BAJA,6,COLECTIVO,REPRESENTATIVE_POINT,
88c2e06415fffff,Buenos Aires,San Vicente,13,DEMANDA_BAJA,16,COLECTIVO,REPRESENTATIVE_POINT,
88c2e320ddfffff,Buenos Aires,Campana,13,DEMANDA_BAJA,16,COLECTIVO,REPRESENTATIVE_POINT,
88c2e320cbfffff,Buenos Aires,Campana,13,DEMANDA_BAJA,16,COLECTIVO,REPRESENTATIVE_POINT,
88c2e3b9d9fffff,Buenos Aires,San Miguel,13,DEMANDA_BAJA,6,COLECTIVO,REPRESENTATIVE_POINT,
88c2e33b57fffff,Buenos Aires,Tigre,13,DEMANDA_BAJA,10,COLECTIVO,REPRESENTATIVE_POINT,
88c2e04453fffff,Buenos Aires,Brandsen,13,DEMANDA_BAJA,12,COLECTIVO,REPRESENTATIVE_POINT,
88c2e33b5dfffff,Buenos Aires,Tigre,13,DEMANDA_BAJA,7,COLECTIVO,REPRESENTATIVE_POINT,
88c2e14a15fffff,Buenos Aires,General Las Heras,13,DEMANDA_BAJA,16,COLECTIVO,REPRESENTATIVE_POINT,
88c2e330c5fffff,Buenos Aires,Escobar,13,DEMANDA_BAJA,10,COLECTIVO,REPRESENTATIVE_POINT,
88c2e065bbfffff,Buenos Aires,Presidente Perón,13,DEMANDA_BAJA,15,COLECTIVO,REPRESENTATIVE_POINT,
88c2e304cdfffff,Buenos Aires,Tigre,13,DEMANDA_BAJA,16,COLECTIVO,REPRESENTATIVE_POINT,
88c2e3b1ebfffff,Buenos Aires,Moreno,13,DEMANDA_BAJA,4,COLECTIVO,REPRESENTATIVE_POINT,
88c2eec235fffff,Buenos Aires,Exaltación de la Cruz,13,DEMANDA_BAJA,16,COLECTIVO,REPRESENTATIVE_POINT,
88c2e3a0a9fffff,Buenos Aires,Pilar,13,DEMANDA_BAJA,15,COLECTIVO,REPRESENTATIVE_POINT,
88c2e2a45bfffff,Buenos Aires,La Plata,13,DEMANDA_BAJA,6,COLECTIVO,REPRESENTATIVE_POINT,
88c2e2a40dfffff,Buenos Aires,La Plata,13,DEMANDA_BAJA,7,COLECTIVO,REPRESENTATIVE_POINT,
88c2e31669fffff,Buenos Aires,Tres de Febrero,13,DEMANDA_BAJA,8,COLECTIVO,REPRESENTATIVE_POINT,
88c2e3c12dfffff,Buenos Aires,Berazategui,13,DEMANDA_BAJA,18,COLECTIVO,REPRESENTATIVE_POINT,
88c2e33329fffff,Buenos Aires,Tigre,13,DEMANDA_BAJA,17,COLECTIVO,REPRESENTATIVE_POINT,
88c2e30591fffff,Buenos Aires,Tigre,13,DEMANDA_BAJA,13,COLECTIVO,REPRESENTATIVE_POINT,
88c2e316ebfffff,Buenos Aires,Tres de Febrero,13,DEMANDA_BAJA,10,COLECTIVO,REPRESENTATIVE_POINT,
88c2e06119fffff,Buenos Aires,San Vicente,13,DEMANDA_BAJA,12,COLECTIVO,REPRESENTATIVE_POINT,
88c2eed9edfffff,Buenos Aires,Campana,13,DEMANDA_BAJA,13,COLECTIVO,REPRESENTATIVE_POINT,
88c2e14ca7fffff,Buenos Aires,General Rodríguez,13,DEMANDA_BAJA,18,COLECTIVO,REPRESENTATIVE_POINT,
88c2e16617fffff,Buenos Aires,Mercedes,13,DEMANDA_BAJA,12,COLECTIVO,REPRESENTATIVE_POINT,
88c2e02261fffff,Buenos Aires,Cañuelas,13,DEMANDA_BAJA,10,COLECTIVO,REPRESENTATIVE_POINT,
88c2e3952bfffff,Buenos Aires,La Matanza,12,DEMANDA_BAJA,8,COLECTIVO,REPRESENTATIVE_POINT,
88c2e2a429fffff,Buenos Aires,La Plata,12,DEMANDA_BAJA,11,COLECTIVO,REPRESENTATIVE_POINT,
88c2e3adc3fffff,Buenos Aires,Escobar,12,DEMANDA_BAJA,16,COLECTIVO,REPRESENTATIVE_POINT,
88c2e161dbfffff,Buenos Aires,Luján,12,DEMANDA_BAJA,5,COLECTIVO,REPRESENTATIVE_POINT,
88c2e2a76bfffff,Buenos Aires,La Plata,12,DEMANDA_BAJA,7,COLECTIVO,REPRESENTATIVE_POINT,
88c2ee5699fffff,Buenos Aires,Zárate,12,DEMANDA_BAJA,12,COLECTIVO,REPRESENTATIVE_POINT,
88c2e2a6adfffff,Buenos Aires,La Plata,12,DEMANDA_BAJA,7,COLECTIVO,REPRESENTATIVE_POINT,
88c2eed8e3fffff,Buenos Aires,Exaltación de la Cruz,12,DEMANDA_BAJA,7,COLECTIVO,REPRESENTATIVE_POINT,
88c2e33b6dfffff,Buenos Aires,Tigre,12,DEMANDA_BAJA,10,COLECTIVO,REPRESENTATIVE_POINT,
88c2e168b9fffff,Buenos Aires,Luján,12,DEMANDA_BAJA,14,COLECTIVO,REPRESENTATIVE_POINT,
88c2e32269fffff,Buenos Aires,Escobar,12,DEMANDA_BAJA,13,COLECTIVO,REPRESENTATIVE_POINT,
88c2e33997fffff,Buenos Aires,San Fernando,12,DEMANDA_BAJA,10,COLECTIVO,REPRESENTATIVE_POINT,
88c2e30613fffff,Buenos Aires,Tigre,12,DEMANDA_BAJA,7,COLECTIVO,REPRESENTATIVE_POINT,
88c2eeca6bfffff,Buenos Aires,Campana,12,DEMANDA_BAJA,17,COLECTIVO,REPRESENTATIVE_POINT,
88c2e3a721fffff,Buenos Aires,General Rodríguez,12,DEMANDA_BAJA,5,COLECTIVO,REPRESENTATIVE_POINT,
88c2e33885fffff,Buenos Aires,San Fernando,12,DEMANDA_BAJA,11,COLECTIVO,REPRESENTATIVE_POINT,
88c2e0640bfffff,Buenos Aires,San Vicente,12,DEMANDA_BAJA,17,COLECTIVO,REPRESENTATIVE_POINT,
88c2e3b711fffff,Buenos Aires,General Rodríguez,12,DEMANDA_BAJA,16,COLECTIVO,REPRESENTATIVE_POINT,
88c2e07ac3fffff,Buenos Aires,Brandsen,12,DEMANDA_BAJA,12,COLECTIVO,REPRESENTATIVE_POINT,
88c2e166ebfffff,Buenos Aires,Mercedes,12,DEMANDA_BAJA,7,COLECTIVO,REPRESENTATIVE_POINT,
88c2e3b9e1fffff,Buenos Aires,San Miguel,12,DEMANDA_BAJA,12,COLECTIVO,REPRESENTATIVE_POINT,
88c2e3c345fffff,Buenos Aires,Berazategui,12,DEMANDA_BAJA,5,COLECTIVO,REPRESENTATIVE_POINT,
88c2e1c267fffff,Buenos Aires,Lobos,12,DEMANDA_BAJA,19,COLECTIVO,REPRESENTATIVE_POINT,
88c2e3325bfffff,Buenos Aires,Escobar,12,DEMANDA_BAJA,6,COLECTIVO,REPRESENTATIVE_POINT,
88c2e3c349fffff,Buenos Aires,Berazategui,12,DEMANDA_BAJA,12,COLECTIVO,REPRESENTATIVE_POINT,
88c2e3da23fffff,Buenos Aires,La Plata,12,DEMANDA_BAJA,17,COLECTIVO,REPRESENTATIVE_POINT,
88c2ee19b5fffff,Buenos Aires,Zárate,12,DEMANDA_BAJA,8,COLECTIVO,REPRESENTATIVE_POINT,
88c2e33abbfffff,Buenos Aires,Tigre,12,DEMANDA_BAJA,8,COLECTIVO,REPRESENTATIVE_POINT,
88c2eedb45fffff,Buenos Aires,Pilar,12,DEMANDA_BAJA,11,COLECTIVO,REPRESENTATIVE_POINT,
88c2e02d2bfffff,Buenos Aires,Cañuelas,12,DEMANDA_BAJA,19,COLECTIVO,REPRESENTATIVE_POINT,
88c2e39759fffff,Buenos Aires,Marcos Paz,12,DEMANDA_BAJA,14,COLECTIVO,REPRESENTATIVE_POINT,
88c2e38353fffff,Buenos Aires,Ezeiza,12,DEMANDA_BAJA,8,COLECTIVO,REPRESENTATIVE_POINT,
88c2eed5b3fffff,Buenos Aires,Exaltación de la Cruz,12,DEMANDA_BAJA,17,COLECTIVO,REPRESENTATIVE_POINT,
88c2e32003fffff,Buenos Aires,Campana,12,DEMANDA_BAJA,19,COLECTIVO,INTERSECCION_MAYOR_AREA,
88c2e33947fffff,Buenos Aires,Tigre,12,DEMANDA_BAJA,16,COLECTIVO,INTERSECCION_MAYOR_AREA,
88c2e2a4a7fffff,Buenos Aires,La Plata,11,DEMANDA_BAJA,7,COLECTIVO,REPRESENTATIVE_POINT,
88c2e3966dfffff,Buenos Aires,Cañuelas,11,DEMANDA_BAJA,11,COLECTIVO,REPRESENTATIVE_POINT,
88c2e06739fffff,Buenos Aires,San Vicente,11,DEMANDA_BAJA,17,COLECTIVO,REPRESENTATIVE_POINT,
88c2e3ad31fffff,Buenos Aires,Escobar,11,DEMANDA_BAJA,7,COLECTIVO,REPRESENTATIVE_POINT,
88c2eed35dfffff,Buenos Aires,Luján,11,DEMANDA_BAJA,16,COLECTIVO,REPRESENTATIVE_POINT,
88c2e38137fffff,Buenos Aires,Ezeiza,11,DEMANDA_BAJA,14,COLECTIVO,REPRESENTATIVE_POINT,
88c2e02639fffff,Buenos Aires,Cañuelas,11,DEMANDA_BAJA,17,COLECTIVO,REPRESENTATIVE_POINT,
88c2e2aad1fffff,Buenos Aires,Magdalena,11,DEMANDA_BAJA,6,COLECTIVO,REPRESENTATIVE_POINT,
88c2e23059fffff,Buenos Aires,Berisso,11,DEMANDA_BAJA,7,COLECTIVO,REPRESENTATIVE_POINT,
88c2e2ad1bfffff,Buenos Aires,Berisso,11,DEMANDA_BAJA,15,COLECTIVO,REPRESENTATIVE_POINT,
88c2e32621fffff,Buenos Aires,Campana,11,DEMANDA_BAJA,18,COLECTIVO,REPRESENTATIVE_POINT,
88c2e2a28bfffff,Buenos Aires,La Plata,11,DEMANDA_BAJA,6,COLECTIVO,REPRESENTATIVE_POINT,
88c2ee9831fffff,Buenos Aires,San Andrés de Giles,11,DEMANDA_BAJA,12,COLECTIVO,REPRESENTATIVE_POINT,
88c2e06aabfffff,Buenos Aires,La Plata,11,DEMANDA_BAJA,7,COLECTIVO,REPRESENTATIVE_POINT,
88c2eed667fffff,Buenos Aires,Luján,11,DEMANDA_BAJA,16,COLECTIVO,REPRESENTATIVE_POINT,
88c2e3a257fffff,Buenos Aires,General Rodríguez,11,DEMANDA_BAJA,15,COLECTIVO,REPRESENTATIVE_POINT,
88c2e334d3fffff,Buenos Aires,Campana,11,DEMANDA_BAJA,5,COLECTIVO,REPRESENTATIVE_POINT,
88c2e33345fffff,Buenos Aires,Tigre,11,DEMANDA_BAJA,9,COLECTIVO,REPRESENTATIVE_POINT,
88c2e2b495fffff,Buenos Aires,La Plata,11,DEMANDA_BAJA,12,COLECTIVO,REPRESENTATIVE_POINT,
88c2eec331fffff,Buenos Aires,Exaltación de la Cruz,11,DEMANDA_BAJA,16,COLECTIVO,REPRESENTATIVE_POINT,
88c2e23455fffff,Buenos Aires,Ensenada,11,DEMANDA_BAJA,15,COLECTIVO,REPRESENTATIVE_POINT,
88c2e332a3fffff,Buenos Aires,Escobar,11,DEMANDA_BAJA,13,COLECTIVO,REPRESENTATIVE_POINT,
88c2e32157fffff,Buenos Aires,San Fernando,11,DEMANDA_BAJA,12,COLECTIVO,REPRESENTATIVE_POINT,
88c2e3da4dfffff,Buenos Aires,La Plata,11,DEMANDA_BAJA,12,COLECTIVO,REPRESENTATIVE_POINT,
88c2e3af69fffff,Buenos Aires,José C. Paz,11,DEMANDA_BAJA,9,COLECTIVO,REPRESENTATIVE_POINT,
88c2eec863fffff,Buenos Aires,Campana,11,DEMANDA_BAJA,12,COLECTIVO,REPRESENTATIVE_POINT,
88c2e16d4dfffff,Buenos Aires,Luján,11,DEMANDA_BAJA,7,COLECTIVO,REPRESENTATIVE_POINT,
88c2e3d847fffff,Buenos Aires,La Plata,11,DEMANDA_BAJA,12,COLECTIVO,REPRESENTATIVE_POINT,
88c2e334c9fffff,Buenos Aires,Escobar,11,DEMANDA_BAJA,6,COLECTIVO,REPRESENTATIVE_POINT,
88c2e3042dfffff,Buenos Aires,Tigre,11,DEMANDA_BAJA,5,COLECTIVO,REPRESENTATIVE_POINT,
88c2e0a121fffff,Buenos Aires,Monte,11,DEMANDA_BAJA,9,COLECTIVO,REPRESENTATIVE_POINT,
88c2e32053fffff,Buenos Aires,Campana,11,DEMANDA_BAJA,6,COLECTIVO,REPRESENTATIVE_POINT,
88c2e33621fffff,Buenos Aires,Escobar,11,DEMANDA_BAJA,16,COLECTIVO,REPRESENTATIVE_POINT,
88c2e16e55fffff,Buenos Aires,Mercedes,11,DEMANDA_BAJA,16,COLECTIVO,REPRESENTATIVE_POINT,
88c2e16639fffff,Buenos Aires,Mercedes,11,DEMANDA_BAJA,9,COLECTIVO,REPRESENTATIVE_POINT,
88c2e16737fffff,Buenos Aires,Mercedes,11,DEMANDA_BAJA,6,COLECTIVO,REPRESENTATIVE_POINT,
88c2e320d7fffff,Buenos Aires,Campana,11,DEMANDA_BAJA,16,COLECTIVO,REPRESENTATIVE_POINT,
88c2e314e7fffff,Buenos Aires,General San Martín,11,DEMANDA_BAJA,18,COLECTIVO,REPRESENTATIVE_POINT,
88c2e16cc3fffff,Buenos Aires,Luján,11,DEMANDA_BAJA,7,COLECTIVO,REPRESENTATIVE_POINT,
88c2e026ebfffff,Buenos Aires,Cañuelas,11,DEMANDA_BAJA,15,COLECTIVO,REPRESENTATIVE_POINT,
88c2e339d3fffff,Buenos Aires,San Fernando,11,DEMANDA_BAJA,8,COLECTIVO,REPRESENTATIVE_POINT,
88c2e3d365fffff,Buenos Aires,La Plata,11,DEMANDA_BAJA,8,COLECTIVO,REPRESENTATIVE_POINT,
88c2e3a437fffff,Buenos Aires,Pilar,11,DEMANDA_BAJA,16,COLECTIVO,REPRESENTATIVE_POINT,
88c2e304dbfffff,Buenos Aires,Tigre,11,DEMANDA_BAJA,17,COLECTIVO,REPRESENTATIVE_POINT,
88c2ee4501fffff,Buenos Aires,Zárate,11,DEMANDA_BAJA,19,COLECTIVO,REPRESENTATIVE_POINT,
88c2e16cd1fffff,Buenos Aires,Luján,11,DEMANDA_BAJA,17,COLECTIVO,REPRESENTATIVE_POINT,
88c2e3d337fffff,Buenos Aires,La Plata,11,DEMANDA_BAJA,12,COLECTIVO,REPRESENTATIVE_POINT,
88c2e33a65fffff,Buenos Aires,Tigre,11,DEMANDA_BAJA,7,COLECTIVO,REPRESENTATIVE_POINT,
88c2eedaa9fffff,Buenos Aires,Exaltación de la Cruz,11,DEMANDA_BAJA,13,COLECTIVO,REPRESENTATIVE_POINT,
88c2e065b1fffff,Buenos Aires,Presidente Perón,11,DEMANDA_BAJA,6,COLECTIVO,REPRESENTATIVE_POINT,
88c2e02d29fffff,Buenos Aires,Cañuelas,11,DEMANDA_BAJA,13,COLECTIVO,REPRESENTATIVE_POINT,
88c2e32037fffff,Buenos Aires,Campana,11,DEMANDA_BAJA,12,COLECTIVO,REPRESENTATIVE_POINT,
88c2e32043fffff,Buenos Aires,San Fernando,11,DEMANDA_BAJA,7,COLECTIVO,INTERSECCION_MAYOR_AREA,
88c2e316e7fffff,Buenos Aires,Tres de Febrero,11,DEMANDA_BAJA,16,COLECTIVO,REPRESENTATIVE_POINT,
88c2ee12cdfffff,Buenos Aires,San Antonio de Areco,10,DEMANDA_BAJA,16,COLECTIVO,REPRESENTATIVE_POINT,
88c2e065dbfffff,Buenos Aires,San Vicente,10,DEMANDA_BAJA,16,COLECTIVO,REPRESENTATIVE_POINT,
88c2e02041fffff,Buenos Aires,Cañuelas,10,DEMANDA_BAJA,14,COLECTIVO,REPRESENTATIVE_POINT,
88c2e02227fffff,Buenos Aires,Cañuelas,10,DEMANDA_BAJA,17,COLECTIVO,REPRESENTATIVE_POINT,
88c2e305dbfffff,Buenos Aires,Tigre,10,DEMANDA_BAJA,7,LANCHAS,REPRESENTATIVE_POINT,
88c2ee174dfffff,Buenos Aires,San Antonio de Areco,10,DEMANDA_BAJA,17,COLECTIVO,REPRESENTATIVE_POINT,
88c2e14989fffff,Buenos Aires,Marcos Paz,10,DEMANDA_BAJA,17,COLECTIVO,REPRESENTATIVE_POINT,
88c2eec95dfffff,Buenos Aires,Campana,10,DEMANDA_BAJA,7,COLECTIVO,REPRESENTATIVE_POINT,
88c2eec94dfffff,Buenos Aires,Campana,10,DEMANDA_BAJA,19,COLECTIVO,REPRESENTATIVE_POINT,
88c2e338c3fffff,Buenos Aires,San Fernando,10,DEMANDA_BAJA,11,COLECTIVO,REPRESENTATIVE_POINT,
88c2e14a53fffff,Buenos Aires,General Las Heras,10,DEMANDA_BAJA,17,COLECTIVO,REPRESENTATIVE_POINT,
88c2e33b37fffff,Buenos Aires,Tigre,10,DEMANDA_BAJA,16,COLECTIVO,REPRESENTATIVE_POINT,
88c2e30587fffff,Buenos Aires,Tigre,10,DEMANDA_BAJA,16,COLECTIVO,REPRESENTATIVE_POINT,
88c2e3a931fffff,Buenos Aires,Tigre,10,DEMANDA_BAJA,17,COLECTIVO,REPRESENTATIVE_POINT,
88c2e305d3fffff,Buenos Aires,Tigre,10,DEMANDA_BAJA,5,LANCHAS,REPRESENTATIVE_POINT,
88c2e32505fffff,Buenos Aires,Campana,10,DEMANDA_BAJA,14,COLECTIVO,REPRESENTATIVE_POINT,
88c2e3d0b7fffff,Buenos Aires,Florencio Varela,10,DEMANDA_BAJA,5,COLECTIVO,REPRESENTATIVE_POINT,
88c2e31453fffff,Buenos Aires,General San Martín,10,DEMANDA_BAJA,15,COLECTIVO,REPRESENTATIVE_POINT,
88c2e33561fffff,Buenos Aires,Escobar,10,DEMANDA_BAJA,16,COLECTIVO,REPRESENTATIVE_POINT,
88c2e16707fffff,Buenos Aires,Mercedes,10,DEMANDA_BAJA,16,COLECTIVO,REPRESENTATIVE_POINT,
88c2eec689fffff,Buenos Aires,San Andrés de Giles,10,DEMANDA_BAJA,11,COLECTIVO,REPRESENTATIVE_POINT,
88c2e16719fffff,Buenos Aires,Mercedes,10,DEMANDA_BAJA,14,COLECTIVO,REPRESENTATIVE_POINT,
88c2ee8da3fffff,Buenos Aires,San Antonio de Areco,10,DEMANDA_BAJA,12,COLECTIVO,REPRESENTATIVE_POINT,
88c2e2a715fffff,Buenos Aires,La Plata,10,DEMANDA_BAJA,17,COLECTIVO,REPRESENTATIVE_POINT,
88c2e3260dfffff,Buenos Aires,Campana,10,DEMANDA_BAJA,11,COLECTIVO,REPRESENTATIVE_POINT,
88c2e0696bfffff,Buenos Aires,La Plata,10,DEMANDA_BAJA,12,COLECTIVO,REPRESENTATIVE_POINT,
88c2e2a6d9fffff,Buenos Aires,La Plata,10,DEMANDA_BAJA,7,COLECTIVO,REPRESENTATIVE_POINT,
88c2eed345fffff,Buenos Aires,Luján,10,DEMANDA_BAJA,18,COLECTIVO,REPRESENTATIVE_POINT,
88c2e39a3bfffff,Buenos Aires,Esteban Echeverría,10,DEMANDA_BAJA,14,COLECTIVO,REPRESENTATIVE_POINT,
88c2e3ca11fffff,Buenos Aires,Berazategui,10,DEMANDA_BAJA,9,COLECTIVO,REPRESENTATIVE_POINT,
88c2e3aecdfffff,Buenos Aires,Pilar,10,DEMANDA_BAJA,8,COLECTIVO,REPRESENTATIVE_POINT,
88c2e3a151fffff,Buenos Aires,Moreno,10,DEMANDA_BAJA,6,COLECTIVO,REPRESENTATIVE_POINT,
88c2e3d617fffff,Buenos Aires,Almirante Brown,10,DEMANDA_BAJA,8,COLECTIVO,REPRESENTATIVE_POINT,
88c2eed9b1fffff,Buenos Aires,Campana,10,DEMANDA_BAJA,16,COLECTIVO,REPRESENTATIVE_POINT,
88c2e38217fffff,Buenos Aires,La Matanza,10,DEMANDA_BAJA,6,COLECTIVO,REPRESENTATIVE_POINT,
88c2e2a411fffff,Buenos Aires,La Plata,10,DEMANDA_BAJA,17,COLECTIVO,REPRESENTATIVE_POINT,
88c2e0675bfffff,Buenos Aires,San Vicente,10,DEMANDA_BAJA,14,COLECTIVO,REPRESENTATIVE_POINT,
88c2e3c56bfffff,Buenos Aires,Quilmes,9,DEMANDA_BAJA,7,COLECTIVO,REPRESENTATIVE_POINT,
88c2e14319fffff,Buenos Aires,General Las Heras,9,DEMANDA_BAJA,13,COLECTIVO,REPRESENTATIVE_POINT,
88c2e306ebfffff,Buenos Aires,Tigre,9,DEMANDA_BAJA,12,COLECTIVO,REPRESENTATIVE_POINT,
88c2e306abfffff,Buenos Aires,Tigre,9,DEMANDA_BAJA,16,COLECTIVO,REPRESENTATIVE_POINT,
88c2eec993fffff,Buenos Aires,Campana,9,DEMANDA_BAJA,6,COLECTIVO,REPRESENTATIVE_POINT,
88c2eec835fffff,Buenos Aires,Campana,9,DEMANDA_BAJA,17,COLECTIVO,REPRESENTATIVE_POINT,
88c2e30585fffff,Buenos Aires,Tigre,9,DEMANDA_BAJA,11,COLECTIVO,REPRESENTATIVE_POINT,
88c2e3d32bfffff,Buenos Aires,La Plata,9,DEMANDA_BAJA,16,COLECTIVO,REPRESENTATIVE_POINT,
88c2ee0b03fffff,Buenos Aires,Zárate,9,DEMANDA_BAJA,15,COLECTIVO,REPRESENTATIVE_POINT,
88c2eec9d5fffff,Buenos Aires,Campana,9,DEMANDA_BAJA,10,COLECTIVO,REPRESENTATIVE_POINT,
88c2e0200dfffff,Buenos Aires,Cañuelas,9,DEMANDA_BAJA,17,COLECTIVO,REPRESENTATIVE_POINT,
88c2eed06dfffff,Buenos Aires,Luján,9,DEMANDA_BAJA,6,COLECTIVO,REPRESENTATIVE_POINT,
88c2e3250bfffff,Buenos Aires,Campana,9,DEMANDA_BAJA,20,COLECTIVO,REPRESENTATIVE_POINT,
88c2eec19dfffff,Buenos Aires,Exaltación de la Cruz,9,DEMANDA_BAJA,9,COLECTIVO,REPRESENTATIVE_POINT,
88c2e332bdfffff,Buenos Aires,Escobar,9,DEMANDA_BAJA,7,COLECTIVO,REPRESENTATIVE_POINT,
88c2e236d3fffff,Buenos Aires,Ensenada,9,DEMANDA_BAJA,15,COLECTIVO,REPRESENTATIVE_POINT,
88c2e2a25dfffff,Buenos Aires,La Plata,9,DEMANDA_BAJA,8,COLECTIVO,REPRESENTATIVE_POINT,
88c2e32241fffff,Buenos Aires,Escobar,9,DEMANDA_BAJA,16,COLECTIVO,REPRESENTATIVE_POINT,
88c2ee50d5fffff,Buenos Aires,Zárate,9,DEMANDA_BAJA,16,COLECTIVO,REPRESENTATIVE_POINT,
88c2e06443fffff,Buenos Aires,Presidente Perón,9,DEMANDA_BAJA,15,COLECTIVO,REPRESENTATIVE_POINT,
88c2e32343fffff,Buenos Aires,Escobar,9,DEMANDA_BAJA,9,COLECTIVO,REPRESENTATIVE_POINT,
88c2e32301fffff,Buenos Aires,San Fernando,9,DEMANDA_BAJA,7,COLECTIVO,REPRESENTATIVE_POINT,
88c2e3211bfffff,Buenos Aires,San Fernando,9,DEMANDA_BAJA,20,COLECTIVO,REPRESENTATIVE_POINT,
88c2e3356bfffff,Buenos Aires,Escobar,9,DEMANDA_BAJA,19,COLECTIVO,REPRESENTATIVE_POINT,
88c2e3361bfffff,Buenos Aires,Pilar,9,DEMANDA_BAJA,6,COLECTIVO,REPRESENTATIVE_POINT,
88c2e3ac3bfffff,Buenos Aires,Pilar,9,DEMANDA_BAJA,7,COLECTIVO,REPRESENTATIVE_POINT,
88c2e06561fffff,Buenos Aires,San Vicente,9,DEMANDA_BAJA,6,COLECTIVO,REPRESENTATIVE_POINT,
88c2e33989fffff,Buenos Aires,San Fernando,9,DEMANDA_BAJA,14,COLECTIVO,REPRESENTATIVE_POINT,
88c2ee4061fffff,Buenos Aires,Campana,9,DEMANDA_BAJA,19,COLECTIVO,REPRESENTATIVE_POINT,
88c2e305e1fffff,Buenos Aires,Tigre,9,DEMANDA_BAJA,5,COLECTIVO,REPRESENTATIVE_POINT,
88c2e305cdfffff,Buenos Aires,Tigre,9,DEMANDA_BAJA,18,COLECTIVO,REPRESENTATIVE_POINT,
88c2e3a729fffff,Buenos Aires,General Rodríguez,9,DEMANDA_BAJA,4,COLECTIVO,REPRESENTATIVE_POINT,
88c2e305b9fffff,Buenos Aires,Tigre,9,DEMANDA_BAJA,7,COLECTIVO,REPRESENTATIVE_POINT,
88c2e38699fffff,Buenos Aires,Marcos Paz,9,DEMANDA_BAJA,13,COLECTIVO,REPRESENTATIVE_POINT,
88c2eed459fffff,Buenos Aires,San Andrés de Giles,9,DEMANDA_BAJA,14,COLECTIVO,REPRESENTATIVE_POINT,
88c2e2a469fffff,Buenos Aires,La Plata,9,DEMANDA_BAJA,11,COLECTIVO,REPRESENTATIVE_POINT,
88c2e2a41dfffff,Buenos Aires,La Plata,9,DEMANDA_BAJA,13,COLECTIVO,REPRESENTATIVE_POINT,
88c2e39013fffff,Buenos Aires,Ezeiza,9,DEMANDA_BAJA,16,COLECTIVO,REPRESENTATIVE_POINT,
88c2e14f61fffff,Buenos Aires,Marcos Paz,9,DEMANDA_BAJA,6,COLECTIVO,REPRESENTATIVE_POINT,
88c2e236c1fffff,Buenos Aires,Ensenada,9,DEMANDA_BAJA,22,COLECTIVO,REPRESENTATIVE_POINT,
88c2e3c1cdfffff,Buenos Aires,Berazategui,9,DEMANDA_BAJA,17,COLECTIVO,REPRESENTATIVE_POINT,
88c2e3adbdfffff,Buenos Aires,Escobar,9,DEMANDA_BAJA,9,COLECTIVO,REPRESENTATIVE_POINT,
88c2ee1213fffff,Buenos Aires,San Antonio de Areco,9,DEMANDA_BAJA,18,COLECTIVO,REPRESENTATIVE_POINT,
88c2e3ad01fffff,Buenos Aires,Pilar,9,DEMANDA_BAJA,8,COLECTIVO,REPRESENTATIVE_POINT,
88c2eed623fffff,Buenos Aires,San Andrés de Giles,9,DEMANDA_BAJA,16,COLECTIVO,REPRESENTATIVE_POINT,
88c2ee0b31fffff,Buenos Aires,Zárate,9,DEMANDA_BAJA,14,COLECTIVO,REPRESENTATIVE_POINT,
88c2e32015fffff,Buenos Aires,Campana,9,DEMANDA_BAJA,12,COLECTIVO,REPRESENTATIVE_POINT,
88c2e32041fffff,Buenos Aires,San Fernando,9,DEMANDA_BAJA,11,COLECTIVO,REPRESENTATIVE_POINT,
88c2e32039fffff,Buenos Aires,Campana,9,DEMANDA_BAJA,20,COLECTIVO,REPRESENTATIVE_POINT,
88c2e16da9fffff,Buenos Aires,Luján,9,DEMANDA_BAJA,14,COLECTIVO,REPRESENTATIVE_POINT,
88c2e1c1a5fffff,Buenos Aires,Lobos,9,DEMANDA_BAJA,11,COLECTIVO,REPRESENTATIVE_POINT,
88c2e07a41fffff,Buenos Aires,Brandsen,9,DEMANDA_BAJA,9,COLECTIVO,REPRESENTATIVE_POINT,
88c2ee9959fffff,Buenos Aires,San Andrés de Giles,9,DEMANDA_BAJA,17,COLECTIVO,REPRESENTATIVE_POINT,
88c2e330b7fffff,Buenos Aires,Escobar,9,DEMANDA_BAJA,18,COLECTIVO,REPRESENTATIVE_POINT,
88c2e33b51fffff,Buenos Aires,Tigre,8,DEMANDA_BAJA,17,COLECTIVO,REPRESENTATIVE_POINT,
88c2ee82e3fffff,Buenos Aires,San Andrés de Giles,8,DEMANDA_BAJA,6,COLECTIVO,REPRESENTATIVE_POINT,
88c2e33067fffff,Buenos Aires,Tigre,8,DEMANDA_BAJA,13,COLECTIVO,REPRESENTATIVE_POINT,
88c2e06987fffff,Buenos Aires,Brandsen,8,DEMANDA_BAJA,11,COLECTIVO,REPRESENTATIVE_POINT,
88c2e2a215fffff,Buenos Aires,La Plata,8,DEMANDA_BAJA,7,COLECTIVO,REPRESENTATIVE_POINT,
88c2e3302dfffff,Buenos Aires,Escobar,8,DEMANDA_BAJA,21,COLECTIVO,REPRESENTATIVE_POINT,
88c2e2a293fffff,Buenos Aires,La Plata,8,DEMANDA_BAJA,17,COLECTIVO,REPRESENTATIVE_POINT,
88c2e16625fffff,Buenos Aires,Mercedes,8,DEMANDA_BAJA,8,COLECTIVO,REPRESENTATIVE_POINT,
88c2e16621fffff,Buenos Aires,Mercedes,8,DEMANDA_BAJA,15,COLECTIVO,REPRESENTATIVE_POINT,
88c2e030e5fffff,Buenos Aires,Cañuelas,8,DEMANDA_BAJA,19,COLECTIVO,REPRESENTATIVE_POINT,
88c2e02e37fffff,Buenos Aires,Cañuelas,8,DEMANDA_BAJA,17,COLECTIVO,REPRESENTATIVE_POINT,
88c2e3c6d9fffff,Buenos Aires,Lanús,8,DEMANDA_BAJA,7,COLECTIVO,REPRESENTATIVE_POINT,
88c2e39727fffff,Buenos Aires,La Matanza,8,DEMANDA_BAJA,5,COLECTIVO,REPRESENTATIVE_POINT,
88c2eedad5fffff,Buenos Aires,Exaltación de la Cruz,8,DEMANDA_BAJA,6,COLECTIVO,REPRESENTATIVE_POINT,
88c2eedb4dfffff,Buenos Aires,Pilar,8,DEMANDA_BAJA,15,COLECTIVO,REPRESENTATIVE_POINT,
88c2e2a56bfffff,Buenos Aires,La Plata,8,DEMANDA_BAJA,7,COLECTIVO,REPRESENTATIVE_POINT,
88c2e3231dfffff,Buenos Aires,San Fernando,8,DEMANDA_BAJA,9,LANCHAS,REPRESENTATIVE_POINT,
88c2e14a17fffff,Buenos Aires,General Las Heras,8,DEMANDA_BAJA,11,COLECTIVO,REPRESENTATIVE_POINT,
88c2e304a9fffff,Buenos Aires,Tigre,8,DEMANDA_BAJA,9,LANCHAS,REPRESENTATIVE_POINT,
88c2e16ad7fffff,Buenos Aires,Luján,8,DEMANDA_BAJA,5,COLECTIVO,REPRESENTATIVE_POINT,
88c2e14a37fffff,Buenos Aires,Marcos Paz,8,DEMANDA_BAJA,7,COLECTIVO,REPRESENTATIVE_POINT,
88c2e32165fffff,Buenos Aires,San Fernando,8,DEMANDA_BAJA,6,COLECTIVO,REPRESENTATIVE_POINT,
88c2e3d1b5fffff,Buenos Aires,Berazategui,8,DEMANDA_BAJA,5,COLECTIVO,REPRESENTATIVE_POINT,
88c2eec6c7fffff,Buenos Aires,San Andrés de Giles,8,DEMANDA_BAJA,14,COLECTIVO,REPRESENTATIVE_POINT,
88c2e16939fffff,Buenos Aires,Luján,8,DEMANDA_BAJA,15,COLECTIVO,REPRESENTATIVE_POINT,
88c2e14149fffff,Buenos Aires,General Las Heras,8,DEMANDA_BAJA,22,COLECTIVO,REPRESENTATIVE_POINT,
88c2e3b82bfffff,Buenos Aires,San Miguel,8,DEMANDA_BAJA,14,COLECTIVO,REPRESENTATIVE_POINT,
88c2e3da47fffff,Buenos Aires,La Plata,8,DEMANDA_BAJA,7,COLECTIVO,REPRESENTATIVE_POINT,
88c2e33adbfffff,Buenos Aires,Tigre,8,DEMANDA_BAJA,14,COLECTIVO,REPRESENTATIVE_POINT,
88c2e33ab1fffff,Buenos Aires,Tigre,8,DEMANDA_BAJA,11,COLECTIVO,REPRESENTATIVE_POINT,
88c2e3394bfffff,Buenos Aires,Tigre,8,DEMANDA_BAJA,16,COLECTIVO,REPRESENTATIVE_POINT,
88c2e39559fffff,Buenos Aires,La Matanza,8,DEMANDA_BAJA,6,COLECTIVO,REPRESENTATIVE_POINT,
88c2e055e1fffff,Buenos Aires,Brandsen,8,DEMANDA_BAJA,16,COLECTIVO,REPRESENTATIVE_POINT,
88c2e0240bfffff,Buenos Aires,Cañuelas,8,DEMANDA_BAJA,11,COLECTIVO,REPRESENTATIVE_POINT,
88c2e055bdfffff,Buenos Aires,Brandsen,8,DEMANDA_BAJA,12,COLECTIVO,REPRESENTATIVE_POINT,
88c2e02553fffff,Buenos Aires,Cañuelas,8,DEMANDA_BAJA,6,COLECTIVO,REPRESENTATIVE_POINT,
88c2e32a59fffff,Buenos Aires,San Fernando,8,DEMANDA_BAJA,18,COLECTIVO,REPRESENTATIVE_POINT,
88c2e320c9fffff,Buenos Aires,Campana,8,DEMANDA_BAJA,14,COLECTIVO,REPRESENTATIVE_POINT,
88c2e326e5fffff,Buenos Aires,Campana,8,DEMANDA_BAJA,12,COLECTIVO,REPRESENTATIVE_POINT,
88c2eedb39fffff,Buenos Aires,Pilar,8,DEMANDA_BAJA,8,COLECTIVO,REPRESENTATIVE_POINT,
88c2e16d35fffff,Buenos Aires,Luján,8,DEMANDA_BAJA,6,COLECTIVO,REPRESENTATIVE_POINT,
88c2e33869fffff,Buenos Aires,Tigre,8,DEMANDA_BAJA,6,COLECTIVO,REPRESENTATIVE_POINT,
88c2e3386bfffff,Buenos Aires,Tigre,8,DEMANDA_BAJA,6,COLECTIVO,REPRESENTATIVE_POINT,
88c2e3ac3dfffff,Buenos Aires,Pilar,8,DEMANDA_BAJA,19,COLECTIVO,REPRESENTATIVE_POINT,
88c2e1ca8bfffff,Buenos Aires,Lobos,8,DEMANDA_BAJA,9,COLECTIVO,REPRESENTATIVE_POINT,
88c2ee545dfffff,Buenos Aires,Zárate,8,DEMANDA_BAJA,7,COLECTIVO,REPRESENTATIVE_POINT,
88c2e3aa97fffff,Buenos Aires,José C. Paz,8,DEMANDA_BAJA,4,COLECTIVO,REPRESENTATIVE_POINT,
88c2eec305fffff,Buenos Aires,Exaltación de la Cruz,8,DEMANDA_BAJA,14,COLECTIVO,REPRESENTATIVE_POINT,
88c2e3311dfffff,Buenos Aires,Tigre,8,DEMANDA_BAJA,14,COLECTIVO,REPRESENTATIVE_POINT,
88c2e2b48bfffff,Buenos Aires,La Plata,8,DEMANDA_BAJA,7,COLECTIVO,REPRESENTATIVE_POINT,
88c2e332c3fffff,Buenos Aires,Escobar,8,DEMANDA_BAJA,4,COLECTIVO,REPRESENTATIVE_POINT,
88c2e3d125fffff,Buenos Aires,La Plata,8,DEMANDA_BAJA,10,COLECTIVO,REPRESENTATIVE_POINT,
88c2e2345dfffff,Buenos Aires,Ensenada,8,DEMANDA_BAJA,15,COLECTIVO,REPRESENTATIVE_POINT,
88c2e33261fffff,Buenos Aires,Tigre,8,DEMANDA_BAJA,17,COLECTIVO,REPRESENTATIVE_POINT,
88c2eec62bfffff,Buenos Aires,Exaltación de la Cruz,8,DEMANDA_BAJA,7,COLECTIVO,REPRESENTATIVE_POINT,
88c2eec329fffff,Buenos Aires,Exaltación de la Cruz,8,DEMANDA_BAJA,7,COLECTIVO,REPRESENTATIVE_POINT,
88c2e32055fffff,Buenos Aires,Campana,8,DEMANDA_BAJA,18,COLECTIVO,REPRESENTATIVE_POINT,
88c2e338e3fffff,Buenos Aires,San Fernando,8,DEMANDA_BAJA,10,COLECTIVO,REPRESENTATIVE_POINT,
88c2e1c13bfffff,Buenos Aires,Lobos,8,DEMANDA_BAJA,20,COLECTIVO,REPRESENTATIVE_POINT,
88c2e2a6b3fffff,Buenos Aires,La Plata,8,DEMANDA_BAJA,13,COLECTIVO,REPRESENTATIVE_POINT,
88c2e14cb5fffff,Buenos Aires,General Rodríguez,8,DEMANDA_BAJA,12,COLECTIVO,REPRESENTATIVE_POINT,
88c2e32549fffff,Buenos Aires,Campana,8,DEMANDA_BAJA,10,COLECTIVO,REPRESENTATIVE_POINT,
88c2eecd9bfffff,Buenos Aires,Zárate,7,DEMANDA_BAJA,18,COLECTIVO,REPRESENTATIVE_POINT,
88c2e02c4bfffff,Buenos Aires,Cañuelas,7,DEMANDA_BAJA,7,COLECTIVO,REPRESENTATIVE_POINT,
88c2e14227fffff,Buenos Aires,General Las Heras,7,DEMANDA_BAJA,15,COLECTIVO,REPRESENTATIVE_POINT,
88c2e168bbfffff,Buenos Aires,Luján,7,DEMANDA_BAJA,7,COLECTIVO,REPRESENTATIVE_POINT,
88c2e32163fffff,Buenos Aires,San Fernando,7,DEMANDA_BAJA,20,COLECTIVO,REPRESENTATIVE_POINT,
88c2ee4563fffff,Buenos Aires,Zárate,7,DEMANDA_BAJA,20,COLECTIVO,REPRESENTATIVE_POINT,
88c2e32223fffff,Buenos Aires,Escobar,7,DEMANDA_BAJA,5,COLECTIVO,REPRESENTATIVE_POINT,
88c2e3a5d1fffff,Buenos Aires,Pilar,7,DEMANDA_BAJA,16,COLECTIVO,REPRESENTATIVE_POINT,
88c2e14a5bfffff,Buenos Aires,General Las Heras,7,DEMANDA_BAJA,7,COLECTIVO,REPRESENTATIVE_POINT,
88c2e14b0dfffff,Buenos Aires,Marcos Paz,7,DEMANDA_BAJA,15,COLECTIVO,REPRESENTATIVE_POINT,
88c2e3c557fffff,Buenos Aires,Quilmes,7,DEMANDA_BAJA,12,COLECTIVO,REPRESENTATIVE_POINT,
88c2e02c55fffff,Buenos Aires,Cañuelas,7,DEMANDA_BAJA,16,COLECTIVO,REPRESENTATIVE_POINT,
88c2eeca27fffff,Buenos Aires,Campana,7,DEMANDA_BAJA,12,COLECTIVO,REPRESENTATIVE_POINT,
88c2eec99dfffff,Buenos Aires,Campana,7,DEMANDA_BAJA,16,COLECTIVO,REPRESENTATIVE_POINT,
88c2e3b919fffff,Buenos Aires,Hurlingham,7,DEMANDA_BAJA,18,COLECTIVO,REPRESENTATIVE_POINT,
88c2ee4001fffff,Buenos Aires,Campana,7,DEMANDA_BAJA,20,COLECTIVO,REPRESENTATIVE_POINT,
88c2e02049fffff,Buenos Aires,Cañuelas,7,DEMANDA_BAJA,22,COLECTIVO,REPRESENTATIVE_POINT,
88c2eed5bdfffff,Buenos Aires,Exaltación de la Cruz,7,DEMANDA_BAJA,19,COLECTIVO,REPRESENTATIVE_POINT,
88c2e060dbfffff,Buenos Aires,San Vicente,7,DEMANDA_BAJA,7,COLECTIVO,REPRESENTATIVE_POINT,
88c2e14225fffff,Buenos Aires,General Las Heras,7,DEMANDA_BAJA,6,COLECTIVO,REPRESENTATIVE_POINT,
88c2e33b2dfffff,Buenos Aires,Tigre,7,DEMANDA_BAJA,17,COLECTIVO,REPRESENTATIVE_POINT,
88c2e3a81dfffff,Buenos Aires,Malvinas Argentinas,7,DEMANDA_BAJA,10,COLECTIVO,REPRESENTATIVE_POINT,
88c2e336dbfffff,Buenos Aires,Campana,7,DEMANDA_BAJA,14,COLECTIVO,REPRESENTATIVE_POINT,
88c2e16d5dfffff,Buenos Aires,Luján,7,DEMANDA_BAJA,9,COLECTIVO,REPRESENTATIVE_POINT,
88c2e11995fffff,Buenos Aires,Navarro,7,DEMANDA_BAJA,17,COLECTIVO,REPRESENTATIVE_POINT,
88c2eec665fffff,Buenos Aires,Exaltación de la Cruz,7,DEMANDA_BAJA,6,COLECTIVO,REPRESENTATIVE_POINT,
88c2eec639fffff,Buenos Aires,Exaltación de la Cruz,7,DEMANDA_BAJA,9,COLECTIVO,REPRESENTATIVE_POINT,
88c2e32105fffff,Buenos Aires,San Fernando,7,DEMANDA_BAJA,19,COLECTIVO,REPRESENTATIVE_POINT,
88c2e16d67fffff,Buenos Aires,Luján,7,DEMANDA_BAJA,8,COLECTIVO,REPRESENTATIVE_POINT,
88c2eed105fffff,Buenos Aires,Luján,7,DEMANDA_BAJA,8,COLECTIVO,REPRESENTATIVE_POINT,
88c2eed5abfffff,Buenos Aires,Exaltación de la Cruz,7,DEMANDA_BAJA,13,COLECTIVO,REPRESENTATIVE_POINT,
88c2e07a83fffff,Buenos Aires,Brandsen,7,DEMANDA_BAJA,14,COLECTIVO,REPRESENTATIVE_POINT,
88c2e1ca9bfffff,Buenos Aires,Lobos,7,DEMANDA_BAJA,17,COLECTIVO,REPRESENTATIVE_POINT,
88c2ee995bfffff,Buenos Aires,San Andrés de Giles,7,DEMANDA_BAJA,6,COLECTIVO,REPRESENTATIVE_POINT,
88c2e2b0b1fffff,Buenos Aires,Magdalena,7,DEMANDA_BAJA,6,COLECTIVO,REPRESENTATIVE_POINT,
88c2e02e1dfffff,Buenos Aires,Cañuelas,7,DEMANDA_BAJA,9,COLECTIVO,REPRESENTATIVE_POINT,
88c2e06455fffff,Buenos Aires,San Vicente,7,DEMANDA_BAJA,12,COLECTIVO,REPRESENTATIVE_POINT,
88c2e3b731fffff,Buenos Aires,General Rodríguez,7,DEMANDA_BAJA,11,COLECTIVO,REPRESENTATIVE_POINT,
88c2e044a7fffff,Buenos Aires,Brandsen,7,DEMANDA_BAJA,6,COLECTIVO,REPRESENTATIVE_POINT,
88c2e32047fffff,Buenos Aires,San Fernando,7,DEMANDA_BAJA,12,COLECTIVO,REPRESENTATIVE_POINT,
88c2e07abbfffff,Buenos Aires,Brandsen,7,DEMANDA_BAJA,7,COLECTIVO,REPRESENTATIVE_POINT,
88c2e33b59fffff,Buenos Aires,Tigre,7,DEMANDA_BAJA,10,COLECTIVO,REPRESENTATIVE_POINT,
88c2e16185fffff,Buenos Aires,Luján,7,DEMANDA_BAJA,12,COLECTIVO,REPRESENTATIVE_POINT,
88c2eed107fffff,Buenos Aires,Luján,7,DEMANDA_BAJA,8,COLECTIVO,REPRESENTATIVE_POINT,
88c2e2aad9fffff,Buenos Aires,Magdalena,7,DEMANDA_BAJA,8,COLECTIVO,REPRESENTATIVE_POINT,
88c2e161adfffff,Buenos Aires,Luján,7,DEMANDA_BAJA,7,COLECTIVO,REPRESENTATIVE_POINT,
88c2e3855dfffff,Buenos Aires,Merlo,7,DEMANDA_BAJA,9,COLECTIVO,REPRESENTATIVE_POINT,
88c2e3261bfffff,Buenos Aires,Campana,7,DEMANDA_BAJA,12,COLECTIVO,REPRESENTATIVE_POINT,
88c2e3acbbfffff,Buenos Aires,Pilar,7,DEMANDA_BAJA,16,COLECTIVO,REPRESENTATIVE_POINT,
88c2e33091fffff,Buenos Aires,Escobar,7,DEMANDA_BAJA,16,COLECTIVO,REPRESENTATIVE_POINT,
88c2e23769fffff,Buenos Aires,Berisso,7,DEMANDA_BAJA,6,COLECTIVO,REPRESENTATIVE_POINT,
88c2eed261fffff,Buenos Aires,Luján,7,DEMANDA_BAJA,7,COLECTIVO,REPRESENTATIVE_POINT,
88c2e33b63fffff,Buenos Aires,Tigre,7,DEMANDA_BAJA,8,COLECTIVO,REPRESENTATIVE_POINT,
88c2e069bbfffff,Buenos Aires,Brandsen,7,DEMANDA_BAJA,8,COLECTIVO,REPRESENTATIVE_POINT,
88c2e32a4bfffff,Buenos Aires,San Fernando,7,DEMANDA_BAJA,5,COLECTIVO,REPRESENTATIVE_POINT,
88c2e2a4e5fffff,Buenos Aires,La Plata,7,DEMANDA_BAJA,7,COLECTIVO,REPRESENTATIVE_POINT,
88c2eed635fffff,Buenos Aires,San Andrés de Giles,7,DEMANDA_BAJA,6,COLECTIVO,REPRESENTATIVE_POINT,
88c2eed93bfffff,Buenos Aires,Campana,7,DEMANDA_BAJA,15,COLECTIVO,REPRESENTATIVE_POINT,
88c2e39b17fffff,Buenos Aires,Presidente Perón,7,DEMANDA_BAJA,7,COLECTIVO,REPRESENTATIVE_POINT,
88c2e3ca49fffff,Buenos Aires,Ensenada,7,DEMANDA_BAJA,20,COLECTIVO,REPRESENTATIVE_POINT,
88c2e02429fffff,Buenos Aires,Cañuelas,7,DEMANDA_BAJA,18,COLECTIVO,REPRESENTATIVE_POINT,
88c2e3946dfffff,Buenos Aires,La Matanza,6,DEMANDA_BAJA,19,COLECTIVO,REPRESENTATIVE_POINT,
88c2eed9b3fffff,Buenos Aires,Campana,6,DEMANDA_BAJA,14,COLECTIVO,REPRESENTATIVE_POINT,
88c2e3901dfffff,Buenos Aires,Ezeiza,6,DEMANDA_BAJA,14,COLECTIVO,REPRESENTATIVE_POINT,
88c2eedae9fffff,Buenos Aires,Pilar,6,DEMANDA_BAJA,17,COLECTIVO,REPRESENTATIVE_POINT,
88c2e39965fffff,Buenos Aires,Almirante Brown,6,DEMANDA_BAJA,16,COLECTIVO,REPRESENTATIVE_POINT,
88c2eedac1fffff,Buenos Aires,Pilar,6,DEMANDA_BAJA,19,COLECTIVO,REPRESENTATIVE_POINT,
88c2ee8655fffff,Buenos Aires,San Andrés de Giles,6,DEMANDA_BAJA,7,COLECTIVO,REPRESENTATIVE_POINT,
88c2e2a211fffff,Buenos Aires,La Plata,6,DEMANDA_BAJA,12,COLECTIVO,REPRESENTATIVE_POINT,
88c2e3acb1fffff,Buenos Aires,Pilar,6,DEMANDA_BAJA,6,COLECTIVO,REPRESENTATIVE_POINT,
88c2e3ad2dfffff,Buenos Aires,Escobar,6,DEMANDA_BAJA,9,COLECTIVO,REPRESENTATIVE_POINT,
88c2ee56e9fffff,Buenos Aires,Zárate,6,DEMANDA_BAJA,7,COLECTIVO,REPRESENTATIVE_POINT,
88c2e3ad69fffff,Buenos Aires,Pilar,6,DEMANDA_BAJA,6,COLECTIVO,REPRESENTATIVE_POINT,
88c2e0659dfffff,Buenos Aires,Presidente Perón,6,DEMANDA_BAJA,17,COLECTIVO,REPRESENTATIVE_POINT,
88c2ee56d5fffff,Buenos Aires,Zárate,6,DEMANDA_BAJA,13,COLECTIVO,REPRESENTATIVE_POINT,
88c2ee8299fffff,Buenos Aires,San Andrés de Giles,6,DEMANDA_BAJA,6,COLECTIVO,REPRESENTATIVE_POINT,
88c2ee8335fffff,Buenos Aires,San Andrés de Giles,6,DEMANDA_BAJA,20,COLECTIVO,REPRESENTATIVE_POINT,
88c2e06933fffff,Buenos Aires,La Plata,6,DEMANDA_BAJA,11,COLECTIVO,REPRESENTATIVE_POINT,
88c2e2a1b1fffff,Buenos Aires,La Plata,6,DEMANDA_BAJA,16,COLECTIVO,REPRESENTATIVE_POINT,
88c2ee56c7fffff,Buenos Aires,Zárate,6,DEMANDA_BAJA,18,COLECTIVO,REPRESENTATIVE_POINT,
88c2e32637fffff,Buenos Aires,Campana,6,DEMANDA_BAJA,6,COLECTIVO,REPRESENTATIVE_POINT,
88c2e2a461fffff,Buenos Aires,La Plata,6,DEMANDA_BAJA,11,COLECTIVO,REPRESENTATIVE_POINT,
88c2e06925fffff,Buenos Aires,La Plata,6,DEMANDA_BAJA,7,COLECTIVO,REPRESENTATIVE_POINT,
88c2e33111fffff,Buenos Aires,Tigre,6,DEMANDA_BAJA,14,COLECTIVO,REPRESENTATIVE_POINT,
88c2e332adfffff,Buenos Aires,Escobar,6,DEMANDA_BAJA,17,COLECTIVO,REPRESENTATIVE_POINT,
88c2e1c221fffff,Buenos Aires,Lobos,6,DEMANDA_BAJA,19,COLECTIVO,REPRESENTATIVE_POINT,
88c2e1c22dfffff,Buenos Aires,Lobos,6,DEMANDA_BAJA,17,COLECTIVO,REPRESENTATIVE_POINT,
88c2e1c263fffff,Buenos Aires,Lobos,6,DEMANDA_BAJA,9,COLECTIVO,REPRESENTATIVE_POINT,
88c2e3d729fffff,Buenos Aires,Florencio Varela,6,DEMANDA_BAJA,16,COLECTIVO,REPRESENTATIVE_POINT,
88c2e06eb7fffff,Buenos Aires,Presidente Perón,6,DEMANDA_BAJA,11,COLECTIVO,REPRESENTATIVE_POINT,
88c2e3c315fffff,Buenos Aires,Berazategui,6,DEMANDA_BAJA,6,COLECTIVO,REPRESENTATIVE_POINT,
88c2e2aec7fffff,Buenos Aires,La Plata,6,DEMANDA_BAJA,12,COLECTIVO,REPRESENTATIVE_POINT,
88c2e2ac13fffff,Buenos Aires,La Plata,6,DEMANDA_BAJA,9,COLECTIVO,REPRESENTATIVE_POINT,
88c2e2ac11fffff,Buenos Aires,La Plata,6,DEMANDA_BAJA,7,COLECTIVO,REPRESENTATIVE_POINT,
88c2ee5451fffff,Buenos Aires,Zárate,6,DEMANDA_BAJA,12,COLECTIVO,REPRESENTATIVE_POINT,
88c2e2376bfffff,Buenos Aires,Berisso,6,DEMANDA_BAJA,7,COLECTIVO,REPRESENTATIVE_POINT,
88c2e06d47fffff,Buenos Aires,Florencio Varela,6,DEMANDA_BAJA,18,COLECTIVO,REPRESENTATIVE_POINT,
88c2ee982bfffff,Buenos Aires,San Andrés de Giles,6,DEMANDA_BAJA,19,COLECTIVO,REPRESENTATIVE_POINT,
88c2e2a097fffff,Buenos Aires,La Plata,6,DEMANDA_BAJA,11,COLECTIVO,REPRESENTATIVE_POINT,
88c2e02e5bfffff,Buenos Aires,Cañuelas,6,DEMANDA_BAJA,12,COLECTIVO,REPRESENTATIVE_POINT,
88c2e3048bfffff,Buenos Aires,Tigre,6,DEMANDA_BAJA,6,LANCHAS,REPRESENTATIVE_POINT,
88c2e02ea1fffff,Buenos Aires,Cañuelas,6,DEMANDA_BAJA,17,COLECTIVO,REPRESENTATIVE_POINT,
88c2e3a659fffff,Buenos Aires,Luján,6,DEMANDA_BAJA,17,COLECTIVO,REPRESENTATIVE_POINT,
88c2eecca7fffff,Buenos Aires,Zárate,6,DEMANDA_BAJA,12,COLECTIVO,REPRESENTATIVE_POINT,
88c2e33b21fffff,Buenos Aires,Tigre,6,DEMANDA_BAJA,13,COLECTIVO,REPRESENTATIVE_POINT,
88c2e33ae7fffff,Buenos Aires,Tigre,6,DEMANDA_BAJA,5,COLECTIVO,REPRESENTATIVE_POINT,
88c2e3d169fffff,Buenos Aires,La Plata,6,DEMANDA_BAJA,16,COLECTIVO,REPRESENTATIVE_POINT,
88c2e3dabdfffff,Buenos Aires,La Plata,6,DEMANDA_BAJA,14,COLECTIVO,REPRESENTATIVE_POINT,
88c2e32031fffff,Buenos Aires,Campana,6,DEMANDA_BAJA,16,COLECTIVO,REPRESENTATIVE_POINT,
88c2eed03dfffff,Buenos Aires,Exaltación de la Cruz,6,DEMANDA_BAJA,6,COLECTIVO,REPRESENTATIVE_POINT,
88c2e320d3fffff,Buenos Aires,Campana,6,DEMANDA_BAJA,8,COLECTIVO,REPRESENTATIVE_POINT,
88c2e38433fffff,Buenos Aires,Merlo,6,DEMANDA_BAJA,15,COLECTIVO,REPRESENTATIVE_POINT,
88c2e1608bfffff,Buenos Aires,Mercedes,6,DEMANDA_BAJA,15,COLECTIVO,REPRESENTATIVE_POINT,
88c2e14d9bfffff,Buenos Aires,General Rodríguez,6,DEMANDA_BAJA,18,COLECTIVO,REPRESENTATIVE_POINT,
88c2e1671dfffff,Buenos Aires,Mercedes,6,DEMANDA_BAJA,18,COLECTIVO,REPRESENTATIVE_POINT,
88c2ee5291fffff,Buenos Aires,Zárate,6,DEMANDA_BAJA,7,COLECTIVO,REPRESENTATIVE_POINT,
88c2e322c1fffff,Buenos Aires,Escobar,6,DEMANDA_BAJA,11,COLECTIVO,REPRESENTATIVE_POINT,
88c2e32521fffff,Buenos Aires,San Fernando,6,DEMANDA_BAJA,8,COLECTIVO,REPRESENTATIVE_POINT,
88c2e3046dfffff,Buenos Aires,San Fernando,6,DEMANDA_BAJA,14,TREN,REPRESENTATIVE_POINT,
88c2eec905fffff,Buenos Aires,Campana,6,DEMANDA_BAJA,17,COLECTIVO,REPRESENTATIVE_POINT,
88c2e33827fffff,Buenos Aires,San Fernando,6,DEMANDA_BAJA,15,COLECTIVO,REPRESENTATIVE_POINT,
88c2e338a9fffff,Buenos Aires,San Fernando,6,DEMANDA_BAJA,17,COLECTIVO,REPRESENTATIVE_POINT,
88c2e0aac1fffff,Buenos Aires,Monte,6,DEMANDA_BAJA,16,COLECTIVO,REPRESENTATIVE_POINT,
88c2e33821fffff,Buenos Aires,Tigre,6,DEMANDA_BAJA,9,COLECTIVO,REPRESENTATIVE_POINT,
88c2e119bdfffff,Buenos Aires,Navarro,6,DEMANDA_BAJA,12,COLECTIVO,REPRESENTATIVE_POINT,
88c2e33805fffff,Buenos Aires,Tigre,6,DEMANDA_BAJA,15,COLECTIVO,REPRESENTATIVE_POINT,
88c2e32237fffff,Buenos Aires,Campana,6,DEMANDA_BAJA,9,LANCHAS,REPRESENTATIVE_POINT,
88c2e3a8cdfffff,Buenos Aires,Malvinas Argentinas,6,DEMANDA_BAJA,7,COLECTIVO,REPRESENTATIVE_POINT,
88c2e30433fffff,Buenos Aires,Tigre,6,DEMANDA_BAJA,9,LANCHAS,REPRESENTATIVE_POINT,
88c2e32357fffff,Buenos Aires,Escobar,6,DEMANDA_BAJA,13,COLECTIVO,REPRESENTATIVE_POINT,
88c2e16e5dfffff,Buenos Aires,Mercedes,6,DEMANDA_BAJA,16,COLECTIVO,REPRESENTATIVE_POINT,
88c2e149ddfffff,Buenos Aires,Marcos Paz,6,DEMANDA_BAJA,12,COLECTIVO,REPRESENTATIVE_POINT,
88c2e14b07fffff,Buenos Aires,Marcos Paz,6,DEMANDA_BAJA,7,COLECTIVO,REPRESENTATIVE_POINT,
88c2e305c7fffff,Buenos Aires,Tigre,6,DEMANDA_BAJA,10,COLECTIVO,REPRESENTATIVE_POINT,
88c2e16969fffff,Buenos Aires,Luján,6,DEMANDA_BAJA,12,COLECTIVO,REPRESENTATIVE_POINT,
88c2eec9b9fffff,Buenos Aires,Campana,6,DEMANDA_BAJA,12,COLECTIVO,REPRESENTATIVE_POINT,
88c2eecd9dfffff,Buenos Aires,Zárate,6,DEMANDA_BAJA,7,COLECTIVO,REPRESENTATIVE_POINT,
88c2e3d16dfffff,Buenos Aires,La Plata,6,DEMANDA_BAJA,13,COLECTIVO,REPRESENTATIVE_POINT,
88c2e33ab9fffff,Buenos Aires,Tigre,6,DEMANDA_BAJA,10,COLECTIVO,REPRESENTATIVE_POINT,
88c2e305b1fffff,Buenos Aires,Tigre,6,DEMANDA_BAJA,7,COLECTIVO,REPRESENTATIVE_POINT,
88c2e32225fffff,Buenos Aires,Escobar,6,DEMANDA_BAJA,12,COLECTIVO,REPRESENTATIVE_POINT,
88c2e16aa5fffff,Buenos Aires,Luján,6,DEMANDA_BAJA,11,COLECTIVO,REPRESENTATIVE_POINT,
88c2e16abdfffff,Buenos Aires,Luján,6,DEMANDA_BAJA,8,COLECTIVO,REPRESENTATIVE_POINT,
88c2e338edfffff,Buenos Aires,San Fernando,6,DEMANDA_BAJA,16,COLECTIVO,REPRESENTATIVE_POINT,
88c2e02c5dfffff,Buenos Aires,Cañuelas,6,DEMANDA_BAJA,11,COLECTIVO,REPRESENTATIVE_POINT,
88c2e39199fffff,Buenos Aires,Ezeiza,5,DEMANDA_BAJA,16,COLECTIVO,REPRESENTATIVE_POINT,
88c2e02401fffff,Buenos Aires,Cañuelas,5,DEMANDA_BAJA,9,COLECTIVO,REPRESENTATIVE_POINT,
88c2e2a243fffff,Buenos Aires,Magdalena,5,DEMANDA_BAJA,17,COLECTIVO,REPRESENTATIVE_POINT,
88c2e3303bfffff,Buenos Aires,Escobar,5,DEMANDA_BAJA,17,COLECTIVO,REPRESENTATIVE_POINT,
88c2ee89b7fffff,Buenos Aires,San Andrés de Giles,5,DEMANDA_BAJA,15,COLECTIVO,REPRESENTATIVE_POINT,
88c2e3ac95fffff,Buenos Aires,Pilar,5,DEMANDA_BAJA,12,COLECTIVO,REPRESENTATIVE_POINT,
88c2ee56c5fffff,Buenos Aires,Zárate,5,DEMANDA_BAJA,15,COLECTIVO,REPRESENTATIVE_POINT,
88c2ee5731fffff,Buenos Aires,Zárate,5,DEMANDA_BAJA,17,COLECTIVO,REPRESENTATIVE_POINT,
88c2e2a563fffff,Buenos Aires,La Plata,5,DEMANDA_BAJA,13,COLECTIVO,REPRESENTATIVE_POINT,
88c2e2a507fffff,Buenos Aires,La Plata,5,DEMANDA_BAJA,8,COLECTIVO,REPRESENTATIVE_POINT,
88c2e2a525fffff,Buenos Aires,La Plata,5,DEMANDA_BAJA,11,COLECTIVO,REPRESENTATIVE_POINT,
88c2eedad3fffff,Buenos Aires,Exaltación de la Cruz,5,DEMANDA_BAJA,16,COLECTIVO,REPRESENTATIVE_POINT,
88c2e069b1fffff,Buenos Aires,La Plata,5,DEMANDA_BAJA,9,COLECTIVO,REPRESENTATIVE_POINT,
88c2e2a2c7fffff,Buenos Aires,La Plata,5,DEMANDA_BAJA,15,COLECTIVO,REPRESENTATIVE_POINT,
88c2ee5717fffff,Buenos Aires,Zárate,5,DEMANDA_BAJA,17,COLECTIVO,REPRESENTATIVE_POINT,
88c2e39361fffff,Buenos Aires,Ezeiza,5,DEMANDA_BAJA,6,COLECTIVO,REPRESENTATIVE_POINT,
88c2e2b637fffff,Buenos Aires,La Plata,5,DEMANDA_BAJA,12,COLECTIVO,REPRESENTATIVE_POINT,
88c2eec23dfffff,Buenos Aires,Exaltación de la Cruz,5,DEMANDA_BAJA,7,COLECTIVO,REPRESENTATIVE_POINT,
88c2e0aab7fffff,Buenos Aires,Monte,5,DEMANDA_BAJA,16,COLECTIVO,REPRESENTATIVE_POINT,
88c2eec941fffff,Buenos Aires,Campana,5,DEMANDA_BAJA,14,COLECTIVO,REPRESENTATIVE_POINT,
88c2ee450dfffff,Buenos Aires,Zárate,5,DEMANDA_BAJA,20,COLECTIVO,REPRESENTATIVE_POINT,
88c2e32257fffff,Buenos Aires,Escobar,5,DEMANDA_BAJA,9,COLECTIVO,REPRESENTATIVE_POINT,
88c2e02eadfffff,Buenos Aires,Cañuelas,5,DEMANDA_BAJA,17,COLECTIVO,REPRESENTATIVE_POINT,
88c2e3d90dfffff,Buenos Aires,Ensenada,5,DEMANDA_BAJA,16,COLECTIVO,REPRESENTATIVE_POINT,
88c2e336d3fffff,Buenos Aires,Campana,5,DEMANDA_BAJA,15,COLECTIVO,REPRESENTATIVE_POINT,
88c2eec629fffff,Buenos Aires,Exaltación de la Cruz,5,DEMANDA_BAJA,6,COLECTIVO,REPRESENTATIVE_POINT,
88c2e2b489fffff,Buenos Aires,La Plata,5,DEMANDA_BAJA,14,COLECTIVO,REPRESENTATIVE_POINT,
88c2e32313fffff,Buenos Aires,San Fernando,5,DEMANDA_BAJA,16,COLECTIVO,REPRESENTATIVE_POINT,
88c2eec607fffff,Buenos Aires,Exaltación de la Cruz,5,DEMANDA_BAJA,13,COLECTIVO,REPRESENTATIVE_POINT,
88c2e32249fffff,Buenos Aires,Escobar,5,DEMANDA_BAJA,15,COLECTIVO,REPRESENTATIVE_POINT,
88c2e322cdfffff,Buenos Aires,Escobar,5,DEMANDA_BAJA,8,COLECTIVO,REPRESENTATIVE_POINT,
88c2e16db3fffff,Buenos Aires,Luján,5,DEMANDA_BAJA,8,COLECTIVO,REPRESENTATIVE_POINT,
88c2e16d29fffff,Buenos Aires,Luján,5,DEMANDA_BAJA,7,COLECTIVO,REPRESENTATIVE_POINT,
88c2e3a937fffff,Buenos Aires,Tigre,5,DEMANDA_BAJA,17,COLECTIVO,REPRESENTATIVE_POINT,
88c2e33323fffff,Buenos Aires,Tigre,5,DEMANDA_BAJA,16,LANCHAS,REPRESENTATIVE_POINT,
88c2e332b3fffff,Buenos Aires,Escobar,5,DEMANDA_BAJA,15,COLECTIVO,REPRESENTATIVE_POINT,
88c2ee9885fffff,Buenos Aires,San Andrés de Giles,5,DEMANDA_BAJA,9,COLECTIVO,REPRESENTATIVE_POINT,
88c2e06e5dfffff,Buenos Aires,San Vicente,5,DEMANDA_BAJA,18,COLECTIVO,REPRESENTATIVE_POINT,
88c2ee983dfffff,Buenos Aires,San Andrés de Giles,5,DEMANDA_BAJA,8,COLECTIVO,REPRESENTATIVE_POINT,
88c2e2a6b1fffff,Buenos Aires,La Plata,5,DEMANDA_BAJA,16,COLECTIVO,REPRESENTATIVE_POINT,
88c2e3309dfffff,Buenos Aires,Escobar,5,DEMANDA_BAJA,14,COLECTIVO,REPRESENTATIVE_POINT,
88c2e06b09fffff,Buenos Aires,La Plata,5,DEMANDA_BAJA,15,COLECTIVO,REPRESENTATIVE_POINT,
88c2ee5295fffff,Buenos Aires,Zárate,5,DEMANDA_BAJA,8,COLECTIVO,REPRESENTATIVE_POINT,
88c2eec2ddfffff,Buenos Aires,Exaltación de la Cruz,5,DEMANDA_BAJA,5,COLECTIVO,REPRESENTATIVE_POINT,
88c2e07a4dfffff,Buenos Aires,Brandsen,5,DEMANDA_BAJA,17,COLECTIVO,REPRESENTATIVE_POINT,
88c2e33a93fffff,Buenos Aires,Tigre,5,DEMANDA_BAJA,13,COLECTIVO,REPRESENTATIVE_POINT,
88c2e14a19fffff,Buenos Aires,General Las Heras,5,DEMANDA_BAJA,6,COLECTIVO,REPRESENTATIVE_POINT,
88c2e3c5cdfffff,Buenos Aires,Quilmes,5,DEMANDA_BAJA,13,COLECTIVO,REPRESENTATIVE_POINT,
88c2eec995fffff,Buenos Aires,Campana,5,DEMANDA_BAJA,17,COLECTIVO,REPRESENTATIVE_POINT,
88c2ee12d3fffff,Buenos Aires,San Antonio de Areco,5,DEMANDA_BAJA,12,COLECTIVO,REPRESENTATIVE_POINT,
88c2e168c3fffff,Buenos Aires,Luján,5,DEMANDA_BAJA,7,COLECTIVO,REPRESENTATIVE_POINT,
88c2e3d2d7fffff,Buenos Aires,Florencio Varela,5,DEMANDA_BAJA,7,COLECTIVO,REPRESENTATIVE_POINT,
88c2e16555fffff,Buenos Aires,Mercedes,5,DEMANDA_BAJA,6,COLECTIVO,REPRESENTATIVE_POINT,
88c2e14a3bfffff,Buenos Aires,Marcos Paz,5,DEMANDA_BAJA,16,COLECTIVO,REPRESENTATIVE_POINT,
88c2e16903fffff,Buenos Aires,Luján,5,DEMANDA_BAJA,20,COLECTIVO,REPRESENTATIVE_POINT,
88c2e1691dfffff,Buenos Aires,Luján,5,DEMANDA_BAJA,8,COLECTIVO,REPRESENTATIVE_POINT,
88c2e305c9fffff,Buenos Aires,Tigre,5,DEMANDA_BAJA,20,COLECTIVO,REPRESENTATIVE_POINT,
88c2e30691fffff,Buenos Aires,Tigre,5,DEMANDA_BAJA,20,COLECTIVO,REPRESENTATIVE_POINT,
88c2ee409dfffff,Buenos Aires,Zárate,5,DEMANDA_BAJA,19,COLECTIVO,REPRESENTATIVE_POINT,
88c2e02c5bfffff,Buenos Aires,Cañuelas,5,DEMANDA_BAJA,16,COLECTIVO,REPRESENTATIVE_POINT,
88c2e1662bfffff,Buenos Aires,Mercedes,5,DEMANDA_BAJA,7,COLECTIVO,REPRESENTATIVE_POINT,
88c2e32119fffff,Buenos Aires,San Fernando,5,DEMANDA_BAJA,7,COLECTIVO,REPRESENTATIVE_POINT,
88c2eed029fffff,Buenos Aires,Exaltación de la Cruz,5,DEMANDA_BAJA,7,COLECTIVO,REPRESENTATIVE_POINT,
88c2e16893fffff,Buenos Aires,Luján,5,DEMANDA_BAJA,7,COLECTIVO,REPRESENTATIVE_POINT,
88c2e166a1fffff,Buenos Aires,Mercedes,5,DEMANDA_BAJA,9,COLECTIVO,REPRESENTATIVE_POINT,
88c2eed02bfffff,Buenos Aires,Exaltación de la Cruz,5,DEMANDA_BAJA,6,COLECTIVO,REPRESENTATIVE_POINT,
88c2eed1b1fffff,Buenos Aires,Exaltación de la Cruz,5,DEMANDA_BAJA,16,COLECTIVO,REPRESENTATIVE_POINT,
88c2eed1b3fffff,Buenos Aires,Exaltación de la Cruz,5,DEMANDA_BAJA,5,COLECTIVO,REPRESENTATIVE_POINT,
88c2e160e3fffff,Buenos Aires,Mercedes,5,DEMANDA_BAJA,15,COLECTIVO,REPRESENTATIVE_POINT,
88c2e1645bfffff,Buenos Aires,Mercedes,5,DEMANDA_BAJA,17,COLECTIVO,REPRESENTATIVE_POINT,
88c2e3205dfffff,Buenos Aires,Campana,5,DEMANDA_BAJA,7,COLECTIVO,REPRESENTATIVE_POINT,
88c2e044b5fffff,Buenos Aires,Brandsen,5,DEMANDA_BAJA,15,COLECTIVO,REPRESENTATIVE_POINT,
88c2e39ae9fffff,Buenos Aires,Esteban Echeverría,5,DEMANDA_BAJA,15,COLECTIVO,REPRESENTATIVE_POINT,
88c2e33b05fffff,Buenos Aires,Tigre,5,DEMANDA_BAJA,16,COLECTIVO,REPRESENTATIVE_POINT,
88c2e15959fffff,Buenos Aires,General Las Heras,5,DEMANDA_BAJA,15,COLECTIVO,REPRESENTATIVE_POINT,
88c2e154d5fffff,Buenos Aires,Navarro,5,DEMANDA_BAJA,17,COLECTIVO,REPRESENTATIVE_POINT,
88c2eed5a1fffff,Buenos Aires,Exaltación de la Cruz,5,DEMANDA_BAJA,11,COLECTIVO,REPRESENTATIVE_POINT,
88c2e3202dfffff,Buenos Aires,San Fernando,5,DEMANDA_BAJA,6,COLECTIVO,REPRESENTATIVE_POINT,
88c2e32001fffff,Buenos Aires,San Fernando,5,DEMANDA_BAJA,12,COLECTIVO,REPRESENTATIVE_POINT,
88c2e32067fffff,Buenos Aires,San Fernando,5,DEMANDA_BAJA,18,COLECTIVO,REPRESENTATIVE_POINT,
88c2e02037fffff,Buenos Aires,Cañuelas,5,DEMANDA_BAJA,12,COLECTIVO,REPRESENTATIVE_POINT,
88c2e02001fffff,Buenos Aires,Cañuelas,5,DEMANDA_BAJA,20,COLECTIVO,REPRESENTATIVE_POINT,
88c2e39169fffff,Buenos Aires,Ezeiza,4,DEMANDA_BAJA,14,COLECTIVO,REPRESENTATIVE_POINT,
88c2e39167fffff,Buenos Aires,Ezeiza,4,DEMANDA_BAJA,19,COLECTIVO,REPRESENTATIVE_POINT,
88c2e39b43fffff,Buenos Aires,Presidente Perón,4,DEMANDA_BAJA,7,COLECTIVO,REPRESENTATIVE_POINT,
88c2e386d9fffff,Buenos Aires,Marcos Paz,4,DEMANDA_BAJA,12,COLECTIVO,REPRESENTATIVE_POINT,
88c2e38319fffff,Buenos Aires,Ezeiza,4,DEMANDA_BAJA,17,COLECTIVO,REPRESENTATIVE_POINT,
88c2e38317fffff,Buenos Aires,Ezeiza,4,DEMANDA_BAJA,21,COLECTIVO,REPRESENTATIVE_POINT,
88c2e38311fffff,Buenos Aires,Ezeiza,4,DEMANDA_BAJA,12,COLECTIVO,REPRESENTATIVE_POINT,
88c2e16607fffff,Buenos Aires,Mercedes,4,DEMANDA_BAJA,13,COLECTIVO,REPRESENTATIVE_POINT,
88c2e3d165fffff,Buenos Aires,La Plata,4,DEMANDA_BAJA,7,COLECTIVO,REPRESENTATIVE_POINT,
88c2e14c39fffff,Buenos Aires,Marcos Paz,4,DEMANDA_BAJA,17,COLECTIVO,REPRESENTATIVE_POINT,
88c2eed44bfffff,Buenos Aires,San Andrés de Giles,4,DEMANDA_BAJA,6,COLECTIVO,REPRESENTATIVE_POINT,
88c2e3822dfffff,Buenos Aires,Ezeiza,4,DEMANDA_BAJA,8,COLECTIVO,REPRESENTATIVE_POINT,
88c2e0268dfffff,Buenos Aires,Cañuelas,4,DEMANDA_BAJA,7,COLECTIVO,REPRESENTATIVE_POINT,
88c2e33b65fffff,Buenos Aires,Tigre,4,DEMANDA_BAJA,15,COLECTIVO,REPRESENTATIVE_POINT,
88c2e0263bfffff,Buenos Aires,Cañuelas,4,DEMANDA_BAJA,7,COLECTIVO,REPRESENTATIVE_POINT,
88c2e16181fffff,Buenos Aires,Luján,4,DEMANDA_BAJA,8,COLECTIVO,REPRESENTATIVE_POINT,
88c2e160d7fffff,Buenos Aires,Mercedes,4,DEMANDA_BAJA,19,COLECTIVO,REPRESENTATIVE_POINT,
88c2eed269fffff,Buenos Aires,Luján,4,DEMANDA_BAJA,12,COLECTIVO,REPRESENTATIVE_POINT,
88c2e30723fffff,Buenos Aires,San Isidro,4,DEMANDA_BAJA,14,TREN,REPRESENTATIVE_POINT,
88c2e3db5dfffff,Buenos Aires,La Plata,4,DEMANDA_BAJA,18,COLECTIVO,REPRESENTATIVE_POINT,
88c2e32057fffff,Buenos Aires,Campana,4,DEMANDA_BAJA,7,COLECTIVO,REPRESENTATIVE_POINT,
88c2e33b17fffff,Buenos Aires,Tigre,4,DEMANDA_BAJA,14,COLECTIVO,REPRESENTATIVE_POINT,
88c2e33b15fffff,Buenos Aires,Tigre,4,DEMANDA_BAJA,17,COLECTIVO,REPRESENTATIVE_POINT,
88c2e3a46bfffff,Buenos Aires,Pilar,4,DEMANDA_BAJA,18,COLECTIVO,REPRESENTATIVE_POINT,
88c2eed033fffff,Buenos Aires,Luján,4,DEMANDA_BAJA,8,COLECTIVO,REPRESENTATIVE_POINT,
88c2e1672dfffff,Buenos Aires,Mercedes,4,DEMANDA_BAJA,6,COLECTIVO,REPRESENTATIVE_POINT,
88c2e14a39fffff,Buenos Aires,Marcos Paz,4,DEMANDA_BAJA,6,COLECTIVO,REPRESENTATIVE_POINT,
88c2e3d311fffff,Buenos Aires,La Plata,4,DEMANDA_BAJA,15,COLECTIVO,REPRESENTATIVE_POINT,
88c2e3d305fffff,Buenos Aires,La Plata,4,DEMANDA_BAJA,7,COLECTIVO,REPRESENTATIVE_POINT,
88c2eecd99fffff,Buenos Aires,Zárate,4,DEMANDA_BAJA,12,COLECTIVO,REPRESENTATIVE_POINT,
88c2eecb35fffff,Buenos Aires,Campana,4,DEMANDA_BAJA,14,COLECTIVO,REPRESENTATIVE_POINT,
88c2e14b0bfffff,Buenos Aires,Marcos Paz,4,DEMANDA_BAJA,15,COLECTIVO,REPRESENTATIVE_POINT,
88c2e33ad5fffff,Buenos Aires,Tigre,4,DEMANDA_BAJA,7,LANCHAS,REPRESENTATIVE_POINT,
88c2e14855fffff,Buenos Aires,Marcos Paz,4,DEMANDA_BAJA,19,COLECTIVO,REPRESENTATIVE_POINT,
88c2e306b7fffff,Buenos Aires,Tigre,4,DEMANDA_BAJA,6,COLECTIVO,REPRESENTATIVE_POINT,
88c2e30683fffff,Buenos Aires,Tigre,4,DEMANDA_BAJA,17,COLECTIVO,REPRESENTATIVE_POINT,
88c2e3b5cdfffff,Buenos Aires,General Rodríguez,4,DEMANDA_BAJA,13,COLECTIVO,REPRESENTATIVE_POINT,
88c2e02ca3fffff,Buenos Aires,Marcos Paz,4,DEMANDA_BAJA,12,COLECTIVO,REPRESENTATIVE_POINT,
88c2e12929fffff,Buenos Aires,Mercedes,4,DEMANDA_BAJA,8,COLECTIVO,REPRESENTATIVE_POINT,
88c2e1422bfffff,Buenos Aires,General Las Heras,4,DEMANDA_BAJA,21,COLECTIVO,REPRESENTATIVE_POINT,
88c2e33983fffff,Buenos Aires,San Fernando,4,DEMANDA_BAJA,7,COLECTIVO,REPRESENTATIVE_POINT,
88c2e3a893fffff,Buenos Aires,Pilar,4,DEMANDA_BAJA,7,COLECTIVO,REPRESENTATIVE_POINT,
88c2e33839fffff,Buenos Aires,Tigre,4,DEMANDA_BAJA,16,COLECTIVO,REPRESENTATIVE_POINT,
88c2e338e5fffff,Buenos Aires,San Fernando,4,DEMANDA_BAJA,9,COLECTIVO,REPRESENTATIVE_POINT,
88c2e16d4bfffff,Buenos Aires,Luján,4,DEMANDA_BAJA,11,COLECTIVO,REPRESENTATIVE_POINT,
88c2e16d23fffff,Buenos Aires,Luján,4,DEMANDA_BAJA,12,COLECTIVO,REPRESENTATIVE_POINT,
88c2e33855fffff,Buenos Aires,Tigre,4,DEMANDA_BAJA,14,COLECTIVO,REPRESENTATIVE_POINT,
88c2e33849fffff,Buenos Aires,Tigre,4,DEMANDA_BAJA,7,LANCHAS,REPRESENTATIVE_POINT,
88c2eec68bfffff,Buenos Aires,San Andrés de Giles,4,DEMANDA_BAJA,10,COLECTIVO,REPRESENTATIVE_POINT,
88c2ee12d1fffff,Buenos Aires,San Antonio de Areco,4,DEMANDA_BAJA,17,COLECTIVO,REPRESENTATIVE_POINT,
88c2e320d1fffff,Buenos Aires,Campana,4,DEMANDA_BAJA,9,COLECTIVO,REPRESENTATIVE_POINT,
88c2e07aebfffff,Buenos Aires,Brandsen,4,DEMANDA_BAJA,14,COLECTIVO,REPRESENTATIVE_POINT,
88c2e33635fffff,Buenos Aires,Escobar,4,DEMANDA_BAJA,15,COLECTIVO,REPRESENTATIVE_POINT,
88c2e33611fffff,Buenos Aires,Pilar,4,DEMANDA_BAJA,18,COLECTIVO,REPRESENTATIVE_POINT,
88c2e33497fffff,Buenos Aires,Campana,4,DEMANDA_BAJA,14,COLECTIVO,REPRESENTATIVE_POINT,
88c2eec039fffff,Buenos Aires,Exaltación de la Cruz,4,DEMANDA_BAJA,9,COLECTIVO,REPRESENTATIVE_POINT,
88c2e07a55fffff,Buenos Aires,Brandsen,4,DEMANDA_BAJA,6,COLECTIVO,REPRESENTATIVE_POINT,
88c2e3c267fffff,Buenos Aires,Berazategui,4,DEMANDA_BAJA,19,COLECTIVO,REPRESENTATIVE_POINT,
88c2e232e5fffff,Buenos Aires,Berisso,4,DEMANDA_BAJA,13,COLECTIVO,REPRESENTATIVE_POINT,
88c2e06e1bfffff,Buenos Aires,San Vicente,4,DEMANDA_BAJA,14,COLECTIVO,REPRESENTATIVE_POINT,
88c2e331c7fffff,Buenos Aires,Escobar,4,DEMANDA_BAJA,8,COLECTIVO,REPRESENTATIVE_POINT,
88c2e33119fffff,Buenos Aires,Tigre,4,DEMANDA_BAJA,22,COLECTIVO,REPRESENTATIVE_POINT,
88c2e33165fffff,Buenos Aires,Tigre,4,DEMANDA_BAJA,5,LANCHAS,REPRESENTATIVE_POINT,
88c2e3312bfffff,Buenos Aires,Tigre,4,DEMANDA_BAJA,13,LANCHAS,REPRESENTATIVE_POINT,
88c2eeb219fffff,Buenos Aires,Carmen de Areco,4,DEMANDA_BAJA,7,COLECTIVO,REPRESENTATIVE_POINT,
88c2eeb217fffff,Buenos Aires,Carmen de Areco,4,DEMANDA_BAJA,6,COLECTIVO,REPRESENTATIVE_POINT,
88c2e304d1fffff,Buenos Aires,Tigre,4,DEMANDA_BAJA,7,LANCHAS,REPRESENTATIVE_POINT,
88c2e305c1fffff,Buenos Aires,Tigre,4,DEMANDA_BAJA,13,COLECTIVO,REPRESENTATIVE_POINT,
88c2ee19b7fffff,Buenos Aires,Zárate,4,DEMANDA_BAJA,18,COLECTIVO,REPRESENTATIVE_POINT,
88c2ee98e5fffff,Buenos Aires,San Andrés de Giles,4,DEMANDA_BAJA,14,COLECTIVO,REPRESENTATIVE_POINT,
88c2e330b5fffff,Buenos Aires,Escobar,4,DEMANDA_BAJA,16,COLECTIVO,REPRESENTATIVE_POINT,
88c2ee9833fffff,Buenos Aires,San Andrés de Giles,4,DEMANDA_BAJA,5,COLECTIVO,REPRESENTATIVE_POINT,
88c2e2a1a3fffff,Buenos Aires,La Plata,4,DEMANDA_BAJA,12,COLECTIVO,REPRESENTATIVE_POINT,
88c2e06b27fffff,Buenos Aires,La Plata,4,DEMANDA_BAJA,16,COLECTIVO,REPRESENTATIVE_POINT,
88c2e3c085fffff,Buenos Aires,Berazategui,4,DEMANDA_BAJA,15,COLECTIVO,REPRESENTATIVE_POINT,
88c2e326c5fffff,Buenos Aires,Campana,4,DEMANDA_BAJA,6,COLECTIVO,REPRESENTATIVE_POINT,
88c2e2a493fffff,Buenos Aires,La Plata,4,DEMANDA_BAJA,7,COLECTIVO,REPRESENTATIVE_POINT,
88c2e06711fffff,Buenos Aires,San Vicente,4,DEMANDA_BAJA,19,COLECTIVO,REPRESENTATIVE_POINT,
88c2e2a545fffff,Buenos Aires,La Plata,4,DEMANDA_BAJA,13,COLECTIVO,REPRESENTATIVE_POINT,
88c2e06623fffff,Buenos Aires,San Vicente,4,DEMANDA_BAJA,18,COLECTIVO,REPRESENTATIVE_POINT,
88c2e06621fffff,Buenos Aires,San Vicente,4,DEMANDA_BAJA,15,COLECTIVO,REPRESENTATIVE_POINT,
88c2e32623fffff,Buenos Aires,Campana,4,DEMANDA_BAJA,16,COLECTIVO,REPRESENTATIVE_POINT,
88c2ee56bdfffff,Buenos Aires,Zárate,4,DEMANDA_BAJA,8,COLECTIVO,REPRESENTATIVE_POINT,
88c2ee4311fffff,Buenos Aires,Campana,4,DEMANDA_BAJA,19,COLECTIVO,REPRESENTATIVE_POINT,
88c2ee4069fffff,Buenos Aires,Campana,4,DEMANDA_BAJA,19,COLECTIVO,REPRESENTATIVE_POINT,
88c2ee5639fffff,Buenos Aires,Zárate,4,DEMANDA_BAJA,16,COLECTIVO,REPRESENTATIVE_POINT,
88c2e2a70dfffff,Buenos Aires,La Plata,4,DEMANDA_BAJA,15,COLECTIVO,REPRESENTATIVE_POINT,
88c2e2b4cdfffff,Buenos Aires,La Plata,4,DEMANDA_BAJA,8,COLECTIVO,REPRESENTATIVE_POINT,
88c2e06491fffff,Buenos Aires,Ezeiza,4,DEMANDA_BAJA,13,COLECTIVO,REPRESENTATIVE_POINT,
88c2e324bbfffff,Buenos Aires,Campana,4,DEMANDA_BAJA,20,COLECTIVO,REPRESENTATIVE_POINT,
88c2e32431fffff,Buenos Aires,Campana,4,DEMANDA_BAJA,18,COLECTIVO,REPRESENTATIVE_POINT,
88c2e32321fffff,Buenos Aires,San Fernando,4,DEMANDA_BAJA,12,LANCHAS,REPRESENTATIVE_POINT,
88c2e32351fffff,Buenos Aires,Escobar,4,DEMANDA_BAJA,19,COLECTIVO,REPRESENTATIVE_POINT,
88c2ee523dfffff,Buenos Aires,Campana,4,DEMANDA_BAJA,16,COLECTIVO,REPRESENTATIVE_POINT,
88c2e32303fffff,Buenos Aires,San Fernando,4,DEMANDA_BAJA,7,COLECTIVO,REPRESENTATIVE_POINT,
88c2e3042bfffff,Buenos Aires,Tigre,4,DEMANDA_BAJA,13,COLECTIVO,REPRESENTATIVE_POINT,
88c2e30425fffff,Buenos Aires,Tigre,4,DEMANDA_BAJA,20,COLECTIVO,REPRESENTATIVE_POINT,
88c2e0640dfffff,Buenos Aires,Presidente Perón,4,DEMANDA_BAJA,8,COLECTIVO,REPRESENTATIVE_POINT,
88c2e32239fffff,Buenos Aires,Escobar,4,DEMANDA_BAJA,12,COLECTIVO,REPRESENTATIVE_POINT,
88c2e02e69fffff,Buenos Aires,Cañuelas,4,DEMANDA_BAJA,17,COLECTIVO,REPRESENTATIVE_POINT,
88c2e304e3fffff,Buenos Aires,Tigre,4,DEMANDA_BAJA,6,LANCHAS,REPRESENTATIVE_POINT,
88c2e304e1fffff,Buenos Aires,Tigre,4,DEMANDA_BAJA,9,LANCHAS,REPRESENTATIVE_POINT,
88c2e3950bfffff,Buenos Aires,La Matanza,4,DEMANDA_BAJA,19,COLECTIVO,REPRESENTATIVE_POINT,
88c2eeda33fffff,Buenos Aires,Pilar,4,DEMANDA_BAJA,13,COLECTIVO,REPRESENTATIVE_POINT,
88c2e3b50dfffff,Buenos Aires,General Rodríguez,4,DEMANDA_BAJA,16,COLECTIVO,REPRESENTATIVE_POINT,
88c2e39893fffff,Buenos Aires,Ezeiza,4,DEMANDA_BAJA,10,COLECTIVO,REPRESENTATIVE_POINT,
88c2eedb37fffff,Buenos Aires,Exaltación de la Cruz,3,DEMANDA_BAJA,13,COLECTIVO,REPRESENTATIVE_POINT,
88c2e0252dfffff,Buenos Aires,Cañuelas,3,DEMANDA_BAJA,18,COLECTIVO,REPRESENTATIVE_POINT,
88c2e0250bfffff,Buenos Aires,Cañuelas,3,DEMANDA_BAJA,7,COLECTIVO,REPRESENTATIVE_POINT,
88c2e02505fffff,Buenos Aires,Cañuelas,3,DEMANDA_BAJA,15,COLECTIVO,REPRESENTATIVE_POINT,
88c2e02501fffff,Buenos Aires,Cañuelas,3,DEMANDA_BAJA,14,COLECTIVO,REPRESENTATIVE_POINT,
88c2e02263fffff,Buenos Aires,Cañuelas,3,DEMANDA_BAJA,12,COLECTIVO,REPRESENTATIVE_POINT,
88c2e02557fffff,Buenos Aires,Cañuelas,3,DEMANDA_BAJA,7,COLECTIVO,REPRESENTATIVE_POINT,
88c2e0602bfffff,Buenos Aires,San Vicente,3,DEMANDA_BAJA,12,COLECTIVO,REPRESENTATIVE_POINT,
88c2e055e5fffff,Buenos Aires,Brandsen,3,DEMANDA_BAJA,16,COLECTIVO,REPRESENTATIVE_POINT,
88c2e3dabbfffff,Buenos Aires,La Plata,3,DEMANDA_BAJA,10,COLECTIVO,REPRESENTATIVE_POINT,
88c2e390c7fffff,Buenos Aires,Ezeiza,3,DEMANDA_BAJA,16,COLECTIVO,REPRESENTATIVE_POINT,
88c2e3d815fffff,Buenos Aires,La Plata,3,DEMANDA_BAJA,9,COLECTIVO,REPRESENTATIVE_POINT,
88c2eed959fffff,Buenos Aires,Exaltación de la Cruz,3,DEMANDA_BAJA,11,COLECTIVO,REPRESENTATIVE_POINT,
88c2e154d9fffff,Buenos Aires,Navarro,3,DEMANDA_BAJA,7,COLECTIVO,REPRESENTATIVE_POINT,
88c2e15b3dfffff,Buenos Aires,General Las Heras,3,DEMANDA_BAJA,17,COLECTIVO,REPRESENTATIVE_POINT,
88c2e159ebfffff,Buenos Aires,Marcos Paz,3,DEMANDA_BAJA,15,COLECTIVO,REPRESENTATIVE_POINT,
88c2e14c53fffff,Buenos Aires,General Las Heras,3,DEMANDA_BAJA,16,COLECTIVO,REPRESENTATIVE_POINT,
88c2e376bbfffff,Buenos Aires,San Fernando,3,DEMANDA_BAJA,6,LANCHAS,REPRESENTATIVE_POINT,
88c2e162c7fffff,Buenos Aires,Mercedes,3,DEMANDA_BAJA,8,COLECTIVO,REPRESENTATIVE_POINT,
88c2e311b7fffff,Ciudad Autónoma de Buenos Aires,Comuna 14,3,DEMANDA_BAJA,9,COLECTIVO,REPRESENTATIVE_POINT,
88c2e06081fffff,Buenos Aires,San Vicente,3,DEMANDA_BAJA,12,COLECTIVO,REPRESENTATIVE_POINT,
88c2e044adfffff,Buenos Aires,Brandsen,3,DEMANDA_BAJA,17,COLECTIVO,REPRESENTATIVE_POINT,
88c2e044a5fffff,Buenos Aires,Brandsen,3,DEMANDA_BAJA,12,COLECTIVO,REPRESENTATIVE_POINT,
88c2e3a355fffff,Buenos Aires,Moreno,3,DEMANDA_BAJA,12,COLECTIVO,REPRESENTATIVE_POINT,
88c2e2ae5dfffff,Buenos Aires,La Plata,3,DEMANDA_BAJA,7,COLECTIVO,REPRESENTATIVE_POINT,
88c2e324e1fffff,Buenos Aires,Campana,3,DEMANDA_BAJA,21,COLECTIVO,REPRESENTATIVE_POINT,
88c2e32483fffff,Buenos Aires,Campana,3,DEMANDA_BAJA,18,COLECTIVO,REPRESENTATIVE_POINT,
88c2e32361fffff,Buenos Aires,Tigre,3,DEMANDA_BAJA,16,COLECTIVO,REPRESENTATIVE_POINT,
88c2ee5135fffff,Buenos Aires,Campana,3,DEMANDA_BAJA,20,COLECTIVO,REPRESENTATIVE_POINT,
88c2e33b39fffff,Buenos Aires,Tigre,3,DEMANDA_BAJA,9,COLECTIVO,REPRESENTATIVE_POINT,
88c2e16559fffff,Buenos Aires,Mercedes,3,DEMANDA_BAJA,8,COLECTIVO,REPRESENTATIVE_POINT,
88c2e168abfffff,Buenos Aires,Luján,3,DEMANDA_BAJA,6,COLECTIVO,REPRESENTATIVE_POINT,
88c2eecdabfffff,Buenos Aires,Zárate,3,DEMANDA_BAJA,8,COLECTIVO,REPRESENTATIVE_POINT,
88c2eecda5fffff,Buenos Aires,Zárate,3,DEMANDA_BAJA,8,COLECTIVO,REPRESENTATIVE_POINT,
88c2eecda1fffff,Buenos Aires,Zárate,3,DEMANDA_BAJA,11,COLECTIVO,REPRESENTATIVE_POINT,
88c2e149c9fffff,Buenos Aires,Marcos Paz,3,DEMANDA_BAJA,8,COLECTIVO,REPRESENTATIVE_POINT,
88c2e1692bfffff,Buenos Aires,Luján,3,DEMANDA_BAJA,13,COLECTIVO,REPRESENTATIVE_POINT,
88c2e169c3fffff,Buenos Aires,Luján,3,DEMANDA_BAJA,7,COLECTIVO,REPRESENTATIVE_POINT,
88c2e14b05fffff,Buenos Aires,Marcos Paz,3,DEMANDA_BAJA,12,COLECTIVO,REPRESENTATIVE_POINT,
88c2eeca63fffff,Buenos Aires,Campana,3,DEMANDA_BAJA,6,COLECTIVO,REPRESENTATIVE_POINT,
88c2ee5667fffff,Buenos Aires,Zárate,3,DEMANDA_BAJA,7,COLECTIVO,REPRESENTATIVE_POINT,
88c2ee562bfffff,Buenos Aires,Zárate,3,DEMANDA_BAJA,8,COLECTIVO,REPRESENTATIVE_POINT,
88c2ee5629fffff,Buenos Aires,Zárate,3,DEMANDA_BAJA,6,COLECTIVO,REPRESENTATIVE_POINT,
88c2e2b41bfffff,Buenos Aires,La Plata,3,DEMANDA_BAJA,10,COLECTIVO,REPRESENTATIVE_POINT,
88c2e302a3fffff,Buenos Aires,San Isidro,3,DEMANDA_BAJA,17,TREN,INTERSECCION_MAYOR_AREA,
88c2ee0b0bfffff,Buenos Aires,Zárate,3,DEMANDA_BAJA,6,COLECTIVO,REPRESENTATIVE_POINT,
88c2e3211dfffff,Buenos Aires,San Fernando,3,DEMANDA_BAJA,19,COLECTIVO,REPRESENTATIVE_POINT,
88c2ec4e37fffff,Buenos Aires,Carmen de Areco,3,DEMANDA_BAJA,7,COLECTIVO,REPRESENTATIVE_POINT,
88c2e14a03fffff,Buenos Aires,General Las Heras,3,DEMANDA_BAJA,9,COLECTIVO,REPRESENTATIVE_POINT,
88c2e33a61fffff,Buenos Aires,Tigre,3,DEMANDA_BAJA,10,LANCHAS,REPRESENTATIVE_POINT,
88c2e33a27fffff,Buenos Aires,Tigre,3,DEMANDA_BAJA,19,LANCHAS,REPRESENTATIVE_POINT,
88c2e33a21fffff,Buenos Aires,Tigre,3,DEMANDA_BAJA,7,LANCHAS,REPRESENTATIVE_POINT,
88c2e33a85fffff,Buenos Aires,Tigre,3,DEMANDA_BAJA,12,COLECTIVO,REPRESENTATIVE_POINT,
88c2e1480bfffff,Buenos Aires,Marcos Paz,3,DEMANDA_BAJA,11,COLECTIVO,REPRESENTATIVE_POINT,
88c2e1416bfffff,Buenos Aires,General Las Heras,3,DEMANDA_BAJA,13,COLECTIVO,REPRESENTATIVE_POINT,
88c2eec983fffff,Buenos Aires,Campana,3,DEMANDA_BAJA,14,COLECTIVO,REPRESENTATIVE_POINT,
88c2e16e4dfffff,Buenos Aires,Mercedes,3,DEMANDA_BAJA,8,COLECTIVO,REPRESENTATIVE_POINT,
88c2e16d37fffff,Buenos Aires,Luján,3,DEMANDA_BAJA,8,COLECTIVO,REPRESENTATIVE_POINT,
88c2e3d931fffff,Buenos Aires,Ensenada,3,DEMANDA_BAJA,6,COLECTIVO,REPRESENTATIVE_POINT,
88c2ee4355fffff,Buenos Aires,Campana,3,DEMANDA_BAJA,19,COLECTIVO,REPRESENTATIVE_POINT,
88c2ee40c3fffff,Buenos Aires,Zárate,3,DEMANDA_BAJA,19,COLECTIVO,REPRESENTATIVE_POINT,
88c2ee56b5fffff,Buenos Aires,Zárate,3,DEMANDA_BAJA,6,COLECTIVO,REPRESENTATIVE_POINT,
88c2eec6e9fffff,Buenos Aires,San Andrés de Giles,3,DEMANDA_BAJA,12,COLECTIVO,REPRESENTATIVE_POINT,
88c2eec617fffff,Buenos Aires,San Andrés de Giles,3,DEMANDA_BAJA,14,COLECTIVO,REPRESENTATIVE_POINT,
88c2e32213fffff,Buenos Aires,Escobar,3,DEMANDA_BAJA,13,COLECTIVO,REPRESENTATIVE_POINT,
88c2e07a97fffff,Buenos Aires,Brandsen,3,DEMANDA_BAJA,6,COLECTIVO,REPRESENTATIVE_POINT,
88c2e119a3fffff,Buenos Aires,Navarro,3,DEMANDA_BAJA,4,COLECTIVO,REPRESENTATIVE_POINT,
88c2e10b6dfffff,Buenos Aires,Navarro,3,DEMANDA_BAJA,16,COLECTIVO,REPRESENTATIVE_POINT,
88c2e16e51fffff,Buenos Aires,Mercedes,3,DEMANDA_BAJA,8,COLECTIVO,REPRESENTATIVE_POINT,
88c2eec349fffff,Buenos Aires,Exaltación de la Cruz,3,DEMANDA_BAJA,14,COLECTIVO,REPRESENTATIVE_POINT,
88c2e07a43fffff,Buenos Aires,Brandsen,3,DEMANDA_BAJA,8,COLECTIVO,REPRESENTATIVE_POINT,
88c2eec237fffff,Buenos Aires,Exaltación de la Cruz,3,DEMANDA_BAJA,10,COLECTIVO,REPRESENTATIVE_POINT,
88c2e2a6a1fffff,Buenos Aires,La Plata,3,DEMANDA_BAJA,6,COLECTIVO,REPRESENTATIVE_POINT,
88c2e2a703fffff,Buenos Aires,La Plata,3,DEMANDA_BAJA,12,COLECTIVO,REPRESENTATIVE_POINT,
88c2e2a587fffff,Buenos Aires,La Plata,3,DEMANDA_BAJA,7,COLECTIVO,REPRESENTATIVE_POINT,
88c2e3d6e7fffff,Buenos Aires,Almirante Brown,3,DEMANDA_BAJA,19,COLECTIVO,REPRESENTATIVE_POINT,
88c2e1c225fffff,Buenos Aires,Lobos,3,DEMANDA_BAJA,7,COLECTIVO,REPRESENTATIVE_POINT,
88c2e0759dfffff,Buenos Aires,San Vicente,3,DEMANDA_BAJA,16,COLECTIVO,REPRESENTATIVE_POINT,
88c2e07583fffff,Buenos Aires,San Vicente,3,DEMANDA_BAJA,15,COLECTIVO,REPRESENTATIVE_POINT,
88c2e33153fffff,Buenos Aires,Tigre,3,DEMANDA_BAJA,13,COLECTIVO,REPRESENTATIVE_POINT,
88c2ee4063fffff,Buenos Aires,Campana,3,DEMANDA_BAJA,20,COLECTIVO,REPRESENTATIVE_POINT,
88c2e330e3fffff,Buenos Aires,Escobar,3,DEMANDA_BAJA,17,COLECTIVO,REPRESENTATIVE_POINT,
88c2ee9949fffff,Buenos Aires,Luján,3,DEMANDA_BAJA,12,COLECTIVO,REPRESENTATIVE_POINT,
88c2e236d1fffff,Buenos Aires,Ensenada,3,DEMANDA_BAJA,13,COLECTIVO,REPRESENTATIVE_POINT,
88c2e23049fffff,Buenos Aires,Berisso,3,DEMANDA_BAJA,7,COLECTIVO,REPRESENTATIVE_POINT,
88c2ee866dfffff,Buenos Aires,San Andrés de Giles,3,DEMANDA_BAJA,17,COLECTIVO,REPRESENTATIVE_POINT,
88c2e2a291fffff,Buenos Aires,La Plata,3,DEMANDA_BAJA,12,COLECTIVO,REPRESENTATIVE_POINT,
88c2e2a209fffff,Buenos Aires,Magdalena,3,DEMANDA_BAJA,7,COLECTIVO,REPRESENTATIVE_POINT,
88c2e2a447fffff,Buenos Aires,La Plata,3,DEMANDA_BAJA,9,COLECTIVO,REPRESENTATIVE_POINT,
88c2e2a203fffff,Buenos Aires,La Plata,3,DEMANDA_BAJA,16,COLECTIVO,REPRESENTATIVE_POINT,
88c2e2a419fffff,Buenos Aires,La Plata,3,DEMANDA_BAJA,13,COLECTIVO,REPRESENTATIVE_POINT,
88c2e2a2c5fffff,Buenos Aires,La Plata,3,DEMANDA_BAJA,13,COLECTIVO,REPRESENTATIVE_POINT,
88c2e2a297fffff,Buenos Aires,La Plata,3,DEMANDA_BAJA,13,COLECTIVO,REPRESENTATIVE_POINT,
88c2e328abfffff,Buenos Aires,San Fernando,3,DEMANDA_BAJA,15,LANCHAS,REPRESENTATIVE_POINT,
88c2e2a43dfffff,Buenos Aires,La Plata,3,DEMANDA_BAJA,10,COLECTIVO,REPRESENTATIVE_POINT,
88c2e02453fffff,Buenos Aires,Cañuelas,3,DEMANDA_BAJA,9,COLECTIVO,REPRESENTATIVE_POINT,
88c2e14f2bfffff,Buenos Aires,Marcos Paz,3,DEMANDA_BAJA,8,COLECTIVO,REPRESENTATIVE_POINT,
88c2e14ee7fffff,Buenos Aires,General Las Heras,3,DEMANDA_BAJA,6,COLECTIVO,REPRESENTATIVE_POINT,
88c2e390ebfffff,Buenos Aires,Ezeiza,3,DEMANDA_BAJA,18,COLECTIVO,REPRESENTATIVE_POINT,
88c2e3ca4dfffff,Buenos Aires,Ensenada,3,DEMANDA_BAJA,20,COLECTIVO,REPRESENTATIVE_POINT,
88c2e3ca19fffff,Buenos Aires,Berazategui,3,DEMANDA_BAJA,9,COLECTIVO,REPRESENTATIVE_POINT,
88c2e02269fffff,Buenos Aires,Cañuelas,3,DEMANDA_BAJA,8,COLECTIVO,REPRESENTATIVE_POINT,
88c2e02047fffff,Buenos Aires,Cañuelas,2,DEMANDA_BAJA,6,COLECTIVO,REPRESENTATIVE_POINT,
88c2c59249fffff,Buenos Aires,San Fernando,2,DEMANDA_BAJA,15,LANCHAS,REPRESENTATIVE_POINT,
88c2eedb4bfffff,Buenos Aires,Pilar,2,DEMANDA_BAJA,8,COLECTIVO,REPRESENTATIVE_POINT,
88c2e02529fffff,Buenos Aires,Cañuelas,2,DEMANDA_BAJA,19,COLECTIVO,REPRESENTATIVE_POINT,
88c2e30429fffff,Buenos Aires,Tigre,2,DEMANDA_BAJA,5,COLECTIVO,REPRESENTATIVE_POINT,
88c2e322edfffff,Buenos Aires,Escobar,2,DEMANDA_BAJA,16,LANCHAS,REPRESENTATIVE_POINT,
88c2e322e3fffff,Buenos Aires,Campana,2,DEMANDA_BAJA,11,LANCHAS,REPRESENTATIVE_POINT,
88c2e39465fffff,Buenos Aires,La Matanza,2,DEMANDA_BAJA,8,COLECTIVO,REPRESENTATIVE_POINT,
88c2e39097fffff,Buenos Aires,La Matanza,2,DEMANDA_BAJA,14,COLECTIVO,REPRESENTATIVE_POINT,
88c2ee575bfffff,Buenos Aires,Zárate,2,DEMANDA_BAJA,17,COLECTIVO,REPRESENTATIVE_POINT,
88c2e02dd3fffff,Buenos Aires,Cañuelas,2,DEMANDA_BAJA,17,COLECTIVO,REPRESENTATIVE_POINT,
88c2e32f65fffff,Buenos Aires,San Fernando,2,DEMANDA_BAJA,5,LANCHAS,REPRESENTATIVE_POINT,
88c2e3ca01fffff,Buenos Aires,Berazategui,2,DEMANDA_BAJA,13,COLECTIVO,REPRESENTATIVE_POINT,
88c2e14f33fffff,Buenos Aires,Marcos Paz,2,DEMANDA_BAJA,17,COLECTIVO,REPRESENTATIVE_POINT,
88c2e14f29fffff,Buenos Aires,Marcos Paz,2,DEMANDA_BAJA,9,COLECTIVO,REPRESENTATIVE_POINT,
88c2e14ee5fffff,Buenos Aires,General Las Heras,2,DEMANDA_BAJA,18,COLECTIVO,REPRESENTATIVE_POINT,
88c2e39ad1fffff,Buenos Aires,Ezeiza,2,DEMANDA_BAJA,5,COLECTIVO,REPRESENTATIVE_POINT,
88c2e39b1dfffff,Buenos Aires,Presidente Perón,2,DEMANDA_BAJA,11,COLECTIVO,REPRESENTATIVE_POINT,
88c2e39b3bfffff,Buenos Aires,Presidente Perón,2,DEMANDA_BAJA,13,COLECTIVO,REPRESENTATIVE_POINT,
88c2e3a025fffff,Buenos Aires,Moreno,2,DEMANDA_BAJA,13,COLECTIVO,REPRESENTATIVE_POINT,
88c2e155c5fffff,Buenos Aires,Navarro,2,DEMANDA_BAJA,14,COLECTIVO,REPRESENTATIVE_POINT,
88c2e14f6dfffff,Buenos Aires,Marcos Paz,2,DEMANDA_BAJA,7,COLECTIVO,REPRESENTATIVE_POINT,
88c2e14d91fffff,Buenos Aires,General Rodríguez,2,DEMANDA_BAJA,6,COLECTIVO,REPRESENTATIVE_POINT,
88c2e2a21dfffff,Buenos Aires,La Plata,2,DEMANDA_BAJA,8,COLECTIVO,REPRESENTATIVE_POINT,
88c2e3c167fffff,Buenos Aires,Berazategui,2,DEMANDA_BAJA,9,COLECTIVO,REPRESENTATIVE_POINT,
88c2e3c161fffff,Buenos Aires,Berazategui,2,DEMANDA_BAJA,18,COLECTIVO,REPRESENTATIVE_POINT,
88c2ee8041fffff,Buenos Aires,San Andrés de Giles,2,DEMANDA_BAJA,10,COLECTIVO,REPRESENTATIVE_POINT,
88c2e39b59fffff,Buenos Aires,Presidente Perón,2,DEMANDA_BAJA,12,COLECTIVO,REPRESENTATIVE_POINT,
88c2eed629fffff,Buenos Aires,San Andrés de Giles,2,DEMANDA_BAJA,12,COLECTIVO,REPRESENTATIVE_POINT,
88c2e14c05fffff,Buenos Aires,Marcos Paz,2,DEMANDA_BAJA,13,COLECTIVO,REPRESENTATIVE_POINT,
88c2e155e9fffff,Buenos Aires,Navarro,2,DEMANDA_BAJA,5,COLECTIVO,REPRESENTATIVE_POINT,
88c2eed359fffff,Buenos Aires,Luján,2,DEMANDA_BAJA,9,COLECTIVO,REPRESENTATIVE_POINT,
88c2eed337fffff,Buenos Aires,Luján,2,DEMANDA_BAJA,5,COLECTIVO,REPRESENTATIVE_POINT,
88c2eed30bfffff,Buenos Aires,Luján,2,DEMANDA_BAJA,11,COLECTIVO,REPRESENTATIVE_POINT,
88c2e33b53fffff,Buenos Aires,Tigre,2,DEMANDA_BAJA,7,COLECTIVO,REPRESENTATIVE_POINT,
88c2e02605fffff,Buenos Aires,Cañuelas,2,DEMANDA_BAJA,7,COLECTIVO,REPRESENTATIVE_POINT,
88c2eed1d9fffff,Buenos Aires,Exaltación de la Cruz,2,DEMANDA_BAJA,8,COLECTIVO,REPRESENTATIVE_POINT,
88c2eed143fffff,Buenos Aires,Luján,2,DEMANDA_BAJA,8,COLECTIVO,REPRESENTATIVE_POINT,
88c2e30eb7fffff,Buenos Aires,Tigre,2,DEMANDA_BAJA,14,COLECTIVO,REPRESENTATIVE_POINT,
88c2e3b70bfffff,Buenos Aires,General Rodríguez,2,DEMANDA_BAJA,7,COLECTIVO,REPRESENTATIVE_POINT,
88c2e3b6ebfffff,Buenos Aires,General Rodríguez,2,DEMANDA_BAJA,9,COLECTIVO,REPRESENTATIVE_POINT,
88c2e3204bfffff,Buenos Aires,Campana,2,DEMANDA_BAJA,9,LANCHAS,INTERSECCION_MAYOR_AREA,
88c2e03215fffff,Buenos Aires,Monte,2,DEMANDA_BAJA,9,COLECTIVO,REPRESENTATIVE_POINT,
88c2e33b1dfffff,Buenos Aires,Tigre,2,DEMANDA_BAJA,14,COLECTIVO,REPRESENTATIVE_POINT,
88c2ee4005fffff,Buenos Aires,Campana,2,DEMANDA_BAJA,19,COLECTIVO,REPRESENTATIVE_POINT,
88c2ee1359fffff,Buenos Aires,San Andrés de Giles,2,DEMANDA_BAJA,7,COLECTIVO,REPRESENTATIVE_POINT,
88c2ee9b25fffff,Buenos Aires,Luján,2,DEMANDA_BAJA,16,COLECTIVO,REPRESENTATIVE_POINT,
88c2ee982dfffff,Buenos Aires,San Andrés de Giles,2,DEMANDA_BAJA,15,COLECTIVO,REPRESENTATIVE_POINT,
88c2e300cbfffff,Buenos Aires,San Isidro,2,DEMANDA_BAJA,15,TREN,INTERSECCION_MAYOR_AREA,
88c2e2b4c5fffff,Buenos Aires,La Plata,2,DEMANDA_BAJA,18,COLECTIVO,REPRESENTATIVE_POINT,
88c2e32525fffff,Buenos Aires,San Fernando,2,DEMANDA_BAJA,16,COLECTIVO,REPRESENTATIVE_POINT,
88c2e32367fffff,Buenos Aires,San Fernando,2,DEMANDA_BAJA,13,LANCHAS,REPRESENTATIVE_POINT,
88c2e32305fffff,Buenos Aires,San Fernando,2,DEMANDA_BAJA,8,LANCHAS,REPRESENTATIVE_POINT,
88c2e33b33fffff,Buenos Aires,Tigre,2,DEMANDA_BAJA,10,COLECTIVO,REPRESENTATIVE_POINT,
88c2e16897fffff,Buenos Aires,Luján,2,DEMANDA_BAJA,5,COLECTIVO,REPRESENTATIVE_POINT,
88c2e16857fffff,Buenos Aires,Luján,2,DEMANDA_BAJA,16,COLECTIVO,REPRESENTATIVE_POINT,
88c2e3311bfffff,Buenos Aires,Escobar,2,DEMANDA_BAJA,13,COLECTIVO,REPRESENTATIVE_POINT,
88c2eec007fffff,Buenos Aires,Exaltación de la Cruz,2,DEMANDA_BAJA,8,COLECTIVO,REPRESENTATIVE_POINT,
88c2eeb253fffff,Buenos Aires,Carmen de Areco,2,DEMANDA_BAJA,8,COLECTIVO,REPRESENTATIVE_POINT,
88c2ee9b37fffff,Buenos Aires,San Andrés de Giles,2,DEMANDA_BAJA,12,COLECTIVO,REPRESENTATIVE_POINT,
88c2e3ab3dfffff,Buenos Aires,Malvinas Argentinas,2,DEMANDA_BAJA,10,COLECTIVO,REPRESENTATIVE_POINT,
88c2e3058bfffff,Buenos Aires,Tigre,2,DEMANDA_BAJA,11,LANCHAS,REPRESENTATIVE_POINT,
88c2e305e3fffff,Buenos Aires,Tigre,2,DEMANDA_BAJA,10,COLECTIVO,REPRESENTATIVE_POINT,
88c2e305d9fffff,Buenos Aires,Tigre,2,DEMANDA_BAJA,6,LANCHAS,REPRESENTATIVE_POINT,
88c2e06329fffff,Buenos Aires,Brandsen,2,DEMANDA_BAJA,5,COLECTIVO,REPRESENTATIVE_POINT,
88c2e305b5fffff,Buenos Aires,Tigre,2,DEMANDA_BAJA,10,COLECTIVO,REPRESENTATIVE_POINT,
88c2e168c7fffff,Buenos Aires,Luján,2,DEMANDA_BAJA,14,COLECTIVO,REPRESENTATIVE_POINT,
88c2e168b3fffff,Buenos Aires,Luján,2,DEMANDA_BAJA,21,COLECTIVO,REPRESENTATIVE_POINT,
88c2eecdcdfffff,Buenos Aires,Zárate,2,DEMANDA_BAJA,7,COLECTIVO,REPRESENTATIVE_POINT,
88c2e33a95fffff,Buenos Aires,Tigre,2,DEMANDA_BAJA,14,COLECTIVO,REPRESENTATIVE_POINT,
88c2e3a61bfffff,Buenos Aires,Luján,2,DEMANDA_BAJA,13,COLECTIVO,REPRESENTATIVE_POINT,
88c2e33a67fffff,Buenos Aires,Tigre,2,DEMANDA_BAJA,11,LANCHAS,REPRESENTATIVE_POINT,
88c2e1c9e7fffff,Buenos Aires,Lobos,2,DEMANDA_BAJA,12,COLECTIVO,REPRESENTATIVE_POINT,
88c2e2340bfffff,Buenos Aires,Ensenada,2,DEMANDA_BAJA,9,COLECTIVO,REPRESENTATIVE_POINT,
88c2e23409fffff,Buenos Aires,Berisso,2,DEMANDA_BAJA,17,COLECTIVO,REPRESENTATIVE_POINT,
88c2e3c333fffff,Buenos Aires,Berazategui,2,DEMANDA_BAJA,12,COLECTIVO,REPRESENTATIVE_POINT,
88c2e331adfffff,Buenos Aires,Tigre,2,DEMANDA_BAJA,14,COLECTIVO,REPRESENTATIVE_POINT,
88c2e33161fffff,Buenos Aires,Tigre,2,DEMANDA_BAJA,12,LANCHAS,REPRESENTATIVE_POINT,
88c2ee5443fffff,Buenos Aires,Zárate,2,DEMANDA_BAJA,15,COLECTIVO,REPRESENTATIVE_POINT,
88c2e3251bfffff,Buenos Aires,Campana,2,DEMANDA_BAJA,4,COLECTIVO,REPRESENTATIVE_POINT,
88c2e300ddfffff,Buenos Aires,San Isidro,2,DEMANDA_BAJA,14,TREN,INTERSECCION_MAYOR_AREA,
88c2e3069bfffff,Buenos Aires,Tigre,2,DEMANDA_BAJA,9,COLECTIVO,REPRESENTATIVE_POINT,
88c2e3068bfffff,Buenos Aires,Tigre,2,DEMANDA_BAJA,8,COLECTIVO,REPRESENTATIVE_POINT,
88c2ee0b15fffff,Buenos Aires,Zárate,2,DEMANDA_BAJA,16,COLECTIVO,REPRESENTATIVE_POINT,
88c2e02ca5fffff,Buenos Aires,Cañuelas,2,DEMANDA_BAJA,13,COLECTIVO,REPRESENTATIVE_POINT,
88c2e33a8bfffff,Buenos Aires,Tigre,2,DEMANDA_BAJA,7,LANCHAS,REPRESENTATIVE_POINT,
88c2eec04bfffff,Buenos Aires,Exaltación de la Cruz,2,DEMANDA_BAJA,19,COLECTIVO,REPRESENTATIVE_POINT,
88c2e2a491fffff,Buenos Aires,La Plata,2,DEMANDA_BAJA,7,COLECTIVO,REPRESENTATIVE_POINT,
88c2e06767fffff,Buenos Aires,San Vicente,2,DEMANDA_BAJA,12,COLECTIVO,REPRESENTATIVE_POINT,
88c2e32605fffff,Buenos Aires,Campana,2,DEMANDA_BAJA,14,COLECTIVO,REPRESENTATIVE_POINT,
88c2e3ae17fffff,Buenos Aires,Pilar,2,DEMANDA_BAJA,16,COLECTIVO,REPRESENTATIVE_POINT,
88c2e3273bfffff,Buenos Aires,Campana,2,DEMANDA_BAJA,14,COLECTIVO,REPRESENTATIVE_POINT,
88c2e30491fffff,Buenos Aires,Tigre,2,DEMANDA_BAJA,12,LANCHAS,REPRESENTATIVE_POINT,
88c2e30481fffff,Buenos Aires,Tigre,2,DEMANDA_BAJA,9,LANCHAS,REPRESENTATIVE_POINT,
88c2eec031fffff,Buenos Aires,Exaltación de la Cruz,2,DEMANDA_BAJA,16,COLECTIVO,REPRESENTATIVE_POINT,
88c2e16f37fffff,Buenos Aires,Luján,2,DEMANDA_BAJA,11,COLECTIVO,REPRESENTATIVE_POINT,
88c2e16cc1fffff,Buenos Aires,Luján,2,DEMANDA_BAJA,6,COLECTIVO,REPRESENTATIVE_POINT,
88c2e16c67fffff,Buenos Aires,Luján,2,DEMANDA_BAJA,7,COLECTIVO,REPRESENTATIVE_POINT,
88c2e16ad3fffff,Buenos Aires,Luján,2,DEMANDA_BAJA,9,COLECTIVO,REPRESENTATIVE_POINT,
88c2e142c9fffff,Buenos Aires,General Las Heras,2,DEMANDA_BAJA,21,COLECTIVO,REPRESENTATIVE_POINT,
88c2e14935fffff,Buenos Aires,Marcos Paz,2,DEMANDA_BAJA,8,COLECTIVO,REPRESENTATIVE_POINT,
88c2e14931fffff,Buenos Aires,Marcos Paz,2,DEMANDA_BAJA,10,COLECTIVO,REPRESENTATIVE_POINT,
88c2e10b45fffff,Buenos Aires,Navarro,2,DEMANDA_BAJA,10,COLECTIVO,REPRESENTATIVE_POINT,
88c2e1c05bfffff,Buenos Aires,Lobos,2,DEMANDA_BAJA,12,COLECTIVO,REPRESENTATIVE_POINT,
88c2e1c059fffff,Buenos Aires,Lobos,2,DEMANDA_BAJA,15,COLECTIVO,REPRESENTATIVE_POINT,
88c2e1c003fffff,Buenos Aires,Lobos,2,DEMANDA_BAJA,7,COLECTIVO,REPRESENTATIVE_POINT,
88c2e1796dfffff,Buenos Aires,General Rodríguez,2,DEMANDA_BAJA,5,COLECTIVO,REPRESENTATIVE_POINT,
88c2e334d7fffff,Buenos Aires,Campana,2,DEMANDA_BAJA,7,COLECTIVO,REPRESENTATIVE_POINT,
88c2e33333fffff,Buenos Aires,Tigre,2,DEMANDA_BAJA,17,LANCHAS,REPRESENTATIVE_POINT,
88c2eec195fffff,Buenos Aires,Exaltación de la Cruz,2,DEMANDA_BAJA,7,COLECTIVO,REPRESENTATIVE_POINT,
88c2e1421bfffff,Buenos Aires,General Las Heras,2,DEMANDA_BAJA,5,COLECTIVO,REPRESENTATIVE_POINT,
88c2e338a7fffff,Buenos Aires,San Fernando,2,DEMANDA_BAJA,6,LANCHAS,REPRESENTATIVE_POINT,
88c2e16e4bfffff,Buenos Aires,Mercedes,2,DEMANDA_BAJA,11,COLECTIVO,REPRESENTATIVE_POINT,
88c2e16de7fffff,Buenos Aires,Luján,2,DEMANDA_BAJA,9,COLECTIVO,REPRESENTATIVE_POINT,
88c2ee4503fffff,Buenos Aires,Zárate,2,DEMANDA_BAJA,19,COLECTIVO,REPRESENTATIVE_POINT,
88c2e3228dfffff,Buenos Aires,Escobar,2,DEMANDA_BAJA,16,LANCHAS,REPRESENTATIVE_POINT,
88c2ee434dfffff,Buenos Aires,Campana,2,DEMANDA_BAJA,19,COLECTIVO,REPRESENTATIVE_POINT,
88c2ee56b1fffff,Buenos Aires,Zárate,2,DEMANDA_BAJA,17,COLECTIVO,REPRESENTATIVE_POINT,
88c2e3385bfffff,Buenos Aires,Tigre,2,DEMANDA_BAJA,17,COLECTIVO,REPRESENTATIVE_POINT,
88c2ee1205fffff,Buenos Aires,San Andrés de Giles,2,DEMANDA_BAJA,16,COLECTIVO,REPRESENTATIVE_POINT,
88c2ee0b5dfffff,Buenos Aires,Zárate,2,DEMANDA_BAJA,16,COLECTIVO,REPRESENTATIVE_POINT,
88c2e119b9fffff,Buenos Aires,Navarro,2,DEMANDA_BAJA,18,COLECTIVO,REPRESENTATIVE_POINT,
88c2e336e5fffff,Buenos Aires,Escobar,2,DEMANDA_BAJA,9,COLECTIVO,REPRESENTATIVE_POINT,
88c2e33631fffff,Buenos Aires,Escobar,2,DEMANDA_BAJA,7,COLECTIVO,REPRESENTATIVE_POINT,
88c2eec2dbfffff,Buenos Aires,Exaltación de la Cruz,2,DEMANDA_BAJA,15,COLECTIVO,REPRESENTATIVE_POINT,
88c2eec2cdfffff,Buenos Aires,Exaltación de la Cruz,2,DEMANDA_BAJA,6,COLECTIVO,REPRESENTATIVE_POINT,
88c2e079d1fffff,Buenos Aires,Brandsen,2,DEMANDA_BAJA,9,COLECTIVO,REPRESENTATIVE_POINT,
88c2e33739fffff,Buenos Aires,Escobar,2,DEMANDA_BAJA,7,COLECTIVO,REPRESENTATIVE_POINT,
88c2eec63bfffff,Buenos Aires,Exaltación de la Cruz,2,DEMANDA_BAJA,12,COLECTIVO,REPRESENTATIVE_POINT,
88c2e075b9fffff,Buenos Aires,San Vicente,2,DEMANDA_BAJA,8,COLECTIVO,REPRESENTATIVE_POINT,
88c2e0a8b7fffff,Buenos Aires,Monte,2,DEMANDA_BAJA,16,COLECTIVO,REPRESENTATIVE_POINT,
88c2ee134bfffff,Buenos Aires,San Andrés de Giles,2,DEMANDA_BAJA,19,COLECTIVO,REPRESENTATIVE_POINT,
88c2ee12ddfffff,Buenos Aires,San Antonio de Areco,2,DEMANDA_BAJA,6,COLECTIVO,REPRESENTATIVE_POINT,
88c2ee129bfffff,Buenos Aires,San Antonio de Areco,2,DEMANDA_BAJA,6,COLECTIVO,REPRESENTATIVE_POINT,
88c2ee1211fffff,Buenos Aires,San Andrés de Giles,2,DEMANDA_BAJA,15,COLECTIVO,REPRESENTATIVE_POINT,
88c2e3222bfffff,Buenos Aires,Escobar,2,DEMANDA_BAJA,12,COLECTIVO,REPRESENTATIVE_POINT,
88c2e02563fffff,Buenos Aires,Cañuelas,2,DEMANDA_BAJA,12,COLECTIVO,REPRESENTATIVE_POINT,
88c2e03051fffff,Buenos Aires,Cañuelas,2,DEMANDA_BAJA,10,COLECTIVO,REPRESENTATIVE_POINT,
88c2e32007fffff,Buenos Aires,San Fernando,2,DEMANDA_BAJA,9,COLECTIVO,REPRESENTATIVE_POINT,
88c2e050cdfffff,Buenos Aires,Chascomús,2,DEMANDA_BAJA,7,TREN,REPRESENTATIVE_POINT,
88c2e04753fffff,Buenos Aires,Brandsen,2,DEMANDA_BAJA,17,COLECTIVO,REPRESENTATIVE_POINT,
88c2e04625fffff,Buenos Aires,Brandsen,2,DEMANDA_BAJA,19,COLECTIVO,REPRESENTATIVE_POINT,
88c2e31a91fffff,Ciudad Autónoma de Buenos Aires,Comuna 2,2,DEMANDA_BAJA,10,COLECTIVO,REPRESENTATIVE_POINT,
88c2e39a97fffff,Buenos Aires,Ezeiza,2,DEMANDA_BAJA,15,COLECTIVO,REPRESENTATIVE_POINT,
88c2e390e9fffff,Buenos Aires,Ezeiza,2,DEMANDA_BAJA,15,COLECTIVO,REPRESENTATIVE_POINT,
88c2e031d3fffff,Buenos Aires,Cañuelas,2,DEMANDA_BAJA,10,COLECTIVO,REPRESENTATIVE_POINT,
88c2e39119fffff,Buenos Aires,Ezeiza,2,DEMANDA_BAJA,7,COLECTIVO,REPRESENTATIVE_POINT,
88c2e399c9fffff,Buenos Aires,Esteban Echeverría,2,DEMANDA_BAJA,15,COLECTIVO,REPRESENTATIVE_POINT,
88c2e391c3fffff,Buenos Aires,Ezeiza,2,DEMANDA_BAJA,15,COLECTIVO,REPRESENTATIVE_POINT,
88c2e39a17fffff,Buenos Aires,Esteban Echeverría,2,DEMANDA_BAJA,6,COLECTIVO,REPRESENTATIVE_POINT,
88c2e155edfffff,Buenos Aires,General Las Heras,2,DEMANDA_BAJA,15,COLECTIVO,REPRESENTATIVE_POINT,
88c2e02007fffff,Buenos Aires,Cañuelas,2,DEMANDA_BAJA,8,COLECTIVO,REPRESENTATIVE_POINT,
88c2e316e3fffff,Buenos Aires,San Miguel,1,DEMANDA_BAJA,11,COLECTIVO,REPRESENTATIVE_POINT,
88c2e15919fffff,Buenos Aires,General Las Heras,1,DEMANDA_BAJA,5,COLECTIVO,REPRESENTATIVE_POINT,
88c2e391d5fffff,Buenos Aires,Ezeiza,1,DEMANDA_BAJA,19,COLECTIVO,REPRESENTATIVE_POINT,
88c2e390e1fffff,Buenos Aires,Ezeiza,1,DEMANDA_BAJA,19,COLECTIVO,REPRESENTATIVE_POINT,
88c2e39161fffff,Buenos Aires,Ezeiza,1,DEMANDA_BAJA,15,COLECTIVO,REPRESENTATIVE_POINT,
88c2eedb09fffff,Buenos Aires,Pilar,1,DEMANDA_BAJA,4,COLECTIVO,REPRESENTATIVE_POINT,
88c2c59b53fffff,Buenos Aires,San Fernando,1,DEMANDA_BAJA,3,LANCHAS,REPRESENTATIVE_POINT,
88c2e30431fffff,Buenos Aires,Tigre,1,DEMANDA_BAJA,12,LANCHAS,REPRESENTATIVE_POINT,
88c2e044e7fffff,Buenos Aires,Brandsen,1,DEMANDA_BAJA,23,COLECTIVO,REPRESENTATIVE_POINT,
88c2e044e9fffff,Buenos Aires,Brandsen,1,DEMANDA_BAJA,9,COLECTIVO,REPRESENTATIVE_POINT,
88c2e0462dfffff,Buenos Aires,Brandsen,1,DEMANDA_BAJA,7,COLECTIVO,REPRESENTATIVE_POINT,
88c2e055a9fffff,Buenos Aires,Brandsen,1,DEMANDA_BAJA,7,COLECTIVO,REPRESENTATIVE_POINT,
88c2e32035fffff,Buenos Aires,San Fernando,1,DEMANDA_BAJA,20,COLECTIVO,REPRESENTATIVE_POINT,
88c2e0319bfffff,Buenos Aires,Cañuelas,1,DEMANDA_BAJA,12,COLECTIVO,REPRESENTATIVE_POINT,
88c2e0245bfffff,Buenos Aires,Cañuelas,1,DEMANDA_BAJA,9,COLECTIVO,REPRESENTATIVE_POINT,
88c2e021d7fffff,Buenos Aires,Cañuelas,1,DEMANDA_BAJA,14,COLECTIVO,REPRESENTATIVE_POINT,
88c2ee1229fffff,Buenos Aires,San Andrés de Giles,1,DEMANDA_BAJA,8,COLECTIVO,REPRESENTATIVE_POINT,
88c2e07aedfffff,Buenos Aires,Brandsen,1,DEMANDA_BAJA,15,COLECTIVO,REPRESENTATIVE_POINT,
88c2e079b7fffff,Buenos Aires,Brandsen,1,DEMANDA_BAJA,13,COLECTIVO,REPRESENTATIVE_POINT,
88c2eec667fffff,Buenos Aires,Exaltación de la Cruz,1,DEMANDA_BAJA,9,COLECTIVO,REPRESENTATIVE_POINT,
88c2e33809fffff,Buenos Aires,Tigre,1,DEMANDA_BAJA,13,LANCHAS,REPRESENTATIVE_POINT,
88c2e3373bfffff,Buenos Aires,Escobar,1,DEMANDA_BAJA,12,COLECTIVO,REPRESENTATIVE_POINT,
88c2eec6ebfffff,Buenos Aires,San Andrés de Giles,1,DEMANDA_BAJA,5,COLECTIVO,REPRESENTATIVE_POINT,
88c2e079d9fffff,Buenos Aires,Brandsen,1,DEMANDA_BAJA,13,COLECTIVO,REPRESENTATIVE_POINT,
88c2eec2c5fffff,Buenos Aires,Exaltación de la Cruz,1,DEMANDA_BAJA,18,COLECTIVO,REPRESENTATIVE_POINT,
88c2eec605fffff,Buenos Aires,San Andrés de Giles,1,DEMANDA_BAJA,7,COLECTIVO,REPRESENTATIVE_POINT,
88c2ee0b49fffff,Buenos Aires,Zárate,1,DEMANDA_BAJA,17,COLECTIVO,REPRESENTATIVE_POINT,
88c2ee1203fffff,Buenos Aires,San Andrés de Giles,1,DEMANDA_BAJA,22,COLECTIVO,REPRESENTATIVE_POINT,
88c2ee1207fffff,Buenos Aires,San Andrés de Giles,1,DEMANDA_BAJA,16,COLECTIVO,REPRESENTATIVE_POINT,
88c2e32207fffff,Buenos Aires,Escobar,1,DEMANDA_BAJA,7,COLECTIVO,REPRESENTATIVE_POINT,
88c2e3220dfffff,Buenos Aires,Escobar,1,DEMANDA_BAJA,16,COLECTIVO,REPRESENTATIVE_POINT,
88c2eec849fffff,Buenos Aires,Campana,1,DEMANDA_BAJA,12,COLECTIVO,REPRESENTATIVE_POINT,
88c2e3384bfffff,Buenos Aires,Tigre,1,DEMANDA_BAJA,15,LANCHAS,REPRESENTATIVE_POINT,
88c2e3a8e5fffff,Buenos Aires,Malvinas Argentinas,1,DEMANDA_BAJA,14,COLECTIVO,REPRESENTATIVE_POINT,
88c2ee56a1fffff,Buenos Aires,Zárate,1,DEMANDA_BAJA,16,COLECTIVO,REPRESENTATIVE_POINT,
88c2ee56adfffff,Buenos Aires,Zárate,1,DEMANDA_BAJA,17,COLECTIVO,REPRESENTATIVE_POINT,
88c2ee40d5fffff,Buenos Aires,Zárate,1,DEMANDA_BAJA,20,COLECTIVO,REPRESENTATIVE_POINT,
88c2e321d5fffff,Buenos Aires,San Fernando,1,DEMANDA_BAJA,15,LANCHAS,REPRESENTATIVE_POINT,
88c2e32201fffff,Buenos Aires,Escobar,1,DEMANDA_BAJA,12,COLECTIVO,REPRESENTATIVE_POINT,
88c2e3d8b9fffff,Buenos Aires,Berazategui,1,DEMANDA_BAJA,20,COLECTIVO,REPRESENTATIVE_POINT,
88c2e3d905fffff,Buenos Aires,Ensenada,1,DEMANDA_BAJA,9,COLECTIVO,REPRESENTATIVE_POINT,
88c2e3d907fffff,Buenos Aires,Ensenada,1,DEMANDA_BAJA,16,COLECTIVO,REPRESENTATIVE_POINT,
88c2e33801fffff,Buenos Aires,Tigre,1,DEMANDA_BAJA,9,COLECTIVO,REPRESENTATIVE_POINT,
88c2e33807fffff,Buenos Aires,Tigre,1,DEMANDA_BAJA,8,COLECTIVO,REPRESENTATIVE_POINT,
88c2e16cd5fffff,Buenos Aires,Luján,1,DEMANDA_BAJA,8,COLECTIVO,REPRESENTATIVE_POINT,
88c2e16d33fffff,Buenos Aires,Luján,1,DEMANDA_BAJA,14,COLECTIVO,REPRESENTATIVE_POINT,
88c2e16d59fffff,Buenos Aires,Luján,1,DEMANDA_BAJA,15,COLECTIVO,REPRESENTATIVE_POINT,
88c2e16d65fffff,Buenos Aires,Luján,1,DEMANDA_BAJA,9,COLECTIVO,REPRESENTATIVE_POINT,
88c2e16db1fffff,Buenos Aires,Luján,1,DEMANDA_BAJA,7,COLECTIVO,REPRESENTATIVE_POINT,
88c2e12963fffff,Buenos Aires,Mercedes,1,DEMANDA_BAJA,13,COLECTIVO,REPRESENTATIVE_POINT,
88c2e14141fffff,Buenos Aires,General Las Heras,1,DEMANDA_BAJA,19,COLECTIVO,REPRESENTATIVE_POINT,
88c2e14211fffff,Buenos Aires,General Las Heras,1,DEMANDA_BAJA,16,COLECTIVO,REPRESENTATIVE_POINT,
88c2e1421dfffff,Buenos Aires,General Las Heras,1,DEMANDA_BAJA,18,COLECTIVO,REPRESENTATIVE_POINT,
88c2e14221fffff,Buenos Aires,General Las Heras,1,DEMANDA_BAJA,21,COLECTIVO,REPRESENTATIVE_POINT,
88c2e3332bfffff,Buenos Aires,Tigre,1,DEMANDA_BAJA,13,COLECTIVO,REPRESENTATIVE_POINT,
88c2e3335dfffff,Buenos Aires,Tigre,1,DEMANDA_BAJA,7,COLECTIVO,REPRESENTATIVE_POINT,
88c2e3349dfffff,Buenos Aires,Campana,1,DEMANDA_BAJA,17,COLECTIVO,REPRESENTATIVE_POINT,
88c2eec217fffff,Buenos Aires,Exaltación de la Cruz,1,DEMANDA_BAJA,16,COLECTIVO,REPRESENTATIVE_POINT,
88c2eec2c1fffff,Buenos Aires,Exaltación de la Cruz,1,DEMANDA_BAJA,13,COLECTIVO,REPRESENTATIVE_POINT,
88c2eec2c3fffff,Buenos Aires,Exaltación de la Cruz,1,DEMANDA_BAJA,19,COLECTIVO,REPRESENTATIVE_POINT,
88c2e1c04bfffff,Buenos Aires,Lobos,1,DEMANDA_BAJA,13,COLECTIVO,REPRESENTATIVE_POINT,
88c2e1c1c5fffff,Buenos Aires,Lobos,1,DEMANDA_BAJA,18,COLECTIVO,REPRESENTATIVE_POINT,
88c2e1c1c9fffff,Buenos Aires,Lobos,1,DEMANDA_BAJA,13,COLECTIVO,REPRESENTATIVE_POINT,
88c2e0aab9fffff,Buenos Aires,Monte,1,DEMANDA_BAJA,8,COLECTIVO,REPRESENTATIVE_POINT,
88c2e16cd3fffff,Buenos Aires,Luján,1,DEMANDA_BAJA,15,COLECTIVO,REPRESENTATIVE_POINT,
88c2e02c49fffff,Buenos Aires,Cañuelas,1,DEMANDA_BAJA,8,COLECTIVO,REPRESENTATIVE_POINT,
88c2e02c57fffff,Buenos Aires,Cañuelas,1,DEMANDA_BAJA,17,COLECTIVO,REPRESENTATIVE_POINT,
88c2e3398bfffff,Buenos Aires,San Fernando,1,DEMANDA_BAJA,19,COLECTIVO,REPRESENTATIVE_POINT,
88c2e33991fffff,Buenos Aires,San Fernando,1,DEMANDA_BAJA,14,LANCHAS,REPRESENTATIVE_POINT,
88c2e33a83fffff,Buenos Aires,Tigre,1,DEMANDA_BAJA,17,LANCHAS,REPRESENTATIVE_POINT,
88c2e1485dfffff,Buenos Aires,Marcos Paz,1,DEMANDA_BAJA,13,COLECTIVO,REPRESENTATIVE_POINT,
88c2e1431bfffff,Buenos Aires,General Las Heras,1,DEMANDA_BAJA,19,COLECTIVO,REPRESENTATIVE_POINT,
88c2e32617fffff,Buenos Aires,Campana,1,DEMANDA_BAJA,8,COLECTIVO,REPRESENTATIVE_POINT,
88c2e2a4c3fffff,Buenos Aires,La Plata,1,DEMANDA_BAJA,15,COLECTIVO,REPRESENTATIVE_POINT,
88c2e2a52dfffff,Buenos Aires,La Plata,1,DEMANDA_BAJA,18,COLECTIVO,REPRESENTATIVE_POINT,
88c2e2a701fffff,Buenos Aires,La Plata,1,DEMANDA_BAJA,7,COLECTIVO,REPRESENTATIVE_POINT,
88c2e3c033fffff,Buenos Aires,Berazategui,1,DEMANDA_BAJA,6,COLECTIVO,REPRESENTATIVE_POINT,
88c2eec037fffff,Buenos Aires,Exaltación de la Cruz,1,DEMANDA_BAJA,12,COLECTIVO,REPRESENTATIVE_POINT,
88c2e02ca7fffff,Buenos Aires,Cañuelas,1,DEMANDA_BAJA,8,COLECTIVO,REPRESENTATIVE_POINT,
88c2e33a2dfffff,Buenos Aires,Tigre,1,DEMANDA_BAJA,5,LANCHAS,REPRESENTATIVE_POINT,
88c2e33a45fffff,Buenos Aires,Tigre,1,DEMANDA_BAJA,6,LANCHAS,REPRESENTATIVE_POINT,
88c2e149e1fffff,Buenos Aires,Marcos Paz,1,DEMANDA_BAJA,17,COLECTIVO,REPRESENTATIVE_POINT,
88c2e149e5fffff,Buenos Aires,Marcos Paz,1,DEMANDA_BAJA,7,COLECTIVO,REPRESENTATIVE_POINT,
88c2e14a31fffff,Buenos Aires,Marcos Paz,1,DEMANDA_BAJA,15,COLECTIVO,REPRESENTATIVE_POINT,
88c2e14a33fffff,Buenos Aires,Marcos Paz,1,DEMANDA_BAJA,11,COLECTIVO,REPRESENTATIVE_POINT,
88c2e3c4e5fffff,Buenos Aires,Avellaneda,1,DEMANDA_BAJA,15,COLECTIVO,REPRESENTATIVE_POINT,
88c2e314a1fffff,Buenos Aires,General San Martín,1,DEMANDA_BAJA,7,COLECTIVO,REPRESENTATIVE_POINT,
88c2e3b49dfffff,Buenos Aires,General Rodríguez,1,DEMANDA_BAJA,8,COLECTIVO,REPRESENTATIVE_POINT,
88c2e32129fffff,Buenos Aires,San Fernando,1,DEMANDA_BAJA,9,LANCHAS,REPRESENTATIVE_POINT,
88c2ee091dfffff,Buenos Aires,Zárate,1,DEMANDA_BAJA,12,COLECTIVO,REPRESENTATIVE_POINT,
88c2ee0b29fffff,Buenos Aires,Zárate,1,DEMANDA_BAJA,18,COLECTIVO,REPRESENTATIVE_POINT,
88c2e305d5fffff,Buenos Aires,Tigre,1,DEMANDA_BAJA,6,LANCHAS,REPRESENTATIVE_POINT,
88c2e2b0b7fffff,Buenos Aires,La Plata,1,DEMANDA_BAJA,13,COLECTIVO,REPRESENTATIVE_POINT,
88c2e2b0bbfffff,Buenos Aires,La Plata,1,DEMANDA_BAJA,7,COLECTIVO,REPRESENTATIVE_POINT,
88c2e3d731fffff,Buenos Aires,Florencio Varela,1,DEMANDA_BAJA,20,COLECTIVO,REPRESENTATIVE_POINT,
88c2e2ad61fffff,Buenos Aires,La Plata,1,DEMANDA_BAJA,7,COLECTIVO,REPRESENTATIVE_POINT,
88c2ee5445fffff,Buenos Aires,Zárate,1,DEMANDA_BAJA,15,COLECTIVO,REPRESENTATIVE_POINT,
88c2ee545bfffff,Buenos Aires,Zárate,1,DEMANDA_BAJA,10,COLECTIVO,REPRESENTATIVE_POINT,
88c2ee5615fffff,Buenos Aires,Zárate,1,DEMANDA_BAJA,14,COLECTIVO,REPRESENTATIVE_POINT,
88c2ee5665fffff,Buenos Aires,Zárate,1,DEMANDA_BAJA,17,COLECTIVO,REPRESENTATIVE_POINT,
88c2e30721fffff,Buenos Aires,San Isidro,1,DEMANDA_BAJA,15,TREN,REPRESENTATIVE_POINT,
88c2e3c51bfffff,Buenos Aires,Quilmes,1,DEMANDA_BAJA,8,COLECTIVO,REPRESENTATIVE_POINT,
88c2e33127fffff,Buenos Aires,Tigre,1,DEMANDA_BAJA,11,LANCHAS,REPRESENTATIVE_POINT,
88c2e3313dfffff,Buenos Aires,Tigre,1,DEMANDA_BAJA,8,LANCHAS,REPRESENTATIVE_POINT,
88c2e331bdfffff,Buenos Aires,Escobar,1,DEMANDA_BAJA,6,COLECTIVO,REPRESENTATIVE_POINT,
88c2e33115fffff,Buenos Aires,Tigre,1,DEMANDA_BAJA,22,COLECTIVO,REPRESENTATIVE_POINT,
88c2e1caa5fffff,Buenos Aires,Lobos,1,DEMANDA_BAJA,7,COLECTIVO,REPRESENTATIVE_POINT,
88c2e07481fffff,Buenos Aires,San Vicente,1,DEMANDA_BAJA,19,COLECTIVO,REPRESENTATIVE_POINT,
88c2e3d565fffff,Buenos Aires,Florencio Varela,1,DEMANDA_BAJA,19,COLECTIVO,REPRESENTATIVE_POINT,
88c2e1c811fffff,Buenos Aires,Lobos,1,DEMANDA_BAJA,14,COLECTIVO,REPRESENTATIVE_POINT,
88c2e1c8edfffff,Buenos Aires,Lobos,1,DEMANDA_BAJA,7,COLECTIVO,REPRESENTATIVE_POINT,
88c2e1c98dfffff,Buenos Aires,Lobos,1,DEMANDA_BAJA,7,COLECTIVO,REPRESENTATIVE_POINT,
88c2e33a6dfffff,Buenos Aires,Tigre,1,DEMANDA_BAJA,7,LANCHAS,REPRESENTATIVE_POINT,
88c2eeca21fffff,Buenos Aires,Campana,1,DEMANDA_BAJA,20,COLECTIVO,REPRESENTATIVE_POINT,
88c2e3a615fffff,Buenos Aires,Luján,1,DEMANDA_BAJA,14,COLECTIVO,REPRESENTATIVE_POINT,
88c2e3a631fffff,Buenos Aires,Luján,1,DEMANDA_BAJA,9,COLECTIVO,REPRESENTATIVE_POINT,
88c2e3a635fffff,Buenos Aires,Luján,1,DEMANDA_BAJA,14,COLECTIVO,REPRESENTATIVE_POINT,
88c2e14a83fffff,Buenos Aires,General Las Heras,1,DEMANDA_BAJA,18,COLECTIVO,REPRESENTATIVE_POINT,
88c2e14a95fffff,Buenos Aires,General Las Heras,1,DEMANDA_BAJA,18,COLECTIVO,REPRESENTATIVE_POINT,
88c2e14abbfffff,Buenos Aires,Marcos Paz,1,DEMANDA_BAJA,17,COLECTIVO,REPRESENTATIVE_POINT,
88c2e3a515fffff,Buenos Aires,Pilar,1,DEMANDA_BAJA,13,COLECTIVO,REPRESENTATIVE_POINT,
88c2e168b1fffff,Buenos Aires,Luján,1,DEMANDA_BAJA,15,COLECTIVO,REPRESENTATIVE_POINT,
88c2e305d7fffff,Buenos Aires,Tigre,1,DEMANDA_BAJA,17,LANCHAS,REPRESENTATIVE_POINT,
88c2e30603fffff,Buenos Aires,Tigre,1,DEMANDA_BAJA,16,COLECTIVO,REPRESENTATIVE_POINT,
88c2e33113fffff,Buenos Aires,Escobar,1,DEMANDA_BAJA,21,COLECTIVO,REPRESENTATIVE_POINT,
88c2eeb243fffff,Buenos Aires,Carmen de Areco,1,DEMANDA_BAJA,6,COLECTIVO,REPRESENTATIVE_POINT,
88c2eeb251fffff,Buenos Aires,Carmen de Areco,1,DEMANDA_BAJA,17,COLECTIVO,REPRESENTATIVE_POINT,
88c2e33121fffff,Buenos Aires,Tigre,1,DEMANDA_BAJA,5,LANCHAS,REPRESENTATIVE_POINT,
88c2e3d887fffff,Buenos Aires,Ensenada,1,DEMANDA_BAJA,20,COLECTIVO,REPRESENTATIVE_POINT,
88c2e32309fffff,Buenos Aires,Escobar,1,DEMANDA_BAJA,16,COLECTIVO,REPRESENTATIVE_POINT,
88c2e3af35fffff,Buenos Aires,Pilar,1,DEMANDA_BAJA,12,COLECTIVO,REPRESENTATIVE_POINT,
88c2e32425fffff,Buenos Aires,Campana,1,DEMANDA_BAJA,4,COLECTIVO,REPRESENTATIVE_POINT,
88c2e3242dfffff,Buenos Aires,Campana,1,DEMANDA_BAJA,18,COLECTIVO,REPRESENTATIVE_POINT,
88c2e2af11fffff,Buenos Aires,La Plata,1,DEMANDA_BAJA,17,COLECTIVO,REPRESENTATIVE_POINT,
88c2e3a467fffff,Buenos Aires,Pilar,1,DEMANDA_BAJA,14,COLECTIVO,REPRESENTATIVE_POINT,
88c2e33addfffff,Buenos Aires,Tigre,1,DEMANDA_BAJA,17,LANCHAS,REPRESENTATIVE_POINT,
88c2ee95b1fffff,Buenos Aires,San Andrés de Giles,1,DEMANDA_BAJA,20,COLECTIVO,REPRESENTATIVE_POINT,
88c2e06b01fffff,Buenos Aires,La Plata,1,DEMANDA_BAJA,12,COLECTIVO,REPRESENTATIVE_POINT,
88c2e06b23fffff,Buenos Aires,La Plata,1,DEMANDA_BAJA,18,COLECTIVO,REPRESENTATIVE_POINT,
88c2ee9829fffff,Buenos Aires,San Andrés de Giles,1,DEMANDA_BAJA,20,COLECTIVO,REPRESENTATIVE_POINT,
88c2ee9887fffff,Buenos Aires,San Andrés de Giles,1,DEMANDA_BAJA,6,COLECTIVO,REPRESENTATIVE_POINT,
88c2ee9895fffff,Buenos Aires,San Andrés de Giles,1,DEMANDA_BAJA,7,COLECTIVO,REPRESENTATIVE_POINT,
88c2ee989dfffff,Buenos Aires,San Andrés de Giles,1,DEMANDA_BAJA,14,COLECTIVO,REPRESENTATIVE_POINT,
88c2ee98e3fffff,Buenos Aires,San Andrés de Giles,1,DEMANDA_BAJA,14,COLECTIVO,REPRESENTATIVE_POINT,
88c2e330ddfffff,Buenos Aires,Escobar,1,DEMANDA_BAJA,7,COLECTIVO,REPRESENTATIVE_POINT,
88c2ee135bfffff,Buenos Aires,San Andrés de Giles,1,DEMANDA_BAJA,6,COLECTIVO,REPRESENTATIVE_POINT,
88c2ee19a5fffff,Buenos Aires,Zárate,1,DEMANDA_BAJA,8,COLECTIVO,REPRESENTATIVE_POINT,
88c2ee4011fffff,Buenos Aires,Zárate,1,DEMANDA_BAJA,19,COLECTIVO,REPRESENTATIVE_POINT,
88c2ec4d2dfffff,Buenos Aires,Carmen de Areco,1,DEMANDA_BAJA,17,COLECTIVO,REPRESENTATIVE_POINT,
88c2e3b64bfffff,Buenos Aires,General Rodríguez,1,DEMANDA_BAJA,6,COLECTIVO,REPRESENTATIVE_POINT,
88c2e3b70dfffff,Buenos Aires,General Rodríguez,1,DEMANDA_BAJA,21,COLECTIVO,REPRESENTATIVE_POINT,
88c2e30c99fffff,Buenos Aires,Tigre,1,DEMANDA_BAJA,17,COLECTIVO,REPRESENTATIVE_POINT,
88c2e02567fffff,Buenos Aires,Cañuelas,1,DEMANDA_BAJA,11,COLECTIVO,REPRESENTATIVE_POINT,
88c2e02617fffff,Buenos Aires,Cañuelas,1,DEMANDA_BAJA,20,COLECTIVO,REPRESENTATIVE_POINT,
88c2e1661bfffff,Buenos Aires,Mercedes,1,DEMANDA_BAJA,12,COLECTIVO,REPRESENTATIVE_POINT,
88c2e1608dfffff,Buenos Aires,Mercedes,1,DEMANDA_BAJA,16,COLECTIVO,REPRESENTATIVE_POINT,
88c2e16189fffff,Buenos Aires,Luján,1,DEMANDA_BAJA,11,COLECTIVO,REPRESENTATIVE_POINT,
88c2e1618dfffff,Buenos Aires,Luján,1,DEMANDA_BAJA,10,COLECTIVO,REPRESENTATIVE_POINT,
88c2e16281fffff,Buenos Aires,Mercedes,1,DEMANDA_BAJA,16,COLECTIVO,REPRESENTATIVE_POINT,
88c2e162c3fffff,Buenos Aires,Mercedes,1,DEMANDA_BAJA,16,COLECTIVO,REPRESENTATIVE_POINT,
88c2e33b5bfffff,Buenos Aires,Tigre,1,DEMANDA_BAJA,10,COLECTIVO,REPRESENTATIVE_POINT,
88c2e3662dfffff,Buenos Aires,San Fernando,1,DEMANDA_BAJA,14,LANCHAS,REPRESENTATIVE_POINT,
88c2e36697fffff,Buenos Aires,San Fernando,1,DEMANDA_BAJA,5,LANCHAS,REPRESENTATIVE_POINT,
88c2e366c3fffff,Buenos Aires,San Fernando,1,DEMANDA_BAJA,5,LANCHAS,REPRESENTATIVE_POINT,
88c2e38103fffff,Buenos Aires,Ezeiza,1,DEMANDA_BAJA,21,COLECTIVO,REPRESENTATIVE_POINT,
88c2e02689fffff,Buenos Aires,General Las Heras,1,DEMANDA_BAJA,8,COLECTIVO,REPRESENTATIVE_POINT,
88c2e026a9fffff,Buenos Aires,Cañuelas,1,DEMANDA_BAJA,7,COLECTIVO,REPRESENTATIVE_POINT,
88c2e026d1fffff,Buenos Aires,Lobos,1,DEMANDA_BAJA,11,COLECTIVO,REPRESENTATIVE_POINT,
88c2e026e7fffff,Buenos Aires,Cañuelas,1,DEMANDA_BAJA,8,COLECTIVO,REPRESENTATIVE_POINT,
88c2e381e9fffff,Buenos Aires,Ezeiza,1,DEMANDA_BAJA,17,COLECTIVO,REPRESENTATIVE_POINT,
88c2e38221fffff,Buenos Aires,Ezeiza,1,DEMANDA_BAJA,12,COLECTIVO,REPRESENTATIVE_POINT,
88c2e155ddfffff,Buenos Aires,Navarro,1,DEMANDA_BAJA,16,COLECTIVO,REPRESENTATIVE_POINT,
88c2e14b63fffff,Buenos Aires,Marcos Paz,1,DEMANDA_BAJA,19,COLECTIVO,REPRESENTATIVE_POINT,
88c2e14c03fffff,Buenos Aires,Marcos Paz,1,DEMANDA_BAJA,6,COLECTIVO,REPRESENTATIVE_POINT,
88c2e14c2bfffff,Buenos Aires,Marcos Paz,1,DEMANDA_BAJA,8,COLECTIVO,REPRESENTATIVE_POINT,
88c2e14c65fffff,Buenos Aires,Marcos Paz,1,DEMANDA_BAJA,6,COLECTIVO,REPRESENTATIVE_POINT,
88c2e14cbbfffff,Buenos Aires,General Rodríguez,1,DEMANDA_BAJA,13,COLECTIVO,REPRESENTATIVE_POINT,
88c2eed621fffff,Buenos Aires,San Andrés de Giles,1,DEMANDA_BAJA,12,COLECTIVO,REPRESENTATIVE_POINT,
88c2e386ddfffff,Buenos Aires,Marcos Paz,1,DEMANDA_BAJA,8,COLECTIVO,REPRESENTATIVE_POINT,
88c2ee5ad1fffff,Buenos Aires,Campana,1,DEMANDA_BAJA,18,COLECTIVO,REPRESENTATIVE_POINT,
88c2ee805dfffff,Buenos Aires,San Andrés de Giles,1,DEMANDA_BAJA,6,COLECTIVO,REPRESENTATIVE_POINT,
88c2ee8169fffff,Buenos Aires,San Andrés de Giles,1,DEMANDA_BAJA,11,COLECTIVO,REPRESENTATIVE_POINT,
88c2ee829dfffff,Buenos Aires,San Andrés de Giles,1,DEMANDA_BAJA,18,COLECTIVO,REPRESENTATIVE_POINT,
88c2e06761fffff,Buenos Aires,San Vicente,1,DEMANDA_BAJA,10,COLECTIVO,REPRESENTATIVE_POINT,
88c2e3c083fffff,Buenos Aires,Berazategui,1,DEMANDA_BAJA,19,COLECTIVO,REPRESENTATIVE_POINT,
88c2e06b4bfffff,Buenos Aires,Brandsen,1,DEMANDA_BAJA,9,COLECTIVO,REPRESENTATIVE_POINT,
88c2ee8669fffff,Buenos Aires,San Andrés de Giles,1,DEMANDA_BAJA,21,COLECTIVO,REPRESENTATIVE_POINT,
88c2ee86d9fffff,Buenos Aires,Carmen de Areco,1,DEMANDA_BAJA,15,COLECTIVO,REPRESENTATIVE_POINT,
88c2e33025fffff,Buenos Aires,Escobar,1,DEMANDA_BAJA,9,LANCHAS,REPRESENTATIVE_POINT,
88c2e3acb9fffff,Buenos Aires,Pilar,1,DEMANDA_BAJA,9,COLECTIVO,REPRESENTATIVE_POINT,
88c2ee95a1fffff,Buenos Aires,San Andrés de Giles,1,DEMANDA_BAJA,10,COLECTIVO,REPRESENTATIVE_POINT,
88c2e14ce5fffff,Buenos Aires,General Rodríguez,1,DEMANDA_BAJA,10,COLECTIVO,REPRESENTATIVE_POINT,
88c2e161d3fffff,Buenos Aires,Luján,1,DEMANDA_BAJA,9,COLECTIVO,REPRESENTATIVE_POINT,
88c2e154e1fffff,Buenos Aires,Navarro,1,DEMANDA_BAJA,6,COLECTIVO,REPRESENTATIVE_POINT,
88c2e15533fffff,Buenos Aires,General Las Heras,1,DEMANDA_BAJA,17,COLECTIVO,REPRESENTATIVE_POINT,
88c2e155c7fffff,Buenos Aires,Navarro,1,DEMANDA_BAJA,9,COLECTIVO,REPRESENTATIVE_POINT,
88c2e388cdfffff,Buenos Aires,Lomas de Zamora,1,DEMANDA_BAJA,17,COLECTIVO,REPRESENTATIVE_POINT,
88c2eed91dfffff,Buenos Aires,Campana,1,DEMANDA_BAJA,19,COLECTIVO,REPRESENTATIVE_POINT,
88c2e39b11fffff,Buenos Aires,Presidente Perón,1,DEMANDA_BAJA,16,COLECTIVO,REPRESENTATIVE_POINT,
88c2eed9b5fffff,Buenos Aires,Campana,1,DEMANDA_BAJA,10,COLECTIVO,REPRESENTATIVE_POINT,
88c2e14f63fffff,Buenos Aires,Marcos Paz,1,DEMANDA_BAJA,13,COLECTIVO,REPRESENTATIVE_POINT,
88c2e065b3fffff,Buenos Aires,Presidente Perón,1,DEMANDA_BAJA,15,COLECTIVO,REPRESENTATIVE_POINT,
88c2e065b7fffff,Buenos Aires,Presidente Perón,1,DEMANDA_BAJA,9,COLECTIVO,REPRESENTATIVE_POINT,
88c2ee56d7fffff,Buenos Aires,Zárate,1,DEMANDA_BAJA,12,COLECTIVO,REPRESENTATIVE_POINT,
88c2e32b5dfffff,Buenos Aires,San Fernando,1,DEMANDA_BAJA,4,LANCHAS,REPRESENTATIVE_POINT,
88c2e3290bfffff,Buenos Aires,San Fernando,1,DEMANDA_BAJA,5,LANCHAS,REPRESENTATIVE_POINT,
88c2e3292bfffff,Buenos Aires,San Fernando,1,DEMANDA_BAJA,5,LANCHAS,REPRESENTATIVE_POINT,
88c2e329d9fffff,Buenos Aires,San Fernando,1,DEMANDA_BAJA,5,LANCHAS,REPRESENTATIVE_POINT,
88c2e32a55fffff,Buenos Aires,San Fernando,1,DEMANDA_BAJA,6,LANCHAS,REPRESENTATIVE_POINT,
88c2eed9e5fffff,Buenos Aires,Campana,1,DEMANDA_BAJA,11,COLECTIVO,REPRESENTATIVE_POINT,
88c2e39421fffff,Buenos Aires,La Matanza,1,DEMANDA_BAJA,10,COLECTIVO,REPRESENTATIVE_POINT,
88c2e39507fffff,Buenos Aires,La Matanza,1,DEMANDA_BAJA,19,COLECTIVO,REPRESENTATIVE_POINT,
88c2c59b59fffff,Buenos Aires,San Fernando,1,DEMANDA_BAJA,3,LANCHAS,REPRESENTATIVE_POINT,
88c2e0242dfffff,Buenos Aires,Cañuelas,1,DEMANDA_BAJA,15,COLECTIVO,REPRESENTATIVE_POINT,
88c2e30497fffff,Buenos Aires,Tigre,1,DEMANDA_BAJA,13,LANCHAS,REPRESENTATIVE_POINT,
88c2ee4569fffff,Buenos Aires,Zárate,1,DEMANDA_BAJA,20,COLECTIVO,REPRESENTATIVE_POINT,
88c2e02e53fffff,Buenos Aires,Cañuelas,1,DEMANDA_BAJA,17,COLECTIVO,REPRESENTATIVE_POINT,
88c2e32235fffff,Buenos Aires,Campana,1,DEMANDA_BAJA,10,LANCHAS,REPRESENTATIVE_POINT,
88c2e06413fffff,Buenos Aires,San Vicente,1,DEMANDA_BAJA,17,COLECTIVO,REPRESENTATIVE_POINT,
88c2e30415fffff,Buenos Aires,Tigre,1,DEMANDA_BAJA,17,LANCHAS,REPRESENTATIVE_POINT,
88c2e02199fffff,Buenos Aires,Cañuelas,1,DEMANDA_BAJA,8,COLECTIVO,REPRESENTATIVE_POINT,
88c2c59135fffff,Buenos Aires,San Fernando,1,DEMANDA_BAJA,4,LANCHAS,REPRESENTATIVE_POINT,
88c2e02197fffff,Buenos Aires,Cañuelas,1,DEMANDA_BAJA,12,COLECTIVO,REPRESENTATIVE_POINT,
88c2eedb5bfffff,Buenos Aires,Pilar,1,DEMANDA_BAJA,17,COLECTIVO,REPRESENTATIVE_POINT,
88c2eedae5fffff,Buenos Aires,Pilar,1,DEMANDA_BAJA,18,COLECTIVO,REPRESENTATIVE_POINT,
