{
"type": "FeatureCollection",
"name": "h3_prioridad_sube_2025",
"crs": { "type": "name", "properties": { "name": "urn:ogc:def:crs:OGC:1.3:CRS84" } },
"features": [
{ "type": "Feature", "properties": { "id_h3": "88c2e31101fffff", "operaciones_totales": 385544, "ranking_perfil": 1, "percentil_demanda": 100.0, "categoria_demanda": "HOTSPOT_EXTREMO", "hora_pico": 8, "operaciones_hora_pico": 57152, "pct_hora_pico": 14.823729587284459, "franja_dominante": "MANANA", "perfil_temporal": "MATUTINO", "modo_dominante": "TREN", "pct_modo_dominante": 59.779428547714396, "cantidad_modos": 3, "indice_dominancia_modal": 0.59779428547714397, "perfil_nodo": "HOTSPOT_EXTREMO_MATUTINO", "prioridad_analitica": "PRIORIDAD_MUY_ALTA" }, "geometry": { "type": "Polygon", "coordinates": [ [ [ -58.378282342185742, -34.631162566132204 ], [ -58.383032562790774, -34.629199266747982 ], [ -58.383784082900924, -34.625355179641495 ], [ -58.379785513988828, -34.623474288651956 ], [ -58.375035185809061, -34.625437586932861 ], [ -58.374283534120032, -34.629281777297891 ], [ -58.378282342185742, -34.631162566132204 ] ] ] } },
{ "type": "Feature", "properties": { "id_h3": "88c2e31113fffff", "operaciones_totales": 187709, "ranking_perfil": 2, "percentil_demanda": 99.985261606484897, "categoria_demanda": "HOTSPOT_EXTREMO", "hora_pico": 17, "operaciones_hora_pico": 16328, "pct_hora_pico": 8.6985706599044263, "franja_dominante": "MEDIODIA", "perfil_temporal": "DIURNO", "modo_dominante": "TREN", "pct_modo_dominante": 50.525014783521307, "cantidad_modos": 3, "indice_dominancia_modal": 0.50525014783521305, "perfil_nodo": "HOTSPOT_EXTREMO_DIURNO", "prioridad_analitica": "PRIORIDAD_MUY_ALTA" }, "geometry": { "type": "Polygon", "coordinates": [ [ [ -58.403533309986251, -34.613655231396343 ], [ -58.40828209989386, -34.611690907115502 ], [ -58.409033214005959, -34.607845848965745 ], [ -58.405035669828344, -34.605965011583159 ], [ -58.400286772148533, -34.607929334701936 ], [ -58.399535526422433, -34.611774496356674 ], [ -58.403533309986251, -34.613655231396343 ] ] ] } },
{ "type": "Feature", "properties": { "id_h3": "88c2e38ccdfffff", "operaciones_totales": 134803, "ranking_perfil": 3, "percentil_demanda": 99.970523212969781, "categoria_demanda": "HOTSPOT_EXTREMO", "hora_pico": 18, "operaciones_hora_pico": 12193, "pct_hora_pico": 9.045050926166331, "franja_dominante": "MEDIODIA", "perfil_temporal": "DIURNO", "modo_dominante": "COLECTIVO", "pct_modo_dominante": 57.699754456503193, "cantidad_modos": 2, "indice_dominancia_modal": 0.57699754456503194, "perfil_nodo": "HOTSPOT_EXTREMO_DIURNO", "prioridad_analitica": "PRIORIDAD_MUY_ALTA" }, "geometry": { "type": "Polygon", "coordinates": [ [ [ -58.618476112053443, -34.651650063053019 ], [ -58.622977026833453, -34.650900015553482 ], [ -58.623725004217711, -34.647060354451675 ], [ -58.619972108648618, -34.643970870677457 ], [ -58.615233665291704, -34.645940828442555 ], [ -58.614485600993696, -34.649780476753591 ], [ -58.618476112053443, -34.651650063053019 ] ] ] } },
{ "type": "Feature", "properties": { "id_h3": "88c2e3c6d3fffff", "operaciones_totales": 123220, "ranking_perfil": 4, "percentil_demanda": 99.955784819454692, "categoria_demanda": "HOTSPOT_EXTREMO", "hora_pico": 17, "operaciones_hora_pico": 11209, "pct_hora_pico": 9.0967375426067196, "franja_dominante": "MEDIODIA", "perfil_temporal": "DIURNO", "modo_dominante": "COLECTIVO", "pct_modo_dominante": 64.465184223340373, "cantidad_modos": 2, "indice_dominancia_modal": 0.64465184223340377, "perfil_nodo": "HOTSPOT_EXTREMO_DIURNO", "prioridad_analitica": "PRIORIDAD_MUY_ALTA" }, "geometry": { "type": "Polygon", "coordinates": [ [ [ -58.388747127495598, -34.711566510597372 ], [ -58.393497594565453, -34.709604227365539 ], [ -58.394249079184043, -34.705766189027869 ], [ -58.390250228376679, -34.703890331182095 ], [ -58.38549965361215, -34.705852613518218 ], [ -58.384748037353603, -34.709690754587029 ], [ -58.388747127495598, -34.711566510597372 ] ] ] } },
{ "type": "Feature", "properties": { "id_h3": "88c2e3ba6bfffff", "operaciones_totales": 113887, "ranking_perfil": 5, "percentil_demanda": 99.941046425939575, "categoria_demanda": "HOTSPOT_EXTREMO", "hora_pico": 18, "operaciones_hora_pico": 10501, "pct_hora_pico": 9.2205431699842819, "franja_dominante": "MEDIODIA", "perfil_temporal": "DIURNO", "modo_dominante": "COLECTIVO", "pct_modo_dominante": 52.169255490091061, "cantidad_modos": 2, "indice_dominancia_modal": 0.5216925549009106, "perfil_nodo": "HOTSPOT_EXTREMO_DIURNO", "prioridad_analitica": "PRIORIDAD_MUY_ALTA" }, "geometry": { "type": "Polygon", "coordinates": [ [ [ -58.729607215470054, -34.66282397739176 ], [ -58.725099463466094, -34.663577999834786 ], [ -58.724352043153452, -34.66742003465734 ], [ -58.728112417308367, -34.670508176495886 ], [ -58.732620492573723, -34.669754332618609 ], [ -58.733367870410127, -34.665912168344335 ], [ -58.729607215470054, -34.66282397739176 ] ] ] } },
{ "type": "Feature", "properties": { "id_h3": "88c2e3895dfffff", "operaciones_totales": 107844, "ranking_perfil": 6, "percentil_demanda": 99.926308032424473, "categoria_demanda": "HOTSPOT_EXTREMO", "hora_pico": 17, "operaciones_hora_pico": 10318, "pct_hora_pico": 9.5675234598123211, "franja_dominante": "MEDIODIA", "perfil_temporal": "DIURNO", "modo_dominante": "TREN", "pct_modo_dominante": 50.074181224732015, "cantidad_modos": 2, "indice_dominancia_modal": 0.50074181224732017, "perfil_nodo": "HOTSPOT_EXTREMO_DIURNO", "prioridad_analitica": "PRIORIDAD_MUY_ALTA" }, "geometry": { "type": "Polygon", "coordinates": [ [ [ -58.400475576861666, -34.763130278232815 ], [ -58.405225951446155, -34.761168503316647 ], [ -58.405977337951938, -34.757334411819848 ], [ -58.401978481565124, -34.755461992814247 ], [ -58.397227999168258, -34.757423766964592 ], [ -58.396476480974485, -34.7612579608776 ], [ -58.400475576861666, -34.763130278232815 ] ] ] } },
{ "type": "Feature", "properties": { "id_h3": "88c2e31ad1fffff", "operaciones_totales": 99078, "ranking_perfil": 7, "percentil_demanda": 99.911569638909356, "categoria_demanda": "HOTSPOT_EXTREMO", "hora_pico": 17, "operaciones_hora_pico": 12414, "pct_hora_pico": 12.529522194634529, "franja_dominante": "TARDE", "perfil_temporal": "VESPERTINO", "modo_dominante": "TREN", "pct_modo_dominante": 47.106320272916285, "cantidad_modos": 3, "indice_dominancia_modal": 0.47106320272916286, "perfil_nodo": "HOTSPOT_EXTREMO_VESPERTINO", "prioridad_analitica": "PRIORIDAD_MUY_ALTA" }, "geometry": { "type": "Polygon", "coordinates": [ [ [ -58.376297793660903, -34.596638032098063 ], [ -58.381047783368082, -34.594674225238414 ], [ -58.381799281073704, -34.590827575292359 ], [ -58.377800920633149, -34.588944628700489 ], [ -58.373050823382329, -34.590908434365844 ], [ -58.37229919411962, -34.59475518780863 ], [ -58.376297793660903, -34.596638032098063 ] ] ] } },
{ "type": "Feature", "properties": { "id_h3": "88c2e312d9fffff", "operaciones_totales": 95342, "ranking_perfil": 8, "percentil_demanda": 99.896831245394253, "categoria_demanda": "HOTSPOT_EXTREMO", "hora_pico": 7, "operaciones_hora_pico": 11966, "pct_hora_pico": 12.550607287449392, "franja_dominante": "MANANA", "perfil_temporal": "MATUTINO", "modo_dominante": "COLECTIVO", "pct_modo_dominante": 61.192339157978651, "cantidad_modos": 2, "indice_dominancia_modal": 0.61192339157978648, "perfil_nodo": "HOTSPOT_EXTREMO_MATUTINO", "prioridad_analitica": "PRIORIDAD_MUY_ALTA" }, "geometry": { "type": "Polygon", "coordinates": [ [ [ -58.524660904255718, -34.641194946979127 ], [ -58.529403874925443, -34.639227541859334 ], [ -58.530153207158342, -34.635386034941256 ], [ -58.526159700564342, -34.633511829249443 ], [ -58.52141662112976, -34.635479233224849 ], [ -58.520667157057865, -34.639320844027743 ], [ -58.524660904255718, -34.641194946979127 ] ] ] } },
{ "type": "Feature", "properties": { "id_h3": "88c2e3b135fffff", "operaciones_totales": 93481, "ranking_perfil": 9, "percentil_demanda": 99.88209285187915, "categoria_demanda": "HOTSPOT_EXTREMO", "hora_pico": 18, "operaciones_hora_pico": 8001, "pct_hora_pico": 8.5589585049368324, "franja_dominante": "MEDIODIA", "perfil_temporal": "DIURNO", "modo_dominante": "COLECTIVO", "pct_modo_dominante": 52.989377520565675, "cantidad_modos": 2, "indice_dominancia_modal": 0.52989377520565673, "perfil_nodo": "HOTSPOT_EXTREMO_DIURNO", "prioridad_analitica": "PRIORIDAD_MUY_ALTA" }, "geometry": { "type": "Polygon", "coordinates": [ [ [ -58.788978955674224, -34.649156189132938 ], [ -58.784467808871817, -34.649913323891717 ], [ -58.783720794157666, -34.653758247101379 ], [ -58.787484969059676, -34.656846165004843 ], [ -58.791996439050557, -34.656089208549588 ], [ -58.792743410938286, -34.652244155894721 ], [ -58.788978955674224, -34.649156189132938 ] ] ] } },
{ "type": "Feature", "properties": { "id_h3": "88c2e310adfffff", "operaciones_totales": 90242, "ranking_perfil": 10, "percentil_demanda": 99.867354458364048, "categoria_demanda": "HOTSPOT_EXTREMO", "hora_pico": 8, "operaciones_hora_pico": 9375, "pct_hora_pico": 10.38873251922608, "franja_dominante": "MANANA", "perfil_temporal": "MATUTINO", "modo_dominante": "TREN", "pct_modo_dominante": 44.245473282950286, "cantidad_modos": 3, "indice_dominancia_modal": 0.44245473282950287, "perfil_nodo": "HOTSPOT_EXTREMO_MATUTINO", "prioridad_analitica": "PRIORIDAD_MUY_ALTA" }, "geometry": { "type": "Polygon", "coordinates": [ [ [ -58.451760104382743, -34.590158486649365 ], [ -58.456506252552529, -34.588192371703485 ], [ -58.457256605752967, -34.584346193722055 ], [ -58.453260942473293, -34.582466026773176 ], [ -58.448514686150425, -34.584432140471002 ], [ -58.447764201264192, -34.588278422357035 ], [ -58.451760104382743, -34.590158486649365 ] ] ] } },
{ "type": "Feature", "properties": { "id_h3": "88c2e31ad7fffff", "operaciones_totales": 89427, "ranking_perfil": 11, "percentil_demanda": 99.852616064848931, "categoria_demanda": "HOTSPOT_EXTREMO", "hora_pico": 17, "operaciones_hora_pico": 8409, "pct_hora_pico": 9.4032003757254525, "franja_dominante": "MANANA", "perfil_temporal": "MATUTINO", "modo_dominante": "TREN", "pct_modo_dominante": 59.208069151374865, "cantidad_modos": 2, "indice_dominancia_modal": 0.59208069151374865, "perfil_nodo": "HOTSPOT_EXTREMO_MATUTINO", "prioridad_analitica": "PRIORIDAD_MUY_ALTA" }, "geometry": { "type": "Polygon", "coordinates": [ [ [ -58.373050823382329, -34.590908434365844 ], [ -58.377800920633149, -34.588944628700489 ], [ -58.378552458457357, -34.585097517106455 ], [ -58.374554030583013, -34.583214107646839 ], [ -58.369803825817428, -34.585177912104193 ], [ -58.36905215644488, -34.589025127220502 ], [ -58.373050823382329, -34.590908434365844 ] ] ] } },
{ "type": "Feature", "properties": { "id_h3": "88c2e3aa11fffff", "operaciones_totales": 75833, "ranking_perfil": 12, "percentil_demanda": 99.837877671333828, "categoria_demanda": "HOTSPOT_EXTREMO", "hora_pico": 17, "operaciones_hora_pico": 7034, "pct_hora_pico": 9.2756451676710672, "franja_dominante": "MEDIODIA", "perfil_temporal": "DIURNO", "modo_dominante": "COLECTIVO", "pct_modo_dominante": 58.208167947990987, "cantidad_modos": 2, "indice_dominancia_modal": 0.58208167947990985, "perfil_nodo": "HOTSPOT_EXTREMO_DIURNO", "prioridad_analitica": "PRIORIDAD_MUY_ALTA" }, "geometry": { "type": "Polygon", "coordinates": [ [ [ -58.753488746257077, -34.517378573590392 ], [ -58.748982390674904, -34.518140024848087 ], [ -58.748235591172268, -34.521992220530628 ], [ -58.75199518980402, -34.525083095599953 ], [ -58.75650186822255, -34.524321823653167 ], [ -58.757248625160329, -34.520469497333409 ], [ -58.753488746257077, -34.517378573590392 ] ] ] } },
{ "type": "Feature", "properties": { "id_h3": "88c2e31183fffff", "operaciones_totales": 73461, "ranking_perfil": 13, "percentil_demanda": 99.823139277818711, "categoria_demanda": "HOTSPOT_EXTREMO", "hora_pico": 17, "operaciones_hora_pico": 6946, "pct_hora_pico": 9.4553572643987955, "franja_dominante": "MEDIODIA", "perfil_temporal": "DIURNO", "modo_dominante": "COLECTIVO", "pct_modo_dominante": 57.566599964607065, "cantidad_modos": 3, "indice_dominancia_modal": 0.57566599964607068, "perfil_nodo": "HOTSPOT_EXTREMO_DIURNO", "prioridad_analitica": "PRIORIDAD_MUY_ALTA" }, "geometry": { "type": "Polygon", "coordinates": [ [ [ -58.422284445746371, -34.5846862827675 ], [ -58.427032019689499, -34.582720937901605 ], [ -58.427782808068578, -34.578873986819993 ], [ -58.423786154139897, -34.576992276792758 ], [ -58.419038472284981, -34.578957620410037 ], [ -58.418287552274414, -34.58280467529449 ], [ -58.422284445746371, -34.5846862827675 ] ] ] } },
{ "type": "Feature", "properties": { "id_h3": "88c2e38dc1fffff", "operaciones_totales": 59427, "ranking_perfil": 14, "percentil_demanda": 99.808400884303623, "categoria_demanda": "HOTSPOT_EXTREMO", "hora_pico": 7, "operaciones_hora_pico": 5060, "pct_hora_pico": 8.5146482238713048, "franja_dominante": "MEDIODIA", "perfil_temporal": "DIURNO", "modo_dominante": "COLECTIVO", "pct_modo_dominante": 61.591532468406619, "cantidad_modos": 2, "indice_dominancia_modal": 0.61591532468406618, "perfil_nodo": "HOTSPOT_EXTREMO_DIURNO", "prioridad_analitica": "PRIORIDAD_MUY_ALTA" }, "geometry": { "type": "Polygon", "coordinates": [ [ [ -58.562845580744217, -34.646529547363222 ], [ -58.567586677153976, -34.644561119281079 ], [ -58.568335441569602, -34.640720489335614 ], [ -58.564343241486569, -34.638848183435606 ], [ -58.559602036001564, -34.640816610370855 ], [ -58.558853139678625, -34.644657344344274 ], [ -58.562845580744217, -34.646529547363222 ] ] ] } },
{ "type": "Feature", "properties": { "id_h3": "88c2e398a7fffff", "operaciones_totales": 58830, "ranking_perfil": 15, "percentil_demanda": 99.793662490788506, "categoria_demanda": "HOTSPOT_EXTREMO", "hora_pico": 18, "operaciones_hora_pico": 5197, "pct_hora_pico": 8.8339282678905331, "franja_dominante": "MEDIODIA", "perfil_temporal": "DIURNO", "modo_dominante": "TREN", "pct_modo_dominante": 50.144484106748251, "cantidad_modos": 2, "indice_dominancia_modal": 0.50144484106748255, "perfil_nodo": "HOTSPOT_EXTREMO_DIURNO", "prioridad_analitica": "PRIORIDAD_MUY_ALTA" }, "geometry": { "type": "Polygon", "coordinates": [ [ [ -58.467934974351472, -34.819763136047186 ], [ -58.472682509602521, -34.81780032292604 ], [ -58.47343296692835, -34.813971252187066 ], [ -58.46943602084297, -34.812104892233137 ], [ -58.464688377207516, -34.814067704707639 ], [ -58.463937788045683, -34.817896877773961 ], [ -58.467934974351472, -34.819763136047186 ] ] ] } },
{ "type": "Feature", "properties": { "id_h3": "88c2e3c737fffff", "operaciones_totales": 58414, "ranking_perfil": 16, "percentil_demanda": 99.778924097273404, "categoria_demanda": "HOTSPOT_EXTREMO", "hora_pico": 17, "operaciones_hora_pico": 5289, "pct_hora_pico": 9.0543362892457289, "franja_dominante": "MEDIODIA", "perfil_temporal": "DIURNO", "modo_dominante": "COLECTIVO", "pct_modo_dominante": 64.306501865991024, "cantidad_modos": 2, "indice_dominancia_modal": 0.64306501865991028, "perfil_nodo": "HOTSPOT_EXTREMO_DIURNO", "prioridad_analitica": "PRIORIDAD_MUY_ALTA" }, "geometry": { "type": "Polygon", "coordinates": [ [ [ -58.258408584053768, -34.73003090589377 ], [ -58.263165727134108, -34.728072757180733 ], [ -58.263919196084125, -34.724234465557387 ], [ -58.259915653375757, -34.722354220660257 ], [ -58.255158403655109, -34.724312368586581 ], [ -58.254404803287159, -34.728150762187887 ], [ -58.258408584053768, -34.73003090589377 ] ] ] } },
{ "type": "Feature", "properties": { "id_h3": "88c2e31317fffff", "operaciones_totales": 54584, "ranking_perfil": 17, "percentil_demanda": 99.764185703758287, "categoria_demanda": "HOTSPOT_EXTREMO", "hora_pico": 17, "operaciones_hora_pico": 4970, "pct_hora_pico": 9.1052323025062289, "franja_dominante": "MEDIODIA", "perfil_temporal": "DIURNO", "modo_dominante": "COLECTIVO", "pct_modo_dominante": 74.219551516928036, "cantidad_modos": 2, "indice_dominancia_modal": 0.7421955151692804, "perfil_nodo": "HOTSPOT_EXTREMO_DIURNO", "prioridad_analitica": "PRIORIDAD_MUY_ALTA" }, "geometry": { "type": "Polygon", "coordinates": [ [ [ -58.417512520910115, -34.653797210957634 ], [ -58.422260994681132, -34.651833135866561 ], [ -58.423011959311395, -34.647991204622947 ], [ -58.419014581834311, -34.64611324517827 ], [ -58.414266000160197, -34.648077319207594 ], [ -58.413514903870158, -34.651919353734627 ], [ -58.417512520910115, -34.653797210957634 ] ] ] } },
{ "type": "Feature", "properties": { "id_h3": "88c2e3d513fffff", "operaciones_totales": 50584, "ranking_perfil": 18, "percentil_demanda": 99.749447310243184, "categoria_demanda": "HOTSPOT_EXTREMO", "hora_pico": 18, "operaciones_hora_pico": 4393, "pct_hora_pico": 8.6845642891032728, "franja_dominante": "MEDIODIA", "perfil_temporal": "DIURNO", "modo_dominante": "COLECTIVO", "pct_modo_dominante": 69.164162581053304, "cantidad_modos": 2, "indice_dominancia_modal": 0.69164162581053301, "perfil_nodo": "HOTSPOT_EXTREMO_DIURNO", "prioridad_analitica": "PRIORIDAD_MUY_ALTA" }, "geometry": { "type": "Polygon", "coordinates": [ [ [ -58.27211860900605, -34.816033116161599 ], [ -58.276875896500997, -34.814075995828659 ], [ -58.277629290734907, -34.810244222053889 ], [ -58.273625528966086, -34.808369467175311 ], [ -58.268868134681696, -34.810326586936498 ], [ -58.268114608959571, -34.814158462139204 ], [ -58.27211860900605, -34.816033116161599 ] ] ] } },
{ "type": "Feature", "properties": { "id_h3": "88c2e31133fffff", "operaciones_totales": 48707, "ranking_perfil": 19, "percentil_demanda": 99.734708916728081, "categoria_demanda": "HOTSPOT_EXTREMO", "hora_pico": 17, "operaciones_hora_pico": 5137, "pct_hora_pico": 10.546738661793993, "franja_dominante": "MEDIODIA", "perfil_temporal": "DIURNO", "modo_dominante": "COLECTIVO", "pct_modo_dominante": 57.806886073870288, "cantidad_modos": 2, "indice_dominancia_modal": 0.57806886073870289, "perfil_nodo": "HOTSPOT_EXTREMO_DIURNO", "prioridad_analitica": "PRIORIDAD_MUY_ALTA" }, "geometry": { "type": "Polygon", "coordinates": [ [ [ -58.382791652277007, -34.608094454182279 ], [ -58.387541426810337, -34.606130644975195 ], [ -58.388292844266225, -34.602284918267557 ], [ -58.384294618767321, -34.600402897312613 ], [ -58.379544736632631, -34.602366705352807 ], [ -58.378793187602135, -34.606212535506117 ], [ -58.382791652277007, -34.608094454182279 ] ] ] } },
{ "type": "Feature", "properties": { "id_h3": "88c2e3b137fffff", "operaciones_totales": 46510, "ranking_perfil": 20, "percentil_demanda": 99.719970523212979, "categoria_demanda": "HOTSPOT_EXTREMO", "hora_pico": 18, "operaciones_hora_pico": 3921, "pct_hora_pico": 8.4304450655772953, "franja_dominante": "MEDIODIA", "perfil_temporal": "DIURNO", "modo_dominante": "COLECTIVO", "pct_modo_dominante": 100.0, "cantidad_modos": 1, "indice_dominancia_modal": 1.0, "perfil_nodo": "HOTSPOT_EXTREMO_DIURNO", "prioridad_analitica": "PRIORIDAD_MUY_ALTA" }, "geometry": { "type": "Polygon", "coordinates": [ [ [ -58.794237303268183, -34.644553231551541 ], [ -58.789725923260917, -34.645310791701675 ], [ -58.788978955674224, -34.649156189132938 ], [ -58.792743410938286, -34.652244155894721 ], [ -58.797255114117831, -34.651486774045544 ], [ -58.798002038848352, -34.647641247140996 ], [ -58.794237303268183, -34.644553231551541 ] ] ] } },
{ "type": "Feature", "properties": { "id_h3": "88c2e3d699fffff", "operaciones_totales": 44338, "ranking_perfil": 21, "percentil_demanda": 99.705232129697862, "categoria_demanda": "HOTSPOT_EXTREMO", "hora_pico": 17, "operaciones_hora_pico": 3984, "pct_hora_pico": 8.9855203211692007, "franja_dominante": "MEDIODIA", "perfil_temporal": "DIURNO", "modo_dominante": "TREN", "pct_modo_dominante": 52.438089223690746, "cantidad_modos": 2, "indice_dominancia_modal": 0.52438089223690743, "perfil_nodo": "HOTSPOT_EXTREMO_DIURNO", "prioridad_analitica": "PRIORIDAD_MUY_ALTA" }, "geometry": { "type": "Polygon", "coordinates": [ [ [ -58.392449761605924, -34.826306227055888 ], [ -58.397201144550337, -34.824345736026089 ], [ -58.397952747680719, -34.820516207037905 ], [ -58.393953099578127, -34.818647067146962 ], [ -58.389201608859025, -34.820607557578725 ], [ -58.388449874021113, -34.824437188490698 ], [ -58.392449761605924, -34.826306227055888 ] ] ] } },
{ "type": "Feature", "properties": { "id_h3": "88c2e30243fffff", "operaciones_totales": 43621, "ranking_perfil": 22, "percentil_demanda": 99.690493736182759, "categoria_demanda": "HOTSPOT_EXTREMO", "hora_pico": 18, "operaciones_hora_pico": 3851, "pct_hora_pico": 8.8283166364824286, "franja_dominante": "MEDIODIA", "perfil_temporal": "DIURNO", "modo_dominante": "COLECTIVO", "pct_modo_dominante": 64.893056096834087, "cantidad_modos": 2, "indice_dominancia_modal": 0.6489305609683409, "perfil_nodo": "HOTSPOT_EXTREMO_DIURNO", "prioridad_analitica": "PRIORIDAD_MUY_ALTA" }, "geometry": { "type": "Polygon", "coordinates": [ [ [ -58.461758365846144, -34.561263393680328 ], [ -58.466503736253209, -34.55929651725048 ], [ -58.467253895358333, -34.555448344247594 ], [ -58.463258815748098, -34.553566943505523 ], [ -58.458513337119598, -34.555533818604566 ], [ -58.457763046326633, -34.559382095767809 ], [ -58.461758365846144, -34.561263393680328 ] ] ] } },
{ "type": "Feature", "properties": { "id_h3": "88c2e31053fffff", "operaciones_totales": 42631, "ranking_perfil": 23, "percentil_demanda": 99.675755342667642, "categoria_demanda": "HOTSPOT_EXTREMO", "hora_pico": 17, "operaciones_hora_pico": 3863, "pct_hora_pico": 9.0614810818418512, "franja_dominante": "MEDIODIA", "perfil_temporal": "DIURNO", "modo_dominante": "COLECTIVO", "pct_modo_dominante": 44.162698505782174, "cantidad_modos": 3, "indice_dominancia_modal": 0.44162698505782172, "perfil_nodo": "HOTSPOT_EXTREMO_DIURNO", "prioridad_analitica": "PRIORIDAD_MUY_ALTA" }, "geometry": { "type": "Polygon", "coordinates": [ [ [ -58.465735996229299, -34.630306078541146 ], [ -58.470481826458219, -34.628340211457065 ], [ -58.471232029938811, -34.624497159268287 ], [ -58.46723653492576, -34.622619870472427 ], [ -58.462490596413119, -34.62458573640972 ], [ -58.461740261201129, -34.628428892280958 ], [ -58.465735996229299, -34.630306078541146 ] ] ] } },
{ "type": "Feature", "properties": { "id_h3": "88c2e31007fffff", "operaciones_totales": 42080, "ranking_perfil": 24, "percentil_demanda": 99.661016949152554, "categoria_demanda": "HOTSPOT_EXTREMO", "hora_pico": 18, "operaciones_hora_pico": 3594, "pct_hora_pico": 8.5408745247148286, "franja_dominante": "MEDIODIA", "perfil_temporal": "DIURNO", "modo_dominante": "COLECTIVO", "pct_modo_dominante": 65.582224334600753, "cantidad_modos": 2, "indice_dominancia_modal": 0.65582224334600747, "perfil_nodo": "HOTSPOT_EXTREMO_DIURNO", "prioridad_analitica": "PRIORIDAD_MUY_ALTA" }, "geometry": { "type": "Polygon", "coordinates": [ [ [ -58.436261810526283, -34.624847769628744 ], [ -58.441009067656168, -34.622882672920326 ], [ -58.441759706472688, -34.619038848406944 ], [ -58.437763219840406, -34.617160017012232 ], [ -58.433015854667929, -34.619125112572974 ], [ -58.432265084174219, -34.622969040667378 ], [ -58.436261810526283, -34.624847769628744 ] ] ] } },
{ "type": "Feature", "properties": { "id_h3": "88c2e30219fffff", "operaciones_totales": 41749, "ranking_perfil": 25, "percentil_demanda": 99.646278555637437, "categoria_demanda": "HOTSPOT_EXTREMO", "hora_pico": 7, "operaciones_hora_pico": 4121, "pct_hora_pico": 9.8708951112601504, "franja_dominante": "MANANA", "perfil_temporal": "MATUTINO", "modo_dominante": "COLECTIVO", "pct_modo_dominante": 62.978753982131309, "cantidad_modos": 2, "indice_dominancia_modal": 0.62978753982131308, "perfil_nodo": "HOTSPOT_EXTREMO_MATUTINO", "prioridad_analitica": "PRIORIDAD_MUY_ALTA" }, "geometry": { "type": "Polygon", "coordinates": [ [ [ -58.478243685499514, -34.543816410654827 ], [ -58.482988061413323, -34.54184877135225 ], [ -58.48373794602405, -34.537999526893884 ], [ -58.479743586432043, -34.536117817364492 ], [ -58.474999102171026, -34.538085455281042 ], [ -58.474249085853074, -34.541934804104308 ], [ -58.478243685499514, -34.543816410654827 ] ] ] } },
{ "type": "Feature", "properties": { "id_h3": "88c2e3b997fffff", "operaciones_totales": 41663, "ranking_perfil": 26, "percentil_demanda": 99.631540162122334, "categoria_demanda": "HOTSPOT_EXTREMO", "hora_pico": 17, "operaciones_hora_pico": 3650, "pct_hora_pico": 8.7607709478434099, "franja_dominante": "MEDIODIA", "perfil_temporal": "DIURNO", "modo_dominante": "COLECTIVO", "pct_modo_dominante": 52.929457792285717, "cantidad_modos": 2, "indice_dominancia_modal": 0.52929457792285717, "perfil_nodo": "HOTSPOT_EXTREMO_DIURNO", "prioridad_analitica": "PRIORIDAD_MUY_ALTA" }, "geometry": { "type": "Polygon", "coordinates": [ [ [ -58.713710061501452, -34.542715115843691 ], [ -58.709205663629348, -34.54347376942215 ], [ -58.708458540434862, -34.547322990151756 ], [ -58.712215857436391, -34.550413687814824 ], [ -58.716720578238473, -34.549655213625677 ], [ -58.717467659096407, -34.545805862391454 ], [ -58.713710061501452, -34.542715115843691 ] ] ] } },
{ "type": "Feature", "properties": { "id_h3": "88c2e39945fffff", "operaciones_totales": 41188, "ranking_perfil": 27, "percentil_demanda": 99.616801768607218, "categoria_demanda": "HOTSPOT_EXTREMO", "hora_pico": 17, "operaciones_hora_pico": 3547, "pct_hora_pico": 8.6117315723026131, "franja_dominante": "MEDIODIA", "perfil_temporal": "DIURNO", "modo_dominante": "TREN", "pct_modo_dominante": 62.013207730406918, "cantidad_modos": 2, "indice_dominancia_modal": 0.62013207730406916, "perfil_nodo": "HOTSPOT_EXTREMO_DIURNO", "prioridad_analitica": "PRIORIDAD_MUY_ALTA" }, "geometry": { "type": "Polygon", "coordinates": [ [ [ -58.38442127132263, -34.889405881994136 ], [ -58.389173662848783, -34.887446679445674 ], [ -58.389925482676972, -34.883621714344088 ], [ -58.385925042709935, -34.88175585035026 ], [ -58.381172543446844, -34.883715052466464 ], [ -58.380420591891642, -34.887540118999986 ], [ -58.38442127132263, -34.889405881994136 ] ] ] } },
{ "type": "Feature", "properties": { "id_h3": "88c2e3105bfffff", "operaciones_totales": 40786, "ranking_perfil": 28, "percentil_demanda": 99.602063375092115, "categoria_demanda": "HOTSPOT_EXTREMO", "hora_pico": 17, "operaciones_hora_pico": 4633, "pct_hora_pico": 11.35928995243466, "franja_dominante": "MEDIODIA", "perfil_temporal": "DIURNO", "modo_dominante": "COLECTIVO", "pct_modo_dominante": 58.806943559064386, "cantidad_modos": 2, "indice_dominancia_modal": 0.58806943559064384, "perfil_nodo": "HOTSPOT_EXTREMO_DIURNO", "prioridad_analitica": "PRIORIDAD_MUY_ALTA" }, "geometry": { "type": "Polygon", "coordinates": [ [ [ -58.468981368187912, -34.636025496884521 ], [ -58.473727090104354, -34.634059628667451 ], [ -58.474477253367532, -34.630217037786451 ], [ -58.470481826458219, -34.628340211457065 ], [ -58.465735996229299, -34.630306078541146 ], [ -58.464985701226041, -34.63414877307892 ], [ -58.468981368187912, -34.636025496884521 ] ] ] } },
{ "type": "Feature", "properties": { "id_h3": "88c2e311e1fffff", "operaciones_totales": 37776, "ranking_perfil": 29, "percentil_demanda": 99.587324981577012, "categoria_demanda": "HOTSPOT_EXTREMO", "hora_pico": 12, "operaciones_hora_pico": 3528, "pct_hora_pico": 9.339263024142312, "franja_dominante": "MEDIODIA", "perfil_temporal": "DIURNO", "modo_dominante": "COLECTIVO", "pct_modo_dominante": 77.829839051249479, "cantidad_modos": 2, "indice_dominancia_modal": 0.77829839051249483, "perfil_nodo": "HOTSPOT_EXTREMO_DIURNO", "prioridad_analitica": "PRIORIDAD_MUY_ALTA" }, "geometry": { "type": "Polygon", "coordinates": [ [ [ -58.397040206855877, -34.602202513727747 ], [ -58.401789212279091, -34.600238191784769 ], [ -58.402540406684203, -34.59639221053736 ], [ -58.398542727266552, -34.594510447668071 ], [ -58.393793614128789, -34.596474768421608 ], [ -58.393042288127155, -34.600320853225156 ], [ -58.397040206855877, -34.602202513727747 ] ] ] } },
{ "type": "Feature", "properties": { "id_h3": "88c2e31135fffff", "operaciones_totales": 37499, "ranking_perfil": 30, "percentil_demanda": 99.57258658806191, "categoria_demanda": "HOTSPOT_EXTREMO", "hora_pico": 17, "operaciones_hora_pico": 5269, "pct_hora_pico": 14.051041361102962, "franja_dominante": "TARDE", "perfil_temporal": "VESPERTINO", "modo_dominante": "COLECTIVO", "pct_modo_dominante": 62.265660417611137, "cantidad_modos": 2, "indice_dominancia_modal": 0.62265660417611135, "perfil_nodo": "HOTSPOT_EXTREMO_VESPERTINO", "prioridad_analitica": "PRIORIDAD_MUY_ALTA" }, "geometry": { "type": "Polygon", "coordinates": [ [ [ -58.368540791169423, -34.613984855553291 ], [ -58.373291334411981, -34.612021559519945 ], [ -58.374042974888084, -34.608176087604953 ], [ -58.370044203678141, -34.606293808379355 ], [ -58.365293552947463, -34.608257103268414 ], [ -58.364541780918763, -34.612102678518589 ], [ -58.368540791169423, -34.613984855553291 ] ] ] } },
{ "type": "Feature", "properties": { "id_h3": "88c2e389d3fffff", "operaciones_totales": 37486, "ranking_perfil": 31, "percentil_demanda": 99.557848194546793, "categoria_demanda": "HOTSPOT_EXTREMO", "hora_pico": 7, "operaciones_hora_pico": 4137, "pct_hora_pico": 11.036120151523235, "franja_dominante": "MANANA", "perfil_temporal": "MATUTINO", "modo_dominante": "COLECTIVO", "pct_modo_dominante": 100.0, "cantidad_modos": 1, "indice_dominancia_modal": 1.0, "perfil_nodo": "HOTSPOT_EXTREMO_MATUTINO", "prioridad_analitica": "PRIORIDAD_MUY_ALTA" }, "geometry": { "type": "Polygon", "coordinates": [ [ [ -58.449976208931126, -34.71094532237754 ], [ -58.454723602085885, -34.708981237421767 ], [ -58.455474164796655, -34.705143919384717 ], [ -58.45147746610337, -34.703270583267951 ], [ -58.446729964757324, -34.705234667298761 ], [ -58.445979270299723, -34.709072088362554 ], [ -58.449976208931126, -34.71094532237754 ] ] ] } },
{ "type": "Feature", "properties": { "id_h3": "88c2e30241fffff", "operaciones_totales": 36450, "ranking_perfil": 32, "percentil_demanda": 99.54310980103169, "categoria_demanda": "HOTSPOT_EXTREMO", "hora_pico": 17, "operaciones_hora_pico": 3359, "pct_hora_pico": 9.2153635116598078, "franja_dominante": "MEDIODIA", "perfil_temporal": "DIURNO", "modo_dominante": "COLECTIVO", "pct_modo_dominante": 80.241426611796982, "cantidad_modos": 2, "indice_dominancia_modal": 0.80241426611796984, "perfil_nodo": "HOTSPOT_EXTREMO_DIURNO", "prioridad_analitica": "PRIORIDAD_MUY_ALTA" }, "geometry": { "type": "Polygon", "coordinates": [ [ [ -58.456262413442623, -34.567077831271412 ], [ -58.461008115246777, -34.565111209381719 ], [ -58.461758365846144, -34.561263393680328 ], [ -58.457763046326633, -34.559382095767809 ], [ -58.453017236342994, -34.56134871634508 ], [ -58.452266854062245, -34.565196636138644 ], [ -58.456262413442623, -34.567077831271412 ] ] ] } },
{ "type": "Feature", "properties": { "id_h3": "88c2e31095fffff", "operaciones_totales": 35838, "ranking_perfil": 33, "percentil_demanda": 99.528371407516573, "categoria_demanda": "HOTSPOT_EXTREMO", "hora_pico": 8, "operaciones_hora_pico": 4056, "pct_hora_pico": 11.317595847982588, "franja_dominante": "MEDIODIA", "perfil_temporal": "DIURNO", "modo_dominante": "SUBTE", "pct_modo_dominante": 39.153970645683351, "cantidad_modos": 3, "indice_dominancia_modal": 0.3915397064568335, "perfil_nodo": "HOTSPOT_EXTREMO_DIURNO", "prioridad_analitica": "PRIORIDAD_MUY_ALTA" }, "geometry": { "type": "Polygon", "coordinates": [ [ [ -58.48897224235256, -34.578271297125404 ], [ -58.493716407856802, -34.576303905360547 ], [ -58.49446618286958, -34.572457324903027 ], [ -58.490471924126041, -34.570578032033453 ], [ -58.485727650172791, -34.572545422500554 ], [ -58.484977743415953, -34.576392107126274 ], [ -58.48897224235256, -34.578271297125404 ] ] ] } },
{ "type": "Feature", "properties": { "id_h3": "88c2e2acd3fffff", "operaciones_totales": 35759, "ranking_perfil": 34, "percentil_demanda": 99.513633014001485, "categoria_demanda": "HOTSPOT_EXTREMO", "hora_pico": 13, "operaciones_hora_pico": 3322, "pct_hora_pico": 9.2899689588635024, "franja_dominante": "MEDIODIA", "perfil_temporal": "DIURNO", "modo_dominante": "COLECTIVO", "pct_modo_dominante": 100.0, "cantidad_modos": 1, "indice_dominancia_modal": 1.0, "perfil_nodo": "HOTSPOT_EXTREMO_DIURNO", "prioridad_analitica": "PRIORIDAD_MUY_ALTA" }, "geometry": { "type": "Polygon", "coordinates": [ [ [ -57.950078118718231, -34.916212870125875 ], [ -57.954852256013666, -34.914267012187423 ], [ -57.955610614891675, -34.910438776914354 ], [ -57.951594967426871, -34.908556300384518 ], [ -57.946820725950516, -34.910502158153037 ], [ -57.946062236124085, -34.914330492612422 ], [ -57.950078118718231, -34.916212870125875 ] ] ] } },
{ "type": "Feature", "properties": { "id_h3": "88c2e311e3fffff", "operaciones_totales": 35368, "ranking_perfil": 35, "percentil_demanda": 99.498894620486368, "categoria_demanda": "HOTSPOT_EXTREMO", "hora_pico": 16, "operaciones_hora_pico": 2978, "pct_hora_pico": 8.4200407147704137, "franja_dominante": "MEDIODIA", "perfil_temporal": "DIURNO", "modo_dominante": "COLECTIVO", "pct_modo_dominante": 71.1999547613662, "cantidad_modos": 2, "indice_dominancia_modal": 0.71199954761366202, "perfil_nodo": "HOTSPOT_EXTREMO_DIURNO", "prioridad_analitica": "PRIORIDAD_MUY_ALTA" }, "geometry": { "type": "Polygon", "coordinates": [ [ [ -58.402540406684203, -34.59639221053736 ], [ -58.40728908129136, -34.594427632989316 ], [ -58.408040184233634, -34.590581293788404 ], [ -58.404042744175747, -34.588699428502643 ], [ -58.399293961811921, -34.590664004842985 ], [ -58.398542727266552, -34.594510447668071 ], [ -58.402540406684203, -34.59639221053736 ] ] ] } },
{ "type": "Feature", "properties": { "id_h3": "88c2e31131fffff", "operaciones_totales": 34898, "ranking_perfil": 36, "percentil_demanda": 99.484156226971265, "categoria_demanda": "HOTSPOT_EXTREMO", "hora_pico": 17, "operaciones_hora_pico": 4358, "pct_hora_pico": 12.487821651670583, "franja_dominante": "TARDE", "perfil_temporal": "VESPERTINO", "modo_dominante": "COLECTIVO", "pct_modo_dominante": 59.183907387242819, "cantidad_modos": 2, "indice_dominancia_modal": 0.59183907387242818, "perfil_nodo": "HOTSPOT_EXTREMO_VESPERTINO", "prioridad_analitica": "PRIORIDAD_MUY_ALTA" }, "geometry": { "type": "Polygon", "coordinates": [ [ [ -58.377290038214014, -34.61390337596724 ], [ -58.382040143368904, -34.611939822719663 ], [ -58.382791652277007, -34.608094454182279 ], [ -58.378793187602135, -34.606212535506117 ], [ -58.374042974888084, -34.608176087604953 ], [ -58.373291334411981, -34.612021559519945 ], [ -58.377290038214014, -34.61390337596724 ] ] ] } },
{ "type": "Feature", "properties": { "id_h3": "88c2e31addfffff", "operaciones_totales": 34100, "ranking_perfil": 37, "percentil_demanda": 99.469417833456149, "categoria_demanda": "HOTSPOT_EXTREMO", "hora_pico": 17, "operaciones_hora_pico": 5189, "pct_hora_pico": 15.217008797653959, "franja_dominante": "TARDE", "perfil_temporal": "VESPERTINO", "modo_dominante": "COLECTIVO", "pct_modo_dominante": 93.436950146627566, "cantidad_modos": 2, "indice_dominancia_modal": 0.93436950146627562, "perfil_nodo": "HOTSPOT_EXTREMO_VESPERTINO", "prioridad_analitica": "PRIORIDAD_MUY_ALTA" }, "geometry": { "type": "Polygon", "coordinates": [ [ [ -58.370795884267842, -34.602447874822907 ], [ -58.375546204512212, -34.600484323886484 ], [ -58.376297793660903, -34.596638032098063 ], [ -58.37229919411962, -34.59475518780863 ], [ -58.367548766373815, -34.596718737568985 ], [ -58.366797045674659, -34.600565132786109 ], [ -58.370795884267842, -34.602447874822907 ] ] ] } },
{ "type": "Feature", "properties": { "id_h3": "88c2e311e5fffff", "operaciones_totales": 33820, "ranking_perfil": 38, "percentil_demanda": 99.454679439941046, "categoria_demanda": "HOTSPOT_EXTREMO", "hora_pico": 16, "operaciones_hora_pico": 3285, "pct_hora_pico": 9.7131874630396222, "franja_dominante": "MEDIODIA", "perfil_temporal": "DIURNO", "modo_dominante": "COLECTIVO", "pct_modo_dominante": 80.493790656416323, "cantidad_modos": 2, "indice_dominancia_modal": 0.8049379065641632, "perfil_nodo": "HOTSPOT_EXTREMO_DIURNO", "prioridad_analitica": "PRIORIDAD_MUY_ALTA" }, "geometry": { "type": "Polygon", "coordinates": [ [ [ -58.388292844266225, -34.602284918267557 ], [ -58.393042288127155, -34.600320853225156 ], [ -58.393793614128789, -34.596474768421608 ], [ -58.389795627854618, -34.594592645138022 ], [ -58.38504607635015, -34.596556708995394 ], [ -58.384294618767321, -34.600402897312613 ], [ -58.388292844266225, -34.602284918267557 ] ] ] } },
{ "type": "Feature", "properties": { "id_h3": "88c2e31139fffff", "operaciones_totales": 33425, "ranking_perfil": 39, "percentil_demanda": 99.439941046425943, "categoria_demanda": "HOTSPOT_EXTREMO", "hora_pico": 17, "operaciones_hora_pico": 4502, "pct_hora_pico": 13.468960359012716, "franja_dominante": "MEDIODIA", "perfil_temporal": "DIURNO", "modo_dominante": "COLECTIVO", "pct_modo_dominante": 64.505609573672402, "cantidad_modos": 2, "indice_dominancia_modal": 0.64505609573672407, "perfil_nodo": "HOTSPOT_EXTREMO_DIURNO", "prioridad_analitica": "PRIORIDAD_MUY_ALTA" }, "geometry": { "type": "Polygon", "coordinates": [ [ [ -58.380537074225145, -34.619629739961979 ], [ -58.385287071791957, -34.617666185579324 ], [ -58.386038540573523, -34.613821278638582 ], [ -58.382040143368904, -34.611939822719663 ], [ -58.377290038214014, -34.61390337596724 ], [ -58.376538437855721, -34.617748386260075 ], [ -58.380537074225145, -34.619629739961979 ] ] ] } },
{ "type": "Feature", "properties": { "id_h3": "88c2e39a95fffff", "operaciones_totales": 33121, "ranking_perfil": 40, "percentil_demanda": 99.425202652910841, "categoria_demanda": "HOTSPOT_EXTREMO", "hora_pico": 17, "operaciones_hora_pico": 2777, "pct_hora_pico": 8.3844086833127029, "franja_dominante": "MEDIODIA", "perfil_temporal": "DIURNO", "modo_dominante": "TREN", "pct_modo_dominante": 69.566136288155562, "cantidad_modos": 2, "indice_dominancia_modal": 0.69566136288155567, "perfil_nodo": "HOTSPOT_EXTREMO_DIURNO", "prioridad_analitica": "PRIORIDAD_MUY_ALTA" }, "geometry": { "type": "Polygon", "coordinates": [ [ [ -58.525628575395238, -34.859201025973142 ], [ -58.530373586936541, -34.857237178943102 ], [ -58.53112323468519, -34.853411743453663 ], [ -58.527128002853225, -34.851550052671442 ], [ -58.522382882443381, -34.853513899134704 ], [ -58.521633102737859, -34.85733943693819 ], [ -58.525628575395238, -34.859201025973142 ] ] ] } },
{ "type": "Feature", "properties": { "id_h3": "88c2e311edfffff", "operaciones_totales": 32433, "ranking_perfil": 41, "percentil_demanda": 99.410464259395724, "categoria_demanda": "HOTSPOT_EXTREMO", "hora_pico": 16, "operaciones_hora_pico": 2939, "pct_hora_pico": 9.0617580859001645, "franja_dominante": "MEDIODIA", "perfil_temporal": "DIURNO", "modo_dominante": "COLECTIVO", "pct_modo_dominante": 65.371689328770074, "cantidad_modos": 2, "indice_dominancia_modal": 0.65371689328770077, "perfil_nodo": "HOTSPOT_EXTREMO_DIURNO", "prioridad_analitica": "PRIORIDAD_MUY_ALTA" }, "geometry": { "type": "Polygon", "coordinates": [ [ [ -58.391539584801386, -34.608012203161024 ], [ -58.396288920989903, -34.606048136947294 ], [ -58.397040206855877, -34.602202513727747 ], [ -58.393042288127155, -34.600320853225156 ], [ -58.388292844266225, -34.602284918267557 ], [ -58.387541426810337, -34.606130644975195 ], [ -58.391539584801386, -34.608012203161024 ] ] ] } },
{ "type": "Feature", "properties": { "id_h3": "88c2e2ac99fffff", "operaciones_totales": 31695, "ranking_perfil": 42, "percentil_demanda": 99.395725865880621, "categoria_demanda": "HOTSPOT_EXTREMO", "hora_pico": 13, "operaciones_hora_pico": 2822, "pct_hora_pico": 8.9036125571856761, "franja_dominante": "MEDIODIA", "perfil_temporal": "DIURNO", "modo_dominante": "TREN", "pct_modo_dominante": 54.118946206026187, "cantidad_modos": 2, "indice_dominancia_modal": 0.54118946206026186, "perfil_nodo": "HOTSPOT_EXTREMO_DIURNO", "prioridad_analitica": "PRIORIDAD_MUY_ALTA" }, "geometry": { "type": "Polygon", "coordinates": [ [ [ -57.946820725950516, -34.910502158153037 ], [ -57.951594967426871, -34.908556300384518 ], [ -57.952353366038814, -34.904727602819683 ], [ -57.948337654117886, -34.902844663803258 ], [ -57.943563308490035, -34.904790521389558 ], [ -57.942804778938822, -34.908619318165606 ], [ -57.946820725950516, -34.910502158153037 ] ] ] } },
{ "type": "Feature", "properties": { "id_h3": "88c2e38903fffff", "operaciones_totales": 30791, "ranking_perfil": 43, "percentil_demanda": 99.380987472365518, "categoria_demanda": "HOTSPOT_EXTREMO", "hora_pico": 17, "operaciones_hora_pico": 2808, "pct_hora_pico": 9.119547919846708, "franja_dominante": "MEDIODIA", "perfil_temporal": "DIURNO", "modo_dominante": "TREN", "pct_modo_dominante": 72.202916436621095, "cantidad_modos": 2, "indice_dominancia_modal": 0.7220291643662109, "perfil_nodo": "HOTSPOT_EXTREMO_DIURNO", "prioridad_analitica": "PRIORIDAD_MUY_ALTA" }, "geometry": { "type": "Polygon", "coordinates": [ [ [ -58.390732761443694, -34.746007974267933 ], [ -58.395483459378717, -34.74404620168967 ], [ -58.396234966381222, -34.740210726286584 ], [ -58.392235907114383, -34.738336920959867 ], [ -58.387485101453599, -34.740298692731827 ], [ -58.386733462789344, -34.744134270628017 ], [ -58.390732761443694, -34.746007974267933 ] ] ] } },
{ "type": "Feature", "properties": { "id_h3": "88c2e31acbfffff", "operaciones_totales": 30530, "ranking_perfil": 44, "percentil_demanda": 99.366249078850416, "categoria_demanda": "HOTSPOT_EXTREMO", "hora_pico": 17, "operaciones_hora_pico": 4125, "pct_hora_pico": 13.511300360301343, "franja_dominante": "TARDE", "perfil_temporal": "VESPERTINO", "modo_dominante": "COLECTIVO", "pct_modo_dominante": 59.636423190304619, "cantidad_modos": 2, "indice_dominancia_modal": 0.59636423190304622, "perfil_nodo": "HOTSPOT_EXTREMO_VESPERTINO", "prioridad_analitica": "PRIORIDAD_MUY_ALTA" }, "geometry": { "type": "Polygon", "coordinates": [ [ [ -58.365293552947463, -34.608257103268414 ], [ -58.370044203678141, -34.606293808379355 ], [ -58.370795884267842, -34.602447874822907 ], [ -58.366797045674659, -34.600565132786109 ], [ -58.36204628748478, -34.602528426517225 ], [ -58.361294475351244, -34.606374463434349 ], [ -58.365293552947463, -34.608257103268414 ] ] ] } },
{ "type": "Feature", "properties": { "id_h3": "88c2e3993dfffff", "operaciones_totales": 29884, "ranking_perfil": 45, "percentil_demanda": 99.351510685335299, "categoria_demanda": "HOTSPOT_EXTREMO", "hora_pico": 7, "operaciones_hora_pico": 2930, "pct_hora_pico": 9.8045777004417083, "franja_dominante": "MEDIODIA", "perfil_temporal": "DIURNO", "modo_dominante": "TREN", "pct_modo_dominante": 76.619595770311875, "cantidad_modos": 2, "indice_dominancia_modal": 0.76619595770311877, "perfil_nodo": "HOTSPOT_EXTREMO_DIURNO", "prioridad_analitica": "PRIORIDAD_MUY_ALTA" }, "geometry": { "type": "Polygon", "coordinates": [ [ [ -58.385683893102943, -34.860758908041504 ], [ -58.390435945824493, -34.858799189848305 ], [ -58.391187703069249, -34.854972122356706 ], [ -58.387187539310375, -34.853104671405504 ], [ -58.382435378854126, -34.855064389092398 ], [ -58.381683489895401, -34.858891558227988 ], [ -58.385683893102943, -34.860758908041504 ] ] ] } },
{ "type": "Feature", "properties": { "id_h3": "88c2e3aa6dfffff", "operaciones_totales": 29695, "ranking_perfil": 46, "percentil_demanda": 99.336772291820196, "categoria_demanda": "HOTSPOT_EXTREMO", "hora_pico": 17, "operaciones_hora_pico": 3352, "pct_hora_pico": 11.288095638996463, "franja_dominante": "MEDIODIA", "perfil_temporal": "DIURNO", "modo_dominante": "COLECTIVO", "pct_modo_dominante": 100.0, "cantidad_modos": 1, "indice_dominancia_modal": 1.0, "perfil_nodo": "HOTSPOT_EXTREMO_DIURNO", "prioridad_analitica": "PRIORIDAD_MUY_ALTA" }, "geometry": { "type": "Polygon", "coordinates": [ [ [ -58.710699858703087, -34.535774510532285 ], [ -58.706195783742984, -34.536533343559654 ], [ -58.70544866505444, -34.540382907716008 ], [ -58.709205663629348, -34.54347376942215 ], [ -58.713710061501452, -34.542715115843691 ], [ -58.714457137873993, -34.538865421117471 ], [ -58.710699858703087, -34.535774510532285 ] ] ] } },
{ "type": "Feature", "properties": { "id_h3": "88c2e31181fffff", "operaciones_totales": 29476, "ranking_perfil": 47, "percentil_demanda": 99.322033898305079, "categoria_demanda": "HOTSPOT_EXTREMO", "hora_pico": 17, "operaciones_hora_pico": 2563, "pct_hora_pico": 8.6952096620979766, "franja_dominante": "MEDIODIA", "perfil_temporal": "DIURNO", "modo_dominante": "COLECTIVO", "pct_modo_dominante": 75.644592210612032, "cantidad_modos": 2, "indice_dominancia_modal": 0.75644592210612027, "perfil_nodo": "HOTSPOT_EXTREMO_DIURNO", "prioridad_analitica": "PRIORIDAD_MUY_ALTA" }, "geometry": { "type": "Polygon", "coordinates": [ [ [ -58.416785660940633, -34.590497965728268 ], [ -58.421533565893888, -34.588532876112666 ], [ -58.422284445746371, -34.5846862827675 ], [ -58.418287552274414, -34.58280467529449 ], [ -58.413539539451449, -34.584769763679724 ], [ -58.41278852797403, -34.588616460759624 ], [ -58.416785660940633, -34.590497965728268 ] ] ] } },
{ "type": "Feature", "properties": { "id_h3": "88c2e3c0c3fffff", "operaciones_totales": 28802, "ranking_perfil": 48, "percentil_demanda": 99.307295504789977, "categoria_demanda": "HOTSPOT_EXTREMO", "hora_pico": 17, "operaciones_hora_pico": 2480, "pct_hora_pico": 8.6105131588084163, "franja_dominante": "MEDIODIA", "perfil_temporal": "DIURNO", "modo_dominante": "TREN", "pct_modo_dominante": 52.701201305464892, "cantidad_modos": 2, "indice_dominancia_modal": 0.52701201305464895, "perfil_nodo": "HOTSPOT_EXTREMO_DIURNO", "prioridad_analitica": "PRIORIDAD_MUY_ALTA" }, "geometry": { "type": "Polygon", "coordinates": [ [ [ -58.207805811296687, -34.764949526207332 ], [ -58.212565801121983, -34.762993451554657 ], [ -58.213320081184705, -34.759157116647074 ], [ -58.209314502771299, -34.757276754895983 ], [ -58.204554406704837, -34.759232828875994 ], [ -58.203799995296997, -34.763069265270943 ], [ -58.207805811296687, -34.764949526207332 ] ] ] } },
{ "type": "Feature", "properties": { "id_h3": "88c2e3173dfffff", "operaciones_totales": 28727, "ranking_perfil": 49, "percentil_demanda": 99.292557111274874, "categoria_demanda": "HOTSPOT_EXTREMO", "hora_pico": 17, "operaciones_hora_pico": 2978, "pct_hora_pico": 10.366554112855502, "franja_dominante": "MEDIODIA", "perfil_temporal": "DIURNO", "modo_dominante": "COLECTIVO", "pct_modo_dominante": 62.912939046889683, "cantidad_modos": 2, "indice_dominancia_modal": 0.62912939046889682, "perfil_nodo": "HOTSPOT_EXTREMO_DIURNO", "prioridad_analitica": "PRIORIDAD_MUY_ALTA" }, "geometry": { "type": "Polygon", "coordinates": [ [ [ -58.532656530499182, -34.57782233840463 ], [ -58.537398492993177, -34.575853669857757 ], [ -58.538147609060381, -34.572007610877641 ], [ -58.534154894456513, -34.570130116055445 ], [ -58.529412823160854, -34.572098783282918 ], [ -58.528663575274571, -34.575944946643304 ], [ -58.532656530499182, -34.57782233840463 ] ] ] } },
{ "type": "Feature", "properties": { "id_h3": "88c2e31195fffff", "operaciones_totales": 28446, "ranking_perfil": 50, "percentil_demanda": 99.277818717759772, "categoria_demanda": "HOTSPOT_EXTREMO", "hora_pico": 17, "operaciones_hora_pico": 2413, "pct_hora_pico": 8.4827392251986229, "franja_dominante": "MEDIODIA", "perfil_temporal": "DIURNO", "modo_dominante": "COLECTIVO", "pct_modo_dominante": 100.0, "cantidad_modos": 1, "indice_dominancia_modal": 1.0, "perfil_nodo": "HOTSPOT_EXTREMO_DIURNO", "prioridad_analitica": "PRIORIDAD_MUY_ALTA" }, "geometry": { "type": "Polygon", "coordinates": [ [ [ -58.427782808068578, -34.578873986819993 ], [ -58.432530050950987, -34.576908386828144 ], [ -58.433280747854681, -34.57306107808467 ], [ -58.42928433351787, -34.571179265453388 ], [ -58.424536982681616, -34.573144864178339 ], [ -58.423786154139897, -34.576992276792758 ], [ -58.427782808068578, -34.578873986819993 ] ] ] } },
{ "type": "Feature", "properties": { "id_h3": "88c2e3a855fffff", "operaciones_totales": 28222, "ranking_perfil": 51, "percentil_demanda": 99.263080324244655, "categoria_demanda": "HOTSPOT_EXTREMO", "hora_pico": 17, "operaciones_hora_pico": 2574, "pct_hora_pico": 9.1205442562539858, "franja_dominante": "MEDIODIA", "perfil_temporal": "DIURNO", "modo_dominante": "TREN", "pct_modo_dominante": 63.656013039472747, "cantidad_modos": 2, "indice_dominancia_modal": 0.63656013039472747, "perfil_nodo": "HOTSPOT_EXTREMO_DIURNO", "prioridad_analitica": "PRIORIDAD_MUY_ALTA" }, "geometry": { "type": "Polygon", "coordinates": [ [ [ -58.724914411086665, -34.484941087764845 ], [ -58.720410459107981, -34.485702765325719 ], [ -58.719663592456676, -34.48955607242403 ], [ -58.723420720153527, -34.492647832941202 ], [ -58.727924994892945, -34.491886335053763 ], [ -58.72867181916213, -34.488032896982972 ], [ -58.724914411086665, -34.484941087764845 ] ] ] } },
{ "type": "Feature", "properties": { "id_h3": "88c2e311dbfffff", "operaciones_totales": 27952, "ranking_perfil": 52, "percentil_demanda": 99.248341930729552, "categoria_demanda": "HOTSPOT_EXTREMO", "hora_pico": 17, "operaciones_hora_pico": 2604, "pct_hora_pico": 9.3159702346880362, "franja_dominante": "TARDE", "perfil_temporal": "VESPERTINO", "modo_dominante": "COLECTIVO", "pct_modo_dominante": 43.0022896393818, "cantidad_modos": 3, "indice_dominancia_modal": 0.43002289639381802, "perfil_nodo": "HOTSPOT_EXTREMO_VESPERTINO", "prioridad_analitica": "PRIORIDAD_MUY_ALTA" }, "geometry": { "type": "Polygon", "coordinates": [ [ [ -58.446263180185198, -34.595970167087927 ], [ -58.451009659684836, -34.594004307092185 ], [ -58.451760104382743, -34.590158486649365 ], [ -58.447764201264192, -34.588278422357035 ], [ -58.443017613653495, -34.590244281122949 ], [ -58.442267037276288, -34.594090205402296 ], [ -58.446263180185198, -34.595970167087927 ] ] ] } },
{ "type": "Feature", "properties": { "id_h3": "88c2e385b7fffff", "operaciones_totales": 27808, "ranking_perfil": 53, "percentil_demanda": 99.233603537214449, "categoria_demanda": "HOTSPOT_EXTREMO", "hora_pico": 18, "operaciones_hora_pico": 2380, "pct_hora_pico": 8.5586881472957419, "franja_dominante": "MEDIODIA", "perfil_temporal": "DIURNO", "modo_dominante": "TREN", "pct_modo_dominante": 58.195483314154195, "cantidad_modos": 2, "indice_dominancia_modal": 0.58195483314154195, "perfil_nodo": "HOTSPOT_EXTREMO_DIURNO", "prioridad_analitica": "PRIORIDAD_MUY_ALTA" }, "geometry": { "type": "Polygon", "coordinates": [ [ [ -58.699553635970759, -34.660414963292347 ], [ -58.695047789769518, -34.661167822652544 ], [ -58.69430019550893, -34.665008994998409 ], [ -58.698058489732567, -34.668097437525098 ], [ -58.702564659204789, -34.667344756920052 ], [ -58.703312211169738, -34.663503455040463 ], [ -58.699553635970759, -34.660414963292347 ] ] ] } },
{ "type": "Feature", "properties": { "id_h3": "88c2e30247fffff", "operaciones_totales": 27796, "ranking_perfil": 54, "percentil_demanda": 99.218865143699347, "categoria_demanda": "HOTSPOT_EXTREMO", "hora_pico": 17, "operaciones_hora_pico": 3050, "pct_hora_pico": 10.972801841991654, "franja_dominante": "TARDE", "perfil_temporal": "VESPERTINO", "modo_dominante": "COLECTIVO", "pct_modo_dominante": 55.61591595913081, "cantidad_modos": 2, "indice_dominancia_modal": 0.55615915959130813, "perfil_nodo": "HOTSPOT_EXTREMO_VESPERTINO", "prioridad_analitica": "PRIORIDAD_MUY_ALTA" }, "geometry": { "type": "Polygon", "coordinates": [ [ [ -58.453017236342994, -34.56134871634508 ], [ -58.457763046326633, -34.559382095767809 ], [ -58.458513337119598, -34.555533818604566 ], [ -58.454517949605552, -34.553652057892037 ], [ -58.449772031471248, -34.555618677142945 ], [ -58.449021609005534, -34.559467058424026 ], [ -58.453017236342994, -34.56134871634508 ] ] ] } },
{ "type": "Feature", "properties": { "id_h3": "88c2e3a943fffff", "operaciones_totales": 27723, "ranking_perfil": 55, "percentil_demanda": 99.20412675018423, "categoria_demanda": "HOTSPOT_EXTREMO", "hora_pico": 17, "operaciones_hora_pico": 3100, "pct_hora_pico": 11.182051004581034, "franja_dominante": "TARDE", "perfil_temporal": "VESPERTINO", "modo_dominante": "COLECTIVO", "pct_modo_dominante": 100.0, "cantidad_modos": 1, "indice_dominancia_modal": 1.0, "perfil_nodo": "HOTSPOT_EXTREMO_VESPERTINO", "prioridad_analitica": "PRIORIDAD_MUY_ALTA" }, "geometry": { "type": "Polygon", "coordinates": [ [ [ -58.661866122410757, -34.473234161246914 ], [ -58.657366300457923, -34.473993697120214 ], [ -58.656619091923147, -34.477845612539298 ], [ -58.660371747329989, -34.480938123295431 ], [ -58.664871892043628, -34.480178767533339 ], [ -58.665619058577022, -34.476326720911132 ], [ -58.661866122410757, -34.473234161246914 ] ] ] } },
{ "type": "Feature", "properties": { "id_h3": "88c2e315d5fffff", "operaciones_totales": 27680, "ranking_perfil": 56, "percentil_demanda": 99.189388356669127, "categoria_demanda": "HOTSPOT_EXTREMO", "hora_pico": 7, "operaciones_hora_pico": 2583, "pct_hora_pico": 9.3316473988439306, "franja_dominante": "MEDIODIA", "perfil_temporal": "DIURNO", "modo_dominante": "COLECTIVO", "pct_modo_dominante": 52.713150289017342, "cantidad_modos": 2, "indice_dominancia_modal": 0.52713150289017341, "perfil_nodo": "HOTSPOT_EXTREMO_DIURNO", "prioridad_analitica": "PRIORIDAD_MUY_ALTA" }, "geometry": { "type": "Polygon", "coordinates": [ [ [ -58.566845664618896, -34.514102963105699 ], [ -58.571585295301475, -34.512132272681058 ], [ -58.572333799789561, -34.508281978097472 ], [ -58.56834280544269, -34.506402268926038 ], [ -58.563603065710787, -34.508372957841054 ], [ -58.562854429378881, -34.512223357428475 ], [ -58.566845664618896, -34.514102963105699 ] ] ] } },
{ "type": "Feature", "properties": { "id_h3": "88c2e31185fffff", "operaciones_totales": 27616, "ranking_perfil": 57, "percentil_demanda": 99.17464996315401, "categoria_demanda": "HOTSPOT_EXTREMO", "hora_pico": 17, "operaciones_hora_pico": 2364, "pct_hora_pico": 8.5602549246813453, "franja_dominante": "MEDIODIA", "perfil_temporal": "DIURNO", "modo_dominante": "COLECTIVO", "pct_modo_dominante": 72.168308227114721, "cantidad_modos": 2, "indice_dominancia_modal": 0.72168308227114719, "perfil_nodo": "HOTSPOT_EXTREMO_DIURNO", "prioridad_analitica": "PRIORIDAD_MUY_ALTA" }, "geometry": { "type": "Polygon", "coordinates": [ [ [ -58.408040184233634, -34.590581293788404 ], [ -58.41278852797403, -34.588616460759624 ], [ -58.413539539451449, -34.584769763679724 ], [ -58.409542338802034, -34.582887795927583 ], [ -58.404793887262848, -34.584852627730449 ], [ -58.404042744175747, -34.588699428502643 ], [ -58.408040184233634, -34.590581293788404 ] ] ] } },
{ "type": "Feature", "properties": { "id_h3": "88c2e381d5fffff", "operaciones_totales": 27063, "ranking_perfil": 58, "percentil_demanda": 99.159911569638908, "categoria_demanda": "HOTSPOT_EXTREMO", "hora_pico": 17, "operaciones_hora_pico": 2587, "pct_hora_pico": 9.559176735764698, "franja_dominante": "MEDIODIA", "perfil_temporal": "DIURNO", "modo_dominante": "TREN", "pct_modo_dominante": 55.83268669401027, "cantidad_modos": 2, "indice_dominancia_modal": 0.5583268669401027, "perfil_nodo": "HOTSPOT_EXTREMO_DIURNO", "prioridad_analitica": "PRIORIDAD_MUY_ALTA" }, "geometry": { "type": "Polygon", "coordinates": [ [ [ -58.580807009297985, -34.755417684679976 ], [ -58.585548240946125, -34.753450515382987 ], [ -58.586296898855494, -34.749618123606083 ], [ -58.582304457116464, -34.747752797792259 ], [ -58.577563116200345, -34.749719966226785 ], [ -58.576814326295029, -34.753552461328859 ], [ -58.580807009297985, -34.755417684679976 ] ] ] } },
{ "type": "Feature", "properties": { "id_h3": "88c2e38e93fffff", "operaciones_totales": 27032, "ranking_perfil": 59, "percentil_demanda": 99.145173176123805, "categoria_demanda": "HOTSPOT_EXTREMO", "hora_pico": 7, "operaciones_hora_pico": 2243, "pct_hora_pico": 8.2975732465226404, "franja_dominante": "MEDIODIA", "perfil_temporal": "DIURNO", "modo_dominante": "TREN", "pct_modo_dominante": 67.630955904113648, "cantidad_modos": 2, "indice_dominancia_modal": 0.67630955904113643, "perfil_nodo": "HOTSPOT_EXTREMO_DIURNO", "prioridad_analitica": "PRIORIDAD_MUY_ALTA" }, "geometry": { "type": "Polygon", "coordinates": [ [ [ -58.66951374807325, -34.657999537070246 ], [ -58.665009808883184, -34.658751234766996 ], [ -58.664262041321699, -34.662591544496152 ], [ -58.6680182550528, -34.665680286151407 ], [ -58.672522517522729, -34.664928767398905 ], [ -58.673270242969053, -34.661088328054234 ], [ -58.66951374807325, -34.657999537070246 ] ] ] } },
{ "type": "Feature", "properties": { "id_h3": "88c2e388adfffff", "operaciones_totales": 26545, "ranking_perfil": 60, "percentil_demanda": 99.130434782608702, "categoria_demanda": "HOTSPOT_EXTREMO", "hora_pico": 18, "operaciones_hora_pico": 2431, "pct_hora_pico": 9.1580335279713694, "franja_dominante": "MEDIODIA", "perfil_temporal": "DIURNO", "modo_dominante": "COLECTIVO", "pct_modo_dominante": 100.0, "cantidad_modos": 1, "indice_dominancia_modal": 1.0, "perfil_nodo": "HOTSPOT_EXTREMO_DIURNO", "prioridad_analitica": "PRIORIDAD_MUY_ALTA" }, "geometry": { "type": "Polygon", "coordinates": [ [ [ -58.458720232765273, -34.710854111390013 ], [ -58.463467186135205, -34.708889769452313 ], [ -58.464217617084003, -34.705052554484205 ], [ -58.460221226428686, -34.703179578376087 ], [ -58.455474164796655, -34.705143919384717 ], [ -58.454723602085885, -34.708981237421767 ], [ -58.458720232765273, -34.710854111390013 ] ] ] } },
{ "type": "Feature", "properties": { "id_h3": "88c2e31057fffff", "operaciones_totales": 26230, "ranking_perfil": 61, "percentil_demanda": 99.115696389093586, "categoria_demanda": "HOTSPOT_EXTREMO", "hora_pico": 17, "operaciones_hora_pico": 2613, "pct_hora_pico": 9.961875714830347, "franja_dominante": "MEDIODIA", "perfil_temporal": "DIURNO", "modo_dominante": "COLECTIVO", "pct_modo_dominante": 80.507052992756385, "cantidad_modos": 2, "indice_dominancia_modal": 0.80507052992756389, "perfil_nodo": "HOTSPOT_EXTREMO_DIURNO", "prioridad_analitica": "PRIORIDAD_MUY_ALTA" }, "geometry": { "type": "Polygon", "coordinates": [ [ [ -58.456993991199177, -34.630394503052969 ], [ -58.461740261201129, -34.628428892280958 ], [ -58.462490596413119, -34.62458573640972 ], [ -58.458494793343256, -34.622708087661643 ], [ -58.453748415128338, -34.624673697291122 ], [ -58.4529979482001, -34.628516956802464 ], [ -58.456993991199177, -34.630394503052969 ] ] ] } },
{ "type": "Feature", "properties": { "id_h3": "88c2e3d4ebfffff", "operaciones_totales": 25945, "ranking_perfil": 62, "percentil_demanda": 99.100957995578483, "categoria_demanda": "HOTSPOT_EXTREMO", "hora_pico": 17, "operaciones_hora_pico": 2469, "pct_hora_pico": 9.5162844478704951, "franja_dominante": "MEDIODIA", "perfil_temporal": "DIURNO", "modo_dominante": "COLECTIVO", "pct_modo_dominante": 59.703218346502219, "cantidad_modos": 2, "indice_dominancia_modal": 0.59703218346502218, "perfil_nodo": "HOTSPOT_EXTREMO_DIURNO", "prioridad_analitica": "PRIORIDAD_MUY_ALTA" }, "geometry": { "type": "Polygon", "coordinates": [ [ [ -58.335687488854198, -34.803946536683775 ], [ -58.340441493397357, -34.801987342011365 ], [ -58.341193915398804, -34.798155458446139 ], [ -58.337192464456336, -34.79628266772864 ], [ -58.33243835261019, -34.79824186176981 ], [ -58.331685799013457, -34.802073847150901 ], [ -58.335687488854198, -34.803946536683775 ] ] ] } },
{ "type": "Feature", "properties": { "id_h3": "88c2e30211fffff", "operaciones_totales": 25796, "ranking_perfil": 63, "percentil_demanda": 99.08621960206338, "categoria_demanda": "HOTSPOT_EXTREMO", "hora_pico": 16, "operaciones_hora_pico": 2176, "pct_hora_pico": 8.4354163436191669, "franja_dominante": "MEDIODIA", "perfil_temporal": "DIURNO", "modo_dominante": "COLECTIVO", "pct_modo_dominante": 100.0, "cantidad_modos": 1, "indice_dominancia_modal": 1.0, "perfil_nodo": "HOTSPOT_EXTREMO_DIURNO", "prioridad_analitica": "PRIORIDAD_MUY_ALTA" }, "geometry": { "type": "Polygon", "coordinates": [ [ [ -58.474999102171026, -34.538085455281042 ], [ -58.479743586432043, -34.536117817364492 ], [ -58.480493511254473, -34.532268111471048 ], [ -58.47649908351827, -34.530385939094828 ], [ -58.471754490938778, -34.532353575611332 ], [ -58.471004434417807, -34.536203385895391 ], [ -58.474999102171026, -34.538085455281042 ] ] ] } },
{ "type": "Feature", "properties": { "id_h3": "88c2e311c5fffff", "operaciones_totales": 25311, "ranking_perfil": 64, "percentil_demanda": 99.071481208548278, "categoria_demanda": "HOTSPOT_EXTREMO", "hora_pico": 17, "operaciones_hora_pico": 2570, "pct_hora_pico": 10.153688119789814, "franja_dominante": "MEDIODIA", "perfil_temporal": "DIURNO", "modo_dominante": "COLECTIVO", "pct_modo_dominante": 59.515625617320531, "cantidad_modos": 2, "indice_dominancia_modal": 0.59515625617320533, "perfil_nodo": "HOTSPOT_EXTREMO_DIURNO", "prioridad_analitica": "PRIORIDAD_MUY_ALTA" }, "geometry": { "type": "Polygon", "coordinates": [ [ [ -58.409033214005959, -34.607845848965745 ], [ -58.413781673013261, -34.605881269043564 ], [ -58.414532695653385, -34.602035852927663 ], [ -58.410535390910688, -34.600154913152217 ], [ -58.405786824089056, -34.602119491894207 ], [ -58.405035669828344, -34.605965011583159 ], [ -58.409033214005959, -34.607845848965745 ] ] ] } },
{ "type": "Feature", "properties": { "id_h3": "88c2e3ab59fffff", "operaciones_totales": 25295, "ranking_perfil": 65, "percentil_demanda": 99.056742815033161, "categoria_demanda": "HOTSPOT_EXTREMO", "hora_pico": 6, "operaciones_hora_pico": 2322, "pct_hora_pico": 9.1796797786123729, "franja_dominante": "TARDE", "perfil_temporal": "VESPERTINO", "modo_dominante": "TREN", "pct_modo_dominante": 69.879422810832182, "cantidad_modos": 2, "indice_dominancia_modal": 0.69879422810832181, "perfil_nodo": "HOTSPOT_EXTREMO_VESPERTINO", "prioridad_analitica": "PRIORIDAD_MUY_ALTA" }, "geometry": { "type": "Polygon", "coordinates": [ [ [ -58.699429855947308, -34.526501221041094 ], [ -58.694926660608417, -34.527259988063541 ], [ -58.694179504187808, -34.531109764900989 ], [ -58.697935585338712, -34.534200905395338 ], [ -58.702439103569432, -34.533442317943546 ], [ -58.703186217744779, -34.52959241043402 ], [ -58.699429855947308, -34.526501221041094 ] ] ] } },
{ "type": "Feature", "properties": { "id_h3": "88c2e311a9fffff", "operaciones_totales": 25169, "ranking_perfil": 66, "percentil_demanda": 99.042004421518058, "categoria_demanda": "HOTSPOT_EXTREMO", "hora_pico": 16, "operaciones_hora_pico": 2319, "pct_hora_pico": 9.2137152846755921, "franja_dominante": "MEDIODIA", "perfil_temporal": "DIURNO", "modo_dominante": "COLECTIVO", "pct_modo_dominante": 77.738487822321105, "cantidad_modos": 2, "indice_dominancia_modal": 0.77738487822321101, "perfil_nodo": "HOTSPOT_EXTREMO_DIURNO", "prioridad_analitica": "PRIORIDAD_MUY_ALTA" }, "geometry": { "type": "Polygon", "coordinates": [ [ [ -58.399293961811921, -34.590664004842985 ], [ -58.404042744175747, -34.588699428502643 ], [ -58.404793887262848, -34.584852627730449 ], [ -58.400796379584364, -34.58297029964006 ], [ -58.396047489492695, -34.58493487475895 ], [ -58.395296214811246, -34.588781779180927 ], [ -58.399293961811921, -34.590664004842985 ] ] ] } },
{ "type": "Feature", "properties": { "id_h3": "88c2e311c1fffff", "operaciones_totales": 24339, "ranking_perfil": 67, "percentil_demanda": 99.027266028002941, "categoria_demanda": "HOTSPOT_EXTREMO", "hora_pico": 17, "operaciones_hora_pico": 1988, "pct_hora_pico": 8.1679608858211097, "franja_dominante": "MEDIODIA", "perfil_temporal": "DIURNO", "modo_dominante": "COLECTIVO", "pct_modo_dominante": 66.835120588356133, "cantidad_modos": 2, "indice_dominancia_modal": 0.66835120588356134, "perfil_nodo": "HOTSPOT_EXTREMO_DIURNO", "prioridad_analitica": "PRIORIDAD_MUY_ALTA" }, "geometry": { "type": "Polygon", "coordinates": [ [ [ -58.417778910061365, -34.607761746113347 ], [ -58.422526930232415, -34.605796909489385 ], [ -58.423277821236745, -34.601951596988982 ], [ -58.419280823709713, -34.600071017488318 ], [ -58.414532695653385, -34.602035852927663 ], [ -58.413781673013261, -34.605881269043564 ], [ -58.417778910061365, -34.607761746113347 ] ] ] } },
{ "type": "Feature", "properties": { "id_h3": "88c2e31ad9fffff", "operaciones_totales": 24338, "ranking_perfil": 68, "percentil_demanda": 99.012527634487839, "categoria_demanda": "HOTSPOT_EXTREMO", "hora_pico": 18, "operaciones_hora_pico": 2603, "pct_hora_pico": 10.69520913797354, "franja_dominante": "TARDE", "perfil_temporal": "VESPERTINO", "modo_dominante": "COLECTIVO", "pct_modo_dominante": 100.0, "cantidad_modos": 1, "indice_dominancia_modal": 1.0, "perfil_nodo": "HOTSPOT_EXTREMO_VESPERTINO", "prioridad_analitica": "PRIORIDAD_MUY_ALTA" }, "geometry": { "type": "Polygon", "coordinates": [ [ [ -58.379544736632631, -34.602366705352807 ], [ -58.384294618767321, -34.600402897312613 ], [ -58.38504607635015, -34.596556708995394 ], [ -58.381047783368082, -34.594674225238414 ], [ -58.376297793660903, -34.596638032098063 ], [ -58.375546204512212, -34.600484323886484 ], [ -58.379544736632631, -34.602366705352807 ] ] ] } },
{ "type": "Feature", "properties": { "id_h3": "88c2e31315fffff", "operaciones_totales": 23936, "ranking_perfil": 69, "percentil_demanda": 98.997789240972736, "categoria_demanda": "HOTSPOT_ALTO", "hora_pico": 7, "operaciones_hora_pico": 2522, "pct_hora_pico": 10.536430481283423, "franja_dominante": "MANANA", "perfil_temporal": "MATUTINO", "modo_dominante": "COLECTIVO", "pct_modo_dominante": 100.0, "cantidad_modos": 1, "indice_dominancia_modal": 1.0, "perfil_nodo": "HOTSPOT_ALTO_MATUTINO", "prioridad_analitica": "PRIORIDAD_ALTA" }, "geometry": { "type": "Polygon", "coordinates": [ [ [ -58.41201265996196, -34.659602603142815 ], [ -58.416761464784578, -34.657638784049681 ], [ -58.417512520910115, -34.653797210957634 ], [ -58.413514903870158, -34.651919353734627 ], [ -58.408765991186527, -34.653883171784031 ], [ -58.408014803407767, -34.657724848091434 ], [ -58.41201265996196, -34.659602603142815 ] ] ] } },
{ "type": "Feature", "properties": { "id_h3": "88c2e31117fffff", "operaciones_totales": 23775, "ranking_perfil": 70, "percentil_demanda": 98.983050847457633, "categoria_demanda": "HOTSPOT_ALTO", "hora_pico": 18, "operaciones_hora_pico": 1838, "pct_hora_pico": 7.7308096740273395, "franja_dominante": "MEDIODIA", "perfil_temporal": "DIURNO", "modo_dominante": "COLECTIVO", "pct_modo_dominante": 75.76866456361725, "cantidad_modos": 2, "indice_dominancia_modal": 0.7576866456361725, "perfil_nodo": "HOTSPOT_ALTO_DIURNO", "prioridad_analitica": "PRIORIDAD_ALTA" }, "geometry": { "type": "Polygon", "coordinates": [ [ [ -58.394786297935148, -34.613738563728042 ], [ -58.399535526422433, -34.611774496356674 ], [ -58.400286772148533, -34.607929334701936 ], [ -58.396288920989903, -34.606048136947294 ], [ -58.391539584801386, -34.608012203161024 ], [ -58.390788207476618, -34.611857468278323 ], [ -58.394786297935148, -34.613738563728042 ] ] ] } },
{ "type": "Feature", "properties": { "id_h3": "88c2e311d9fffff", "operaciones_totales": 23449, "ranking_perfil": 71, "percentil_demanda": 98.968312453942517, "categoria_demanda": "HOTSPOT_ALTO", "hora_pico": 18, "operaciones_hora_pico": 2088, "pct_hora_pico": 8.9044308925753768, "franja_dominante": "MEDIODIA", "perfil_temporal": "DIURNO", "modo_dominante": "COLECTIVO", "pct_modo_dominante": 67.853639814064564, "cantidad_modos": 2, "indice_dominancia_modal": 0.67853639814064559, "perfil_nodo": "HOTSPOT_ALTO_DIURNO", "prioridad_analitica": "PRIORIDAD_ALTA" }, "geometry": { "type": "Polygon", "coordinates": [ [ [ -58.440765833212808, -34.60178123483886 ], [ -58.44551264399179, -34.599815629917629 ], [ -58.446263180185198, -34.595970167087927 ], [ -58.442267037276288, -34.594090205402296 ], [ -58.437520118428239, -34.59605580911191 ], [ -58.436769450562018, -34.599901375710054 ], [ -58.440765833212808, -34.60178123483886 ] ] ] } },
{ "type": "Feature", "properties": { "id_h3": "88c2e31137fffff", "operaciones_totales": 23170, "ranking_perfil": 72, "percentil_demanda": 98.953574060427414, "categoria_demanda": "HOTSPOT_ALTO", "hora_pico": 17, "operaciones_hora_pico": 3809, "pct_hora_pico": 16.439361242986621, "franja_dominante": "TARDE", "perfil_temporal": "VESPERTINO", "modo_dominante": "SUBTE", "pct_modo_dominante": 77.030643072939142, "cantidad_modos": 2, "indice_dominancia_modal": 0.77030643072939142, "perfil_nodo": "HOTSPOT_ALTO_VESPERTINO", "prioridad_analitica": "PRIORIDAD_ALTA" }, "geometry": { "type": "Polygon", "coordinates": [ [ [ -58.374042974888084, -34.608176087604953 ], [ -58.378793187602135, -34.606212535506117 ], [ -58.379544736632631, -34.602366705352807 ], [ -58.375546204512212, -34.600484323886484 ], [ -58.370795884267842, -34.602447874822907 ], [ -58.370044203678141, -34.606293808379355 ], [ -58.374042974888084, -34.608176087604953 ] ] ] } },
{ "type": "Feature", "properties": { "id_h3": "88c2e33745fffff", "operaciones_totales": 22992, "ranking_perfil": 73, "percentil_demanda": 98.938835666912311, "categoria_demanda": "HOTSPOT_ALTO", "hora_pico": 17, "operaciones_hora_pico": 2261, "pct_hora_pico": 9.8338552540013922, "franja_dominante": "MEDIODIA", "perfil_temporal": "DIURNO", "modo_dominante": "COLECTIVO", "pct_modo_dominante": 99.843423799582467, "cantidad_modos": 2, "indice_dominancia_modal": 0.99843423799582465, "perfil_nodo": "HOTSPOT_ALTO_DIURNO", "prioridad_analitica": "PRIORIDAD_ALTA" }, "geometry": { "type": "Polygon", "coordinates": [ [ [ -58.795340542535712, -34.346062048610328 ], [ -58.790834975966739, -34.34683282985371 ], [ -58.790088988978987, -34.350697413626627 ], [ -58.793848611298621, -34.35379134816791 ], [ -58.798354500197092, -34.353020747019912 ], [ -58.799100444433776, -34.349156031242501 ], [ -58.795340542535712, -34.346062048610328 ] ] ] } },
{ "type": "Feature", "properties": { "id_h3": "88c2e31003fffff", "operaciones_totales": 22892, "ranking_perfil": 74, "percentil_demanda": 98.924097273397209, "categoria_demanda": "HOTSPOT_ALTO", "hora_pico": 7, "operaciones_hora_pico": 2063, "pct_hora_pico": 9.0118818801327976, "franja_dominante": "MEDIODIA", "perfil_temporal": "DIURNO", "modo_dominante": "COLECTIVO", "pct_modo_dominante": 52.219115848331299, "cantidad_modos": 2, "indice_dominancia_modal": 0.52219115848331299, "perfil_nodo": "HOTSPOT_ALTO_DIURNO", "prioridad_analitica": "PRIORIDAD_ALTA" }, "geometry": { "type": "Polygon", "coordinates": [ [ [ -58.445005486395594, -34.624761041751178 ], [ -58.449752304149662, -34.622795688531355 ], [ -58.450502811273815, -34.618951967641394 ], [ -58.44650663234016, -34.617073496339117 ], [ -58.441759706472688, -34.619038848406944 ], [ -58.441009067656168, -34.622882672920326 ], [ -58.445005486395594, -34.624761041751178 ] ] ] } },
{ "type": "Feature", "properties": { "id_h3": "88c2e3aecbfffff", "operaciones_totales": 22749, "ranking_perfil": 75, "percentil_demanda": 98.909358879882092, "categoria_demanda": "HOTSPOT_ALTO", "hora_pico": 7, "operaciones_hora_pico": 2688, "pct_hora_pico": 11.815903995780035, "franja_dominante": "MANANA", "perfil_temporal": "MATUTINO", "modo_dominante": "COLECTIVO", "pct_modo_dominante": 64.956701393467839, "cantidad_modos": 2, "indice_dominancia_modal": 0.64956701393467842, "perfil_nodo": "HOTSPOT_ALTO_MATUTINO", "prioridad_analitica": "PRIORIDAD_ALTA" }, "geometry": { "type": "Polygon", "coordinates": [ [ [ -58.912080938510634, -34.464333400090894 ], [ -58.907565866786442, -34.465103892948228 ], [ -58.906820209615454, -34.468964855726767 ], [ -58.910589667649532, -34.472055456406594 ], [ -58.915105061961839, -34.471285142251659 ], [ -58.915850675639277, -34.46742404872186 ], [ -58.912080938510634, -34.464333400090894 ] ] ] } },
{ "type": "Feature", "properties": { "id_h3": "88c2e314b1fffff", "operaciones_totales": 22728, "ranking_perfil": 76, "percentil_demanda": 98.894620486366989, "categoria_demanda": "HOTSPOT_ALTO", "hora_pico": 7, "operaciones_hora_pico": 2199, "pct_hora_pico": 9.675290390707497, "franja_dominante": "MEDIODIA", "perfil_temporal": "DIURNO", "modo_dominante": "COLECTIVO", "pct_modo_dominante": 100.0, "cantidad_modos": 1, "indice_dominancia_modal": 1.0, "perfil_nodo": "HOTSPOT_ALTO_DIURNO", "prioridad_analitica": "PRIORIDAD_ALTA" }, "geometry": { "type": "Polygon", "coordinates": [ [ [ -58.614978189425344, -34.490537414316989 ], [ -58.619715163438805, -34.488564952977192 ], [ -58.620462905998124, -34.484713550340231 ], [ -58.616473806460824, -34.482834503629654 ], [ -58.611736723021181, -34.484806963372108 ], [ -58.610988848548786, -34.488658471413828 ], [ -58.614978189425344, -34.490537414316989 ] ] ] } },
{ "type": "Feature", "properties": { "id_h3": "88c2e311cdfffff", "operaciones_totales": 22490, "ranking_perfil": 77, "percentil_demanda": 98.879882092851872, "categoria_demanda": "HOTSPOT_ALTO", "hora_pico": 17, "operaciones_hora_pico": 1820, "pct_hora_pico": 8.0924855491329488, "franja_dominante": "MEDIODIA", "perfil_temporal": "DIURNO", "modo_dominante": "COLECTIVO", "pct_modo_dominante": 82.534459759893281, "cantidad_modos": 2, "indice_dominancia_modal": 0.82534459759893286, "perfil_nodo": "HOTSPOT_ALTO_DIURNO", "prioridad_analitica": "PRIORIDAD_ALTA" }, "geometry": { "type": "Polygon", "coordinates": [ [ [ -58.412279576414441, -34.613571281804305 ], [ -58.417027927578545, -34.611606700715619 ], [ -58.417778910061365, -34.607761746113347 ], [ -58.413781673013261, -34.605881269043564 ], [ -58.409033214005959, -34.607845848965745 ], [ -58.40828209989386, -34.611690907115502 ], [ -58.412279576414441, -34.613571281804305 ] ] ] } },
{ "type": "Feature", "properties": { "id_h3": "88c2e31065fffff", "operaciones_totales": 22431, "ranking_perfil": 78, "percentil_demanda": 98.865143699336784, "categoria_demanda": "HOTSPOT_ALTO", "hora_pico": 7, "operaciones_hora_pico": 2697, "pct_hora_pico": 12.023538852480941, "franja_dominante": "MANANA", "perfil_temporal": "MATUTINO", "modo_dominante": "COLECTIVO", "pct_modo_dominante": 53.787169542151489, "cantidad_modos": 2, "indice_dominancia_modal": 0.53787169542151492, "perfil_nodo": "HOTSPOT_ALTO_MATUTINO", "prioridad_analitica": "PRIORIDAD_ALTA" }, "geometry": { "type": "Polygon", "coordinates": [ [ [ -58.411019451865371, -34.642356503498718 ], [ -58.415768141413785, -34.640392430544793 ], [ -58.416519186377975, -34.636549576423803 ], [ -58.412521673440011, -34.634670691913421 ], [ -58.407772876046153, -34.636634763778225 ], [ -58.407021699439618, -34.640477721233829 ], [ -58.411019451865371, -34.642356503498718 ] ] ] } },
{ "type": "Feature", "properties": { "id_h3": "88c2e38d67fffff", "operaciones_totales": 22132, "ranking_perfil": 79, "percentil_demanda": 98.850405305821667, "categoria_demanda": "HOTSPOT_ALTO", "hora_pico": 7, "operaciones_hora_pico": 2391, "pct_hora_pico": 10.803361648292066, "franja_dominante": "MANANA", "perfil_temporal": "MATUTINO", "modo_dominante": "COLECTIVO", "pct_modo_dominante": 100.0, "cantidad_modos": 1, "indice_dominancia_modal": 1.0, "perfil_nodo": "HOTSPOT_ALTO_MATUTINO", "prioridad_analitica": "PRIORIDAD_ALTA" }, "geometry": { "type": "Polygon", "coordinates": [ [ [ -58.500438034284905, -34.675942815708915 ], [ -58.505182556707311, -34.673976683704055 ], [ -58.505932306516762, -34.670137424947988 ], [ -58.501937665723347, -34.668264194669227 ], [ -58.497193034716538, -34.670230325633682 ], [ -58.49644315309137, -34.674069687908563 ], [ -58.500438034284905, -34.675942815708915 ] ] ] } },
{ "type": "Feature", "properties": { "id_h3": "88c2e31707fffff", "operaciones_totales": 22074, "ranking_perfil": 80, "percentil_demanda": 98.835666912306564, "categoria_demanda": "HOTSPOT_ALTO", "hora_pico": 17, "operaciones_hora_pico": 2170, "pct_hora_pico": 9.8305699012412795, "franja_dominante": "MEDIODIA", "perfil_temporal": "DIURNO", "modo_dominante": "COLECTIVO", "pct_modo_dominante": 100.0, "cantidad_modos": 1, "indice_dominancia_modal": 1.0, "perfil_nodo": "HOTSPOT_ALTO_DIURNO", "prioridad_analitica": "PRIORIDAD_ALTA" }, "geometry": { "type": "Polygon", "coordinates": [ [ [ -58.535900209577505, -34.583544969783901 ], [ -58.540642063241172, -34.581576299931683 ], [ -58.541391139033266, -34.577730702150184 ], [ -58.537398492993177, -34.575853669857757 ], [ -58.532656530499182, -34.57782233840463 ], [ -58.531907322879405, -34.581668040540634 ], [ -58.535900209577505, -34.583544969783901 ] ] ] } },
{ "type": "Feature", "properties": { "id_h3": "88c2e3ae6dfffff", "operaciones_totales": 21731, "ranking_perfil": 81, "percentil_demanda": 98.820928518791447, "categoria_demanda": "HOTSPOT_ALTO", "hora_pico": 18, "operaciones_hora_pico": 2064, "pct_hora_pico": 9.4979522341355658, "franja_dominante": "MEDIODIA", "perfil_temporal": "DIURNO", "modo_dominante": "COLECTIVO", "pct_modo_dominante": 66.232570981547099, "cantidad_modos": 2, "indice_dominancia_modal": 0.66232570981547101, "perfil_nodo": "HOTSPOT_ALTO_DIURNO", "prioridad_analitica": "PRIORIDAD_ALTA" }, "geometry": { "type": "Polygon", "coordinates": [ [ [ -58.842144091044844, -34.487440785651536 ], [ -58.837632861800479, -34.488207302731446 ], [ -58.836886700098169, -34.492064420500498 ], [ -58.840651810711307, -34.495155151901685 ], [ -58.845163362654489, -34.494388813795283 ], [ -58.845909481273033, -34.490531565321483 ], [ -58.842144091044844, -34.487440785651536 ] ] ] } },
{ "type": "Feature", "properties": { "id_h3": "88c2e315c5fffff", "operaciones_totales": 21635, "ranking_perfil": 82, "percentil_demanda": 98.806190125276345, "categoria_demanda": "HOTSPOT_ALTO", "hora_pico": 7, "operaciones_hora_pico": 2557, "pct_hora_pico": 11.818812110006933, "franja_dominante": "MANANA", "perfil_temporal": "MATUTINO", "modo_dominante": "COLECTIVO", "pct_modo_dominante": 52.29951467529466, "cantidad_modos": 2, "indice_dominancia_modal": 0.52299514675294656, "perfil_nodo": "HOTSPOT_ALTO_MATUTINO", "prioridad_analitica": "PRIORIDAD_ALTA" }, "geometry": { "type": "Polygon", "coordinates": [ [ [ -58.54713566868309, -34.525833637223663 ], [ -58.551876405462821, -34.523863707020659 ], [ -58.552625224888132, -34.520014020092098 ], [ -58.548633439353829, -34.518134158533179 ], [ -58.54389259367845, -34.52010408726813 ], [ -58.543143642436839, -34.52395387902137 ], [ -58.54713566868309, -34.525833637223663 ] ] ] } },
{ "type": "Feature", "properties": { "id_h3": "88c2e314d3fffff", "operaciones_totales": 21236, "ranking_perfil": 83, "percentil_demanda": 98.791451731761242, "categoria_demanda": "HOTSPOT_ALTO", "hora_pico": 7, "operaciones_hora_pico": 2022, "pct_hora_pico": 9.5215671501224346, "franja_dominante": "MEDIODIA", "perfil_temporal": "DIURNO", "modo_dominante": "COLECTIVO", "pct_modo_dominante": 53.512902618195511, "cantidad_modos": 2, "indice_dominancia_modal": 0.53512902618195513, "perfil_nodo": "HOTSPOT_ALTO_DIURNO", "prioridad_analitica": "PRIORIDAD_ALTA" }, "geometry": { "type": "Polygon", "coordinates": [ [ [ -58.642152599525993, -34.507532072325873 ], [ -58.646888359591244, -34.505559099448163 ], [ -58.647635717191548, -34.501709290822681 ], [ -58.643647446698303, -34.499832349654426 ], [ -58.638911576981151, -34.501805320969261 ], [ -58.638164087412882, -34.505655235006593 ], [ -58.642152599525993, -34.507532072325873 ] ] ] } },
{ "type": "Feature", "properties": { "id_h3": "88c2e38eb1fffff", "operaciones_totales": 20831, "ranking_perfil": 84, "percentil_demanda": 98.77671333824614, "categoria_demanda": "HOTSPOT_ALTO", "hora_pico": 7, "operaciones_hora_pico": 2068, "pct_hora_pico": 9.9275118813307088, "franja_dominante": "MEDIODIA", "perfil_temporal": "DIURNO", "modo_dominante": "TREN", "pct_modo_dominante": 71.350391243819317, "cantidad_modos": 2, "indice_dominancia_modal": 0.71350391243819322, "perfil_nodo": "HOTSPOT_ALTO_DIURNO", "prioridad_analitica": "PRIORIDAD_ALTA" }, "geometry": { "type": "Polygon", "coordinates": [ [ [ -58.644737718221947, -34.650986826543949 ], [ -58.640235452532771, -34.651737788278432 ], [ -58.639487558927087, -34.655577708941102 ], [ -58.643241972962457, -34.658666797602073 ], [ -58.647744561924128, -34.657916014998435 ], [ -58.648492413565293, -34.654075964610279 ], [ -58.644737718221947, -34.650986826543949 ] ] ] } },
{ "type": "Feature", "properties": { "id_h3": "88c2e3165bfffff", "operaciones_totales": 20756, "ranking_perfil": 85, "percentil_demanda": 98.761974944731023, "categoria_demanda": "HOTSPOT_ALTO", "hora_pico": 17, "operaciones_hora_pico": 2023, "pct_hora_pico": 9.7465793023703995, "franja_dominante": "MEDIODIA", "perfil_temporal": "DIURNO", "modo_dominante": "TREN", "pct_modo_dominante": 50.568510310271733, "cantidad_modos": 2, "indice_dominancia_modal": 0.5056851031027173, "perfil_nodo": "HOTSPOT_ALTO_DIURNO", "prioridad_analitica": "PRIORIDAD_ALTA" }, "geometry": { "type": "Polygon", "coordinates": [ [ [ -58.629694420249983, -34.594029557431234 ], [ -58.634194893000974, -34.593276491423687 ], [ -58.634942614027587, -34.589432743822897 ], [ -58.631189904175663, -34.586342192525464 ], [ -58.62645257894453, -34.588313409663137 ], [ -58.625704770987106, -34.592157144474655 ], [ -58.629694420249983, -34.594029557431234 ] ] ] } },
{ "type": "Feature", "properties": { "id_h3": "88c2e06cd9fffff", "operaciones_totales": 20676, "ranking_perfil": 86, "percentil_demanda": 98.74723655121592, "categoria_demanda": "HOTSPOT_ALTO", "hora_pico": 7, "operaciones_hora_pico": 1937, "pct_hora_pico": 9.3683497775198301, "franja_dominante": "MEDIODIA", "perfil_temporal": "DIURNO", "modo_dominante": "TREN", "pct_modo_dominante": 73.118591603791842, "cantidad_modos": 2, "indice_dominancia_modal": 0.73118591603791838, "perfil_nodo": "HOTSPOT_ALTO_DIURNO", "prioridad_analitica": "PRIORIDAD_ALTA" }, "geometry": { "type": "Polygon", "coordinates": [ [ [ -58.377653452202971, -34.923817481018013 ], [ -58.382406513616623, -34.921859053950975 ], [ -58.38315848760444, -34.91803655121133 ], [ -58.379157531915943, -34.916172374377503 ], [ -58.374404362805407, -34.918130801102947 ], [ -58.373652257084153, -34.921953404995051 ], [ -58.377653452202971, -34.923817481018013 ] ] ] } },
{ "type": "Feature", "properties": { "id_h3": "88c2e39907fffff", "operaciones_totales": 20645, "ranking_perfil": 87, "percentil_demanda": 98.732498157700803, "categoria_demanda": "HOTSPOT_ALTO", "hora_pico": 17, "operaciones_hora_pico": 2314, "pct_hora_pico": 11.208525066602084, "franja_dominante": "MEDIODIA", "perfil_temporal": "DIURNO", "modo_dominante": "COLECTIVO", "pct_modo_dominante": 100.0, "cantidad_modos": 1, "indice_dominancia_modal": 1.0, "perfil_nodo": "HOTSPOT_ALTO_DIURNO", "prioridad_analitica": "PRIORIDAD_ALTA" }, "geometry": { "type": "Polygon", "coordinates": [ [ [ -58.388932379958241, -34.866452504223254 ], [ -58.393684324916194, -34.86449278553701 ], [ -58.394436041985983, -34.860666179163104 ], [ -58.390435945824493, -34.858799189848305 ], [ -58.385683893102943, -34.860758908041504 ], [ -58.384932044310425, -34.864585616033757 ], [ -58.388932379958241, -34.866452504223254 ] ] ] } },
{ "type": "Feature", "properties": { "id_h3": "88c2e3ba19fffff", "operaciones_totales": 20176, "ranking_perfil": 88, "percentil_demanda": 98.717759764185715, "categoria_demanda": "HOTSPOT_ALTO", "hora_pico": 18, "operaciones_hora_pico": 1722, "pct_hora_pico": 8.5348929421094368, "franja_dominante": "TARDE", "perfil_temporal": "VESPERTINO", "modo_dominante": "TREN", "pct_modo_dominante": 51.462133227597143, "cantidad_modos": 2, "indice_dominancia_modal": 0.5146213322759714, "perfil_nodo": "HOTSPOT_ALTO_VESPERTINO", "prioridad_analitica": "PRIORIDAD_ALTA" }, "geometry": { "type": "Polygon", "coordinates": [ [ [ -58.761916024021382, -34.653695636533875 ], [ -58.757406457113518, -34.654451427045565 ], [ -58.756659262810992, -34.658295142984812 ], [ -58.760421678069797, -34.66138319788238 ], [ -58.764931568194832, -34.660627585804228 ], [ -58.765678719831243, -34.65678374040229 ], [ -58.761916024021382, -34.653695636533875 ] ] ] } },
{ "type": "Feature", "properties": { "id_h3": "88c2e3d4a5fffff", "operaciones_totales": 20122, "ranking_perfil": 89, "percentil_demanda": 98.703021370670598, "categoria_demanda": "HOTSPOT_ALTO", "hora_pico": 12, "operaciones_hora_pico": 2080, "pct_hora_pico": 10.336944637709969, "franja_dominante": "MEDIODIA", "perfil_temporal": "DIURNO", "modo_dominante": "COLECTIVO", "pct_modo_dominante": 100.0, "cantidad_modos": 1, "indice_dominancia_modal": 1.0, "perfil_nodo": "HOTSPOT_ALTO_DIURNO", "prioridad_analitica": "PRIORIDAD_ALTA" }, "geometry": { "type": "Polygon", "coordinates": [ [ [ -58.317183343916113, -34.78691459941826 ], [ -58.321938107707986, -34.784955665748882 ], [ -58.322690781599768, -34.781122296042994 ], [ -58.318688823256963, -34.779247758147328 ], [ -58.313933952320347, -34.781206691149748 ], [ -58.313181146875259, -34.785040162705968 ], [ -58.317183343916113, -34.78691459941826 ] ] ] } },
{ "type": "Feature", "properties": { "id_h3": "88c2e311ebfffff", "operaciones_totales": 20055, "ranking_perfil": 90, "percentil_demanda": 98.688282977155495, "categoria_demanda": "HOTSPOT_ALTO", "hora_pico": 18, "operaciones_hora_pico": 1580, "pct_hora_pico": 7.8783345799052604, "franja_dominante": "MEDIODIA", "perfil_temporal": "DIURNO", "modo_dominante": "COLECTIVO", "pct_modo_dominante": 79.995013712291197, "cantidad_modos": 2, "indice_dominancia_modal": 0.79995013712291196, "perfil_nodo": "HOTSPOT_ALTO_DIURNO", "prioridad_analitica": "PRIORIDAD_ALTA" }, "geometry": { "type": "Polygon", "coordinates": [ [ [ -58.405786824089056, -34.602119491894207 ], [ -58.410535390910688, -34.600154913152217 ], [ -58.411286453703973, -34.596309035503445 ], [ -58.40728908129136, -34.594427632989316 ], [ -58.402540406684203, -34.59639221053736 ], [ -58.401789212279091, -34.600238191784769 ], [ -58.405786824089056, -34.602119491894207 ] ] ] } },
{ "type": "Feature", "properties": { "id_h3": "88c2e31467fffff", "operaciones_totales": 19980, "ranking_perfil": 91, "percentil_demanda": 98.673544583640378, "categoria_demanda": "HOTSPOT_ALTO", "hora_pico": 17, "operaciones_hora_pico": 1841, "pct_hora_pico": 9.2142142142142145, "franja_dominante": "MEDIODIA", "perfil_temporal": "DIURNO", "modo_dominante": "COLECTIVO", "pct_modo_dominante": 64.124124124124123, "cantidad_modos": 2, "indice_dominancia_modal": 0.64124124124124127, "perfil_nodo": "HOTSPOT_ALTO_DIURNO", "prioridad_analitica": "PRIORIDAD_ALTA" }, "geometry": { "type": "Polygon", "coordinates": [ [ [ -58.55461830190918, -34.554559766118324 ], [ -58.559358935236226, -34.552590083412476 ], [ -58.560107685074705, -34.548742597804427 ], [ -58.556115933434313, -34.546864690240348 ], [ -58.551375191138717, -34.548834371553191 ], [ -58.550626309455872, -34.552681961814436 ], [ -58.55461830190918, -34.554559766118324 ] ] ] } },
{ "type": "Feature", "properties": { "id_h3": "88c2e311c9fffff", "operaciones_totales": 19878, "ranking_perfil": 92, "percentil_demanda": 98.658806190125276, "categoria_demanda": "HOTSPOT_ALTO", "hora_pico": 17, "operaciones_hora_pico": 1642, "pct_hora_pico": 8.2603883690512117, "franja_dominante": "MEDIODIA", "perfil_temporal": "DIURNO", "modo_dominante": "COLECTIVO", "pct_modo_dominante": 70.253546634470268, "cantidad_modos": 2, "indice_dominancia_modal": 0.70253546634470265, "perfil_nodo": "HOTSPOT_ALTO_DIURNO", "prioridad_analitica": "PRIORIDAD_ALTA" }, "geometry": { "type": "Polygon", "coordinates": [ [ [ -58.421025096907428, -34.613486715112778 ], [ -58.425773009164402, -34.611521877317955 ], [ -58.426523860002696, -34.607677026305566 ], [ -58.422526930232415, -34.605796909489385 ], [ -58.417778910061365, -34.607761746113347 ], [ -58.417027927578545, -34.611606700715619 ], [ -58.421025096907428, -34.613486715112778 ] ] ] } },
{ "type": "Feature", "properties": { "id_h3": "88c2e311e9fffff", "operaciones_totales": 19774, "ranking_perfil": 93, "percentil_demanda": 98.644067796610173, "categoria_demanda": "HOTSPOT_ALTO", "hora_pico": 17, "operaciones_hora_pico": 1976, "pct_hora_pico": 9.9929199959542832, "franja_dominante": "MEDIODIA", "perfil_temporal": "DIURNO", "modo_dominante": "COLECTIVO", "pct_modo_dominante": 70.112268635582069, "cantidad_modos": 2, "indice_dominancia_modal": 0.70112268635582065, "perfil_nodo": "HOTSPOT_ALTO_DIURNO", "prioridad_analitica": "PRIORIDAD_ALTA" }, "geometry": { "type": "Polygon", "coordinates": [ [ [ -58.400286772148533, -34.607929334701936 ], [ -58.405035669828344, -34.605965011583159 ], [ -58.405786824089056, -34.602119491894207 ], [ -58.401789212279091, -34.600238191784769 ], [ -58.397040206855877, -34.602202513727747 ], [ -58.396288920989903, -34.606048136947294 ], [ -58.400286772148533, -34.607929334701936 ] ] ] } },
{ "type": "Feature", "properties": { "id_h3": "88c2e3c429fffff", "operaciones_totales": 19752, "ranking_perfil": 94, "percentil_demanda": 98.62932940309507, "categoria_demanda": "HOTSPOT_ALTO", "hora_pico": 17, "operaciones_hora_pico": 2073, "pct_hora_pico": 10.495139732685297, "franja_dominante": "MEDIODIA", "perfil_temporal": "DIURNO", "modo_dominante": "TREN", "pct_modo_dominante": 60.535641960307821, "cantidad_modos": 2, "indice_dominancia_modal": 0.60535641960307818, "perfil_nodo": "HOTSPOT_ALTO_DIURNO", "prioridad_analitica": "PRIORIDAD_ALTA" }, "geometry": { "type": "Polygon", "coordinates": [ [ [ -58.283698073251934, -34.712560892554279 ], [ -58.288453791166731, -34.710601709577375 ], [ -58.289206854445773, -34.706762441256551 ], [ -58.285204331268069, -34.704882253680317 ], [ -58.280448506513885, -34.706841435813153 ], [ -58.279695311780785, -34.710680806357502 ], [ -58.283698073251934, -34.712560892554279 ] ] ] } },
{ "type": "Feature", "properties": { "id_h3": "88c2e380ddfffff", "operaciones_totales": 19674, "ranking_perfil": 95, "percentil_demanda": 98.614591009579954, "categoria_demanda": "HOTSPOT_ALTO", "hora_pico": 18, "operaciones_hora_pico": 1710, "pct_hora_pico": 8.6916742909423608, "franja_dominante": "MEDIODIA", "perfil_temporal": "DIURNO", "modo_dominante": "TREN", "pct_modo_dominante": 66.346447087526684, "cantidad_modos": 2, "indice_dominancia_modal": 0.66346447087526683, "perfil_nodo": "HOTSPOT_ALTO_DIURNO", "prioridad_analitica": "PRIORIDAD_ALTA" }, "geometry": { "type": "Polygon", "coordinates": [ [ [ -58.644065849088136, -34.766176821747713 ], [ -58.639561345905229, -34.766922668786016 ], [ -58.638813069628171, -34.770755140766902 ], [ -58.642569338524382, -34.773841894464567 ], [ -58.647074165307522, -34.773096225853756 ], [ -58.64782239958155, -34.769263625125134 ], [ -58.644065849088136, -34.766176821747713 ] ] ] } },
{ "type": "Feature", "properties": { "id_h3": "88c2e3ab17fffff", "operaciones_totales": 19644, "ranking_perfil": 96, "percentil_demanda": 98.599852616064851, "categoria_demanda": "HOTSPOT_ALTO", "hora_pico": 18, "operaciones_hora_pico": 1843, "pct_hora_pico": 9.381999592750967, "franja_dominante": "MEDIODIA", "perfil_temporal": "DIURNO", "modo_dominante": "TREN", "pct_modo_dominante": 56.108735491753201, "cantidad_modos": 2, "indice_dominancia_modal": 0.56108735491753203, "perfil_nodo": "HOTSPOT_ALTO_DIURNO", "prioridad_analitica": "PRIORIDAD_ALTA" }, "geometry": { "type": "Polygon", "coordinates": [ [ [ -58.692645232804658, -34.494120232127578 ], [ -58.688143094938525, -34.49488014309852 ], [ -58.687396003437833, -34.498731766268619 ], [ -58.691151091983429, -34.501823609436656 ], [ -58.695653552653532, -34.501063878271736 ], [ -58.696400601961436, -34.497212124140042 ], [ -58.692645232804658, -34.494120232127578 ] ] ] } },
{ "type": "Feature", "properties": { "id_h3": "88c2e31325fffff", "operaciones_totales": 19640, "ranking_perfil": 97, "percentil_demanda": 98.585114222549748, "categoria_demanda": "HOTSPOT_ALTO", "hora_pico": 17, "operaciones_hora_pico": 2245, "pct_hora_pico": 11.430753564154786, "franja_dominante": "MEDIODIA", "perfil_temporal": "DIURNO", "modo_dominante": "COLECTIVO", "pct_modo_dominante": 100.0, "cantidad_modos": 1, "indice_dominancia_modal": 1.0, "perfil_nodo": "HOTSPOT_ALTO_DIURNO", "prioridad_analitica": "PRIORIDAD_ALTA" }, "geometry": { "type": "Polygon", "coordinates": [ [ [ -58.371517222054457, -34.665746284976009 ], [ -58.376268111802162, -34.663783751629175 ], [ -58.377019785915685, -34.659942124426983 ], [ -58.373020701870701, -34.658062927584808 ], [ -58.3682697045883, -34.660025459923155 ], [ -58.367517898889496, -34.663867190103403 ], [ -58.371517222054457, -34.665746284976009 ] ] ] } },
{ "type": "Feature", "properties": { "id_h3": "88c2e38b23fffff", "operaciones_totales": 19165, "ranking_perfil": 98, "percentil_demanda": 98.570375829034646, "categoria_demanda": "HOTSPOT_ALTO", "hora_pico": 7, "operaciones_hora_pico": 1702, "pct_hora_pico": 8.8807722410644399, "franja_dominante": "MEDIODIA", "perfil_temporal": "DIURNO", "modo_dominante": "TREN", "pct_modo_dominante": 52.350639186016181, "cantidad_modos": 2, "indice_dominancia_modal": 0.52350639186016179, "perfil_nodo": "HOTSPOT_ALTO_DIURNO", "prioridad_analitica": "PRIORIDAD_ALTA" }, "geometry": { "type": "Polygon", "coordinates": [ [ [ -58.392718633226032, -34.780424829249512 ], [ -58.397469562036015, -34.77846356831634 ], [ -58.398221091420581, -34.77463065590733 ], [ -58.394221823682635, -34.77275890216761 ], [ -58.389470787115769, -34.774720162383488 ], [ -58.38871912604764, -34.778553177047584 ], [ -58.392718633226032, -34.780424829249512 ] ] ] } },
{ "type": "Feature", "properties": { "id_h3": "88c2e311e7fffff", "operaciones_totales": 19156, "ranking_perfil": 99, "percentil_demanda": 98.555637435519529, "categoria_demanda": "HOTSPOT_ALTO", "hora_pico": 18, "operaciones_hora_pico": 1772, "pct_hora_pico": 9.2503654207558981, "franja_dominante": "MEDIODIA", "perfil_temporal": "DIURNO", "modo_dominante": "COLECTIVO", "pct_modo_dominante": 100.0, "cantidad_modos": 1, "indice_dominancia_modal": 1.0, "perfil_nodo": "HOTSPOT_ALTO_DIURNO", "prioridad_analitica": "PRIORIDAD_ALTA" }, "geometry": { "type": "Polygon", "coordinates": [ [ [ -58.393793614128789, -34.596474768421608 ], [ -58.398542727266552, -34.594510447668071 ], [ -58.399293961811921, -34.590664004842985 ], [ -58.395296214811246, -34.588781779180927 ], [ -58.39054699398779, -34.590746098731209 ], [ -58.389795627854618, -34.594592645138022 ], [ -58.393793614128789, -34.596474768421608 ] ] ] } },
{ "type": "Feature", "properties": { "id_h3": "88c2e380ebfffff", "operaciones_totales": 19146, "ranking_perfil": 100, "percentil_demanda": 98.540899042004426, "categoria_demanda": "HOTSPOT_ALTO", "hora_pico": 6, "operaciones_hora_pico": 1930, "pct_hora_pico": 10.080434555520736, "franja_dominante": "TARDE", "perfil_temporal": "VESPERTINO", "modo_dominante": "COLECTIVO", "pct_modo_dominante": 51.206518332811036, "cantidad_modos": 2, "indice_dominancia_modal": 0.51206518332811035, "perfil_nodo": "HOTSPOT_ALTO_VESPERTINO", "prioridad_analitica": "PRIORIDAD_ALTA" }, "geometry": { "type": "Polygon", "coordinates": [ [ [ -58.619287966963363, -34.75915251668021 ], [ -58.614785139671064, -34.759897627697676 ], [ -58.614036737686426, -34.76372971321662 ], [ -58.617791204833736, -34.766816816582519 ], [ -58.622294355718402, -34.766071884179176 ], [ -58.623042715850758, -34.762239669803158 ], [ -58.619287966963363, -34.75915251668021 ] ] ] } },
{ "type": "Feature", "properties": { "id_h3": "88c2e38b6bfffff", "operaciones_totales": 19108, "ranking_perfil": 101, "percentil_demanda": 98.526160648489309, "categoria_demanda": "HOTSPOT_ALTO", "hora_pico": 12, "operaciones_hora_pico": 1649, "pct_hora_pico": 8.629893238434164, "franja_dominante": "MEDIODIA", "perfil_temporal": "DIURNO", "modo_dominante": "TREN", "pct_modo_dominante": 71.483148419510158, "cantidad_modos": 2, "indice_dominancia_modal": 0.71483148419510156, "perfil_nodo": "HOTSPOT_ALTO_DIURNO", "prioridad_analitica": "PRIORIDAD_ALTA" }, "geometry": { "type": "Polygon", "coordinates": [ [ [ -58.396959570056566, -34.803325465656705 ], [ -58.401710506506411, -34.801364460257147 ], [ -58.402462006908564, -34.797533290581626 ], [ -58.398462702568018, -34.795663024186439 ], [ -58.393711658316853, -34.797624028926393 ], [ -58.392960026211512, -34.801455300712391 ], [ -58.396959570056566, -34.803325465656705 ] ] ] } },
{ "type": "Feature", "properties": { "id_h3": "88c2e3c499fffff", "operaciones_totales": 18823, "ranking_perfil": 102, "percentil_demanda": 98.511422254974207, "categoria_demanda": "HOTSPOT_ALTO", "hora_pico": 17, "operaciones_hora_pico": 1665, "pct_hora_pico": 8.8455612814110385, "franja_dominante": "MEDIODIA", "perfil_temporal": "DIURNO", "modo_dominante": "COLECTIVO", "pct_modo_dominante": 100.0, "cantidad_modos": 1, "indice_dominancia_modal": 1.0, "perfil_nodo": "HOTSPOT_ALTO_DIURNO", "prioridad_analitica": "PRIORIDAD_ALTA" }, "geometry": { "type": "Polygon", "coordinates": [ [ [ -58.362766571071063, -34.665829465790097 ], [ -58.367517898889496, -34.663867190103403 ], [ -58.3682697045883, -34.660025459923155 ], [ -58.364270314042471, -34.658145902485145 ], [ -58.359518878760447, -34.6601081771677 ], [ -58.358766941491794, -34.663950010283656 ], [ -58.362766571071063, -34.665829465790097 ] ] ] } },
{ "type": "Feature", "properties": { "id_h3": "88c2e31159fffff", "operaciones_totales": 18793, "ranking_perfil": 103, "percentil_demanda": 98.496683861459104, "categoria_demanda": "HOTSPOT_ALTO", "hora_pico": 17, "operaciones_hora_pico": 1683, "pct_hora_pico": 8.9554621401585699, "franja_dominante": "MEDIODIA", "perfil_temporal": "DIURNO", "modo_dominante": "COLECTIVO", "pct_modo_dominante": 64.901825147661356, "cantidad_modos": 2, "indice_dominancia_modal": 0.64901825147661352, "perfil_nodo": "HOTSPOT_ALTO_DIURNO", "prioridad_analitica": "PRIORIDAD_ALTA" }, "geometry": { "type": "Polygon", "coordinates": [ [ [ -58.402272571120477, -34.642441537154738 ], [ -58.407021699439618, -34.640477721233829 ], [ -58.407772876046153, -34.636634763778225 ], [ -58.403775055964473, -34.634755518942605 ], [ -58.399025819870857, -34.63671933377875 ], [ -58.398274511637283, -34.640562394526562 ], [ -58.402272571120477, -34.642441537154738 ] ] ] } },
{ "type": "Feature", "properties": { "id_h3": "88c2e38d33fffff", "operaciones_totales": 18283, "ranking_perfil": 104, "percentil_demanda": 98.481945467944001, "categoria_demanda": "HOTSPOT_ALTO", "hora_pico": 17, "operaciones_hora_pico": 1740, "pct_hora_pico": 9.5170376852814087, "franja_dominante": "TARDE", "perfil_temporal": "VESPERTINO", "modo_dominante": "COLECTIVO", "pct_modo_dominante": 100.0, "cantidad_modos": 1, "indice_dominancia_modal": 1.0, "perfil_nodo": "HOTSPOT_ALTO_VESPERTINO", "prioridad_analitica": "PRIORIDAD_ALTA" }, "geometry": { "type": "Polygon", "coordinates": [ [ [ -58.527905159163232, -34.646909737335001 ], [ -58.532648021039378, -34.644942331084792 ], [ -58.533397312994765, -34.641101285280818 ], [ -58.529403874925443, -34.639227541859334 ], [ -58.524660904255718, -34.641194946979127 ], [ -58.523911480452739, -34.645036096642102 ], [ -58.527905159163232, -34.646909737335001 ] ] ] } },
{ "type": "Feature", "properties": { "id_h3": "88c2e38de5fffff", "operaciones_totales": 18171, "ranking_perfil": 105, "percentil_demanda": 98.467207074428885, "categoria_demanda": "HOTSPOT_ALTO", "hora_pico": 17, "operaciones_hora_pico": 2441, "pct_hora_pico": 13.433492928292335, "franja_dominante": "TARDE", "perfil_temporal": "VESPERTINO", "modo_dominante": "COLECTIVO", "pct_modo_dominante": 100.0, "cantidad_modos": 1, "indice_dominancia_modal": 1.0, "perfil_nodo": "HOTSPOT_ALTO_VESPERTINO", "prioridad_analitica": "PRIORIDAD_ALTA" }, "geometry": { "type": "Polygon", "coordinates": [ [ [ -58.533397312994765, -34.641101285280818 ], [ -58.538139842611521, -34.639133624554056 ], [ -58.538889042990469, -34.635292221563077 ], [ -58.53489584561045, -34.633418375363043 ], [ -58.530153207158342, -34.635386034941256 ], [ -58.529403874925443, -34.639227541859334 ], [ -58.533397312994765, -34.641101285280818 ] ] ] } },
{ "type": "Feature", "properties": { "id_h3": "88c2e3a845fffff", "operaciones_totales": 18161, "ranking_perfil": 106, "percentil_demanda": 98.452468680913782, "categoria_demanda": "HOTSPOT_ALTO", "hora_pico": 7, "operaciones_hora_pico": 1591, "pct_hora_pico": 8.7605308077749022, "franja_dominante": "MEDIODIA", "perfil_temporal": "DIURNO", "modo_dominante": "TREN", "pct_modo_dominante": 61.758713727217661, "cantidad_modos": 2, "indice_dominancia_modal": 0.61758713727217662, "perfil_nodo": "HOTSPOT_ALTO_DIURNO", "prioridad_analitica": "PRIORIDAD_ALTA" }, "geometry": { "type": "Polygon", "coordinates": [ [ [ -58.706153227299566, -34.491839158289139 ], [ -58.701650299017672, -34.492599739753302 ], [ -58.700903296468326, -34.496451967850916 ], [ -58.704659264460858, -34.499543745444569 ], [ -58.709162515533095, -34.498783343721534 ], [ -58.709909475809845, -34.494930984670987 ], [ -58.706153227299566, -34.491839158289139 ] ] ] } },
{ "type": "Feature", "properties": { "id_h3": "88c2e38c6dfffff", "operaciones_totales": 18139, "ranking_perfil": 107, "percentil_demanda": 98.437730287398679, "categoria_demanda": "HOTSPOT_ALTO", "hora_pico": 7, "operaciones_hora_pico": 1726, "pct_hora_pico": 9.5154087876950211, "franja_dominante": "MEDIODIA", "perfil_temporal": "DIURNO", "modo_dominante": "COLECTIVO", "pct_modo_dominante": 100.0, "cantidad_modos": 1, "indice_dominancia_modal": 1.0, "perfil_nodo": "HOTSPOT_ALTO_DIURNO", "prioridad_analitica": "PRIORIDAD_ALTA" }, "geometry": { "type": "Polygon", "coordinates": [ [ [ -58.559349140189042, -34.686790051844227 ], [ -58.564090798090383, -34.684822382431072 ], [ -58.564839676064764, -34.680984667594224 ], [ -58.560847028064309, -34.679114518441551 ], [ -58.556105261098182, -34.681082186817683 ], [ -58.555356251201076, -34.684920005374806 ], [ -58.559349140189042, -34.686790051844227 ] ] ] } },
{ "type": "Feature", "properties": { "id_h3": "88c2e31115fffff", "operaciones_totales": 18104, "ranking_perfil": 108, "percentil_demanda": 98.422991893883577, "categoria_demanda": "HOTSPOT_ALTO", "hora_pico": 17, "operaciones_hora_pico": 1497, "pct_hora_pico": 8.2688908528501983, "franja_dominante": "MEDIODIA", "perfil_temporal": "DIURNO", "modo_dominante": "COLECTIVO", "pct_modo_dominante": 100.0, "cantidad_modos": 1, "indice_dominancia_modal": 1.0, "perfil_nodo": "HOTSPOT_ALTO_DIURNO", "prioridad_analitica": "PRIORIDAD_ALTA" }, "geometry": { "type": "Polygon", "coordinates": [ [ [ -58.389285401501674, -34.619547178774006 ], [ -58.394034960745678, -34.61758336727425 ], [ -58.394786297935148, -34.613738563728042 ], [ -58.390788207476618, -34.611857468278323 ], [ -58.386038540573523, -34.613821278638582 ], [ -58.385287071791957, -34.617666185579324 ], [ -58.389285401501674, -34.619547178774006 ] ] ] } },
{ "type": "Feature", "properties": { "id_h3": "88c2e311abfffff", "operaciones_totales": 18094, "ranking_perfil": 109, "percentil_demanda": 98.40825350036846, "categoria_demanda": "HOTSPOT_ALTO", "hora_pico": 16, "operaciones_hora_pico": 1643, "pct_hora_pico": 9.0803581297667737, "franja_dominante": "MEDIODIA", "perfil_temporal": "DIURNO", "modo_dominante": "COLECTIVO", "pct_modo_dominante": 100.0, "cantidad_modos": 1, "indice_dominancia_modal": 1.0, "perfil_nodo": "HOTSPOT_ALTO_DIURNO", "prioridad_analitica": "PRIORIDAD_ALTA" }, "geometry": { "type": "Polygon", "coordinates": [ [ [ -58.404793887262848, -34.584852627730449 ], [ -58.409542338802034, -34.582887795927583 ], [ -58.410293390428826, -34.579040637282787 ], [ -58.406296122121269, -34.577158206714259 ], [ -58.401547562812105, -34.579123037277419 ], [ -58.400796379584364, -34.58297029964006 ], [ -58.404793887262848, -34.584852627730449 ] ] ] } },
{ "type": "Feature", "properties": { "id_h3": "88c2e3d5a7fffff", "operaciones_totales": 18039, "ranking_perfil": 110, "percentil_demanda": 98.393515106853357, "categoria_demanda": "HOTSPOT_ALTO", "hora_pico": 7, "operaciones_hora_pico": 1608, "pct_hora_pico": 8.9140196241476808, "franja_dominante": "MEDIODIA", "perfil_temporal": "DIURNO", "modo_dominante": "COLECTIVO", "pct_modo_dominante": 100.0, "cantidad_modos": 1, "indice_dominancia_modal": 1.0, "perfil_nodo": "HOTSPOT_ALTO_DIURNO", "prioridad_analitica": "PRIORIDAD_ALTA" }, "geometry": { "type": "Polygon", "coordinates": [ [ [ -58.261377386469036, -34.781700033102446 ], [ -58.266134878067405, -34.779742656622041 ], [ -58.266888381082026, -34.775908214811793 ], [ -58.26288452395297, -34.774031047850556 ], [ -58.258126925667767, -34.775988423676097 ], [ -58.257373291202434, -34.779822967108949 ], [ -58.261377386469036, -34.781700033102446 ] ] ] } },
{ "type": "Feature", "properties": { "id_h3": "88c2e3d4d5fffff", "operaciones_totales": 17976, "ranking_perfil": 111, "percentil_demanda": 98.37877671333824, "categoria_demanda": "HOTSPOT_ALTO", "hora_pico": 17, "operaciones_hora_pico": 1922, "pct_hora_pico": 10.692033822874944, "franja_dominante": "MEDIODIA", "perfil_temporal": "DIURNO", "modo_dominante": "COLECTIVO", "pct_modo_dominante": 67.295282599020908, "cantidad_modos": 2, "indice_dominancia_modal": 0.67295282599020911, "perfil_nodo": "HOTSPOT_ALTO_DIURNO", "prioridad_analitica": "PRIORIDAD_ALTA" }, "geometry": { "type": "Polygon", "coordinates": [ [ [ -58.358702808828937, -34.797980792643102 ], [ -58.363455606978405, -34.79602082197831 ], [ -58.364207674238926, -34.792188782794327 ], [ -58.360207074986789, -34.790316612298653 ], [ -58.355454169349471, -34.792276582306627 ], [ -58.354701970456084, -34.796108723458374 ], [ -58.358702808828937, -34.797980792643102 ] ] ] } },
{ "type": "Feature", "properties": { "id_h3": "88c2e3176dfffff", "operaciones_totales": 17621, "ranking_perfil": 112, "percentil_demanda": 98.364038319823138, "categoria_demanda": "HOTSPOT_ALTO", "hora_pico": 8, "operaciones_hora_pico": 2102, "pct_hora_pico": 11.928948413824415, "franja_dominante": "MANANA", "perfil_temporal": "MATUTINO", "modo_dominante": "TREN", "pct_modo_dominante": 68.452414732421545, "cantidad_modos": 2, "indice_dominancia_modal": 0.6845241473242154, "perfil_nodo": "HOTSPOT_ALTO_MATUTINO", "prioridad_analitica": "PRIORIDAD_ALTA" }, "geometry": { "type": "Polygon", "coordinates": [ [ [ -58.513932254615867, -34.606795931122875 ], [ -58.518675436814299, -34.604828277496658 ], [ -58.519424878823294, -34.600984107565893 ], [ -58.51543127043994, -34.599107487170741 ], [ -58.510687979578329, -34.601075139564642 ], [ -58.50993840576708, -34.604919413577342 ], [ -58.513932254615867, -34.606795931122875 ] ] ] } },
{ "type": "Feature", "properties": { "id_h3": "88c2e38c33fffff", "operaciones_totales": 17407, "ranking_perfil": 113, "percentil_demanda": 98.349299926308035, "categoria_demanda": "HOTSPOT_ALTO", "hora_pico": 18, "operaciones_hora_pico": 1758, "pct_hora_pico": 10.099385304762452, "franja_dominante": "MEDIODIA", "perfil_temporal": "DIURNO", "modo_dominante": "TREN", "pct_modo_dominante": 79.646119377262025, "cantidad_modos": 2, "indice_dominancia_modal": 0.79646119377262026, "perfil_nodo": "HOTSPOT_ALTO_DIURNO", "prioridad_analitica": "PRIORIDAD_ALTA" }, "geometry": { "type": "Polygon", "coordinates": [ [ [ -58.589043008432284, -34.646237951294879 ], [ -58.593782779042463, -34.644268757911256 ], [ -58.594531147647196, -34.640428440302976 ], [ -58.590539877597308, -34.638557211915035 ], [ -58.585799997700967, -34.640526404139557 ], [ -58.585051497144455, -34.644366825902431 ], [ -58.589043008432284, -34.646237951294879 ] ] ] } },
{ "type": "Feature", "properties": { "id_h3": "88c2e31193fffff", "operaciones_totales": 17375, "ranking_perfil": 114, "percentil_demanda": 98.334561532792932, "categoria_demanda": "HOTSPOT_ALTO", "hora_pico": 17, "operaciones_hora_pico": 1651, "pct_hora_pico": 9.5021582733812942, "franja_dominante": "MEDIODIA", "perfil_temporal": "DIURNO", "modo_dominante": "COLECTIVO", "pct_modo_dominante": 71.401438848920861, "cantidad_modos": 2, "indice_dominancia_modal": 0.71401438848920862, "perfil_nodo": "HOTSPOT_ALTO_DIURNO", "prioridad_analitica": "PRIORIDAD_ALTA" }, "geometry": { "type": "Polygon", "coordinates": [ [ [ -58.442023766464672, -34.572976675578765 ], [ -58.446770239007286, -34.571010564418707 ], [ -58.447520712773887, -34.567163002069556 ], [ -58.443524845661464, -34.565281446890204 ], [ -58.438778265052136, -34.56724755676062 ], [ -58.43802765962581, -34.571095223091319 ], [ -58.442023766464672, -34.572976675578765 ] ] ] } },
{ "type": "Feature", "properties": { "id_h3": "88c2e3db25fffff", "operaciones_totales": 16988, "ranking_perfil": 115, "percentil_demanda": 98.319823139277815, "categoria_demanda": "HOTSPOT_ALTO", "hora_pico": 15, "operaciones_hora_pico": 1320, "pct_hora_pico": 7.7701907228631972, "franja_dominante": "MEDIODIA", "perfil_temporal": "DIURNO", "modo_dominante": "COLECTIVO", "pct_modo_dominante": 100.0, "cantidad_modos": 1, "indice_dominancia_modal": 1.0, "perfil_nodo": "HOTSPOT_ALTO_DIURNO", "prioridad_analitica": "PRIORIDAD_ALTA" }, "geometry": { "type": "Polygon", "coordinates": [ [ [ -57.955610614891675, -34.910438776914354 ], [ -57.960384425792427, -34.908492654937241 ], [ -57.961142693448529, -34.904664056625876 ], [ -57.957127281163928, -34.902781481029265 ], [ -57.952353366038814, -34.904727602819683 ], [ -57.951594967426871, -34.908556300384518 ], [ -57.955610614891675, -34.910438776914354 ] ] ] } },
{ "type": "Feature", "properties": { "id_h3": "88c2e3111dfffff", "operaciones_totales": 16956, "ranking_perfil": 116, "percentil_demanda": 98.305084745762713, "categoria_demanda": "HOTSPOT_ALTO", "hora_pico": 8, "operaciones_hora_pico": 1480, "pct_hora_pico": 8.7284736966265619, "franja_dominante": "MEDIODIA", "perfil_temporal": "DIURNO", "modo_dominante": "COLECTIVO", "pct_modo_dominante": 75.005897617362578, "cantidad_modos": 2, "indice_dominancia_modal": 0.75005897617362582, "perfil_nodo": "HOTSPOT_ALTO_DIURNO", "prioridad_analitica": "PRIORIDAD_ALTA" }, "geometry": { "type": "Polygon", "coordinates": [ [ [ -58.39253223504096, -34.625272154640911 ], [ -58.397281686597019, -34.623308342015328 ], [ -58.398032983647013, -34.619464000020862 ], [ -58.394034960745678, -34.61758336727425 ], [ -58.389285401501674, -34.619547178774006 ], [ -58.388533972850858, -34.623391624137469 ], [ -58.39253223504096, -34.625272154640911 ] ] ] } },
{ "type": "Feature", "properties": { "id_h3": "88c2e311cbfffff", "operaciones_totales": 16889, "ranking_perfil": 117, "percentil_demanda": 98.29034635224761, "categoria_demanda": "HOTSPOT_ALTO", "hora_pico": 16, "operaciones_hora_pico": 1450, "pct_hora_pico": 8.5854698324353134, "franja_dominante": "MEDIODIA", "perfil_temporal": "DIURNO", "modo_dominante": "COLECTIVO", "pct_modo_dominante": 61.975250162827876, "cantidad_modos": 2, "indice_dominancia_modal": 0.61975250162827877, "perfil_nodo": "HOTSPOT_ALTO_DIURNO", "prioridad_analitica": "PRIORIDAD_ALTA" }, "geometry": { "type": "Polygon", "coordinates": [ [ [ -58.426523860002696, -34.607677026305566 ], [ -58.431271441173912, -34.605711933081523 ], [ -58.432022200527136, -34.601866724239045 ], [ -58.428025510364122, -34.599986504953961 ], [ -58.423277821236745, -34.601951596988982 ], [ -58.422526930232415, -34.605796909489385 ], [ -58.426523860002696, -34.607677026305566 ] ] ] } },
{ "type": "Feature", "properties": { "id_h3": "88c2e3111bfffff", "operaciones_totales": 16733, "ranking_perfil": 118, "percentil_demanda": 98.275607958732508, "categoria_demanda": "HOTSPOT_ALTO", "hora_pico": 12, "operaciones_hora_pico": 1462, "pct_hora_pico": 8.737225841152215, "franja_dominante": "MEDIODIA", "perfil_temporal": "DIURNO", "modo_dominante": "COLECTIVO", "pct_modo_dominante": 74.463634733759633, "cantidad_modos": 2, "indice_dominancia_modal": 0.74463634733759632, "perfil_nodo": "HOTSPOT_ALTO_DIURNO", "prioridad_analitica": "PRIORIDAD_ALTA" }, "geometry": { "type": "Polygon", "coordinates": [ [ [ -58.406779820348575, -34.61938020386328 ], [ -58.411528502455084, -34.61741587843413 ], [ -58.412279576414441, -34.613571281804305 ], [ -58.40828209989386, -34.611690907115502 ], [ -58.403533309986251, -34.613655231396343 ], [ -58.402782104404203, -34.61749993150557 ], [ -58.406779820348575, -34.61938020386328 ] ] ] } },
{ "type": "Feature", "properties": { "id_h3": "88c2e312b7fffff", "operaciones_totales": 16702, "ranking_perfil": 119, "percentil_demanda": 98.260869565217391, "categoria_demanda": "HOTSPOT_ALTO", "hora_pico": 8, "operaciones_hora_pico": 1821, "pct_hora_pico": 10.902885881930308, "franja_dominante": "MEDIODIA", "perfil_temporal": "DIURNO", "modo_dominante": "TREN", "pct_modo_dominante": 60.657406298646862, "cantidad_modos": 2, "indice_dominancia_modal": 0.60657406298646865, "perfil_nodo": "HOTSPOT_ALTO_DIURNO", "prioridad_analitica": "PRIORIDAD_ALTA" }, "geometry": { "type": "Polygon", "coordinates": [ [ [ -58.496456562037046, -34.606977076777575 ], [ -58.501200625332807, -34.605009934416849 ], [ -58.501950330931308, -34.60116555636467 ], [ -58.49795610501009, -34.599288216667361 ], [ -58.493211933192299, -34.601255357804355 ], [ -58.492462095821587, -34.605099839853693 ], [ -58.496456562037046, -34.606977076777575 ] ] ] } },
{ "type": "Feature", "properties": { "id_h3": "88c2e310e9fffff", "operaciones_totales": 16612, "ranking_perfil": 120, "percentil_demanda": 98.246131171702288, "categoria_demanda": "HOTSPOT_ALTO", "hora_pico": 17, "operaciones_hora_pico": 1606, "pct_hora_pico": 9.667710089092223, "franja_dominante": "MEDIODIA", "perfil_temporal": "DIURNO", "modo_dominante": "COLECTIVO", "pct_modo_dominante": 100.0, "cantidad_modos": 1, "indice_dominancia_modal": 1.0, "perfil_nodo": "HOTSPOT_ALTO_DIURNO", "prioridad_analitica": "PRIORIDAD_ALTA" }, "geometry": { "type": "Polygon", "coordinates": [ [ [ -58.46149619239165, -34.607331980740831 ], [ -58.466242015929645, -34.605365862133908 ], [ -58.466992248526545, -34.601521068347388 ], [ -58.462996789301172, -34.599642289331477 ], [ -58.458250857523815, -34.601608406731913 ], [ -58.457500493215065, -34.605453304346028 ], [ -58.46149619239165, -34.607331980740831 ] ] ] } },
{ "type": "Feature", "properties": { "id_h3": "88c2e3113dfffff", "operaciones_totales": 16207, "ranking_perfil": 121, "percentil_demanda": 98.231392778187171, "categoria_demanda": "HOTSPOT_ALTO", "hora_pico": 17, "operaciones_hora_pico": 1616, "pct_hora_pico": 9.9710001851052006, "franja_dominante": "MEDIODIA", "perfil_temporal": "DIURNO", "modo_dominante": "COLECTIVO", "pct_modo_dominante": 100.0, "cantidad_modos": 1, "indice_dominancia_modal": 1.0, "perfil_nodo": "HOTSPOT_ALTO_DIURNO", "prioridad_analitica": "PRIORIDAD_ALTA" }, "geometry": { "type": "Polygon", "coordinates": [ [ [ -58.371788002130124, -34.619711683424015 ], [ -58.376538437855721, -34.617748386260075 ], [ -58.377290038214014, -34.61390337596724 ], [ -58.373291334411981, -34.612021559519945 ], [ -58.368540791169423, -34.613984855553291 ], [ -58.367789059249752, -34.61782996915575 ], [ -58.371788002130124, -34.619711683424015 ] ] ] } },
{ "type": "Feature", "properties": { "id_h3": "88c2e31105fffff", "operaciones_totales": 16199, "ranking_perfil": 122, "percentil_demanda": 98.216654384672069, "categoria_demanda": "HOTSPOT_ALTO", "hora_pico": 16, "operaciones_hora_pico": 1335, "pct_hora_pico": 8.2412494598431998, "franja_dominante": "MEDIODIA", "perfil_temporal": "DIURNO", "modo_dominante": "COLECTIVO", "pct_modo_dominante": 100.0, "cantidad_modos": 1, "indice_dominancia_modal": 1.0, "perfil_nodo": "HOTSPOT_ALTO_DIURNO", "prioridad_analitica": "PRIORIDAD_ALTA" }, "geometry": { "type": "Polygon", "coordinates": [ [ [ -58.369532875378212, -34.631244819352958 ], [ -58.374283534120032, -34.629281777297891 ], [ -58.375035185809061, -34.625437586932861 ], [ -58.371036310323696, -34.623556335398078 ], [ -58.366285544078238, -34.625519376354276 ], [ -58.365533760825727, -34.629363669935408 ], [ -58.369532875378212, -34.631244819352958 ] ] ] } },
{ "type": "Feature", "properties": { "id_h3": "88c2e38c65fffff", "operaciones_totales": 15972, "ranking_perfil": 123, "percentil_demanda": 98.201915991156966, "categoria_demanda": "HOTSPOT_ALTO", "hora_pico": 12, "operaciones_hora_pico": 1574, "pct_hora_pico": 9.8547458051590286, "franja_dominante": "MEDIODIA", "perfil_temporal": "DIURNO", "modo_dominante": "COLECTIVO", "pct_modo_dominante": 100.0, "cantidad_modos": 1, "indice_dominancia_modal": 1.0, "perfil_nodo": "HOTSPOT_ALTO_DIURNO", "prioridad_analitica": "PRIORIDAD_ALTA" }, "geometry": { "type": "Polygon", "coordinates": [ [ [ -58.556105261098182, -34.681082186817683 ], [ -58.560847028064309, -34.679114518441551 ], [ -58.561595946353691, -34.675276342654719 ], [ -58.557603229594889, -34.673405731489147 ], [ -58.552861353592633, -34.675373398814294 ], [ -58.552112303389102, -34.679211678347308 ], [ -58.556105261098182, -34.681082186817683 ] ] ] } },
{ "type": "Feature", "properties": { "id_h3": "88c2e3024dfffff", "operaciones_totales": 15956, "ranking_perfil": 124, "percentil_demanda": 98.187177597641863, "categoria_demanda": "HOTSPOT_ALTO", "hora_pico": 16, "operaciones_hora_pico": 1576, "pct_hora_pico": 9.8771621960391069, "franja_dominante": "MEDIODIA", "perfil_temporal": "DIURNO", "modo_dominante": "COLECTIVO", "pct_modo_dominante": 67.097016796189521, "cantidad_modos": 2, "indice_dominancia_modal": 0.67097016796189524, "perfil_nodo": "HOTSPOT_ALTO_DIURNO", "prioridad_analitica": "PRIORIDAD_ALTA" }, "geometry": { "type": "Polygon", "coordinates": [ [ [ -58.450766038200094, -34.572891656821547 ], [ -58.455512071350952, -34.570925289596524 ], [ -58.456262413442623, -34.567077831271412 ], [ -58.452266854062245, -34.565196636138644 ], [ -58.447520712773887, -34.567163002069556 ], [ -58.446770239007286, -34.571010564418707 ], [ -58.450766038200094, -34.572891656821547 ] ] ] } },
{ "type": "Feature", "properties": { "id_h3": "88c2e3026bfffff", "operaciones_totales": 15879, "ranking_perfil": 125, "percentil_demanda": 98.172439204126746, "categoria_demanda": "HOTSPOT_ALTO", "hora_pico": 16, "operaciones_hora_pico": 1574, "pct_hora_pico": 9.9124630014484545, "franja_dominante": "MEDIODIA", "perfil_temporal": "DIURNO", "modo_dominante": "COLECTIVO", "pct_modo_dominante": 100.0, "cantidad_modos": 1, "indice_dominancia_modal": 1.0, "perfil_nodo": "HOTSPOT_ALTO_DIURNO", "prioridad_analitica": "PRIORIDAD_ALTA" }, "geometry": { "type": "Polygon", "coordinates": [ [ [ -58.444275359608483, -34.561433423046978 ], [ -58.449021609005534, -34.559467058424026 ], [ -58.449772031471248, -34.555618677142945 ], [ -58.445776336201313, -34.553736556400722 ], [ -58.44102997872433, -34.555702919701758 ], [ -58.440279424601073, -34.559551405058187 ], [ -58.444275359608483, -34.561433423046978 ] ] ] } },
{ "type": "Feature", "properties": { "id_h3": "88c2e3aed5fffff", "operaciones_totales": 15727, "ranking_perfil": 126, "percentil_demanda": 98.157700810611644, "categoria_demanda": "HOTSPOT_ALTO", "hora_pico": 17, "operaciones_hora_pico": 1523, "pct_hora_pico": 9.6839829592420692, "franja_dominante": "MEDIODIA", "perfil_temporal": "DIURNO", "modo_dominante": "COLECTIVO", "pct_modo_dominante": 100.0, "cantidad_modos": 1, "indice_dominancia_modal": 1.0, "perfil_nodo": "HOTSPOT_ALTO_DIURNO", "prioridad_analitica": "PRIORIDAD_ALTA" }, "geometry": { "type": "Polygon", "coordinates": [ [ [ -58.914317716112024, -34.45274826901877 ], [ -58.909802735355811, -34.453519367418842 ], [ -58.90905712965629, -34.457381148786133 ], [ -58.912826548202787, -34.460471962605226 ], [ -58.91734185151298, -34.459701042963971 ], [ -58.918087413709955, -34.455839130752153 ], [ -58.914317716112024, -34.45274826901877 ] ] ] } },
{ "type": "Feature", "properties": { "id_h3": "88c2e31191fffff", "operaciones_totales": 15560, "ranking_perfil": 127, "percentil_demanda": 98.142962417096541, "categoria_demanda": "HOTSPOT_ALTO", "hora_pico": 17, "operaciones_hora_pico": 1531, "pct_hora_pico": 9.8393316195372762, "franja_dominante": "MEDIODIA", "perfil_temporal": "DIURNO", "modo_dominante": "TREN", "pct_modo_dominante": 40.700514138817482, "cantidad_modos": 3, "indice_dominancia_modal": 0.40700514138817484, "perfil_nodo": "HOTSPOT_ALTO_DIURNO", "prioridad_analitica": "PRIORIDAD_ALTA" }, "geometry": { "type": "Polygon", "coordinates": [ [ [ -58.436526397467766, -34.578789736673514 ], [ -58.441273201214216, -34.576823880408782 ], [ -58.442023766464672, -34.572976675578765 ], [ -58.43802765962581, -34.571095223091319 ], [ -58.433280747854681, -34.57306107808467 ], [ -58.432530050950987, -34.576908386828144 ], [ -58.436526397467766, -34.578789736673514 ] ] ] } },
{ "type": "Feature", "properties": { "id_h3": "88c2e38d07fffff", "operaciones_totales": 15549, "ranking_perfil": 128, "percentil_demanda": 98.128224023581438, "categoria_demanda": "HOTSPOT_ALTO", "hora_pico": 17, "operaciones_hora_pico": 2124, "pct_hora_pico": 13.660042446459581, "franja_dominante": "TARDE", "perfil_temporal": "VESPERTINO", "modo_dominante": "COLECTIVO", "pct_modo_dominante": 100.0, "cantidad_modos": 1, "indice_dominancia_modal": 1.0, "perfil_nodo": "HOTSPOT_ALTO_VESPERTINO", "prioridad_analitica": "PRIORIDAD_ALTA" }, "geometry": { "type": "Polygon", "coordinates": [ [ [ -58.520164104937855, -34.664237752641277 ], [ -58.524907522444082, -34.662270854636276 ], [ -58.525656957274045, -34.658430984535769 ], [ -58.521663106445104, -34.656557908734463 ], [ -58.516919580200195, -34.658524805658963 ], [ -58.516170013526711, -34.662364779456581 ], [ -58.520164104937855, -34.664237752641277 ] ] ] } },
{ "type": "Feature", "properties": { "id_h3": "88c2e380e3fffff", "operaciones_totales": 15459, "ranking_perfil": 129, "percentil_demanda": 98.113485630066322, "categoria_demanda": "HOTSPOT_ALTO", "hora_pico": 18, "operaciones_hora_pico": 1454, "pct_hora_pico": 9.4055242900575724, "franja_dominante": "TARDE", "perfil_temporal": "VESPERTINO", "modo_dominante": "COLECTIVO", "pct_modo_dominante": 100.0, "cantidad_modos": 1, "indice_dominancia_modal": 1.0, "perfil_nodo": "HOTSPOT_ALTO_VESPERTINO", "prioridad_analitica": "PRIORIDAD_ALTA" }, "geometry": { "type": "Polygon", "coordinates": [ [ [ -58.616281892320131, -34.752232638445278 ], [ -58.611779388601995, -34.752977928136872 ], [ -58.611030991367869, -34.756810358298445 ], [ -58.614785139671064, -34.759897627697676 ], [ -58.619287966963363, -34.75915251668021 ], [ -58.620036322365685, -34.755319957596733 ], [ -58.616281892320131, -34.752232638445278 ] ] ] } },
{ "type": "Feature", "properties": { "id_h3": "88c2e06525fffff", "operaciones_totales": 15452, "ranking_perfil": 130, "percentil_demanda": 98.098747236551219, "categoria_demanda": "HOTSPOT_ALTO", "hora_pico": 6, "operaciones_hora_pico": 1501, "pct_hora_pico": 9.7139528863577524, "franja_dominante": "MANANA", "perfil_temporal": "MATUTINO", "modo_dominante": "TREN", "pct_modo_dominante": 79.594874449909398, "cantidad_modos": 2, "indice_dominancia_modal": 0.79594874449909403, "perfil_nodo": "HOTSPOT_ALTO_MATUTINO", "prioridad_analitica": "PRIORIDAD_ALTA" }, "geometry": { "type": "Polygon", "coordinates": [ [ [ -58.369620334594664, -34.986799729908441 ], [ -58.374374404922129, -34.984842598518973 ], [ -58.375126595726144, -34.981024661834724 ], [ -58.371124847959564, -34.979163755869685 ], [ -58.366370669973108, -34.981120887080365 ], [ -58.365618347416167, -34.984938924426046 ], [ -58.369620334594664, -34.986799729908441 ] ] ] } },
{ "type": "Feature", "properties": { "id_h3": "88c2e2acd1fffff", "operaciones_totales": 15186, "ranking_perfil": 131, "percentil_demanda": 98.084008843036102, "categoria_demanda": "HOTSPOT_ALTO", "hora_pico": 12, "operaciones_hora_pico": 1703, "pct_hora_pico": 11.214276307124983, "franja_dominante": "MEDIODIA", "perfil_temporal": "DIURNO", "modo_dominante": "COLECTIVO", "pct_modo_dominante": 100.0, "cantidad_modos": 1, "indice_dominancia_modal": 1.0, "perfil_nodo": "HOTSPOT_ALTO_DIURNO", "prioridad_analitica": "PRIORIDAD_ALTA" }, "geometry": { "type": "Polygon", "coordinates": [ [ [ -57.944545204984131, -34.921986336067434 ], [ -57.949319668620895, -34.920040742289324 ], [ -57.950078118718231, -34.916212870125875 ], [ -57.946062236124085, -34.914330492612422 ], [ -57.941287668349858, -34.916276086237396 ], [ -57.940529087311468, -34.920104057520042 ], [ -57.944545204984131, -34.921986336067434 ] ] ] } },
{ "type": "Feature", "properties": { "id_h3": "88c2e30447fffff", "operaciones_totales": 15042, "ranking_perfil": 132, "percentil_demanda": 98.069270449521014, "categoria_demanda": "HOTSPOT_ALTO", "hora_pico": 17, "operaciones_hora_pico": 1309, "pct_hora_pico": 8.7023002260337723, "franja_dominante": "MEDIODIA", "perfil_temporal": "DIURNO", "modo_dominante": "COLECTIVO", "pct_modo_dominante": 88.538758143863845, "cantidad_modos": 2, "indice_dominancia_modal": 0.88538758143863849, "perfil_nodo": "HOTSPOT_ALTO_DIURNO", "prioridad_analitica": "PRIORIDAD_ALTA" }, "geometry": { "type": "Polygon", "coordinates": [ [ [ -58.568346485886067, -34.439107648139853 ], [ -58.573085326877646, -34.437135708828386 ], [ -58.57383369598648, -34.433279944261002 ], [ -58.569843355914131, -34.431396013444136 ], [ -58.56510440589399, -34.433367951037958 ], [ -58.564355904978555, -34.437223821157623 ], [ -58.568346485886067, -34.439107648139853 ] ] ] } },
{ "type": "Feature", "properties": { "id_h3": "88c2e38f33fffff", "operaciones_totales": 14870, "ranking_perfil": 133, "percentil_demanda": 98.054532056005897, "categoria_demanda": "HOTSPOT_ALTO", "hora_pico": 18, "operaciones_hora_pico": 1287, "pct_hora_pico": 8.6550100874243441, "franja_dominante": "MEDIODIA", "perfil_temporal": "DIURNO", "modo_dominante": "COLECTIVO", "pct_modo_dominante": 100.0, "cantidad_modos": 1, "indice_dominancia_modal": 1.0, "perfil_nodo": "HOTSPOT_ALTO_DIURNO", "prioridad_analitica": "PRIORIDAD_ALTA" }, "geometry": { "type": "Polygon", "coordinates": [ [ [ -58.550614151683263, -34.686887419148377 ], [ -58.555356251201076, -34.684920005374806 ], [ -58.556105261098182, -34.681082186817683 ], [ -58.552112303389102, -34.679211678347308 ], [ -58.547370094876918, -34.681179091087849 ], [ -58.546620953071979, -34.685017013323119 ], [ -58.550614151683263, -34.686887419148377 ] ] ] } },
{ "type": "Feature", "properties": { "id_h3": "88c2e3113bfffff", "operaciones_totales": 14841, "ranking_perfil": 134, "percentil_demanda": 98.039793662490794, "categoria_demanda": "HOTSPOT_ALTO", "hora_pico": 12, "operaciones_hora_pico": 1151, "pct_hora_pico": 7.7555420793747052, "franja_dominante": "MEDIODIA", "perfil_temporal": "DIURNO", "modo_dominante": "COLECTIVO", "pct_modo_dominante": 67.246142443231591, "cantidad_modos": 2, "indice_dominancia_modal": 0.67246142443231594, "perfil_nodo": "HOTSPOT_ALTO_DIURNO", "prioridad_analitica": "PRIORIDAD_ALTA" }, "geometry": { "type": "Polygon", "coordinates": [ [ [ -58.386038540573523, -34.613821278638582 ], [ -58.390788207476618, -34.611857468278323 ], [ -58.391539584801386, -34.608012203161024 ], [ -58.387541426810337, -34.606130644975195 ], [ -58.382791652277007, -34.608094454182279 ], [ -58.382040143368904, -34.611939822719663 ], [ -58.386038540573523, -34.613821278638582 ] ] ] } },
{ "type": "Feature", "properties": { "id_h3": "88c2e31407fffff", "operaciones_totales": 14688, "ranking_perfil": 135, "percentil_demanda": 98.025055268975677, "categoria_demanda": "HOTSPOT_ALTO", "hora_pico": 7, "operaciones_hora_pico": 1689, "pct_hora_pico": 11.499183006535947, "franja_dominante": "MANANA", "perfil_temporal": "MATUTINO", "modo_dominante": "TREN", "pct_modo_dominante": 73.359204793028326, "cantidad_modos": 2, "indice_dominancia_modal": 0.73359204793028321, "perfil_nodo": "HOTSPOT_ALTO_MATUTINO", "prioridad_analitica": "PRIORIDAD_ALTA" }, "geometry": { "type": "Polygon", "coordinates": [ [ [ -58.574327813789971, -34.542832282390187 ], [ -58.579067340596282, -34.540861838941062 ], [ -58.579815775437588, -34.537013745300975 ], [ -58.575824815348113, -34.535135990269225 ], [ -58.571085179419605, -34.537106432284119 ], [ -58.570336612706534, -34.540954630756318 ], [ -58.574327813789971, -34.542832282390187 ] ] ] } },
{ "type": "Feature", "properties": { "id_h3": "88c2e3b5e9fffff", "operaciones_totales": 14632, "ranking_perfil": 136, "percentil_demanda": 98.010316875460575, "categoria_demanda": "HOTSPOT_ALTO", "hora_pico": 12, "operaciones_hora_pico": 1565, "pct_hora_pico": 10.695735374521597, "franja_dominante": "MEDIODIA", "perfil_temporal": "DIURNO", "modo_dominante": "COLECTIVO", "pct_modo_dominante": 100.0, "cantidad_modos": 1, "indice_dominancia_modal": 1.0, "perfil_nodo": "HOTSPOT_ALTO_DIURNO", "prioridad_analitica": "PRIORIDAD_ALTA" }, "geometry": { "type": "Polygon", "coordinates": [ [ [ -58.950764049188159, -34.603250090240145 ], [ -58.946243862433505, -34.604016095367932 ], [ -58.945497991352589, -34.607869431007785 ], [ -58.94927235079188, -34.610956891020905 ], [ -58.953792860499796, -34.610191063529555 ], [ -58.95453868780239, -34.606337598396053 ], [ -58.950764049188159, -34.603250090240145 ] ] ] } },
{ "type": "Feature", "properties": { "id_h3": "88c2e3102dfffff", "operaciones_totales": 14600, "ranking_perfil": 137, "percentil_demanda": 97.995578481945472, "categoria_demanda": "HOTSPOT_ALTO", "hora_pico": 7, "operaciones_hora_pico": 1322, "pct_hora_pico": 9.0547945205479454, "franja_dominante": "MEDIODIA", "perfil_temporal": "DIURNO", "modo_dominante": "COLECTIVO", "pct_modo_dominante": 78.458904109589042, "cantidad_modos": 2, "indice_dominancia_modal": 0.78458904109589045, "perfil_nodo": "HOTSPOT_ALTO_DIURNO", "prioridad_analitica": "PRIORIDAD_ALTA" }, "geometry": { "type": "Polygon", "coordinates": [ [ [ -58.413272758564929, -34.630827376324504 ], [ -58.418021224982837, -34.628863048639857 ], [ -58.418772218624134, -34.625019374991808 ], [ -58.414774877491588, -34.62313992559141 ], [ -58.410026303214956, -34.625104252155182 ], [ -58.409275177933495, -34.628948029231466 ], [ -58.413272758564929, -34.630827376324504 ] ] ] } },
{ "type": "Feature", "properties": { "id_h3": "88c2e3112bfffff", "operaciones_totales": 14469, "ranking_perfil": 138, "percentil_demanda": 97.980840088430369, "categoria_demanda": "HOTSPOT_ALTO", "hora_pico": 17, "operaciones_hora_pico": 1511, "pct_hora_pico": 10.443016103393461, "franja_dominante": "MEDIODIA", "perfil_temporal": "DIURNO", "modo_dominante": "COLECTIVO", "pct_modo_dominante": 100.0, "cantidad_modos": 1, "indice_dominancia_modal": 1.0, "perfil_nodo": "HOTSPOT_ALTO_DIURNO", "prioridad_analitica": "PRIORIDAD_ALTA" }, "geometry": { "type": "Polygon", "coordinates": [ [ [ -58.366285544078238, -34.625519376354276 ], [ -58.371036310323696, -34.623556335398078 ], [ -58.371788002130124, -34.619711683424015 ], [ -58.367789059249752, -34.61782996915575 ], [ -58.363038185529575, -34.619793008999416 ], [ -58.362286362168412, -34.623637764215133 ], [ -58.366285544078238, -34.625519376354276 ] ] ] } },
{ "type": "Feature", "properties": { "id_h3": "88c2e31adbfffff", "operaciones_totales": 14422, "ranking_perfil": 139, "percentil_demanda": 97.966101694915253, "categoria_demanda": "HOTSPOT_ALTO", "hora_pico": 17, "operaciones_hora_pico": 1502, "pct_hora_pico": 10.414644293440576, "franja_dominante": "TARDE", "perfil_temporal": "VESPERTINO", "modo_dominante": "COLECTIVO", "pct_modo_dominante": 100.0, "cantidad_modos": 1, "indice_dominancia_modal": 1.0, "perfil_nodo": "HOTSPOT_ALTO_VESPERTINO", "prioridad_analitica": "PRIORIDAD_ALTA" }, "geometry": { "type": "Polygon", "coordinates": [ [ [ -58.38504607635015, -34.596556708995394 ], [ -58.389795627854618, -34.594592645138022 ], [ -58.39054699398779, -34.590746098731209 ], [ -58.386548940192846, -34.588863512633772 ], [ -58.381799281073704, -34.590827575292359 ], [ -58.381047783368082, -34.594674225238414 ], [ -58.38504607635015, -34.596556708995394 ] ] ] } },
{ "type": "Feature", "properties": { "id_h3": "88c2e3c72dfffff", "operaciones_totales": 14387, "ranking_perfil": 140, "percentil_demanda": 97.95136330140015, "categoria_demanda": "HOTSPOT_ALTO", "hora_pico": 7, "operaciones_hora_pico": 1672, "pct_hora_pico": 11.621602835893514, "franja_dominante": "MANANA", "perfil_temporal": "MATUTINO", "modo_dominante": "TREN", "pct_modo_dominante": 76.423159797038991, "cantidad_modos": 2, "indice_dominancia_modal": 0.76423159797038986, "perfil_nodo": "HOTSPOT_ALTO_MATUTINO", "prioridad_analitica": "PRIORIDAD_ALTA" }, "geometry": { "type": "Polygon", "coordinates": [ [ [ -58.23636192793014, -34.753210480774719 ], [ -58.241120388511689, -34.751253367454019 ], [ -58.24187422305377, -34.747416515416738 ], [ -58.237869728408874, -34.745536674984166 ], [ -58.233111161357378, -34.747493787588503 ], [ -58.232357195424754, -34.751330741332978 ], [ -58.23636192793014, -34.753210480774719 ] ] ] } },
{ "type": "Feature", "properties": { "id_h3": "88c2e3022bfffff", "operaciones_totales": 14339, "ranking_perfil": 141, "percentil_demanda": 97.936624907885033, "categoria_demanda": "HOTSPOT_ALTO", "hora_pico": 21, "operaciones_hora_pico": 1732, "pct_hora_pico": 12.078945533161308, "franja_dominante": "MEDIODIA", "perfil_temporal": "DIURNO", "modo_dominante": "COLECTIVO", "pct_modo_dominante": 100.0, "cantidad_modos": 1, "indice_dominancia_modal": 1.0, "perfil_nodo": "HOTSPOT_ALTO_DIURNO", "prioridad_analitica": "PRIORIDAD_ALTA" }, "geometry": { "type": "Polygon", "coordinates": [ [ [ -58.443281538493146, -34.544155825703648 ], [ -58.448027672842535, -34.542189209147224 ], [ -58.448778084191439, -34.538339547484377 ], [ -58.444782492841505, -34.536456398174479 ], [ -58.440036250427745, -34.538423013362824 ], [ -58.439285707432177, -34.542272779220426 ], [ -58.443281538493146, -34.544155825703648 ] ] ] } },
{ "type": "Feature", "properties": { "id_h3": "88c2e31187fffff", "operaciones_totales": 14180, "ranking_perfil": 142, "percentil_demanda": 97.921886514369945, "categoria_demanda": "HOTSPOT_ALTO", "hora_pico": 16, "operaciones_hora_pico": 1196, "pct_hora_pico": 8.4344146685472499, "franja_dominante": "MEDIODIA", "perfil_temporal": "DIURNO", "modo_dominante": "COLECTIVO", "pct_modo_dominante": 100.0, "cantidad_modos": 1, "indice_dominancia_modal": 1.0, "perfil_nodo": "HOTSPOT_ALTO_DIURNO", "prioridad_analitica": "PRIORIDAD_ALTA" }, "geometry": { "type": "Polygon", "coordinates": [ [ [ -58.413539539451449, -34.584769763679724 ], [ -58.418287552274414, -34.58280467529449 ], [ -58.419038472284981, -34.578957620410037 ], [ -58.415041511092696, -34.577075550141721 ], [ -58.410293390428826, -34.579040637282787 ], [ -58.409542338802034, -34.582887795927583 ], [ -58.413539539451449, -34.584769763679724 ] ] ] } },
{ "type": "Feature", "properties": { "id_h3": "88c2e30249fffff", "operaciones_totales": 14046, "ranking_perfil": 143, "percentil_demanda": 97.907148120854828, "categoria_demanda": "HOTSPOT_ALTO", "hora_pico": 16, "operaciones_hora_pico": 1387, "pct_hora_pico": 9.8746974227538082, "franja_dominante": "TARDE", "perfil_temporal": "VESPERTINO", "modo_dominante": "TREN", "pct_modo_dominante": 60.31610422896199, "cantidad_modos": 2, "indice_dominancia_modal": 0.60316104228961986, "perfil_nodo": "HOTSPOT_ALTO_VESPERTINO", "prioridad_analitica": "PRIORIDAD_ALTA" }, "geometry": { "type": "Polygon", "coordinates": [ [ [ -58.459507562749621, -34.572806021974039 ], [ -58.464253156345556, -34.570839398785758 ], [ -58.465003366747155, -34.566992044527225 ], [ -58.461008115246777, -34.565111209381719 ], [ -58.456262413442623, -34.567077831271412 ], [ -58.455512071350952, -34.570925289596524 ], [ -58.459507562749621, -34.572806021974039 ] ] ] } },
{ "type": "Feature", "properties": { "id_h3": "88c2e3175bfffff", "operaciones_totales": 14022, "ranking_perfil": 144, "percentil_demanda": 97.892409727339725, "categoria_demanda": "HOTSPOT_ALTO", "hora_pico": 17, "operaciones_hora_pico": 1393, "pct_hora_pico": 9.9343888175723851, "franja_dominante": "TARDE", "perfil_temporal": "VESPERTINO", "modo_dominante": "TREN", "pct_modo_dominante": 70.981315076308661, "cantidad_modos": 2, "indice_dominancia_modal": 0.7098131507630866, "perfil_nodo": "HOTSPOT_ALTO_VESPERTINO", "prioridad_analitica": "PRIORIDAD_ALTA" }, "geometry": { "type": "Polygon", "coordinates": [ [ [ -58.568587458467455, -34.594706535910348 ], [ -58.573327769998329, -34.592737098606065 ], [ -58.574076369603752, -34.58889273632672 ], [ -58.570084789571673, -34.587017706913059 ], [ -58.565344368942085, -34.588987142927401 ], [ -58.564595637447106, -34.592831609636654 ], [ -58.568587458467455, -34.594706535910348 ] ] ] } },
{ "type": "Feature", "properties": { "id_h3": "88c2e3a921fffff", "operaciones_totales": 14016, "ranking_perfil": 145, "percentil_demanda": 97.877671333824608, "categoria_demanda": "HOTSPOT_ALTO", "hora_pico": 12, "operaciones_hora_pico": 1211, "pct_hora_pico": 8.6401255707762559, "franja_dominante": "MEDIODIA", "perfil_temporal": "DIURNO", "modo_dominante": "COLECTIVO", "pct_modo_dominante": 100.0, "cantidad_modos": 1, "indice_dominancia_modal": 1.0, "perfil_nodo": "HOTSPOT_ALTO_DIURNO", "prioridad_analitica": "PRIORIDAD_ALTA" }, "geometry": { "type": "Polygon", "coordinates": [ [ [ -58.633673641175356, -34.461506025395842 ], [ -58.638409392635133, -34.459532559070546 ], [ -58.639156809213105, -34.455679273238026 ], [ -58.635168606264322, -34.45379934801776 ], [ -58.630432745240967, -34.455772812656193 ], [ -58.629685196733732, -34.459626204193093 ], [ -58.633673641175356, -34.461506025395842 ] ] ] } },
{ "type": "Feature", "properties": { "id_h3": "88c2e312e7fffff", "operaciones_totales": 14000, "ranking_perfil": 146, "percentil_demanda": 97.862932940309506, "categoria_demanda": "HOTSPOT_ALTO", "hora_pico": 16, "operaciones_hora_pico": 1538, "pct_hora_pico": 10.985714285714286, "franja_dominante": "MEDIODIA", "perfil_temporal": "DIURNO", "modo_dominante": "TREN", "pct_modo_dominante": 55.7, "cantidad_modos": 2, "indice_dominancia_modal": 0.557, "perfil_nodo": "HOTSPOT_ALTO_DIURNO", "prioridad_analitica": "PRIORIDAD_ALTA" }, "geometry": { "type": "Polygon", "coordinates": [ [ [ -58.477722448885316, -34.635935992563702 ], [ -58.482467730794973, -34.633969868132112 ], [ -58.483217762302992, -34.630127380950178 ], [ -58.479222643660393, -34.628250914492099 ], [ -58.474477253367532, -34.630217037786451 ], [ -58.473727090104354, -34.634059628667451 ], [ -58.477722448885316, -34.635935992563702 ] ] ] } },
{ "type": "Feature", "properties": { "id_h3": "88c2e3103dfffff", "operaciones_totales": 13939, "ranking_perfil": 147, "percentil_demanda": 97.848194546794403, "categoria_demanda": "HOTSPOT_ALTO", "hora_pico": 17, "operaciones_hora_pico": 1356, "pct_hora_pico": 9.7281010115503257, "franja_dominante": "MEDIODIA", "perfil_temporal": "DIURNO", "modo_dominante": "COLECTIVO", "pct_modo_dominante": 100.0, "cantidad_modos": 1, "indice_dominancia_modal": 1.0, "perfil_nodo": "HOTSPOT_ALTO_DIURNO", "prioridad_analitica": "PRIORIDAD_ALTA" }, "geometry": { "type": "Polygon", "coordinates": [ [ [ -58.433015854667929, -34.619125112572974 ], [ -58.437763219840406, -34.617160017012232 ], [ -58.438513898840021, -34.613315731075211 ], [ -58.434517344339497, -34.611436437083476 ], [ -58.429769871153248, -34.613401531482758 ], [ -58.429019060485174, -34.61724592102648 ], [ -58.433015854667929, -34.619125112572974 ] ] ] } },
{ "type": "Feature", "properties": { "id_h3": "88c2e31321fffff", "operaciones_totales": 13900, "ranking_perfil": 148, "percentil_demanda": 97.8334561532793, "categoria_demanda": "HOTSPOT_ALTO", "hora_pico": 8, "operaciones_hora_pico": 1515, "pct_hora_pico": 10.899280575539569, "franja_dominante": "MEDIODIA", "perfil_temporal": "DIURNO", "modo_dominante": "TREN", "pct_modo_dominante": 80.834532374100718, "cantidad_modos": 2, "indice_dominancia_modal": 0.8083453237410072, "perfil_nodo": "HOTSPOT_ALTO_DIURNO", "prioridad_analitica": "PRIORIDAD_ALTA" }, "geometry": { "type": "Polygon", "coordinates": [ [ [ -58.380267128403958, -34.665662485927143 ], [ -58.385017579916699, -34.663699695021755 ], [ -58.385769122429544, -34.659858170839975 ], [ -58.381770345034241, -34.657979334534417 ], [ -58.377019785915685, -34.659942124426983 ], [ -58.376268111802162, -34.663783751629175 ], [ -58.380267128403958, -34.665662485927143 ] ] ] } },
{ "type": "Feature", "properties": { "id_h3": "88c2e30761fffff", "operaciones_totales": 13831, "ranking_perfil": 149, "percentil_demanda": 97.818717759764183, "categoria_demanda": "HOTSPOT_ALTO", "hora_pico": 17, "operaciones_hora_pico": 1419, "pct_hora_pico": 10.259561853806666, "franja_dominante": "MEDIODIA", "perfil_temporal": "DIURNO", "modo_dominante": "COLECTIVO", "pct_modo_dominante": 100.0, "cantidad_modos": 1, "indice_dominancia_modal": 1.0, "perfil_nodo": "HOTSPOT_ALTO_DIURNO", "prioridad_analitica": "PRIORIDAD_ALTA" }, "geometry": { "type": "Polygon", "coordinates": [ [ [ -58.512455654813635, -34.480057564323886 ], [ -58.517197702496219, -34.478087900830005 ], [ -58.517946975768339, -34.474234418264601 ], [ -58.513954333094297, -34.472350494196199 ], [ -58.509212176815865, -34.474320156113158 ], [ -58.508462771811153, -34.478173743666773 ], [ -58.512455654813635, -34.480057564323886 ] ] ] } },
{ "type": "Feature", "properties": { "id_h3": "88c2e3aa69fffff", "operaciones_totales": 13827, "ranking_perfil": 150, "percentil_demanda": 97.803979366249081, "categoria_demanda": "HOTSPOT_ALTO", "hora_pico": 15, "operaciones_hora_pico": 1350, "pct_hora_pico": 9.7635061835539165, "franja_dominante": "MEDIODIA", "perfil_temporal": "DIURNO", "modo_dominante": "COLECTIVO", "pct_modo_dominante": 100.0, "cantidad_modos": 1, "indice_dominancia_modal": 1.0, "perfil_nodo": "HOTSPOT_ALTO_DIURNO", "prioridad_analitica": "PRIORIDAD_ALTA" }, "geometry": { "type": "Polygon", "coordinates": [ [ [ -58.718961769487848, -34.538106342398756 ], [ -58.714457137873993, -34.538865421117471 ], [ -58.713710061501452, -34.542715115843691 ], [ -58.717467659096407, -34.545805862391454 ], [ -58.721972613624388, -34.545046963059399 ], [ -58.722719647630683, -34.541197137800211 ], [ -58.718961769487848, -34.538106342398756 ] ] ] } },
{ "type": "Feature", "properties": { "id_h3": "88c2e38aabfffff", "operaciones_totales": 13762, "ranking_perfil": 151, "percentil_demanda": 97.789240972733964, "categoria_demanda": "HOTSPOT_ALTO", "hora_pico": 6, "operaciones_hora_pico": 2154, "pct_hora_pico": 15.65179479726784, "franja_dominante": "MANANA", "perfil_temporal": "MATUTINO", "modo_dominante": "COLECTIVO", "pct_modo_dominante": 100.0, "cantidad_modos": 1, "indice_dominancia_modal": 1.0, "perfil_nodo": "HOTSPOT_ALTO_MATUTINO", "prioridad_analitica": "PRIORIDAD_ALTA" }, "geometry": { "type": "Polygon", "coordinates": [ [ [ -58.495679740166608, -34.744906048153126 ], [ -58.50042516245189, -34.742941187221838 ], [ -58.50117508832399, -34.73910694502316 ], [ -58.497179723758897, -34.737237460748403 ], [ -58.492434192897463, -34.739202320824752 ], [ -58.49168413518116, -34.743036666022093 ], [ -58.495679740166608, -34.744906048153126 ] ] ] } },
{ "type": "Feature", "properties": { "id_h3": "88c2e3c6edfffff", "operaciones_totales": 13754, "ranking_perfil": 152, "percentil_demanda": 97.774502579218876, "categoria_demanda": "HOTSPOT_ALTO", "hora_pico": 7, "operaciones_hora_pico": 1645, "pct_hora_pico": 11.960157045223207, "franja_dominante": "MANANA", "perfil_temporal": "MATUTINO", "modo_dominante": "COLECTIVO", "pct_modo_dominante": 100.0, "cantidad_modos": 1, "indice_dominancia_modal": 1.0, "perfil_nodo": "HOTSPOT_ALTO_MATUTINO", "prioridad_analitica": "PRIORIDAD_ALTA" }, "geometry": { "type": "Polygon", "coordinates": [ [ [ -58.337227451032255, -34.729303279893564 ], [ -58.341980662215391, -34.727342800850401 ], [ -58.342732947700412, -34.723505428932825 ], [ -58.338732153564628, -34.721628433690995 ], [ -58.333978835098321, -34.723588911908529 ], [ -58.333226418054949, -34.727426386184767 ], [ -58.337227451032255, -34.729303279893564 ] ] ] } },
{ "type": "Feature", "properties": { "id_h3": "88c2e3b9e3fffff", "operaciones_totales": 13745, "ranking_perfil": 153, "percentil_demanda": 97.759764185703759, "categoria_demanda": "HOTSPOT_ALTO", "hora_pico": 17, "operaciones_hora_pico": 1368, "pct_hora_pico": 9.9527100763914156, "franja_dominante": "MEDIODIA", "perfil_temporal": "DIURNO", "modo_dominante": "COLECTIVO", "pct_modo_dominante": 55.940341942524554, "cantidad_modos": 2, "indice_dominancia_modal": 0.55940341942524552, "perfil_nodo": "HOTSPOT_ALTO_DIURNO", "prioridad_analitica": "PRIORIDAD_ALTA" }, "geometry": { "type": "Polygon", "coordinates": [ [ [ -58.684445761513864, -34.558807506611188 ], [ -58.679942856269705, -34.559564214715152 ], [ -58.679195503783141, -34.563411409230582 ], [ -58.682951098695803, -34.5665020260776 ], [ -58.687454326931032, -34.565745497435593 ], [ -58.688201637249904, -34.561898172491894 ], [ -58.684445761513864, -34.558807506611188 ] ] ] } },
{ "type": "Feature", "properties": { "id_h3": "88c2e39889fffff", "operaciones_totales": 13740, "ranking_perfil": 154, "percentil_demanda": 97.745025792188656, "categoria_demanda": "HOTSPOT_ALTO", "hora_pico": 7, "operaciones_hora_pico": 1290, "pct_hora_pico": 9.3886462882096069, "franja_dominante": "MEDIODIA", "perfil_temporal": "DIURNO", "modo_dominante": "TREN", "pct_modo_dominante": 65.691411935953425, "cantidad_modos": 2, "indice_dominancia_modal": 0.65691411935953425, "perfil_nodo": "HOTSPOT_ALTO_DIURNO", "prioridad_analitica": "PRIORIDAD_ALTA" }, "geometry": { "type": "Polygon", "coordinates": [ [ [ -58.495161615448488, -34.836646674868227 ], [ -58.499907944158302, -34.834683344833444 ], [ -58.500658016951142, -34.830855861520831 ], [ -58.496661892930234, -34.828991605900498 ], [ -58.491915455608158, -34.830954935321657 ], [ -58.491165250923082, -34.83478252096802 ], [ -58.495161615448488, -34.836646674868227 ] ] ] } },
{ "type": "Feature", "properties": { "id_h3": "88c2e3d5c5fffff", "operaciones_totales": 13694, "ranking_perfil": 155, "percentil_demanda": 97.730287398673539, "categoria_demanda": "HOTSPOT_ALTO", "hora_pico": 12, "operaciones_hora_pico": 1504, "pct_hora_pico": 10.982912224331825, "franja_dominante": "MEDIODIA", "perfil_temporal": "DIURNO", "modo_dominante": "COLECTIVO", "pct_modo_dominante": 100.0, "cantidad_modos": 1, "indice_dominancia_modal": 1.0, "perfil_nodo": "HOTSPOT_ALTO_DIURNO", "prioridad_analitica": "PRIORIDAD_ALTA" }, "geometry": { "type": "Polygon", "coordinates": [ [ [ -58.277629290734907, -34.810244222053889 ], [ -58.282386248463744, -34.808286842496493 ], [ -58.283139551251736, -34.804454708658419 ], [ -58.279136027809898, -34.802579852873407 ], [ -58.274378963249099, -34.804537231841749 ], [ -58.273625528966086, -34.808369467175311 ], [ -58.277629290734907, -34.810244222053889 ] ] ] } },
{ "type": "Feature", "properties": { "id_h3": "88c2e3891dfffff", "operaciones_totales": 13504, "ranking_perfil": 156, "percentil_demanda": 97.715549005158437, "categoria_demanda": "HOTSPOT_ALTO", "hora_pico": 17, "operaciones_hora_pico": 1581, "pct_hora_pico": 11.707642180094787, "franja_dominante": "MEDIODIA", "perfil_temporal": "DIURNO", "modo_dominante": "COLECTIVO", "pct_modo_dominante": 100.0, "cantidad_modos": 1, "indice_dominancia_modal": 1.0, "perfil_nodo": "HOTSPOT_ALTO_DIURNO", "prioridad_analitica": "PRIORIDAD_ALTA" }, "geometry": { "type": "Polygon", "coordinates": [ [ [ -58.399482451043582, -34.745919544875704 ], [ -58.404232710240947, -34.743957514374735 ], [ -58.404984085566355, -34.740122141506895 ], [ -58.400985333375402, -34.738248696596031 ], [ -58.396234966381222, -34.740210726286584 ], [ -58.395483459378717, -34.74404620168967 ], [ -58.399482451043582, -34.745919544875704 ] ] ] } },
{ "type": "Feature", "properties": { "id_h3": "88c2e31151fffff", "operaciones_totales": 13489, "ranking_perfil": 157, "percentil_demanda": 97.700810611643334, "categoria_demanda": "HOTSPOT_ALTO", "hora_pico": 17, "operaciones_hora_pico": 1499, "pct_hora_pico": 11.112758543998815, "franja_dominante": "MEDIODIA", "perfil_temporal": "DIURNO", "modo_dominante": "COLECTIVO", "pct_modo_dominante": 50.544888427607681, "cantidad_modos": 2, "indice_dominancia_modal": 0.50544888427607682, "perfil_nodo": "HOTSPOT_ALTO_DIURNO", "prioridad_analitica": "PRIORIDAD_ALTA" }, "geometry": { "type": "Polygon", "coordinates": [ [ [ -58.399025819870857, -34.63671933377875 ], [ -58.403775055964473, -34.634755518942605 ], [ -58.404526272723011, -34.630912099993488 ], [ -58.400528385010119, -34.629032392553945 ], [ -58.395779041170861, -34.630996206291663 ], [ -58.395027692794017, -34.634839728558596 ], [ -58.399025819870857, -34.63671933377875 ] ] ] } },
{ "type": "Feature", "properties": { "id_h3": "88c2e3a8e1fffff", "operaciones_totales": 13311, "ranking_perfil": 158, "percentil_demanda": 97.686072218128231, "categoria_demanda": "HOTSPOT_ALTO", "hora_pico": 17, "operaciones_hora_pico": 1313, "pct_hora_pico": 9.86402223724739, "franja_dominante": "TARDE", "perfil_temporal": "VESPERTINO", "modo_dominante": "COLECTIVO", "pct_modo_dominante": 100.0, "cantidad_modos": 1, "indice_dominancia_modal": 1.0, "perfil_nodo": "HOTSPOT_ALTO_VESPERTINO", "prioridad_analitica": "PRIORIDAD_ALTA" }, "geometry": { "type": "Polygon", "coordinates": [ [ [ -58.731635173796953, -34.450247252929742 ], [ -58.727131489500103, -34.451010746136667 ], [ -58.726384776738705, -34.454866504199849 ], [ -58.730141790670942, -34.457958900316811 ], [ -58.734645797626975, -34.45719558695324 ], [ -58.735392467978983, -34.453339697636594 ], [ -58.731635173796953, -34.450247252929742 ] ] ] } },
{ "type": "Feature", "properties": { "id_h3": "88c2e31037fffff", "operaciones_totales": 13277, "ranking_perfil": 159, "percentil_demanda": 97.671333824613114, "categoria_demanda": "HOTSPOT_ALTO", "hora_pico": 16, "operaciones_hora_pico": 1081, "pct_hora_pico": 8.1418995254952176, "franja_dominante": "MEDIODIA", "perfil_temporal": "DIURNO", "modo_dominante": "COLECTIVO", "pct_modo_dominante": 100.0, "cantidad_modos": 1, "indice_dominancia_modal": 1.0, "perfil_nodo": "HOTSPOT_ALTO_DIURNO", "prioridad_analitica": "PRIORIDAD_ALTA" }, "geometry": { "type": "Polygon", "coordinates": [ [ [ -58.435268063517988, -34.607591689703391 ], [ -58.440015205525874, -34.605626339980972 ], [ -58.440765833212808, -34.60178123483886 ], [ -58.436769450562018, -34.599901375710054 ], [ -58.432022200527136, -34.601866724239045 ], [ -58.431271441173912, -34.605711933081523 ], [ -58.435268063517988, -34.607591689703391 ] ] ] } },
{ "type": "Feature", "properties": { "id_h3": "88c2e38db3fffff", "operaciones_totales": 12990, "ranking_perfil": 160, "percentil_demanda": 97.656595431098012, "categoria_demanda": "HOTSPOT_ALTO", "hora_pico": 17, "operaciones_hora_pico": 1216, "pct_hora_pico": 9.3610469591993848, "franja_dominante": "MEDIODIA", "perfil_temporal": "DIURNO", "modo_dominante": "TREN", "pct_modo_dominante": 79.491916859122398, "cantidad_modos": 2, "indice_dominancia_modal": 0.79491916859122402, "perfil_nodo": "HOTSPOT_ALTO_DIURNO", "prioridad_analitica": "PRIORIDAD_ALTA" }, "geometry": { "type": "Polygon", "coordinates": [ [ [ -58.56634133361851, -34.606237734975998 ], [ -58.571081868630507, -34.604268550001535 ], [ -58.571830519512034, -34.600425005451079 ], [ -58.567838767277159, -34.598550541530543 ], [ -58.563098123179429, -34.600519725247381 ], [ -58.562349340406101, -34.604363374133705 ], [ -58.56634133361851, -34.606237734975998 ] ] ] } },
{ "type": "Feature", "properties": { "id_h3": "88c2e31587fffff", "operaciones_totales": 12952, "ranking_perfil": 161, "percentil_demanda": 97.641857037582895, "categoria_demanda": "HOTSPOT_ALTO", "hora_pico": 17, "operaciones_hora_pico": 1659, "pct_hora_pico": 12.808832612723902, "franja_dominante": "TARDE", "perfil_temporal": "VESPERTINO", "modo_dominante": "COLECTIVO", "pct_modo_dominante": 100.0, "cantidad_modos": 1, "indice_dominancia_modal": 1.0, "perfil_nodo": "HOTSPOT_ALTO_VESPERTINO", "prioridad_analitica": "PRIORIDAD_ALTA" }, "geometry": { "type": "Polygon", "coordinates": [ [ [ -58.551628775633503, -34.502731930499095 ], [ -58.556369065693914, -34.500761497387735 ], [ -58.557117782593231, -34.496910175289344 ], [ -58.553126341247733, -34.495029181280721 ], [ -58.548385942265575, -34.496999612858474 ], [ -58.547637093554492, -34.500851039969781 ], [ -58.551628775633503, -34.502731930499095 ] ] ] } },
{ "type": "Feature", "properties": { "id_h3": "88c2e3040bfffff", "operaciones_totales": 12692, "ranking_perfil": 162, "percentil_demanda": 97.627118644067806, "categoria_demanda": "HOTSPOT_ALTO", "hora_pico": 17, "operaciones_hora_pico": 1330, "pct_hora_pico": 10.479041916167663, "franja_dominante": "MEDIODIA", "perfil_temporal": "DIURNO", "modo_dominante": "COLECTIVO", "pct_modo_dominante": 49.873936337850616, "cantidad_modos": 3, "indice_dominancia_modal": 0.49873936337850616, "perfil_nodo": "HOTSPOT_ALTO_DIURNO", "prioridad_analitica": "PRIORIDAD_ALTA" }, "geometry": { "type": "Polygon", "coordinates": [ [ [ -58.579320482151608, -34.427451632773838 ], [ -58.584058658281421, -34.42547918979529 ], [ -58.584806844329982, -34.421622713879842 ], [ -58.580816986071682, -34.419738575245098 ], [ -58.576078700830067, -34.421711016468144 ], [ -58.575330382962342, -34.425567598072803 ], [ -58.579320482151608, -34.427451632773838 ] ] ] } },
{ "type": "Feature", "properties": { "id_h3": "88c2e31103fffff", "operaciones_totales": 12688, "ranking_perfil": 163, "percentil_demanda": 97.61238025055269, "categoria_demanda": "HOTSPOT_ALTO", "hora_pico": 12, "operaciones_hora_pico": 1044, "pct_hora_pico": 8.2282471626733926, "franja_dominante": "MEDIODIA", "perfil_temporal": "DIURNO", "modo_dominante": "COLECTIVO", "pct_modo_dominante": 85.521752837326602, "cantidad_modos": 2, "indice_dominancia_modal": 0.85521752837326603, "perfil_nodo": "HOTSPOT_ALTO_DIURNO", "prioridad_analitica": "PRIORIDAD_ALTA" }, "geometry": { "type": "Polygon", "coordinates": [ [ [ -58.383784082900924, -34.625355179641495 ], [ -58.388533972850858, -34.623391624137469 ], [ -58.389285401501674, -34.619547178774006 ], [ -58.385287071791957, -34.617666185579324 ], [ -58.380537074225145, -34.619629739961979 ], [ -58.379785513988828, -34.623474288651956 ], [ -58.383784082900924, -34.625355179641495 ] ] ] } },
{ "type": "Feature", "properties": { "id_h3": "88c2e3aa17fffff", "operaciones_totales": 12684, "ranking_perfil": 164, "percentil_demanda": 97.597641857037587, "categoria_demanda": "HOTSPOT_ALTO", "hora_pico": 18, "operaciones_hora_pico": 1444, "pct_hora_pico": 11.384421318196154, "franja_dominante": "TARDE", "perfil_temporal": "VESPERTINO", "modo_dominante": "COLECTIVO", "pct_modo_dominante": 100.0, "cantidad_modos": 1, "indice_dominancia_modal": 1.0, "perfil_nodo": "HOTSPOT_ALTO_VESPERTINO", "prioridad_analitica": "PRIORIDAD_ALTA" }, "geometry": { "type": "Polygon", "coordinates": [ [ [ -58.750475938337445, -34.510434815889909 ], [ -58.745969905573709, -34.511196446518056 ], [ -58.745223110476616, -34.515048985642274 ], [ -58.748982390674904, -34.518140024848087 ], [ -58.753488746257077, -34.517378573590392 ], [ -58.754235498809912, -34.513525903763714 ], [ -58.750475938337445, -34.510434815889909 ] ] ] } },
{ "type": "Feature", "properties": { "id_h3": "88c2e311c3fffff", "operaciones_totales": 12663, "ranking_perfil": 165, "percentil_demanda": 97.58290346352247, "categoria_demanda": "HOTSPOT_ALTO", "hora_pico": 17, "operaciones_hora_pico": 984, "pct_hora_pico": 7.770670457237622, "franja_dominante": "MEDIODIA", "perfil_temporal": "DIURNO", "modo_dominante": "COLECTIVO", "pct_modo_dominante": 100.0, "cantidad_modos": 1, "indice_dominancia_modal": 1.0, "perfil_nodo": "HOTSPOT_ALTO_DIURNO", "prioridad_analitica": "PRIORIDAD_ALTA" }, "geometry": { "type": "Polygon", "coordinates": [ [ [ -58.423277821236745, -34.601951596988982 ], [ -58.428025510364122, -34.599986504953961 ], [ -58.428776309887944, -34.596140834629828 ], [ -58.424779551930619, -34.594260152648431 ], [ -58.4200317548759, -34.596225243480639 ], [ -58.419280823709713, -34.600071017488318 ], [ -58.423277821236745, -34.601951596988982 ] ] ] } },
{ "type": "Feature", "properties": { "id_h3": "88c2e3100bfffff", "operaciones_totales": 12583, "ranking_perfil": 166, "percentil_demanda": 97.568165070007367, "categoria_demanda": "HOTSPOT_ALTO", "hora_pico": 17, "operaciones_hora_pico": 991, "pct_hora_pico": 7.8757053166971307, "franja_dominante": "MEDIODIA", "perfil_temporal": "DIURNO", "modo_dominante": "COLECTIVO", "pct_modo_dominante": 75.284113486449982, "cantidad_modos": 2, "indice_dominancia_modal": 0.75284113486449977, "perfil_nodo": "HOTSPOT_ALTO_DIURNO", "prioridad_analitica": "PRIORIDAD_ALTA" }, "geometry": { "type": "Polygon", "coordinates": [ [ [ -58.448251238588249, -34.63048231116052 ], [ -58.4529979482001, -34.628516956802464 ], [ -58.453748415128338, -34.624673697291122 ], [ -58.449752304149662, -34.622795688531355 ], [ -58.445005486395594, -34.624761041751178 ], [ -58.444254887766284, -34.628604404860262 ], [ -58.448251238588249, -34.63048231116052 ] ] ] } },
{ "type": "Feature", "properties": { "id_h3": "88c2e3154dfffff", "operaciones_totales": 12578, "ranking_perfil": 167, "percentil_demanda": 97.553426676492265, "categoria_demanda": "HOTSPOT_ALTO", "hora_pico": 17, "operaciones_hora_pico": 1350, "pct_hora_pico": 10.733025918269995, "franja_dominante": "TARDE", "perfil_temporal": "VESPERTINO", "modo_dominante": "COLECTIVO", "pct_modo_dominante": 100.0, "cantidad_modos": 1, "indice_dominancia_modal": 1.0, "perfil_nodo": "HOTSPOT_ALTO_VESPERTINO", "prioridad_analitica": "PRIORIDAD_ALTA" }, "geometry": { "type": "Polygon", "coordinates": [ [ [ -58.511941001734435, -34.57227928401614 ], [ -58.516683954580436, -34.570311127187033 ], [ -58.517433374524614, -34.566464398219345 ], [ -58.513439973407166, -34.564585721750845 ], [ -58.508696911929192, -34.566553877255146 ], [ -58.507947360204469, -34.570400710544064 ], [ -58.511941001734435, -34.57227928401614 ] ] ] } },
{ "type": "Feature", "properties": { "id_h3": "88c2e31087fffff", "operaciones_totales": 12453, "ranking_perfil": 168, "percentil_demanda": 97.538688282977162, "categoria_demanda": "HOTSPOT_ALTO", "hora_pico": 16, "operaciones_hora_pico": 1126, "pct_hora_pico": 9.0419979121496823, "franja_dominante": "MEDIODIA", "perfil_temporal": "DIURNO", "modo_dominante": "COLECTIVO", "pct_modo_dominante": 66.891512085441263, "cantidad_modos": 2, "indice_dominancia_modal": 0.66891512085441263, "perfil_nodo": "HOTSPOT_ALTO_DIURNO", "prioridad_analitica": "PRIORIDAD_ALTA" }, "geometry": { "type": "Polygon", "coordinates": [ [ [ -58.474738202292443, -34.584172452215476 ], [ -58.479483139526245, -34.582205570601623 ], [ -58.480233137797306, -34.578359243228995 ], [ -58.476238330560996, -34.576479693403897 ], [ -58.47149328499075, -34.57844657374261 ], [ -58.470743154997145, -34.582293005172843 ], [ -58.474738202292443, -34.584172452215476 ] ] ] } },
{ "type": "Feature", "properties": { "id_h3": "88c2e38c61fffff", "operaciones_totales": 12449, "ranking_perfil": 169, "percentil_demanda": 97.523949889462045, "categoria_demanda": "HOTSPOT_ALTO", "hora_pico": 12, "operaciones_hora_pico": 1449, "pct_hora_pico": 11.639489115591614, "franja_dominante": "MEDIODIA", "perfil_temporal": "DIURNO", "modo_dominante": "COLECTIVO", "pct_modo_dominante": 100.0, "cantidad_modos": 1, "indice_dominancia_modal": 1.0, "perfil_nodo": "HOTSPOT_ALTO_DIURNO", "prioridad_analitica": "PRIORIDAD_ALTA" }, "geometry": { "type": "Polygon", "coordinates": [ [ [ -58.564839676064764, -34.680984667594224 ], [ -58.569581001322874, -34.679016743684699 ], [ -58.570329787683221, -34.675178671686169 ], [ -58.566337380718302, -34.673308419800172 ], [ -58.561595946353691, -34.675276342654719 ], [ -58.560847028064309, -34.679114518441551 ], [ -58.564839676064764, -34.680984667594224 ] ] ] } },
{ "type": "Feature", "properties": { "id_h3": "88c2e30711fffff", "operaciones_totales": 12362, "ranking_perfil": 170, "percentil_demanda": 97.509211495946943, "categoria_demanda": "HOTSPOT_ALTO", "hora_pico": 7, "operaciones_hora_pico": 1150, "pct_hora_pico": 9.3027018281831424, "franja_dominante": "MEDIODIA", "perfil_temporal": "DIURNO", "modo_dominante": "COLECTIVO", "pct_modo_dominante": 75.974761365474848, "cantidad_modos": 2, "indice_dominancia_modal": 0.75974761365474852, "perfil_nodo": "HOTSPOT_ALTO_DIURNO", "prioridad_analitica": "PRIORIDAD_ALTA" }, "geometry": { "type": "Polygon", "coordinates": [ [ [ -58.551882312488814, -34.456587112113858 ], [ -58.556622150400095, -34.454615929243687 ], [ -58.557370794085656, -34.450761232267496 ], [ -58.553379731651511, -34.448877612805816 ], [ -58.548639784836645, -34.450848794014924 ], [ -58.547891009363298, -34.454703596338121 ], [ -58.551882312488814, -34.456587112113858 ] ] ] } },
{ "type": "Feature", "properties": { "id_h3": "88c2e3129bfffff", "operaciones_totales": 12238, "ranking_perfil": 171, "percentil_demanda": 97.49447310243184, "categoria_demanda": "HOTSPOT_ALTO", "hora_pico": 8, "operaciones_hora_pico": 1114, "pct_hora_pico": 9.1027945742768424, "franja_dominante": "MEDIODIA", "perfil_temporal": "DIURNO", "modo_dominante": "COLECTIVO", "pct_modo_dominante": 100.0, "cantidad_modos": 1, "indice_dominancia_modal": 1.0, "perfil_nodo": "HOTSPOT_ALTO_DIURNO", "prioridad_analitica": "PRIORIDAD_ALTA" }, "geometry": { "type": "Polygon", "coordinates": [ [ [ -58.529157088001412, -34.618142320384507 ], [ -58.533899611854089, -34.616174408847371 ], [ -58.534648841501799, -34.612331265380377 ], [ -58.530655679135101, -34.610455929369145 ], [ -58.525913046491368, -34.612423839697726 ], [ -58.525163685009197, -34.616267087237375 ], [ -58.529157088001412, -34.618142320384507 ] ] ] } },
{ "type": "Feature", "properties": { "id_h3": "88c2e31767fffff", "operaciones_totales": 12231, "ranking_perfil": 172, "percentil_demanda": 97.479734708916737, "categoria_demanda": "HOTSPOT_ALTO", "hora_pico": 17, "operaciones_hora_pico": 1417, "pct_hora_pico": 11.585316000327039, "franja_dominante": "TARDE", "perfil_temporal": "VESPERTINO", "modo_dominante": "COLECTIVO", "pct_modo_dominante": 100.0, "cantidad_modos": 1, "indice_dominancia_modal": 1.0, "perfil_nodo": "HOTSPOT_ALTO_VESPERTINO", "prioridad_analitica": "PRIORIDAD_ALTA" }, "geometry": { "type": "Polygon", "coordinates": [ [ [ -58.516180752706155, -34.59526285601531 ], [ -58.5209237115509, -34.593294949396345 ], [ -58.521673102270171, -34.589449961172733 ], [ -58.517679665948528, -34.587572775383599 ], [ -58.512936598427473, -34.589540680738075 ], [ -58.512187075908216, -34.593385773137477 ], [ -58.516180752706155, -34.59526285601531 ] ] ] } },
{ "type": "Feature", "properties": { "id_h3": "88c2e31023fffff", "operaciones_totales": 12208, "ranking_perfil": 173, "percentil_demanda": 97.464996315401621, "categoria_demanda": "HOTSPOT_ALTO", "hora_pico": 13, "operaciones_hora_pico": 973, "pct_hora_pico": 7.9701834862385317, "franja_dominante": "MEDIODIA", "perfil_temporal": "DIURNO", "modo_dominante": "COLECTIVO", "pct_modo_dominante": 100.0, "cantidad_modos": 1, "indice_dominancia_modal": 1.0, "perfil_nodo": "HOTSPOT_ALTO_DIURNO", "prioridad_analitica": "PRIORIDAD_ALTA" }, "geometry": { "type": "Polygon", "coordinates": [ [ [ -58.424271256171103, -34.619210759978408 ], [ -58.429019060485174, -34.61724592102648 ], [ -58.429769871153248, -34.613401531482758 ], [ -58.425773009164402, -34.611521877317955 ], [ -58.421025096907428, -34.613486715112778 ], [ -58.420274154586096, -34.617331208220776 ], [ -58.424271256171103, -34.619210759978408 ] ] ] } },
{ "type": "Feature", "properties": { "id_h3": "88c2e3131dfffff", "operaciones_totales": 12141, "ranking_perfil": 174, "percentil_demanda": 97.450257921886518, "categoria_demanda": "HOTSPOT_ALTO", "hora_pico": 7, "operaciones_hora_pico": 1372, "pct_hora_pico": 11.300551849106334, "franja_dominante": "MANANA", "perfil_temporal": "MATUTINO", "modo_dominante": "COLECTIVO", "pct_modo_dominante": 100.0, "cantidad_modos": 1, "indice_dominancia_modal": 1.0, "perfil_nodo": "HOTSPOT_ALTO_MATUTINO", "prioridad_analitica": "PRIORIDAD_ALTA" }, "geometry": { "type": "Polygon", "coordinates": [ [ [ -58.415259301204998, -34.665321110601489 ], [ -58.420007998137784, -34.66335729047826 ], [ -58.420759014094642, -34.659516178801617 ], [ -58.416761464784578, -34.657638784049681 ], [ -58.41201265996196, -34.659602603142815 ], [ -58.411261512343138, -34.663443818009256 ], [ -58.415259301204998, -34.665321110601489 ] ] ] } },
{ "type": "Feature", "properties": { "id_h3": "88c2e30763fffff", "operaciones_totales": 11933, "ranking_perfil": 175, "percentil_demanda": 97.435519528371401, "categoria_demanda": "HOTSPOT_ALTO", "hora_pico": 12, "operaciones_hora_pico": 1165, "pct_hora_pico": 9.7628425375010472, "franja_dominante": "MEDIODIA", "perfil_temporal": "DIURNO", "modo_dominante": "COLECTIVO", "pct_modo_dominante": 100.0, "cantidad_modos": 1, "indice_dominancia_modal": 1.0, "perfil_nodo": "HOTSPOT_ALTO_DIURNO", "prioridad_analitica": "PRIORIDAD_ALTA" }, "geometry": { "type": "Polygon", "coordinates": [ [ [ -58.517946975768339, -34.474234418264601 ], [ -58.522688691577066, -34.472264501784394 ], [ -58.523437873345522, -34.468410662840085 ], [ -58.519445471048037, -34.466526635310743 ], [ -58.514703646601681, -34.468496550195297 ], [ -58.513954333094297, -34.472350494196199 ], [ -58.517946975768339, -34.474234418264601 ] ] ] } },
{ "type": "Feature", "properties": { "id_h3": "88c2e31031fffff", "operaciones_totales": 11928, "ranking_perfil": 176, "percentil_demanda": 97.420781134856298, "categoria_demanda": "HOTSPOT_ALTO", "hora_pico": 8, "operaciones_hora_pico": 1048, "pct_hora_pico": 8.7860496311200542, "franja_dominante": "MEDIODIA", "perfil_temporal": "DIURNO", "modo_dominante": "COLECTIVO", "pct_modo_dominante": 100.0, "cantidad_modos": 1, "indice_dominancia_modal": 1.0, "perfil_nodo": "HOTSPOT_ALTO_DIURNO", "prioridad_analitica": "PRIORIDAD_ALTA" }, "geometry": { "type": "Polygon", "coordinates": [ [ [ -58.438513898840021, -34.613315731075211 ], [ -58.443260932792079, -34.611350380173178 ], [ -58.444011520295575, -34.607505736467786 ], [ -58.440015205525874, -34.605626339980972 ], [ -58.435268063517988, -34.607591689703391 ], [ -58.434517344339497, -34.611436437083476 ], [ -58.438513898840021, -34.613315731075211 ] ] ] } },
{ "type": "Feature", "properties": { "id_h3": "88c2e3028dfffff", "operaciones_totales": 11884, "ranking_perfil": 177, "percentil_demanda": 97.406042741341196, "categoria_demanda": "HOTSPOT_ALTO", "hora_pico": 16, "operaciones_hora_pico": 1212, "pct_hora_pico": 10.198586334567485, "franja_dominante": "MEDIODIA", "perfil_temporal": "DIURNO", "modo_dominante": "COLECTIVO", "pct_modo_dominante": 99.924267923258157, "cantidad_modos": 2, "indice_dominancia_modal": 0.99924267923258159, "perfil_nodo": "HOTSPOT_ALTO_DIURNO", "prioridad_analitica": "PRIORIDAD_ALTA" }, "geometry": { "type": "Polygon", "coordinates": [ [ [ -58.488236894692484, -34.514898331240573 ], [ -58.492980492577679, -34.512929933084685 ], [ -58.493730183122985, -34.509078694997577 ], [ -58.48973640749611, -34.507195750436644 ], [ -58.484992701195488, -34.509164147122888 ], [ -58.484242878940975, -34.513015489831012 ], [ -58.488236894692484, -34.514898331240573 ] ] ] } },
{ "type": "Feature", "properties": { "id_h3": "88c2e311adfffff", "operaciones_totales": 11864, "ranking_perfil": 178, "percentil_demanda": 97.391304347826093, "categoria_demanda": "HOTSPOT_ALTO", "hora_pico": 17, "operaciones_hora_pico": 1224, "pct_hora_pico": 10.316925151719488, "franja_dominante": "TARDE", "perfil_temporal": "VESPERTINO", "modo_dominante": "COLECTIVO", "pct_modo_dominante": 100.0, "cantidad_modos": 1, "indice_dominancia_modal": 1.0, "perfil_nodo": "HOTSPOT_ALTO_VESPERTINO", "prioridad_analitica": "PRIORIDAD_ALTA" }, "geometry": { "type": "Polygon", "coordinates": [ [ [ -58.39054699398779, -34.590746098731209 ], [ -58.395296214811246, -34.588781779180927 ], [ -58.396047489492695, -34.58493487475895 ], [ -58.392049674933666, -34.583052186271246 ], [ -58.387300346453358, -34.585016504604511 ], [ -58.386548940192846, -34.588863512633772 ], [ -58.39054699398779, -34.590746098731209 ] ] ] } },
{ "type": "Feature", "properties": { "id_h3": "88c2e31119fffff", "operaciones_totales": 11749, "ranking_perfil": 179, "percentil_demanda": 97.376565954310976, "categoria_demanda": "HOTSPOT_ALTO", "hora_pico": 16, "operaciones_hora_pico": 995, "pct_hora_pico": 8.4688058558175161, "franja_dominante": "MEDIODIA", "perfil_temporal": "DIURNO", "modo_dominante": "COLECTIVO", "pct_modo_dominante": 59.588050046812491, "cantidad_modos": 2, "indice_dominancia_modal": 0.59588050046812491, "perfil_nodo": "HOTSPOT_ALTO_DIURNO", "prioridad_analitica": "PRIORIDAD_ALTA" }, "geometry": { "type": "Polygon", "coordinates": [ [ [ -58.401279641916467, -34.62518851209186 ], [ -58.406028654914714, -34.623224442446364 ], [ -58.406779820348575, -34.61938020386328 ], [ -58.402782104404203, -34.61749993150557 ], [ -58.398032983647013, -34.619464000020862 ], [ -58.397281686597019, -34.623308342015328 ], [ -58.401279641916467, -34.62518851209186 ] ] ] } },
{ "type": "Feature", "properties": { "id_h3": "88c2e31663fffff", "operaciones_totales": 11633, "ranking_perfil": 180, "percentil_demanda": 97.361827560795874, "categoria_demanda": "HOTSPOT_ALTO", "hora_pico": 17, "operaciones_hora_pico": 1234, "pct_hora_pico": 10.607753803833921, "franja_dominante": "TARDE", "perfil_temporal": "VESPERTINO", "modo_dominante": "TREN", "pct_modo_dominante": 70.789993982635607, "cantidad_modos": 2, "indice_dominancia_modal": 0.70789993982635613, "perfil_nodo": "HOTSPOT_ALTO_VESPERTINO", "prioridad_analitica": "PRIORIDAD_ALTA" }, "geometry": { "type": "Polygon", "coordinates": [ [ [ -58.586050352204467, -34.594516181477275 ], [ -58.590789780002396, -34.592546234761301 ], [ -58.591538115784253, -34.588702081468675 ], [ -58.587547155691155, -34.586827770368821 ], [ -58.582807618653938, -34.588797715786491 ], [ -58.582059150952894, -34.592641973593629 ], [ -58.586050352204467, -34.594516181477275 ] ] ] } },
{ "type": "Feature", "properties": { "id_h3": "88c2e3c559fffff", "operaciones_totales": 11553, "ranking_perfil": 181, "percentil_demanda": 97.347089167280771, "categoria_demanda": "HOTSPOT_ALTO", "hora_pico": 17, "operaciones_hora_pico": 1201, "pct_hora_pico": 10.395568250670822, "franja_dominante": "MEDIODIA", "perfil_temporal": "DIURNO", "modo_dominante": "COLECTIVO", "pct_modo_dominante": 100.0, "cantidad_modos": 1, "indice_dominancia_modal": 1.0, "perfil_nodo": "HOTSPOT_ALTO_DIURNO", "prioridad_analitica": "PRIORIDAD_ALTA" }, "geometry": { "type": "Polygon", "coordinates": [ [ [ -58.263919196084125, -34.724234465557387 ], [ -58.268676009660162, -34.722276058304409 ], [ -58.269429387206699, -34.718437406967425 ], [ -58.265426082605956, -34.716557060828933 ], [ -58.260669162347064, -34.718515467277577 ], [ -58.259915653375757, -34.722354220660257 ], [ -58.263919196084125, -34.724234465557387 ] ] ] } },
{ "type": "Feature", "properties": { "id_h3": "88c2e3d6d7fffff", "operaciones_totales": 11547, "ranking_perfil": 182, "percentil_demanda": 97.332350773765668, "categoria_demanda": "HOTSPOT_ALTO", "hora_pico": 18, "operaciones_hora_pico": 993, "pct_hora_pico": 8.5996362691608201, "franja_dominante": "MEDIODIA", "perfil_temporal": "DIURNO", "modo_dominante": "COLECTIVO", "pct_modo_dominante": 100.0, "cantidad_modos": 1, "indice_dominancia_modal": 1.0, "perfil_nodo": "HOTSPOT_ALTO_DIURNO", "prioridad_analitica": "PRIORIDAD_ALTA" }, "geometry": { "type": "Polygon", "coordinates": [ [ [ -58.386946352975286, -34.832095629798062 ], [ -58.391698066935412, -34.830135396777109 ], [ -58.392449761605924, -34.826306227055888 ], [ -58.388449874021113, -34.824437188490698 ], [ -58.38369805232854, -34.826397420930874 ], [ -58.382946225957113, -34.830226692508269 ], [ -58.386946352975286, -34.832095629798062 ] ] ] } },
{ "type": "Feature", "properties": { "id_h3": "88c2e31005fffff", "operaciones_totales": 11536, "ranking_perfil": 183, "percentil_demanda": 97.317612380250551, "categoria_demanda": "HOTSPOT_ALTO", "hora_pico": 17, "operaciones_hora_pico": 1083, "pct_hora_pico": 9.3880027739251037, "franja_dominante": "MEDIODIA", "perfil_temporal": "DIURNO", "modo_dominante": "COLECTIVO", "pct_modo_dominante": 79.802357836338416, "cantidad_modos": 2, "indice_dominancia_modal": 0.79802357836338411, "perfil_nodo": "HOTSPOT_ALTO_DIURNO", "prioridad_analitica": "PRIORIDAD_ALTA" }, "geometry": { "type": "Polygon", "coordinates": [ [ [ -58.43076349186925, -34.63065607751804 ], [ -58.435511080211072, -34.628691236293214 ], [ -58.436261810526283, -34.624847769628744 ], [ -58.432265084174219, -34.622969040667378 ], [ -58.42751738783187, -34.624933880762633 ], [ -58.426766525846006, -34.628777450940106 ], [ -58.43076349186925, -34.63065607751804 ] ] ] } },
{ "type": "Feature", "properties": { "id_h3": "88c2e310b9fffff", "operaciones_totales": 11355, "ranking_perfil": 184, "percentil_demanda": 97.302873986735449, "categoria_demanda": "HOTSPOT_ALTO", "hora_pico": 17, "operaciones_hora_pico": 1019, "pct_hora_pico": 8.9740202553941, "franja_dominante": "MEDIODIA", "perfil_temporal": "DIURNO", "modo_dominante": "COLECTIVO", "pct_modo_dominante": 75.605460149713792, "cantidad_modos": 2, "indice_dominancia_modal": 0.75605460149713788, "perfil_nodo": "HOTSPOT_ALTO_DIURNO", "prioridad_analitica": "PRIORIDAD_ALTA" }, "geometry": { "type": "Polygon", "coordinates": [ [ [ -58.480233137797306, -34.578359243228995 ], [ -58.484977743415953, -34.576392107126274 ], [ -58.485727650172791, -34.572545422500554 ], [ -58.481733083043828, -34.570665769843053 ], [ -58.476988369046808, -34.57263290465238 ], [ -58.476238330560996, -34.576479693403897 ], [ -58.480233137797306, -34.578359243228995 ] ] ] } },
{ "type": "Feature", "properties": { "id_h3": "88c2e38db1fffff", "operaciones_totales": 11294, "ranking_perfil": 185, "percentil_demanda": 97.288135593220332, "categoria_demanda": "HOTSPOT_ALTO", "hora_pico": 17, "operaciones_hora_pico": 1019, "pct_hora_pico": 9.022489817602267, "franja_dominante": "MEDIODIA", "perfil_temporal": "DIURNO", "modo_dominante": "COLECTIVO", "pct_modo_dominante": 100.0, "cantidad_modos": 1, "indice_dominancia_modal": 1.0, "perfil_nodo": "HOTSPOT_ALTO_DIURNO", "prioridad_analitica": "PRIORIDAD_ALTA" }, "geometry": { "type": "Polygon", "coordinates": [ [ [ -58.560851723578736, -34.612049854030424 ], [ -58.565592591149489, -34.610080922786175 ], [ -58.56634133361851, -34.606237734975998 ], [ -58.562349340406101, -34.604363374133705 ], [ -58.55760836379131, -34.606332304138633 ], [ -58.556859489436746, -34.610175596216479 ], [ -58.560851723578736, -34.612049854030424 ] ] ] } },
{ "type": "Feature", "properties": { "id_h3": "88c2e3125dfffff", "operaciones_totales": 11286, "ranking_perfil": 186, "percentil_demanda": 97.273397199705229, "categoria_demanda": "HOTSPOT_ALTO", "hora_pico": 7, "operaciones_hora_pico": 1253, "pct_hora_pico": 11.102250575934788, "franja_dominante": "TARDE", "perfil_temporal": "VESPERTINO", "modo_dominante": "COLECTIVO", "pct_modo_dominante": 50.106326422115899, "cantidad_modos": 2, "indice_dominancia_modal": 0.50106326422115899, "perfil_nodo": "HOTSPOT_ALTO_VESPERTINO", "prioridad_analitica": "PRIORIDAD_ALTA" }, "geometry": { "type": "Polygon", "coordinates": [ [ [ -58.477461757081372, -34.681932167491581 ], [ -58.482207492118405, -34.679966803509785 ], [ -58.482957597096572, -34.676127695526063 ], [ -58.478962098820716, -34.674253848148965 ], [ -58.474216255382515, -34.676219211116553 ], [ -58.473466018625189, -34.680058422466701 ], [ -58.477461757081372, -34.681932167491581 ] ] ] } },
{ "type": "Feature", "properties": { "id_h3": "88c2e30269fffff", "operaciones_totales": 11283, "ranking_perfil": 187, "percentil_demanda": 97.251289609432561, "categoria_demanda": "HOTSPOT_ALTO", "hora_pico": 17, "operaciones_hora_pico": 1019, "pct_hora_pico": 9.0312860054949926, "franja_dominante": "MEDIODIA", "perfil_temporal": "DIURNO", "modo_dominante": "COLECTIVO", "pct_modo_dominante": 86.696800496321899, "cantidad_modos": 2, "indice_dominancia_modal": 0.86696800496321902, "perfil_nodo": "HOTSPOT_ALTO_DIURNO", "prioridad_analitica": "PRIORIDAD_ALTA" }, "geometry": { "type": "Polygon", "coordinates": [ [ [ -58.438778265052136, -34.56724755676062 ], [ -58.443524845661464, -34.565281446890204 ], [ -58.444275359608483, -34.561433423046978 ], [ -58.440279424601073, -34.559551405058187 ], [ -58.435532735953807, -34.561517513625034 ], [ -58.43478209035576, -34.565365641475495 ], [ -58.438778265052136, -34.56724755676062 ] ] ] } },
{ "type": "Feature", "properties": { "id_h3": "88c2e3c41dfffff", "operaciones_totales": 11283, "ranking_perfil": 187, "percentil_demanda": 97.251289609432561, "categoria_demanda": "HOTSPOT_ALTO", "hora_pico": 7, "operaciones_hora_pico": 1088, "pct_hora_pico": 9.6428254896747312, "franja_dominante": "MEDIODIA", "perfil_temporal": "DIURNO", "modo_dominante": "COLECTIVO", "pct_modo_dominante": 100.0, "cantidad_modos": 1, "indice_dominancia_modal": 1.0, "perfil_nodo": "HOTSPOT_ALTO_DIURNO", "prioridad_analitica": "PRIORIDAD_ALTA" }, "geometry": { "type": "Polygon", "coordinates": [ [ [ -58.315477446173084, -34.706521737961793 ], [ -58.320231523567806, -34.704561520804219 ], [ -58.320984100954043, -34.70072220018551 ], [ -58.31698273245712, -34.698842994297273 ], [ -58.31222854796632, -34.70080321057992 ], [ -58.311475839072514, -34.704642633616977 ], [ -58.315477446173084, -34.706521737961793 ] ] ] } },
{ "type": "Feature", "properties": { "id_h3": "88c2e38de1fffff", "operaciones_totales": 11018, "ranking_perfil": 189, "percentil_demanda": 97.229182019159907, "categoria_demanda": "HOTSPOT_ALTO", "hora_pico": 7, "operaciones_hora_pico": 1103, "pct_hora_pico": 10.01089126883282, "franja_dominante": "MEDIODIA", "perfil_temporal": "DIURNO", "modo_dominante": "TREN", "pct_modo_dominante": 64.884734071519333, "cantidad_modos": 2, "indice_dominancia_modal": 0.64884734071519334, "perfil_nodo": "HOTSPOT_ALTO_DIURNO", "prioridad_analitica": "PRIORIDAD_ALTA" }, "geometry": { "type": "Polygon", "coordinates": [ [ [ -58.542132971405003, -34.641007008505383 ], [ -58.546875059806567, -34.63903909227372 ], [ -58.54762412831662, -34.63519779325209 ], [ -58.543631240297827, -34.633324306484077 ], [ -58.538889042990469, -34.635292221563077 ], [ -58.538139842611521, -34.639133624554056 ], [ -58.542132971405003, -34.641007008505383 ] ] ] } },
{ "type": "Feature", "properties": { "id_h3": "88c2e31025fffff", "operaciones_totales": 10831, "ranking_perfil": 190, "percentil_demanda": 97.214443625644805, "categoria_demanda": "HOTSPOT_ALTO", "hora_pico": 16, "operaciones_hora_pico": 1070, "pct_hora_pico": 9.8790508724956148, "franja_dominante": "MEDIODIA", "perfil_temporal": "DIURNO", "modo_dominante": "COLECTIVO", "pct_modo_dominante": 78.570769088726806, "cantidad_modos": 2, "indice_dominancia_modal": 0.78570769088726811, "perfil_nodo": "HOTSPOT_ALTO_DIURNO", "prioridad_analitica": "PRIORIDAD_ALTA" }, "geometry": { "type": "Polygon", "coordinates": [ [ [ -58.410026303214956, -34.625104252155182 ], [ -58.414774877491588, -34.62313992559141 ], [ -58.415525911293997, -34.619295790462154 ], [ -58.411528502455084, -34.61741587843413 ], [ -58.406779820348575, -34.61938020386328 ], [ -58.406028654914714, -34.623224442446364 ], [ -58.410026303214956, -34.625104252155182 ] ] ] } },
{ "type": "Feature", "properties": { "id_h3": "88c2e38943fffff", "operaciones_totales": 10803, "ranking_perfil": 191, "percentil_demanda": 97.199705232129702, "categoria_demanda": "HOTSPOT_ALTO", "hora_pico": 16, "operaciones_hora_pico": 1250, "pct_hora_pico": 11.570859946311209, "franja_dominante": "TARDE", "perfil_temporal": "VESPERTINO", "modo_dominante": "COLECTIVO", "pct_modo_dominante": 100.0, "cantidad_modos": 1, "indice_dominancia_modal": 1.0, "perfil_nodo": "HOTSPOT_ALTO_VESPERTINO", "prioridad_analitica": "PRIORIDAD_ALTA" }, "geometry": { "type": "Polygon", "coordinates": [ [ [ -58.391725667603218, -34.763219477757005 ], [ -58.396476480974485, -34.7612579608776 ], [ -58.397227999168258, -34.757423766964592 ], [ -58.393228835667315, -34.755550987548148 ], [ -58.38847791455472, -34.757512503665829 ], [ -58.387726264688297, -34.761346799952918 ], [ -58.391725667603218, -34.763219477757005 ] ] ] } },
{ "type": "Feature", "properties": { "id_h3": "88c2e31155fffff", "operaciones_totales": 10772, "ranking_perfil": 192, "percentil_demanda": 97.184966838614599, "categoria_demanda": "HOTSPOT_ALTO", "hora_pico": 16, "operaciones_hora_pico": 972, "pct_hora_pico": 9.0233939844040094, "franja_dominante": "MEDIODIA", "perfil_temporal": "DIURNO", "modo_dominante": "COLECTIVO", "pct_modo_dominante": 100.0, "cantidad_modos": 1, "indice_dominancia_modal": 1.0, "perfil_nodo": "HOTSPOT_ALTO_DIURNO", "prioridad_analitica": "PRIORIDAD_ALTA" }, "geometry": { "type": "Polygon", "coordinates": [ [ [ -58.390278018164487, -34.636803286264424 ], [ -58.395027692794017, -34.634839728558596 ], [ -58.395779041170861, -34.630996206291663 ], [ -58.391780846525045, -34.629116138446399 ], [ -58.387031064220864, -34.631079695058141 ], [ -58.386279584241073, -34.634923320600493 ], [ -58.390278018164487, -34.636803286264424 ] ] ] } },
{ "type": "Feature", "properties": { "id_h3": "88c2e3c243fffff", "operaciones_totales": 10766, "ranking_perfil": 193, "percentil_demanda": 97.170228445099482, "categoria_demanda": "HOTSPOT_ALTO", "hora_pico": 7, "operaciones_hora_pico": 1145, "pct_hora_pico": 10.635333457180012, "franja_dominante": "MANANA", "perfil_temporal": "MATUTINO", "modo_dominante": "COLECTIVO", "pct_modo_dominante": 100.0, "cantidad_modos": 1, "indice_dominancia_modal": 1.0, "perfil_nodo": "HOTSPOT_ALTO_MATUTINO", "prioridad_analitica": "PRIORIDAD_ALTA" }, "geometry": { "type": "Polygon", "coordinates": [ [ [ -58.191960412639723, -34.845447425315164 ], [ -58.196721961641344, -34.843493167040322 ], [ -58.197476601559664, -34.839662588760191 ], [ -58.193469823839528, -34.837786167908568 ], [ -58.188708168692138, -34.839740425722987 ], [ -58.187953397414724, -34.843571104840613 ], [ -58.191960412639723, -34.845447425315164 ] ] ] } },
{ "type": "Feature", "properties": { "id_h3": "88c2e3164dfffff", "operaciones_totales": 10715, "ranking_perfil": 194, "percentil_demanda": 97.15549005158438, "categoria_demanda": "HOTSPOT_ALTO", "hora_pico": 17, "operaciones_hora_pico": 1088, "pct_hora_pico": 10.153989734017731, "franja_dominante": "MEDIODIA", "perfil_temporal": "DIURNO", "modo_dominante": "COLECTIVO", "pct_modo_dominante": 63.509099393373781, "cantidad_modos": 2, "indice_dominancia_modal": 0.6350909939337378, "perfil_nodo": "HOTSPOT_ALTO_DIURNO", "prioridad_analitica": "PRIORIDAD_ALTA" }, "geometry": { "type": "Polygon", "coordinates": [ [ [ -58.595778381251691, -34.611666038679004 ], [ -58.600517481160075, -34.609696088152909 ], [ -58.601265695938523, -34.605853317836335 ], [ -58.597274942757231, -34.603980393600395 ], [ -58.592535733523718, -34.60595034287055 ], [ -58.591787386800419, -34.609793217623931 ], [ -58.595778381251691, -34.611666038679004 ] ] ] } },
{ "type": "Feature", "properties": { "id_h3": "88c2e31369fffff", "operaciones_totales": 10691, "ranking_perfil": 195, "percentil_demanda": 97.140751658069263, "categoria_demanda": "HOTSPOT_ALTO", "hora_pico": 7, "operaciones_hora_pico": 1161, "pct_hora_pico": 10.859601534000561, "franja_dominante": "MEDIODIA", "perfil_temporal": "DIURNO", "modo_dominante": "COLECTIVO", "pct_modo_dominante": 61.453559068375277, "cantidad_modos": 2, "indice_dominancia_modal": 0.61453559068375274, "perfil_nodo": "HOTSPOT_ALTO_DIURNO", "prioridad_analitica": "PRIORIDAD_ALTA" }, "geometry": { "type": "Polygon", "coordinates": [ [ [ -58.384507018862344, -34.688620344901047 ], [ -58.389257478182422, -34.686657807656005 ], [ -58.390008991754236, -34.682818026430802 ], [ -58.386010177630219, -34.680940679566078 ], [ -58.381259610659946, -34.682903215856925 ], [ -58.380507965467807, -34.68674309995793 ], [ -58.384507018862344, -34.688620344901047 ] ] ] } },
{ "type": "Feature", "properties": { "id_h3": "88c2e31237fffff", "operaciones_totales": 10677, "ranking_perfil": 196, "percentil_demanda": 97.12601326455416, "categoria_demanda": "HOTSPOT_ALTO", "hora_pico": 17, "operaciones_hora_pico": 878, "pct_hora_pico": 8.2232836939215144, "franja_dominante": "MEDIODIA", "perfil_temporal": "DIURNO", "modo_dominante": "COLECTIVO", "pct_modo_dominante": 83.59089631919079, "cantidad_modos": 2, "indice_dominancia_modal": 0.83590896319190788, "perfil_nodo": "HOTSPOT_ALTO_DIURNO", "prioridad_analitica": "PRIORIDAD_ALTA" }, "geometry": { "type": "Polygon", "coordinates": [ [ [ -58.457988328579731, -34.647640576306287 ], [ -58.462734713592297, -34.645675218616304 ], [ -58.463485059907875, -34.641833343123942 ], [ -58.459489152941899, -34.639956721792139 ], [ -58.454742659700777, -34.641922078385278 ], [ -58.453992181658052, -34.645764057398324 ], [ -58.457988328579731, -34.647640576306287 ] ] ] } },
{ "type": "Feature", "properties": { "id_h3": "88c2e3c4c3fffff", "operaciones_totales": 10633, "ranking_perfil": 197, "percentil_demanda": 97.111274871039058, "categoria_demanda": "HOTSPOT_ALTO", "hora_pico": 7, "operaciones_hora_pico": 1088, "pct_hora_pico": 10.232295683250259, "franja_dominante": "MEDIODIA", "perfil_temporal": "DIURNO", "modo_dominante": "COLECTIVO", "pct_modo_dominante": 79.055769773347123, "cantidad_modos": 2, "indice_dominancia_modal": 0.79055769773347118, "perfil_nodo": "HOTSPOT_ALTO_DIURNO", "prioridad_analitica": "PRIORIDAD_ALTA" }, "geometry": { "type": "Polygon", "coordinates": [ [ [ -58.346254639071617, -34.683237790112855 ], [ -58.351006958192279, -34.681276285123921 ], [ -58.351759038259672, -34.677435631082488 ], [ -58.347758930760243, -34.675556379289183 ], [ -58.343006504302821, -34.677517883327624 ], [ -58.342254292685531, -34.681358640101088 ], [ -58.346254639071617, -34.683237790112855 ] ] ] } },
{ "type": "Feature", "properties": { "id_h3": "88c2e3104bfffff", "operaciones_totales": 10612, "ranking_perfil": 198, "percentil_demanda": 97.096536477523955, "categoria_demanda": "HOTSPOT_ALTO", "hora_pico": 7, "operaciones_hora_pico": 1817, "pct_hora_pico": 17.122125895212967, "franja_dominante": "MANANA", "perfil_temporal": "MATUTINO", "modo_dominante": "COLECTIVO", "pct_modo_dominante": 100.0, "cantidad_modos": 1, "indice_dominancia_modal": 1.0, "perfil_nodo": "HOTSPOT_ALTO_MATUTINO", "prioridad_analitica": "PRIORIDAD_ALTA" }, "geometry": { "type": "Polygon", "coordinates": [ [ [ -58.449245356986452, -34.647729158559763 ], [ -58.453992181658052, -34.645764057398324 ], [ -58.454742659700777, -34.641922078385278 ], [ -58.450746444787718, -34.64004509704651 ], [ -58.445999511958348, -34.642010197115361 ], [ -58.445248902203687, -34.6458522796068 ], [ -58.449245356986452, -34.647729158559763 ] ] ] } },
{ "type": "Feature", "properties": { "id_h3": "88c2e3aa15fffff", "operaciones_totales": 10425, "ranking_perfil": 199, "percentil_demanda": 97.081798084008838, "categoria_demanda": "HOTSPOT_ALTO", "hora_pico": 12, "operaciones_hora_pico": 928, "pct_hora_pico": 8.901678657074342, "franja_dominante": "MEDIODIA", "perfil_temporal": "DIURNO", "modo_dominante": "COLECTIVO", "pct_modo_dominante": 100.0, "cantidad_modos": 1, "indice_dominancia_modal": 1.0, "perfil_nodo": "HOTSPOT_ALTO_DIURNO", "prioridad_analitica": "PRIORIDAD_ALTA" }, "geometry": { "type": "Polygon", "coordinates": [ [ [ -58.745223110476616, -34.515048985642274 ], [ -58.740717311082911, -34.515810190825206 ], [ -58.739970469065675, -34.519662255833495 ], [ -58.743729468944117, -34.522753246340372 ], [ -58.748235591172268, -34.521992220530628 ], [ -58.748982390674904, -34.518140024848087 ], [ -58.745223110476616, -34.515048985642274 ] ] ] } },
{ "type": "Feature", "properties": { "id_h3": "88c2e3894bfffff", "operaciones_totales": 10299, "ranking_perfil": 200, "percentil_demanda": 97.067059690493736, "categoria_demanda": "HOTSPOT_ALTO", "hora_pico": 17, "operaciones_hora_pico": 1066, "pct_hora_pico": 10.350519467909505, "franja_dominante": "TARDE", "perfil_temporal": "VESPERTINO", "modo_dominante": "COLECTIVO", "pct_modo_dominante": 100.0, "cantidad_modos": 1, "indice_dominancia_modal": 1.0, "perfil_nodo": "HOTSPOT_ALTO_VESPERTINO", "prioridad_analitica": "PRIORIDAD_ALTA" }, "geometry": { "type": "Polygon", "coordinates": [ [ [ -58.394973393232014, -34.768925528486207 ], [ -58.399724098833083, -34.766964010858523 ], [ -58.400475576861666, -34.763130278232815 ], [ -58.396476480974485, -34.7612579608776 ], [ -58.391725667603218, -34.763219477757005 ], [ -58.390974057893231, -34.767053312731164 ], [ -58.394973393232014, -34.768925528486207 ] ] ] } },
{ "type": "Feature", "properties": { "id_h3": "88c2e31029fffff", "operaciones_totales": 10290, "ranking_perfil": 201, "percentil_demanda": 97.052321296978633, "categoria_demanda": "HOTSPOT_ALTO", "hora_pico": 8, "operaciones_hora_pico": 953, "pct_hora_pico": 9.2614188532555879, "franja_dominante": "MEDIODIA", "perfil_temporal": "DIURNO", "modo_dominante": "COLECTIVO", "pct_modo_dominante": 69.047619047619051, "cantidad_modos": 2, "indice_dominancia_modal": 0.69047619047619047, "perfil_nodo": "HOTSPOT_ALTO_DIURNO", "prioridad_analitica": "PRIORIDAD_ALTA" }, "geometry": { "type": "Polygon", "coordinates": [ [ [ -58.422018498384361, -34.630742035445699 ], [ -58.426766525846006, -34.628777450940106 ], [ -58.42751738783187, -34.624933880762633 ], [ -58.423520354015423, -34.623054791611438 ], [ -58.418772218624134, -34.625019374991808 ], [ -58.418021224982837, -34.628863048639857 ], [ -58.422018498384361, -34.630742035445699 ] ] ] } },
{ "type": "Feature", "properties": { "id_h3": "88c2e30255fffff", "operaciones_totales": 10207, "ranking_perfil": 202, "percentil_demanda": 97.03758290346353, "categoria_demanda": "HOTSPOT_ALTO", "hora_pico": 18, "operaciones_hora_pico": 882, "pct_hora_pico": 8.6411286372097571, "franja_dominante": "MEDIODIA", "perfil_temporal": "DIURNO", "modo_dominante": "COLECTIVO", "pct_modo_dominante": 100.0, "cantidad_modos": 1, "indice_dominancia_modal": 1.0, "perfil_nodo": "HOTSPOT_ALTO_DIURNO", "prioridad_analitica": "PRIORIDAD_ALTA" }, "geometry": { "type": "Polygon", "coordinates": [ [ [ -58.467253895358333, -34.555448344247594 ], [ -58.471998934317952, -34.553481213402193 ], [ -58.472749001926871, -34.549632683172604 ], [ -58.468754162274351, -34.54775117955117 ], [ -58.464009015051353, -34.549718309047407 ], [ -58.463258815748098, -34.553566943505523 ], [ -58.467253895358333, -34.555448344247594 ] ] ] } },
{ "type": "Feature", "properties": { "id_h3": "88c2e38a3dfffff", "operaciones_totales": 10051, "ranking_perfil": 203, "percentil_demanda": 97.022844509948413, "categoria_demanda": "HOTSPOT_ALTO", "hora_pico": 18, "operaciones_hora_pico": 928, "pct_hora_pico": 9.2329121480449707, "franja_dominante": "TARDE", "perfil_temporal": "VESPERTINO", "modo_dominante": "COLECTIVO", "pct_modo_dominante": 100.0, "cantidad_modos": 1, "indice_dominancia_modal": 1.0, "perfil_nodo": "HOTSPOT_ALTO_VESPERTINO", "prioridad_analitica": "PRIORIDAD_ALTA" }, "geometry": { "type": "Polygon", "coordinates": [ [ [ -58.462698757696806, -34.779687765918077 ], [ -58.467446171234123, -34.777724442630053 ], [ -58.468196646600283, -34.773892349776581 ], [ -58.464199840238528, -34.772023477610759 ], [ -58.459452318376776, -34.77398680014943 ], [ -58.458701711205073, -34.777818995594536 ], [ -58.462698757696806, -34.779687765918077 ] ] ] } },
{ "type": "Feature", "properties": { "id_h3": "88c2e3102bfffff", "operaciones_totales": 9856, "ranking_perfil": 204, "percentil_demanda": 97.008106116433311, "categoria_demanda": "HOTSPOT_ALTO", "hora_pico": 17, "operaciones_hora_pico": 806, "pct_hora_pico": 8.1777597402597415, "franja_dominante": "MEDIODIA", "perfil_temporal": "DIURNO", "modo_dominante": "COLECTIVO", "pct_modo_dominante": 100.0, "cantidad_modos": 1, "indice_dominancia_modal": 1.0, "perfil_nodo": "HOTSPOT_ALTO_DIURNO", "prioridad_analitica": "PRIORIDAD_ALTA" }, "geometry": { "type": "Polygon", "coordinates": [ [ [ -58.42751738783187, -34.624933880762633 ], [ -58.432265084174219, -34.622969040667378 ], [ -58.433015854667929, -34.619125112572974 ], [ -58.429019060485174, -34.61724592102648 ], [ -58.424271256171103, -34.619210759978408 ], [ -58.423520354015423, -34.623054791611438 ], [ -58.42751738783187, -34.624933880762633 ] ] ] } },
{ "type": "Feature", "properties": { "id_h3": "88c2e310a5fffff", "operaciones_totales": 9796, "ranking_perfil": 205, "percentil_demanda": 96.993367722918194, "categoria_demanda": "HOTSPOT_ALTO", "hora_pico": 16, "operaciones_hora_pico": 828, "pct_hora_pico": 8.4524295630869748, "franja_dominante": "MEDIODIA", "perfil_temporal": "DIURNO", "modo_dominante": "COLECTIVO", "pct_modo_dominante": 100.0, "cantidad_modos": 1, "indice_dominancia_modal": 1.0, "perfil_nodo": "HOTSPOT_ALTO_DIURNO", "prioridad_analitica": "PRIORIDAD_ALTA" }, "geometry": { "type": "Polygon", "coordinates": [ [ [ -58.448514686150425, -34.584432140471002 ], [ -58.453260942473293, -34.582466026773176 ], [ -58.45401133586661, -34.578619387354998 ], [ -58.450015604618059, -34.576738757695651 ], [ -58.445269240170916, -34.578704870131531 ], [ -58.444518715100486, -34.582551613479986 ], [ -58.448514686150425, -34.584432140471002 ] ] ] } },
{ "type": "Feature", "properties": { "id_h3": "88c2e380d9fffff", "operaciones_totales": 9751, "ranking_perfil": 206, "percentil_demanda": 96.978629329403105, "categoria_demanda": "HOTSPOT_ALTO", "hora_pico": 18, "operaciones_hora_pico": 801, "pct_hora_pico": 8.2145420982463335, "franja_dominante": "MEDIODIA", "perfil_temporal": "DIURNO", "modo_dominante": "COLECTIVO", "pct_modo_dominante": 100.0, "cantidad_modos": 1, "indice_dominancia_modal": 1.0, "perfil_nodo": "HOTSPOT_ALTO_DIURNO", "prioridad_analitica": "PRIORIDAD_ALTA" }, "geometry": { "type": "Polygon", "coordinates": [ [ [ -58.652327461245065, -34.768517532513833 ], [ -58.64782239958155, -34.769263625125134 ], [ -58.647074165307522, -34.773096225853756 ], [ -58.650831034737628, -34.77618286268973 ], [ -58.655336420003856, -34.775436948443719 ], [ -58.656084612224603, -34.771604219003784 ], [ -58.652327461245065, -34.768517532513833 ] ] ] } },
{ "type": "Feature", "properties": { "id_h3": "88c2e3aa65fffff", "operaciones_totales": 9687, "ranking_perfil": 207, "percentil_demanda": 96.963890935887989, "categoria_demanda": "HOTSPOT_ALTO", "hora_pico": 17, "operaciones_hora_pico": 1085, "pct_hora_pico": 11.200578094353258, "franja_dominante": "TARDE", "perfil_temporal": "VESPERTINO", "modo_dominante": "COLECTIVO", "pct_modo_dominante": 100.0, "cantidad_modos": 1, "indice_dominancia_modal": 1.0, "perfil_nodo": "HOTSPOT_ALTO_VESPERTINO", "prioridad_analitica": "PRIORIDAD_ALTA" }, "geometry": { "type": "Polygon", "coordinates": [ [ [ -58.707689969810851, -34.528833397898204 ], [ -58.703186217744779, -34.52959241043402 ], [ -58.702439103569432, -34.533442317943546 ], [ -58.706195783742984, -34.536533343559654 ], [ -58.710699858703087, -34.535774510532285 ], [ -58.711446930582952, -34.531924472387658 ], [ -58.707689969810851, -34.528833397898204 ] ] ] } },
{ "type": "Feature", "properties": { "id_h3": "88c2e38933fffff", "operaciones_totales": 9635, "ranking_perfil": 208, "percentil_demanda": 96.949152542372886, "categoria_demanda": "HOTSPOT_ALTO", "hora_pico": 8, "operaciones_hora_pico": 956, "pct_hora_pico": 9.9221587960560456, "franja_dominante": "MEDIODIA", "perfil_temporal": "DIURNO", "modo_dominante": "TREN", "pct_modo_dominante": 85.230928905033736, "cantidad_modos": 2, "indice_dominancia_modal": 0.85230928905033732, "perfil_nodo": "HOTSPOT_ALTO_DIURNO", "prioridad_analitica": "PRIORIDAD_ALTA" }, "geometry": { "type": "Polygon", "coordinates": [ [ [ -58.389739914742748, -34.728790318605505 ], [ -58.394490497243957, -34.7268282905763 ], [ -58.395241993054732, -34.722991533698 ], [ -58.391243038019084, -34.721116702228016 ], [ -58.386492347807661, -34.723078729406282 ], [ -58.385740720346021, -34.726915588896681 ], [ -58.389739914742748, -34.728790318605505 ] ] ] } },
{ "type": "Feature", "properties": { "id_h3": "88c2e31027fffff", "operaciones_totales": 9538, "ranking_perfil": 209, "percentil_demanda": 96.934414148857769, "categoria_demanda": "HOTSPOT_ALTO", "hora_pico": 8, "operaciones_hora_pico": 820, "pct_hora_pico": 8.5971901866219333, "franja_dominante": "MEDIODIA", "perfil_temporal": "DIURNO", "modo_dominante": "COLECTIVO", "pct_modo_dominante": 100.0, "cantidad_modos": 1, "indice_dominancia_modal": 1.0, "perfil_nodo": "HOTSPOT_ALTO_DIURNO", "prioridad_analitica": "PRIORIDAD_ALTA" }, "geometry": { "type": "Polygon", "coordinates": [ [ [ -58.415525911293997, -34.619295790462154 ], [ -58.420274154586096, -34.617331208220776 ], [ -58.421025096907428, -34.613486715112778 ], [ -58.417027927578545, -34.611606700715619 ], [ -58.412279576414441, -34.613571281804305 ], [ -58.411528502455084, -34.61741587843413 ], [ -58.415525911293997, -34.619295790462154 ] ] ] } },
{ "type": "Feature", "properties": { "id_h3": "88c2e310c9fffff", "operaciones_totales": 9519, "ranking_perfil": 210, "percentil_demanda": 96.919675755342666, "categoria_demanda": "HOTSPOT_ALTO", "hora_pico": 8, "operaciones_hora_pico": 1029, "pct_hora_pico": 10.809959029309802, "franja_dominante": "MEDIODIA", "perfil_temporal": "DIURNO", "modo_dominante": "COLECTIVO", "pct_modo_dominante": 100.0, "cantidad_modos": 1, "indice_dominancia_modal": 1.0, "perfil_nodo": "HOTSPOT_ALTO_DIURNO", "prioridad_analitica": "PRIORIDAD_ALTA" }, "geometry": { "type": "Polygon", "coordinates": [ [ [ -58.482222827986909, -34.61287748301347 ], [ -58.486967663319987, -34.610910851124657 ], [ -58.487717592221038, -34.607066726428819 ], [ -58.483722817543637, -34.605189129726405 ], [ -58.478977873801064, -34.607155760413981 ], [ -58.478227813149275, -34.610999988996511 ], [ -58.482222827986909, -34.61287748301347 ] ] ] } },
{ "type": "Feature", "properties": { "id_h3": "88c2e3af2bfffff", "operaciones_totales": 9508, "ranking_perfil": 211, "percentil_demanda": 96.904937361827564, "categoria_demanda": "HOTSPOT_ALTO", "hora_pico": 7, "operaciones_hora_pico": 939, "pct_hora_pico": 9.8758939840134623, "franja_dominante": "TARDE", "perfil_temporal": "VESPERTINO", "modo_dominante": "COLECTIVO", "pct_modo_dominante": 51.809002944888519, "cantidad_modos": 2, "indice_dominancia_modal": 0.51809002944888516, "perfil_nodo": "HOTSPOT_ALTO_VESPERTINO", "prioridad_analitica": "PRIORIDAD_ALTA" }, "geometry": { "type": "Polygon", "coordinates": [ [ [ -58.796983239677282, -34.450344135002005 ], [ -58.792475521889173, -34.45111038172859 ], [ -58.791729205459234, -34.454968349579268 ], [ -58.795490649604538, -34.458060201825766 ], [ -58.799998690014569, -34.457294134560257 ], [ -58.800744963644703, -34.453436035594478 ], [ -58.796983239677282, -34.450344135002005 ] ] ] } },
{ "type": "Feature", "properties": { "id_h3": "88c2e30257fffff", "operaciones_totales": 9490, "ranking_perfil": 212, "percentil_demanda": 96.890198968312461, "categoria_demanda": "HOTSPOT_ALTO", "hora_pico": 8, "operaciones_hora_pico": 806, "pct_hora_pico": 8.493150684931507, "franja_dominante": "MEDIODIA", "perfil_temporal": "DIURNO", "modo_dominante": "COLECTIVO", "pct_modo_dominante": 100.0, "cantidad_modos": 1, "indice_dominancia_modal": 1.0, "perfil_nodo": "HOTSPOT_ALTO_DIURNO", "prioridad_analitica": "PRIORIDAD_ALTA" }, "geometry": { "type": "Polygon", "coordinates": [ [ [ -58.472749001926871, -34.549632683172604 ], [ -58.477493709388725, -34.547665298036264 ], [ -58.478243685499514, -34.543816410654827 ], [ -58.474249085853074, -34.541934804104308 ], [ -58.469504270085906, -34.543902187873044 ], [ -58.468754162274351, -34.54775117955117 ], [ -58.472749001926871, -34.549632683172604 ] ] ] } },
{ "type": "Feature", "properties": { "id_h3": "88c2e312a7fffff", "operaciones_totales": 9409, "ranking_perfil": 213, "percentil_demanda": 96.875460574797344, "categoria_demanda": "HOTSPOT_ALTO", "hora_pico": 7, "operaciones_hora_pico": 974, "pct_hora_pico": 10.351790838558825, "franja_dominante": "MEDIODIA", "perfil_temporal": "DIURNO", "modo_dominante": "COLECTIVO", "pct_modo_dominante": 100.0, "cantidad_modos": 1, "indice_dominancia_modal": 1.0, "perfil_nodo": "HOTSPOT_ALTO_DIURNO", "prioridad_analitica": "PRIORIDAD_ALTA" }, "geometry": { "type": "Polygon", "coordinates": [ [ [ -58.476727640542123, -34.61868762735952 ], [ -58.481472807557417, -34.616721250281302 ], [ -58.482222827986909, -34.61287748301347 ], [ -58.478227813149275, -34.610999988996511 ], [ -58.473482537766365, -34.612966364891626 ], [ -58.472732385592579, -34.616810235978086 ], [ -58.476727640542123, -34.61868762735952 ] ] ] } },
{ "type": "Feature", "properties": { "id_h3": "88c2e310ddfffff", "operaciones_totales": 9404, "ranking_perfil": 214, "percentil_demanda": 96.860722181282242, "categoria_demanda": "HOTSPOT_ALTO", "hora_pico": 16, "operaciones_hora_pico": 792, "pct_hora_pico": 8.421948107188431, "franja_dominante": "MEDIODIA", "perfil_temporal": "DIURNO", "modo_dominante": "COLECTIVO", "pct_modo_dominante": 100.0, "cantidad_modos": 1, "indice_dominancia_modal": 1.0, "perfil_nodo": "HOTSPOT_ALTO_DIURNO", "prioridad_analitica": "PRIORIDAD_ALTA" }, "geometry": { "type": "Polygon", "coordinates": [ [ [ -58.493211933192299, -34.601255357804355 ], [ -58.49795610501009, -34.599288216667361 ], [ -58.498705850848559, -34.595443377339016 ], [ -58.494711556636638, -34.593565575116067 ], [ -58.489967276325515, -34.595532715015395 ], [ -58.48921739872349, -34.599377658366649 ], [ -58.493211933192299, -34.601255357804355 ] ] ] } },
{ "type": "Feature", "properties": { "id_h3": "88c2e3c55dfffff", "operaciones_totales": 9378, "ranking_perfil": 215, "percentil_demanda": 96.845983787767125, "categoria_demanda": "HOTSPOT_ALTO", "hora_pico": 13, "operaciones_hora_pico": 911, "pct_hora_pico": 9.7142247814032849, "franja_dominante": "MEDIODIA", "perfil_temporal": "DIURNO", "modo_dominante": "COLECTIVO", "pct_modo_dominante": 100.0, "cantidad_modos": 1, "indice_dominancia_modal": 1.0, "perfil_nodo": "HOTSPOT_ALTO_DIURNO", "prioridad_analitica": "PRIORIDAD_ALTA" }, "geometry": { "type": "Polygon", "coordinates": [ [ [ -58.255158403655109, -34.724312368586581 ], [ -58.259915653375757, -34.722354220660257 ], [ -58.260669162347064, -34.718515467277577 ], [ -58.256665553010833, -34.716634759809033 ], [ -58.251908196678926, -34.718592906935392 ], [ -58.251154556298523, -34.722431762321428 ], [ -58.255158403655109, -34.724312368586581 ] ] ] } },
{ "type": "Feature", "properties": { "id_h3": "88c2e3110bfffff", "operaciones_totales": 9371, "ranking_perfil": 216, "percentil_demanda": 96.831245394252036, "categoria_demanda": "HOTSPOT_ALTO", "hora_pico": 8, "operaciones_hora_pico": 760, "pct_hora_pico": 8.110126987514672, "franja_dominante": "MEDIODIA", "perfil_temporal": "DIURNO", "modo_dominante": "COLECTIVO", "pct_modo_dominante": 100.0, "cantidad_modos": 1, "indice_dominancia_modal": 1.0, "perfil_nodo": "HOTSPOT_ALTO_DIURNO", "prioridad_analitica": "PRIORIDAD_ALTA" }, "geometry": { "type": "Polygon", "coordinates": [ [ [ -58.387031064220864, -34.631079695058141 ], [ -58.391780846525045, -34.629116138446399 ], [ -58.39253223504096, -34.625272154640911 ], [ -58.388533972850858, -34.623391624137469 ], [ -58.383784082900924, -34.625355179641495 ], [ -58.383032562790774, -34.629199266747982 ], [ -58.387031064220864, -34.631079695058141 ] ] ] } },
{ "type": "Feature", "properties": { "id_h3": "88c2e3114dfffff", "operaciones_totales": 9237, "ranking_perfil": 217, "percentil_demanda": 96.81650700073692, "categoria_demanda": "HOTSPOT_ALTO", "hora_pico": 17, "operaciones_hora_pico": 839, "pct_hora_pico": 9.0830356176247697, "franja_dominante": "MEDIODIA", "perfil_temporal": "DIURNO", "modo_dominante": "COLECTIVO", "pct_modo_dominante": 100.0, "cantidad_modos": 1, "indice_dominancia_modal": 1.0, "perfil_nodo": "HOTSPOT_ALTO_DIURNO", "prioridad_analitica": "PRIORIDAD_ALTA" }, "geometry": { "type": "Polygon", "coordinates": [ [ [ -58.373772416109183, -34.654220838839279 ], [ -58.378523082804676, -34.652258049973142 ], [ -58.379274705580812, -34.64841560273625 ], [ -58.37527579324852, -34.646535841285221 ], [ -58.370525019004994, -34.648498629111309 ], [ -58.369773264645708, -34.652341179419729 ], [ -58.373772416109183, -34.654220838839279 ] ] ] } },
{ "type": "Feature", "properties": { "id_h3": "88c2e311d5fffff", "operaciones_totales": 9201, "ranking_perfil": 218, "percentil_demanda": 96.801768607221817, "categoria_demanda": "HOTSPOT_ALTO", "hora_pico": 16, "operaciones_hora_pico": 944, "pct_hora_pico": 10.259754374524508, "franja_dominante": "TARDE", "perfil_temporal": "VESPERTINO", "modo_dominante": "COLECTIVO", "pct_modo_dominante": 100.0, "cantidad_modos": 1, "indice_dominancia_modal": 1.0, "perfil_nodo": "HOTSPOT_ALTO_VESPERTINO", "prioridad_analitica": "PRIORIDAD_ALTA" }, "geometry": { "type": "Polygon", "coordinates": [ [ [ -58.428776309887944, -34.596140834629828 ], [ -58.433523667921037, -34.59417548730805 ], [ -58.434274375962367, -34.590329459234638 ], [ -58.430277857623366, -34.588448674722649 ], [ -58.425530391620846, -34.590414020823388 ], [ -58.424779551930619, -34.594260152648431 ], [ -58.428776309887944, -34.596140834629828 ] ] ] } },
{ "type": "Feature", "properties": { "id_h3": "88c2e311c7fffff", "operaciones_totales": 9160, "ranking_perfil": 219, "percentil_demanda": 96.7870302137067, "categoria_demanda": "HOTSPOT_ALTO", "hora_pico": 8, "operaciones_hora_pico": 826, "pct_hora_pico": 9.0174672489082965, "franja_dominante": "MEDIODIA", "perfil_temporal": "DIURNO", "modo_dominante": "COLECTIVO", "pct_modo_dominante": 100.0, "cantidad_modos": 1, "indice_dominancia_modal": 1.0, "perfil_nodo": "HOTSPOT_ALTO_DIURNO", "prioridad_analitica": "PRIORIDAD_ALTA" }, "geometry": { "type": "Polygon", "coordinates": [ [ [ -58.414532695653385, -34.602035852927663 ], [ -58.419280823709713, -34.600071017488318 ], [ -58.4200317548759, -34.596225243480639 ], [ -58.416034689616765, -34.594344201262487 ], [ -58.411286453703973, -34.596309035503445 ], [ -58.410535390910688, -34.600154913152217 ], [ -58.414532695653385, -34.602035852927663 ] ] ] } },
{ "type": "Feature", "properties": { "id_h3": "88c2e3103bfffff", "operaciones_totales": 8936, "ranking_perfil": 220, "percentil_demanda": 96.772291820191597, "categoria_demanda": "HOTSPOT_ALTO", "hora_pico": 18, "operaciones_hora_pico": 764, "pct_hora_pico": 8.5496866606982991, "franja_dominante": "MEDIODIA", "perfil_temporal": "DIURNO", "modo_dominante": "COLECTIVO", "pct_modo_dominante": 100.0, "cantidad_modos": 1, "indice_dominancia_modal": 1.0, "perfil_nodo": "HOTSPOT_ALTO_DIURNO", "prioridad_analitica": "PRIORIDAD_ALTA" }, "geometry": { "type": "Polygon", "coordinates": [ [ [ -58.44725717965607, -34.613229314051132 ], [ -58.452003774210603, -34.611263706748161 ], [ -58.452754230023899, -34.607419166759897 ], [ -58.448758222976728, -34.605540130348771 ], [ -58.444011520295575, -34.607505736467786 ], [ -58.443260932792079, -34.611350380173178 ], [ -58.44725717965607, -34.613229314051132 ] ] ] } },
{ "type": "Feature", "properties": { "id_h3": "88c2e311bbfffff", "operaciones_totales": 8885, "ranking_perfil": 221, "percentil_demanda": 96.757553426676495, "categoria_demanda": "HOTSPOT_ALTO", "hora_pico": 17, "operaciones_hora_pico": 1142, "pct_hora_pico": 12.853123241418121, "franja_dominante": "TARDE", "perfil_temporal": "VESPERTINO", "modo_dominante": "COLECTIVO", "pct_modo_dominante": 71.761395610579626, "cantidad_modos": 2, "indice_dominancia_modal": 0.71761395610579626, "perfil_nodo": "HOTSPOT_ALTO_VESPERTINO", "prioridad_analitica": "PRIORIDAD_ALTA" }, "geometry": { "type": "Polygon", "coordinates": [ [ [ -58.424536982681616, -34.573144864178339 ], [ -58.42928433351787, -34.571179265453388 ], [ -58.430035070588751, -34.56733149518363 ], [ -58.426038588456557, -34.56544921973353 ], [ -58.421291129695256, -34.567414817177706 ], [ -58.420540260995068, -34.571262691344032 ], [ -58.424536982681616, -34.573144864178339 ] ] ] } },
{ "type": "Feature", "properties": { "id_h3": "88c2e38c67fffff", "operaciones_totales": 8849, "ranking_perfil": 222, "percentil_demanda": 96.742815033161392, "categoria_demanda": "HOTSPOT_ALTO", "hora_pico": 11, "operaciones_hora_pico": 1120, "pct_hora_pico": 12.656797378234829, "franja_dominante": "MEDIODIA", "perfil_temporal": "DIURNO", "modo_dominante": "COLECTIVO", "pct_modo_dominante": 100.0, "cantidad_modos": 1, "indice_dominancia_modal": 1.0, "perfil_nodo": "HOTSPOT_ALTO_DIURNO", "prioridad_analitica": "PRIORIDAD_ALTA" }, "geometry": { "type": "Polygon", "coordinates": [ [ [ -58.561595946353691, -34.675276342654719 ], [ -58.566337380718302, -34.673308419800172 ], [ -58.567086207398106, -34.669469886857669 ], [ -58.563093731637572, -34.667599172946808 ], [ -58.558352188195158, -34.669567094732429 ], [ -58.557603229594889, -34.673405731489147 ], [ -58.561595946353691, -34.675276342654719 ] ] ] } },
{ "type": "Feature", "properties": { "id_h3": "88c2e38a6dfffff", "operaciones_totales": 8840, "ranking_perfil": 223, "percentil_demanda": 96.728076639646275, "categoria_demanda": "HOTSPOT_ALTO", "hora_pico": 7, "operaciones_hora_pico": 927, "pct_hora_pico": 10.486425339366516, "franja_dominante": "MEDIODIA", "perfil_temporal": "DIURNO", "modo_dominante": "TREN", "pct_modo_dominante": 79.015837104072389, "cantidad_modos": 2, "indice_dominancia_modal": 0.79015837104072384, "perfil_nodo": "HOTSPOT_ALTO_DIURNO", "prioridad_analitica": "PRIORIDAD_ALTA" }, "geometry": { "type": "Polygon", "coordinates": [ [ [ -58.44394997522663, -34.808561478083831 ], [ -58.448698607072352, -34.806599181694004 ], [ -58.449449408508571, -34.802768984268816 ], [ -58.445451709891259, -34.800900980929868 ], [ -58.440702969860432, -34.802863276653774 ], [ -58.439952036635923, -34.806693576373824 ], [ -58.44394997522663, -34.808561478083831 ] ] ] } },
{ "type": "Feature", "properties": { "id_h3": "88c2e38e11fffff", "operaciones_totales": 8838, "ranking_perfil": 224, "percentil_demanda": 96.713338246131173, "categoria_demanda": "HOTSPOT_ALTO", "hora_pico": 7, "operaciones_hora_pico": 835, "pct_hora_pico": 9.447838877574112, "franja_dominante": "MEDIODIA", "perfil_temporal": "DIURNO", "modo_dominante": "COLECTIVO", "pct_modo_dominante": 85.200271554650371, "cantidad_modos": 2, "indice_dominancia_modal": 0.85200271554650375, "perfil_nodo": "HOTSPOT_ALTO_DIURNO", "prioridad_analitica": "PRIORIDAD_ALTA" }, "geometry": { "type": "Polygon", "coordinates": [ [ [ -58.627505356331852, -34.694710450436339 ], [ -58.62300329472005, -34.695458754031129 ], [ -58.622255154023549, -34.699295274149748 ], [ -58.6260091168039, -34.702383620069369 ], [ -58.630511501820834, -34.701635495437436 ], [ -58.631259600639638, -34.697798845930336 ], [ -58.627505356331852, -34.694710450436339 ] ] ] } },
{ "type": "Feature", "properties": { "id_h3": "88c2e3b88dfffff", "operaciones_totales": 8828, "ranking_perfil": 225, "percentil_demanda": 96.69859985261607, "categoria_demanda": "HOTSPOT_ALTO", "hora_pico": 6, "operaciones_hora_pico": 690, "pct_hora_pico": 7.8160398731309462, "franja_dominante": "MEDIODIA", "perfil_temporal": "DIURNO", "modo_dominante": "COLECTIVO", "pct_modo_dominante": 100.0, "cantidad_modos": 1, "indice_dominancia_modal": 1.0, "perfil_nodo": "HOTSPOT_ALTO_DIURNO", "prioridad_analitica": "PRIORIDAD_ALTA" }, "geometry": { "type": "Polygon", "coordinates": [ [ [ -58.750552833046939, -34.577467093699376 ], [ -58.746045473582399, -34.578225768433803 ], [ -58.745298459843902, -34.582074005342548 ], [ -58.749058848126964, -34.585163697657265 ], [ -58.75356653059935, -34.584405201886725 ], [ -58.754313501768159, -34.58055683484492 ], [ -58.750552833046939, -34.577467093699376 ] ] ] } },
{ "type": "Feature", "properties": { "id_h3": "88c2e30767fffff", "operaciones_totales": 8779, "ranking_perfil": 226, "percentil_demanda": 96.683861459100967, "categoria_demanda": "HOTSPOT_ALTO", "hora_pico": 17, "operaciones_hora_pico": 885, "pct_hora_pico": 10.080874814899191, "franja_dominante": "MEDIODIA", "perfil_temporal": "DIURNO", "modo_dominante": "TREN", "pct_modo_dominante": 97.790181114022104, "cantidad_modos": 2, "indice_dominancia_modal": 0.97790181114022101, "perfil_nodo": "HOTSPOT_ALTO_DIURNO", "prioridad_analitica": "PRIORIDAD_ALTA" }, "geometry": { "type": "Polygon", "coordinates": [ [ [ -58.509212176815865, -34.474320156113158 ], [ -58.513954333094297, -34.472350494196199 ], [ -58.514703646601681, -34.468496550195297 ], [ -58.510710935558372, -34.466612163088762 ], [ -58.505968670712761, -34.468581823414638 ], [ -58.505219225481476, -34.472435872429458 ], [ -58.509212176815865, -34.474320156113158 ] ] ] } },
{ "type": "Feature", "properties": { "id_h3": "88c2e3c4d7fffff", "operaciones_totales": 8759, "ranking_perfil": 227, "percentil_demanda": 96.66912306558585, "categoria_demanda": "HOTSPOT_ALTO", "hora_pico": 7, "operaciones_hora_pico": 711, "pct_hora_pico": 8.1173649960041097, "franja_dominante": "MEDIODIA", "perfil_temporal": "DIURNO", "modo_dominante": "COLECTIVO", "pct_modo_dominante": 100.0, "cantidad_modos": 1, "indice_dominancia_modal": 1.0, "perfil_nodo": "HOTSPOT_ALTO_DIURNO", "prioridad_analitica": "PRIORIDAD_ALTA" }, "geometry": { "type": "Polygon", "coordinates": [ [ [ -58.357263015610513, -34.671632856242404 ], [ -58.362014673913997, -34.669670837331211 ], [ -58.362766571071063, -34.665829465790097 ], [ -58.358766941491794, -34.663950010283656 ], [ -58.354015175766975, -34.665912028208638 ], [ -58.353263147046682, -34.669753502617525 ], [ -58.357263015610513, -34.671632856242404 ] ] ] } },
{ "type": "Feature", "properties": { "id_h3": "88c2e30621fffff", "operaciones_totales": 8713, "ranking_perfil": 228, "percentil_demanda": 96.654384672070748, "categoria_demanda": "HOTSPOT_ALTO", "hora_pico": 7, "operaciones_hora_pico": 880, "pct_hora_pico": 10.099850797658672, "franja_dominante": "MEDIODIA", "perfil_temporal": "DIURNO", "modo_dominante": "COLECTIVO", "pct_modo_dominante": 100.0, "cantidad_modos": 1, "indice_dominancia_modal": 1.0, "perfil_nodo": "HOTSPOT_ALTO_DIURNO", "prioridad_analitica": "PRIORIDAD_ALTA" }, "geometry": { "type": "Polygon", "coordinates": [ [ [ -58.572585369022249, -34.462146910586696 ], [ -58.577324215237674, -34.460175218286608 ], [ -58.578072555011531, -34.456321193417118 ], [ -58.574082180399806, -34.454438755432626 ], [ -58.569343225111588, -34.456410446076909 ], [ -58.568594753511675, -34.46026457635282 ], [ -58.572585369022249, -34.462146910586696 ] ] ] } },
{ "type": "Feature", "properties": { "id_h3": "88c2e31751fffff", "operaciones_totales": 8623, "ranking_perfil": 229, "percentil_demanda": 96.639646278555631, "categoria_demanda": "HOTSPOT_ALTO", "hora_pico": 7, "operaciones_hora_pico": 920, "pct_hora_pico": 10.669140670300358, "franja_dominante": "MEDIODIA", "perfil_temporal": "DIURNO", "modo_dominante": "TREN", "pct_modo_dominante": 59.955931810274841, "cantidad_modos": 2, "indice_dominancia_modal": 0.59955931810274843, "perfil_nodo": "HOTSPOT_ALTO_DIURNO", "prioridad_analitica": "PRIORIDAD_ALTA" }, "geometry": { "type": "Polygon", "coordinates": [ [ [ -58.559854884292314, -34.59480079208187 ], [ -58.564595637447106, -34.592831609636654 ], [ -58.565344368942085, -34.588987142927401 ], [ -58.561352479160753, -34.58711175426712 ], [ -58.556611616977563, -34.589080935426615 ], [ -58.555862753607911, -34.592925506523407 ], [ -58.559854884292314, -34.59480079208187 ] ] ] } },
{ "type": "Feature", "properties": { "id_h3": "88c2e30215fffff", "operaciones_totales": 8610, "ranking_perfil": 230, "percentil_demanda": 96.624907885040528, "categoria_demanda": "HOTSPOT_ALTO", "hora_pico": 17, "operaciones_hora_pico": 1015, "pct_hora_pico": 11.788617886178862, "franja_dominante": "TARDE", "perfil_temporal": "VESPERTINO", "modo_dominante": "COLECTIVO", "pct_modo_dominante": 70.789779326364695, "cantidad_modos": 2, "indice_dominancia_modal": 0.70789779326364699, "perfil_nodo": "HOTSPOT_ALTO_VESPERTINO", "prioridad_analitica": "PRIORIDAD_ALTA" }, "geometry": { "type": "Polygon", "coordinates": [ [ [ -58.466259510374094, -34.538170768282519 ], [ -58.471004434417807, -34.536203385895391 ], [ -58.471754490938778, -34.532353575611332 ], [ -58.467759755103359, -34.530471043357664 ], [ -58.463014722811835, -34.532438424349252 ], [ -58.462264534607407, -34.53628833898135 ], [ -58.466259510374094, -34.538170768282519 ] ] ] } },
{ "type": "Feature", "properties": { "id_h3": "88c2e312a5fffff", "operaciones_totales": 8581, "ranking_perfil": 231, "percentil_demanda": 96.610169491525426, "categoria_demanda": "HOTSPOT_ALTO", "hora_pico": 17, "operaciones_hora_pico": 832, "pct_hora_pico": 9.6958396457289364, "franja_dominante": "MEDIODIA", "perfil_temporal": "DIURNO", "modo_dominante": "COLECTIVO", "pct_modo_dominante": 100.0, "cantidad_modos": 1, "indice_dominancia_modal": 1.0, "perfil_nodo": "HOTSPOT_ALTO_DIURNO", "prioridad_analitica": "PRIORIDAD_ALTA" }, "geometry": { "type": "Polygon", "coordinates": [ [ [ -58.471232029938811, -34.624497159268287 ], [ -58.4759775285861, -34.622531037125 ], [ -58.476727640542123, -34.61868762735952 ], [ -58.472732385592579, -34.616810235978086 ], [ -58.467986778619633, -34.618776356956431 ], [ -58.46723653492576, -34.622619870472427 ], [ -58.471232029938811, -34.624497159268287 ] ] ] } },
{ "type": "Feature", "properties": { "id_h3": "88c2e31539fffff", "operaciones_totales": 8514, "ranking_perfil": 232, "percentil_demanda": 96.595431098010323, "categoria_demanda": "HOTSPOT_ALTO", "hora_pico": 7, "operaciones_hora_pico": 905, "pct_hora_pico": 10.629551327225746, "franja_dominante": "MANANA", "perfil_temporal": "MATUTINO", "modo_dominante": "TREN", "pct_modo_dominante": 71.41179234202491, "cantidad_modos": 2, "indice_dominancia_modal": 0.71411792342024905, "perfil_nodo": "HOTSPOT_ALTO_MATUTINO", "prioridad_analitica": "PRIORIDAD_ALTA" }, "geometry": { "type": "Polygon", "coordinates": [ [ [ -58.518685835789377, -34.537649662711623 ], [ -58.523428118696671, -34.535680748675716 ], [ -58.524177384800424, -34.531831565373047 ], [ -58.520184499774473, -34.529951191494455 ], [ -58.515442108195884, -34.531920104108124 ], [ -58.514692710318364, -34.535769392013975 ], [ -58.518685835789377, -34.537649662711623 ] ] ] } },
{ "type": "Feature", "properties": { "id_h3": "88c2e3110dfffff", "operaciones_totales": 8508, "ranking_perfil": 233, "percentil_demanda": 96.580692704495206, "categoria_demanda": "HOTSPOT_ALTO", "hora_pico": 17, "operaciones_hora_pico": 791, "pct_hora_pico": 9.2971321109543954, "franja_dominante": "MEDIODIA", "perfil_temporal": "DIURNO", "modo_dominante": "COLECTIVO", "pct_modo_dominante": 100.0, "cantidad_modos": 1, "indice_dominancia_modal": 1.0, "perfil_nodo": "HOTSPOT_ALTO_DIURNO", "prioridad_analitica": "PRIORIDAD_ALTA" }, "geometry": { "type": "Polygon", "coordinates": [ [ [ -58.372780179408991, -34.636969338047884 ], [ -58.377530730618304, -34.635006294907534 ], [ -58.378282342185742, -34.631162566132204 ], [ -58.374283534120032, -34.629281777297891 ], [ -58.369532875378212, -34.631244819352958 ], [ -58.368781132238524, -34.635088651318853 ], [ -58.372780179408991, -34.636969338047884 ] ] ] } },
{ "type": "Feature", "properties": { "id_h3": "88c2e3ac13fffff", "operaciones_totales": 8491, "ranking_perfil": 234, "percentil_demanda": 96.565954310980104, "categoria_demanda": "HOTSPOT_ALTO", "hora_pico": 7, "operaciones_hora_pico": 830, "pct_hora_pico": 9.7750559415852081, "franja_dominante": "MANANA", "perfil_temporal": "MATUTINO", "modo_dominante": "COLECTIVO", "pct_modo_dominante": 50.618301731244856, "cantidad_modos": 2, "indice_dominancia_modal": 0.50618301731244852, "perfil_nodo": "HOTSPOT_ALTO_MATUTINO", "prioridad_analitica": "PRIORIDAD_ALTA" }, "geometry": { "type": "Polygon", "coordinates": [ [ [ -58.869105163663008, -34.415650607194237 ], [ -58.864593690021742, -34.416421431081361 ], [ -58.863847927191884, -34.420284062432046 ], [ -58.867613681208596, -34.42337600115885 ], [ -58.872125477329355, -34.422605356518545 ], [ -58.872871196941233, -34.418742593911908 ], [ -58.869105163663008, -34.415650607194237 ] ] ] } },
{ "type": "Feature", "properties": { "id_h3": "88c2e31197fffff", "operaciones_totales": 8478, "ranking_perfil": 235, "percentil_demanda": 96.551215917465001, "categoria_demanda": "HOTSPOT_ALTO", "hora_pico": 17, "operaciones_hora_pico": 762, "pct_hora_pico": 8.9879688605803256, "franja_dominante": "MEDIODIA", "perfil_temporal": "DIURNO", "modo_dominante": "COLECTIVO", "pct_modo_dominante": 100.0, "cantidad_modos": 1, "indice_dominancia_modal": 1.0, "perfil_nodo": "HOTSPOT_ALTO_DIURNO", "prioridad_analitica": "PRIORIDAD_ALTA" }, "geometry": { "type": "Polygon", "coordinates": [ [ [ -58.433280747854681, -34.57306107808467 ], [ -58.43802765962581, -34.571095223091319 ], [ -58.438778265052136, -34.56724755676062 ], [ -58.43478209035576, -34.565365641475495 ], [ -58.430035070588751, -34.56733149518363 ], [ -58.42928433351787, -34.571179265453388 ], [ -58.433280747854681, -34.57306107808467 ] ] ] } },
{ "type": "Feature", "properties": { "id_h3": "88c2e31033fffff", "operaciones_totales": 8429, "ranking_perfil": 236, "percentil_demanda": 96.536477523949898, "categoria_demanda": "HOTSPOT_ALTO", "hora_pico": 16, "operaciones_hora_pico": 729, "pct_hora_pico": 8.6487127773164065, "franja_dominante": "MEDIODIA", "perfil_temporal": "DIURNO", "modo_dominante": "COLECTIVO", "pct_modo_dominante": 100.0, "cantidad_modos": 1, "indice_dominancia_modal": 1.0, "perfil_nodo": "HOTSPOT_ALTO_DIURNO", "prioridad_analitica": "PRIORIDAD_ALTA" }, "geometry": { "type": "Polygon", "coordinates": [ [ [ -58.444011520295575, -34.607505736467786 ], [ -58.448758222976728, -34.605540130348771 ], [ -58.449508718982159, -34.601695128949473 ], [ -58.44551264399179, -34.599815629917629 ], [ -58.440765833212808, -34.60178123483886 ], [ -58.440015205525874, -34.605626339980972 ], [ -58.444011520295575, -34.607505736467786 ] ] ] } },
{ "type": "Feature", "properties": { "id_h3": "88c2e302c5fffff", "operaciones_totales": 8422, "ranking_perfil": 237, "percentil_demanda": 96.521739130434781, "categoria_demanda": "HOTSPOT_ALTO", "hora_pico": 16, "operaciones_hora_pico": 791, "pct_hora_pico": 9.3920683923058661, "franja_dominante": "MEDIODIA", "perfil_temporal": "DIURNO", "modo_dominante": "COLECTIVO", "pct_modo_dominante": 100.0, "cantidad_modos": 1, "indice_dominancia_modal": 1.0, "perfil_nodo": "HOTSPOT_ALTO_DIURNO", "prioridad_analitica": "PRIORIDAD_ALTA" }, "geometry": { "type": "Polygon", "coordinates": [ [ [ -58.485987497284007, -34.526450156642781 ], [ -58.490731318381947, -34.524482010804832 ], [ -58.491481060207498, -34.520631590996096 ], [ -58.487487112650371, -34.518749212489595 ], [ -58.48274318315017, -34.520717356890508 ], [ -58.481993309613188, -34.52456788122629 ], [ -58.485987497284007, -34.526450156642781 ] ] ] } },
{ "type": "Feature", "properties": { "id_h3": "88c2e3d5d3fffff", "operaciones_totales": 8410, "ranking_perfil": 238, "percentil_demanda": 96.507000736919679, "categoria_demanda": "HOTSPOT_ALTO", "hora_pico": 7, "operaciones_hora_pico": 810, "pct_hora_pico": 9.6313912009512492, "franja_dominante": "MEDIODIA", "perfil_temporal": "DIURNO", "modo_dominante": "COLECTIVO", "pct_modo_dominante": 100.0, "cantidad_modos": 1, "indice_dominancia_modal": 1.0, "perfil_nodo": "HOTSPOT_ALTO_DIURNO", "prioridad_analitica": "PRIORIDAD_ALTA" }, "geometry": { "type": "Polygon", "coordinates": [ [ [ -58.311675484605182, -34.792706284634995 ], [ -58.316430578556371, -34.790747609487063 ], [ -58.317183343916113, -34.78691459941826 ], [ -58.313181146875259, -34.785040162705968 ], [ -58.308425945821753, -34.786998837204415 ], [ -58.307673048915412, -34.79083194905585 ], [ -58.311675484605182, -34.792706284634995 ] ] ] } },
{ "type": "Feature", "properties": { "id_h3": "88c2e38ae7fffff", "operaciones_totales": 8334, "ranking_perfil": 239, "percentil_demanda": 96.484893146647011, "categoria_demanda": "HOTSPOT_ALTO", "hora_pico": 7, "operaciones_hora_pico": 801, "pct_hora_pico": 9.6112311015118781, "franja_dominante": "MEDIODIA", "perfil_temporal": "DIURNO", "modo_dominante": "COLECTIVO", "pct_modo_dominante": 100.0, "cantidad_modos": 1, "indice_dominancia_modal": 1.0, "perfil_nodo": "HOTSPOT_ALTO_DIURNO", "prioridad_analitica": "PRIORIDAD_ALTA" }, "geometry": { "type": "Polygon", "coordinates": [ [ [ -58.484687773139363, -34.756502412198643 ], [ -58.489433859376561, -34.754538063320943 ], [ -58.490183968421022, -34.750704537277315 ], [ -58.486188123063528, -34.748835257239747 ], [ -58.481441928334036, -34.750799605297807 ], [ -58.480691687458204, -34.754633234204327 ], [ -58.484687773139363, -34.756502412198643 ] ] ] } },
{ "type": "Feature", "properties": { "id_h3": "88c2e31061fffff", "operaciones_totales": 8334, "ranking_perfil": 239, "percentil_demanda": 96.484893146647011, "categoria_demanda": "HOTSPOT_ALTO", "hora_pico": 7, "operaciones_hora_pico": 767, "pct_hora_pico": 9.2032637389008887, "franja_dominante": "MEDIODIA", "perfil_temporal": "DIURNO", "modo_dominante": "COLECTIVO", "pct_modo_dominante": 100.0, "cantidad_modos": 1, "indice_dominancia_modal": 1.0, "perfil_nodo": "HOTSPOT_ALTO_DIURNO", "prioridad_analitica": "PRIORIDAD_ALTA" }, "geometry": { "type": "Polygon", "coordinates": [ [ [ -58.419765586633645, -34.642270852505725 ], [ -58.424513837247609, -34.640306522620477 ], [ -58.425264750554206, -34.636463771876457 ], [ -58.421267544908325, -34.634585247631989 ], [ -58.416519186377975, -34.636549576423803 ], [ -58.415768141413785, -34.640392430544793 ], [ -58.419765586633645, -34.642270852505725 ] ] ] } },
{ "type": "Feature", "properties": { "id_h3": "88c2e3889dfffff", "operaciones_totales": 8314, "ranking_perfil": 241, "percentil_demanda": 96.462785556374357, "categoria_demanda": "HOTSPOT_ALTO", "hora_pico": 12, "operaciones_hora_pico": 740, "pct_hora_pico": 8.9006495068559044, "franja_dominante": "MEDIODIA", "perfil_temporal": "DIURNO", "modo_dominante": "COLECTIVO", "pct_modo_dominante": 100.0, "cantidad_modos": 1, "indice_dominancia_modal": 1.0, "perfil_nodo": "HOTSPOT_ALTO_DIURNO", "prioridad_analitica": "PRIORIDAD_ALTA" }, "geometry": { "type": "Polygon", "coordinates": [ [ [ -58.499183942490916, -34.704680928249502 ], [ -58.503928803106554, -34.70271530388036 ], [ -58.504678615281279, -34.698878143812451 ], [ -58.5006836986731, -34.697006504799418 ], [ -58.495938729470616, -34.698972128205327 ], [ -58.495188785467029, -34.702809391578803 ], [ -58.499183942490916, -34.704680928249502 ] ] ] } },
{ "type": "Feature", "properties": { "id_h3": "88c2e31529fffff", "operaciones_totales": 8304, "ranking_perfil": 242, "percentil_demanda": 96.448047162859254, "categoria_demanda": "HOTSPOT_ALTO", "hora_pico": 17, "operaciones_hora_pico": 860, "pct_hora_pico": 10.35645472061657, "franja_dominante": "TARDE", "perfil_temporal": "VESPERTINO", "modo_dominante": "COLECTIVO", "pct_modo_dominante": 53.371868978805395, "cantidad_modos": 2, "indice_dominancia_modal": 0.53371868978805392, "perfil_nodo": "HOTSPOT_ALTO_VESPERTINO", "prioridad_analitica": "PRIORIDAD_ALTA" }, "geometry": { "type": "Polygon", "coordinates": [ [ [ -58.498964473919578, -34.549372113113513 ], [ -58.503707861121264, -34.547403961667754 ], [ -58.504457442039239, -34.543555387431482 ], [ -58.500463767505344, -34.541674860208047 ], [ -58.495720271786531, -34.543643010272874 ], [ -58.494970559122564, -34.54749168893337 ], [ -58.498964473919578, -34.549372113113513 ] ] ] } },
{ "type": "Feature", "properties": { "id_h3": "88c2e31161fffff", "operaciones_totales": 8288, "ranking_perfil": 243, "percentil_demanda": 96.433308769344137, "categoria_demanda": "HOTSPOT_ALTO", "hora_pico": 7, "operaciones_hora_pico": 863, "pct_hora_pico": 10.412644787644787, "franja_dominante": "MEDIODIA", "perfil_temporal": "DIURNO", "modo_dominante": "COLECTIVO", "pct_modo_dominante": 100.0, "cantidad_modos": 1, "indice_dominancia_modal": 1.0, "perfil_nodo": "HOTSPOT_ALTO_DIURNO", "prioridad_analitica": "PRIORIDAD_ALTA" }, "geometry": { "type": "Polygon", "coordinates": [ [ [ -58.358526988684041, -34.642857439748241 ], [ -58.363278308397248, -34.640894910516828 ], [ -58.364030142985548, -34.637051437024098 ], [ -58.3600307894148, -34.635170389673846 ], [ -58.355279362282445, -34.637132917842415 ], [ -58.354527396143943, -34.640976494415341 ], [ -58.358526988684041, -34.642857439748241 ] ] ] } },
{ "type": "Feature", "properties": { "id_h3": "88c2e312ebfffff", "operaciones_totales": 8209, "ranking_perfil": 244, "percentil_demanda": 96.418570375829034, "categoria_demanda": "HOTSPOT_ALTO", "hora_pico": 17, "operaciones_hora_pico": 659, "pct_hora_pico": 8.0277743939578503, "franja_dominante": "MEDIODIA", "perfil_temporal": "DIURNO", "modo_dominante": "COLECTIVO", "pct_modo_dominante": 100.0, "cantidad_modos": 1, "indice_dominancia_modal": 1.0, "perfil_nodo": "HOTSPOT_ALTO_DIURNO", "prioridad_analitica": "PRIORIDAD_ALTA" }, "geometry": { "type": "Polygon", "coordinates": [ [ [ -58.489707772206678, -34.641563439766067 ], [ -58.494452505464075, -34.639597058094203 ], [ -58.495202364962942, -34.635755135890506 ], [ -58.491207622987218, -34.63387949163431 ], [ -58.486462781247219, -34.635845872178542 ], [ -58.485712789969419, -34.639687898097897 ], [ -58.489707772206678, -34.641563439766067 ] ] ] } },
{ "type": "Feature", "properties": { "id_h3": "88c2e3118dfffff", "operaciones_totales": 8201, "ranking_perfil": 245, "percentil_demanda": 96.403831982313932, "categoria_demanda": "HOTSPOT_ALTO", "hora_pico": 7, "operaciones_hora_pico": 722, "pct_hora_pico": 8.8038044140958416, "franja_dominante": "MEDIODIA", "perfil_temporal": "DIURNO", "modo_dominante": "COLECTIVO", "pct_modo_dominante": 100.0, "cantidad_modos": 1, "indice_dominancia_modal": 1.0, "perfil_nodo": "HOTSPOT_ALTO_DIURNO", "prioridad_analitica": "PRIORIDAD_ALTA" }, "geometry": { "type": "Polygon", "coordinates": [ [ [ -58.411286453703973, -34.596309035503445 ], [ -58.416034689616765, -34.594344201262487 ], [ -58.416785660940633, -34.590497965728268 ], [ -58.41278852797403, -34.588616460759624 ], [ -58.408040184233634, -34.590581293788404 ], [ -58.40728908129136, -34.594427632989316 ], [ -58.411286453703973, -34.596309035503445 ] ] ] } },
{ "type": "Feature", "properties": { "id_h3": "88c2e38b61fffff", "operaciones_totales": 8192, "ranking_perfil": 246, "percentil_demanda": 96.389093588798829, "categoria_demanda": "HOTSPOT_ALTO", "hora_pico": 12, "operaciones_hora_pico": 848, "pct_hora_pico": 10.3515625, "franja_dominante": "MEDIODIA", "perfil_temporal": "DIURNO", "modo_dominante": "COLECTIVO", "pct_modo_dominante": 100.0, "cantidad_modos": 1, "indice_dominancia_modal": 1.0, "perfil_nodo": "HOTSPOT_ALTO_DIURNO", "prioridad_analitica": "PRIORIDAD_ALTA" }, "geometry": { "type": "Polygon", "coordinates": [ [ [ -58.388208650969588, -34.803416047741692 ], [ -58.392960026211512, -34.801455300712391 ], [ -58.393711658316853, -34.797624028926393 ], [ -58.389712046872113, -34.795753402092558 ], [ -58.38496056389998, -34.797714148466291 ], [ -58.384208800106748, -34.801545522320666 ], [ -58.388208650969588, -34.803416047741692 ] ] ] } },
{ "type": "Feature", "properties": { "id_h3": "88c2e30205fffff", "operaciones_totales": 8144, "ranking_perfil": 247, "percentil_demanda": 96.374355195283712, "categoria_demanda": "HOTSPOT_ALTO", "hora_pico": 8, "operaciones_hora_pico": 726, "pct_hora_pico": 8.9145383104125724, "franja_dominante": "MEDIODIA", "perfil_temporal": "DIURNO", "modo_dominante": "TREN", "pct_modo_dominante": 87.942043222003932, "cantidad_modos": 2, "indice_dominancia_modal": 0.87942043222003929, "perfil_nodo": "HOTSPOT_ALTO_DIURNO", "prioridad_analitica": "PRIORIDAD_ALTA" }, "geometry": { "type": "Polygon", "coordinates": [ [ [ -58.446526798847799, -34.549887713613082 ], [ -58.451272825104041, -34.547921095702463 ], [ -58.452023196271789, -34.544071895558453 ], [ -58.448027672842535, -34.542189209147224 ], [ -58.443281538493146, -34.544155825703648 ], [ -58.442531035670029, -34.548005130016818 ], [ -58.446526798847799, -34.549887713613082 ] ] ] } },
{ "type": "Feature", "properties": { "id_h3": "88c2e31145fffff", "operaciones_totales": 8076, "ranking_perfil": 248, "percentil_demanda": 96.35961680176861, "categoria_demanda": "HOTSPOT_ALTO", "hora_pico": 17, "operaciones_hora_pico": 765, "pct_hora_pico": 9.4725111441307579, "franja_dominante": "MEDIODIA", "perfil_temporal": "DIURNO", "modo_dominante": "COLECTIVO", "pct_modo_dominante": 100.0, "cantidad_modos": 1, "indice_dominancia_modal": 1.0, "perfil_nodo": "HOTSPOT_ALTO_DIURNO", "prioridad_analitica": "PRIORIDAD_ALTA" }, "geometry": { "type": "Polygon", "coordinates": [ [ [ -58.370525019004994, -34.648498629111309 ], [ -58.37527579324852, -34.646535841285221 ], [ -58.37602745615002, -34.642692932491457 ], [ -58.372028476386305, -34.640812708417968 ], [ -58.367277594623602, -34.642775495190456 ], [ -58.36652580014772, -34.646618507081271 ], [ -58.370525019004994, -34.648498629111309 ] ] ] } },
{ "type": "Feature", "properties": { "id_h3": "88c2e3890bfffff", "operaciones_totales": 8058, "ranking_perfil": 249, "percentil_demanda": 96.344878408253493, "categoria_demanda": "HOTSPOT_ALTO", "hora_pico": 17, "operaciones_hora_pico": 1001, "pct_hora_pico": 12.422437329362126, "franja_dominante": "TARDE", "perfil_temporal": "VESPERTINO", "modo_dominante": "COLECTIVO", "pct_modo_dominante": 100.0, "cantidad_modos": 1, "indice_dominancia_modal": 1.0, "perfil_nodo": "HOTSPOT_ALTO_VESPERTINO", "prioridad_analitica": "PRIORIDAD_ALTA" }, "geometry": { "type": "Polygon", "coordinates": [ [ [ -58.393980394022094, -34.751716332327561 ], [ -58.398730984202466, -34.74975455895656 ], [ -58.399482451043582, -34.745919544875704 ], [ -58.395483459378717, -34.74404620168967 ], [ -58.390732761443694, -34.746007974267933 ], [ -58.389981162932088, -34.749843090816206 ], [ -58.393980394022094, -34.751716332327561 ] ] ] } },
{ "type": "Feature", "properties": { "id_h3": "88c2e310c5fffff", "operaciones_totales": 8039, "ranking_perfil": 250, "percentil_demanda": 96.33014001473839, "categoria_demanda": "HOTSPOT_ALTO", "hora_pico": 8, "operaciones_hora_pico": 793, "pct_hora_pico": 9.8644109963925857, "franja_dominante": "MEDIODIA", "perfil_temporal": "DIURNO", "modo_dominante": "COLECTIVO", "pct_modo_dominante": 100.0, "cantidad_modos": 1, "indice_dominancia_modal": 1.0, "perfil_nodo": "HOTSPOT_ALTO_DIURNO", "prioridad_analitica": "PRIORIDAD_ALTA" }, "geometry": { "type": "Polygon", "coordinates": [ [ [ -58.470237407087716, -34.60724417857179 ], [ -58.474982790809456, -34.605277803873584 ], [ -58.475732891679399, -34.601433113957086 ], [ -58.471737740558417, -34.599554694860032 ], [ -58.466992248526545, -34.601521068347388 ], [ -58.466242015929645, -34.605365862133908 ], [ -58.470237407087716, -34.60724417857179 ] ] ] } },
{ "type": "Feature", "properties": { "id_h3": "88c2e310d9fffff", "operaciones_totales": 8007, "ranking_perfil": 251, "percentil_demanda": 96.315401621223288, "categoria_demanda": "HOTSPOT_ALTO", "hora_pico": 8, "operaciones_hora_pico": 718, "pct_hora_pico": 8.967153740477082, "franja_dominante": "MEDIODIA", "perfil_temporal": "DIURNO", "modo_dominante": "COLECTIVO", "pct_modo_dominante": 69.164481079055832, "cantidad_modos": 2, "indice_dominancia_modal": 0.69164481079055828, "perfil_nodo": "HOTSPOT_ALTO_DIURNO", "prioridad_analitica": "PRIORIDAD_ALTA" }, "geometry": { "type": "Polygon", "coordinates": [ [ [ -58.501950330931308, -34.60116555636467 ], [ -58.50669406235231, -34.59919815954823 ], [ -58.507443676412137, -34.595353424285157 ], [ -58.503449690833442, -34.593475981764541 ], [ -58.498705850848559, -34.595443377339016 ], [ -58.49795610501009, -34.599288216667361 ], [ -58.501950330931308, -34.60116555636467 ] ] ] } },
{ "type": "Feature", "properties": { "id_h3": "88c2e312c7fffff", "operaciones_totales": 7952, "ranking_perfil": 252, "percentil_demanda": 96.300663227708185, "categoria_demanda": "HOTSPOT_ALTO", "hora_pico": 8, "operaciones_hora_pico": 848, "pct_hora_pico": 10.663983903420524, "franja_dominante": "MANANA", "perfil_temporal": "MATUTINO", "modo_dominante": "TREN", "pct_modo_dominante": 57.658450704225352, "cantidad_modos": 2, "indice_dominancia_modal": 0.5765845070422535, "perfil_nodo": "HOTSPOT_ALTO_MATUTINO", "prioridad_analitica": "PRIORIDAD_ALTA" }, "geometry": { "type": "Polygon", "coordinates": [ [ [ -58.498447179162845, -34.641472239993668 ], [ -58.5031914720172, -34.639505602306862 ], [ -58.503941199722099, -34.635663783861155 ], [ -58.499946766370506, -34.633788499335544 ], [ -58.495202364962942, -34.635755135890506 ], [ -58.494452505464075, -34.639597058094203 ], [ -58.498447179162845, -34.641472239993668 ] ] ] } },
{ "type": "Feature", "properties": { "id_h3": "88c2e38c95fffff", "operaciones_totales": 7945, "ranking_perfil": 253, "percentil_demanda": 96.285924834193068, "categoria_demanda": "HOTSPOT_ALTO", "hora_pico": 12, "operaciones_hora_pico": 808, "pct_hora_pico": 10.169918187539333, "franja_dominante": "MEDIODIA", "perfil_temporal": "DIURNO", "modo_dominante": "COLECTIVO", "pct_modo_dominante": 100.0, "cantidad_modos": 1, "indice_dominancia_modal": 1.0, "perfil_nodo": "HOTSPOT_ALTO_DIURNO", "prioridad_analitica": "PRIORIDAD_ALTA" }, "geometry": { "type": "Polygon", "coordinates": [ [ [ -58.634956915867612, -34.611738860964017 ], [ -58.630456031538493, -34.612491143570338 ], [ -58.629708207977764, -34.616333256775135 ], [ -58.633461310625229, -34.619423217460138 ], [ -58.637962518120368, -34.618671114280993 ], [ -58.638710299789395, -34.614828870996973 ], [ -58.634956915867612, -34.611738860964017 ] ] ] } },
{ "type": "Feature", "properties": { "id_h3": "88c2e3119bfffff", "operaciones_totales": 7855, "ranking_perfil": 254, "percentil_demanda": 96.271186440677965, "categoria_demanda": "HOTSPOT_ALTO", "hora_pico": 8, "operaciones_hora_pico": 795, "pct_hora_pico": 10.120942075111394, "franja_dominante": "MEDIODIA", "perfil_temporal": "DIURNO", "modo_dominante": "COLECTIVO", "pct_modo_dominante": 56.499045194143861, "cantidad_modos": 2, "indice_dominancia_modal": 0.5649904519414386, "perfil_nodo": "HOTSPOT_ALTO_DIURNO", "prioridad_analitica": "PRIORIDAD_ALTA" }, "geometry": { "type": "Polygon", "coordinates": [ [ [ -58.445269240170916, -34.578704870131531 ], [ -58.450015604618059, -34.576738757695651 ], [ -58.450766038200094, -34.572891656821547 ], [ -58.446770239007286, -34.571010564418707 ], [ -58.442023766464672, -34.572976675578765 ], [ -58.441273201214216, -34.576823880408782 ], [ -58.445269240170916, -34.578704870131531 ] ] ] } },
{ "type": "Feature", "properties": { "id_h3": "88c2e3116bfffff", "operaciones_totales": 7835, "ranking_perfil": 255, "percentil_demanda": 96.256448047162863, "categoria_demanda": "HOTSPOT_ALTO", "hora_pico": 16, "operaciones_hora_pico": 830, "pct_hora_pico": 10.59349074664965, "franja_dominante": "MEDIODIA", "perfil_temporal": "DIURNO", "modo_dominante": "COLECTIVO", "pct_modo_dominante": 100.0, "cantidad_modos": 1, "indice_dominancia_modal": 1.0, "perfil_nodo": "HOTSPOT_ALTO_DIURNO", "prioridad_analitica": "PRIORIDAD_ALTA" }, "geometry": { "type": "Polygon", "coordinates": [ [ [ -58.367277594623602, -34.642775495190456 ], [ -58.372028476386305, -34.640812708417968 ], [ -58.372780179408991, -34.636969338047884 ], [ -58.368781132238524, -34.635088651318853 ], [ -58.364030142985548, -34.637051437024098 ], [ -58.363278308397248, -34.640894910516828 ], [ -58.367277594623602, -34.642775495190456 ] ] ] } },
{ "type": "Feature", "properties": { "id_h3": "88c2e3ab2bfffff", "operaciones_totales": 7816, "ranking_perfil": 256, "percentil_demanda": 96.24170965364776, "categoria_demanda": "HOTSPOT_ALTO", "hora_pico": 7, "operaciones_hora_pico": 733, "pct_hora_pico": 9.3781985670419648, "franja_dominante": "MEDIODIA", "perfil_temporal": "DIURNO", "modo_dominante": "TREN", "pct_modo_dominante": 89.099283520982596, "cantidad_modos": 2, "indice_dominancia_modal": 0.89099283520982597, "perfil_nodo": "HOTSPOT_ALTO_DIURNO", "prioridad_analitica": "PRIORIDAD_ALTA" }, "geometry": { "type": "Polygon", "coordinates": [ [ [ -58.665636359309346, -34.498676347006864 ], [ -58.661135803150685, -34.499434917812145 ], [ -58.660388534124536, -34.503285331246047 ], [ -58.664141863277727, -34.506377304860628 ], [ -58.668642742267188, -34.505618913990943 ], [ -58.669389969260045, -34.501768369578329 ], [ -58.665636359309346, -34.498676347006864 ] ] ] } },
{ "type": "Feature", "properties": { "id_h3": "88c2e388b3fffff", "operaciones_totales": 7794, "ranking_perfil": 257, "percentil_demanda": 96.226971260132643, "categoria_demanda": "HOTSPOT_ALTO", "hora_pico": 7, "operaciones_hora_pico": 993, "pct_hora_pico": 12.740569668976134, "franja_dominante": "MANANA", "perfil_temporal": "MATUTINO", "modo_dominante": "TREN", "pct_modo_dominante": 50.782653323069027, "cantidad_modos": 2, "indice_dominancia_modal": 0.50782653323069027, "perfil_nodo": "HOTSPOT_ALTO_MATUTINO", "prioridad_analitica": "PRIORIDAD_ALTA" }, "geometry": { "type": "Polygon", "coordinates": [ [ [ -58.489448219301231, -34.687551758473354 ], [ -58.494193405591176, -34.685586137035166 ], [ -58.494943338529019, -34.681747593616649 ], [ -58.490948216983639, -34.679874568244728 ], [ -58.486202922193073, -34.681840188678343 ], [ -58.485452857452344, -34.685678835479727 ], [ -58.489448219301231, -34.687551758473354 ] ] ] } },
{ "type": "Feature", "properties": { "id_h3": "88c2e31051fffff", "operaciones_totales": 7787, "ranking_perfil": 258, "percentil_demanda": 96.212232866617541, "categoria_demanda": "HOTSPOT_ALTO", "hora_pico": 17, "operaciones_hora_pico": 876, "pct_hora_pico": 11.24951842814948, "franja_dominante": "TARDE", "perfil_temporal": "VESPERTINO", "modo_dominante": "COLECTIVO", "pct_modo_dominante": 100.0, "cantidad_modos": 1, "indice_dominancia_modal": 1.0, "perfil_nodo": "HOTSPOT_ALTO_VESPERTINO", "prioridad_analitica": "PRIORIDAD_ALTA" }, "geometry": { "type": "Polygon", "coordinates": [ [ [ -58.460239539465839, -34.636114384979621 ], [ -58.464985701226041, -34.63414877307892 ], [ -58.465735996229299, -34.630306078541146 ], [ -58.461740261201129, -34.628428892280958 ], [ -58.456993991199177, -34.630394503052969 ], [ -58.456243564470995, -34.63423730120514 ], [ -58.460239539465839, -34.636114384979621 ] ] ] } },
{ "type": "Feature", "properties": { "id_h3": "88c2e31221fffff", "operaciones_totales": 7764, "ranking_perfil": 259, "percentil_demanda": 96.197494473102424, "categoria_demanda": "HOTSPOT_ALTO", "hora_pico": 7, "operaciones_hora_pico": 833, "pct_hora_pico": 10.729005667181864, "franja_dominante": "MEDIODIA", "perfil_temporal": "DIURNO", "modo_dominante": "COLECTIVO", "pct_modo_dominante": 80.010303967027312, "cantidad_modos": 2, "indice_dominancia_modal": 0.80010303967027308, "perfil_nodo": "HOTSPOT_ALTO_DIURNO", "prioridad_analitica": "PRIORIDAD_ALTA" }, "geometry": { "type": "Polygon", "coordinates": [ [ [ -58.441495596830293, -34.665058595528954 ], [ -58.446242976108977, -34.663094004560321 ], [ -58.446993596988527, -34.659253202706914 ], [ -58.442996970300968, -34.6573768884967 ], [ -58.438249482919773, -34.659341478422476 ], [ -58.43749873033255, -34.663182383592606 ], [ -58.441495596830293, -34.665058595528954 ] ] ] } },
{ "type": "Feature", "properties": { "id_h3": "88c2e31109fffff", "operaciones_totales": 7736, "ranking_perfil": 260, "percentil_demanda": 96.182756079587335, "categoria_demanda": "HOTSPOT_ALTO", "hora_pico": 8, "operaciones_hora_pico": 746, "pct_hora_pico": 9.6432264736297828, "franja_dominante": "MEDIODIA", "perfil_temporal": "DIURNO", "modo_dominante": "COLECTIVO", "pct_modo_dominante": 100.0, "cantidad_modos": 1, "indice_dominancia_modal": 1.0, "perfil_nodo": "HOTSPOT_ALTO_DIURNO", "prioridad_analitica": "PRIORIDAD_ALTA" }, "geometry": { "type": "Polygon", "coordinates": [ [ [ -58.381529471239631, -34.636886621074389 ], [ -58.386279584241073, -34.634923320600493 ], [ -58.387031064220864, -34.631079695058141 ], [ -58.383032562790774, -34.629199266747982 ], [ -58.378282342185742, -34.631162566132204 ], [ -58.377530730618304, -34.635006294907534 ], [ -58.381529471239631, -34.636886621074389 ] ] ] } },
{ "type": "Feature", "properties": { "id_h3": "88c2e389dbfffff", "operaciones_totales": 7733, "ranking_perfil": 261, "percentil_demanda": 96.168017686072218, "categoria_demanda": "HOTSPOT_ALTO", "hora_pico": 7, "operaciones_hora_pico": 964, "pct_hora_pico": 12.466054571317729, "franja_dominante": "MEDIODIA", "perfil_temporal": "DIURNO", "modo_dominante": "COLECTIVO", "pct_modo_dominante": 100.0, "cantidad_modos": 1, "indice_dominancia_modal": 1.0, "perfil_nodo": "HOTSPOT_ALTO_DIURNO", "prioridad_analitica": "PRIORIDAD_ALTA" }, "geometry": { "type": "Polygon", "coordinates": [ [ [ -58.453222425334616, -34.716655054082537 ], [ -58.457969710269317, -34.7146909682155 ], [ -58.458720232765273, -34.710854111390013 ], [ -58.454723602085885, -34.708981237421767 ], [ -58.449976208931126, -34.71094532237754 ], [ -58.449225554679671, -34.714782282204048 ], [ -58.453222425334616, -34.716655054082537 ] ] ] } },
{ "type": "Feature", "properties": { "id_h3": "88c2e31745fffff", "operaciones_totales": 7714, "ranking_perfil": 262, "percentil_demanda": 96.153279292557116, "categoria_demanda": "HOTSPOT_ALTO", "hora_pico": 6, "operaciones_hora_pico": 731, "pct_hora_pico": 9.4762768991444126, "franja_dominante": "MEDIODIA", "perfil_temporal": "DIURNO", "modo_dominante": "TREN", "pct_modo_dominante": 71.584132745657243, "cantidad_modos": 2, "indice_dominancia_modal": 0.71584132745657247, "perfil_nodo": "HOTSPOT_ALTO_DIURNO", "prioridad_analitica": "PRIORIDAD_ALTA" }, "geometry": { "type": "Polygon", "coordinates": [ [ [ -58.531404949056892, -34.606612324742102 ], [ -58.53614724950836, -34.604644160258282 ], [ -58.536896427867894, -34.600800198618295 ], [ -58.532903437611985, -34.598924297286835 ], [ -58.528161028356379, -34.600892460529892 ], [ -58.527411718164629, -34.604736526336445 ], [ -58.531404949056892, -34.606612324742102 ] ] ] } },
{ "type": "Feature", "properties": { "id_h3": "88c2e31739fffff", "operaciones_totales": 7695, "ranking_perfil": 263, "percentil_demanda": 96.138540899041999, "categoria_demanda": "HOTSPOT_ALTO", "hora_pico": 17, "operaciones_hora_pico": 742, "pct_hora_pico": 9.6426250812215724, "franja_dominante": "MEDIODIA", "perfil_temporal": "DIURNO", "modo_dominante": "COLECTIVO", "pct_modo_dominante": 100.0, "cantidad_modos": 1, "indice_dominancia_modal": 1.0, "perfil_nodo": "HOTSPOT_ALTO_DIURNO", "prioridad_analitica": "PRIORIDAD_ALTA" }, "geometry": { "type": "Polygon", "coordinates": [ [ [ -58.541391139033266, -34.577730702150184 ], [ -58.546132660438317, -34.575761778552838 ], [ -58.546881644671544, -34.571915823995418 ], [ -58.542889239337498, -34.570038688603979 ], [ -58.538147609060381, -34.572007610877641 ], [ -58.537398492993177, -34.575853669857757 ], [ -58.541391139033266, -34.577730702150184 ] ] ] } },
{ "type": "Feature", "properties": { "id_h3": "88c2e31147fffff", "operaciones_totales": 7657, "ranking_perfil": 264, "percentil_demanda": 96.123802505526896, "categoria_demanda": "HOTSPOT_ALTO", "hora_pico": 17, "operaciones_hora_pico": 829, "pct_hora_pico": 10.826694527882982, "franja_dominante": "MEDIODIA", "perfil_temporal": "DIURNO", "modo_dominante": "COLECTIVO", "pct_modo_dominante": 100.0, "cantidad_modos": 1, "indice_dominancia_modal": 1.0, "perfil_nodo": "HOTSPOT_ALTO_DIURNO", "prioridad_analitica": "PRIORIDAD_ALTA" }, "geometry": { "type": "Polygon", "coordinates": [ [ [ -58.37602745615002, -34.642692932491457 ], [ -58.380777899797941, -34.640729888279488 ], [ -58.381529471239631, -34.636886621074389 ], [ -58.377530730618304, -34.635006294907534 ], [ -58.372780179408991, -34.636969338047884 ], [ -58.372028476386305, -34.640812708417968 ], [ -58.37602745615002, -34.642692932491457 ] ] ] } },
{ "type": "Feature", "properties": { "id_h3": "88c2e31167fffff", "operaciones_totales": 7645, "ranking_perfil": 265, "percentil_demanda": 96.109064112011794, "categoria_demanda": "HOTSPOT_ALTO", "hora_pico": 7, "operaciones_hora_pico": 1035, "pct_hora_pico": 13.538260300850229, "franja_dominante": "MANANA", "perfil_temporal": "MATUTINO", "modo_dominante": "COLECTIVO", "pct_modo_dominante": 100.0, "cantidad_modos": 1, "indice_dominancia_modal": 1.0, "perfil_nodo": "HOTSPOT_ALTO_MATUTINO", "prioridad_analitica": "PRIORIDAD_ALTA" }, "geometry": { "type": "Polygon", "coordinates": [ [ [ -58.355279362282445, -34.637132917842415 ], [ -58.3600307894148, -34.635170389673846 ], [ -58.360782664111348, -34.631326454559805 ], [ -58.356783243220931, -34.629444944499866 ], [ -58.352031708698327, -34.631407471592027 ], [ -58.35127970246036, -34.635251509811795 ], [ -58.355279362282445, -34.637132917842415 ] ] ] } },
{ "type": "Feature", "properties": { "id_h3": "88c2e3d437fffff", "operaciones_totales": 7640, "ranking_perfil": 266, "percentil_demanda": 96.094325718496691, "categoria_demanda": "HOTSPOT_ALTO", "hora_pico": 7, "operaciones_hora_pico": 764, "pct_hora_pico": 10.0, "franja_dominante": "TARDE", "perfil_temporal": "VESPERTINO", "modo_dominante": "TREN", "pct_modo_dominante": 68.769633507853399, "cantidad_modos": 2, "indice_dominancia_modal": 0.687696335078534, "perfil_nodo": "HOTSPOT_ALTO_VESPERTINO", "prioridad_analitica": "PRIORIDAD_ALTA" }, "geometry": { "type": "Polygon", "coordinates": [ [ [ -58.303908307466948, -34.809993401901558 ], [ -58.308663954536421, -34.808035243563992 ], [ -58.309416862745508, -34.804203414465263 ], [ -58.305414255431003, -34.802329642073424 ], [ -58.300658501315091, -34.804287799809465 ], [ -58.29990546156408, -34.808119730530088 ], [ -58.303908307466948, -34.809993401901558 ] ] ] } },
{ "type": "Feature", "properties": { "id_h3": "88c2e38e63fffff", "operaciones_totales": 7639, "ranking_perfil": 267, "percentil_demanda": 96.079587324981574, "categoria_demanda": "HOTSPOT_ALTO", "hora_pico": 12, "operaciones_hora_pico": 659, "pct_hora_pico": 8.6267836104202118, "franja_dominante": "MEDIODIA", "perfil_temporal": "DIURNO", "modo_dominante": "COLECTIVO", "pct_modo_dominante": 100.0, "cantidad_modos": 1, "indice_dominancia_modal": 1.0, "perfil_nodo": "HOTSPOT_ALTO_DIURNO", "prioridad_analitica": "PRIORIDAD_ALTA" }, "geometry": { "type": "Polygon", "coordinates": [ [ [ -58.593034050517034, -34.715114326319629 ], [ -58.597774278242753, -34.713146140918191 ], [ -58.598522690604561, -34.709310937839696 ], [ -58.594531007239688, -34.707443816479035 ], [ -58.589790670165293, -34.70941200090526 ], [ -58.589042125808234, -34.713247307658655 ], [ -58.593034050517034, -34.715114326319629 ] ] ] } },
{ "type": "Feature", "properties": { "id_h3": "88c2e311d7fffff", "operaciones_totales": 7637, "ranking_perfil": 268, "percentil_demanda": 96.064848931466472, "categoria_demanda": "HOTSPOT_ALTO", "hora_pico": 16, "operaciones_hora_pico": 867, "pct_hora_pico": 11.352625376456723, "franja_dominante": "TARDE", "perfil_temporal": "VESPERTINO", "modo_dominante": "COLECTIVO", "pct_modo_dominante": 100.0, "cantidad_modos": 1, "indice_dominancia_modal": 1.0, "perfil_nodo": "HOTSPOT_ALTO_VESPERTINO", "prioridad_analitica": "PRIORIDAD_ALTA" }, "geometry": { "type": "Polygon", "coordinates": [ [ [ -58.434274375962367, -34.590329459234638 ], [ -58.43902140285067, -34.588363856750441 ], [ -58.439772019407521, -34.584517471002229 ], [ -58.435775740735409, -34.582636583909782 ], [ -58.431028605835643, -34.584602185154715 ], [ -58.430277857623366, -34.588448674722649 ], [ -58.434274375962367, -34.590329459234638 ] ] ] } },
{ "type": "Feature", "properties": { "id_h3": "88c2e311ddfffff", "operaciones_totales": 7633, "ranking_perfil": 269, "percentil_demanda": 96.050110537951355, "categoria_demanda": "HOTSPOT_ALTO", "hora_pico": 17, "operaciones_hora_pico": 674, "pct_hora_pico": 8.8300799161535437, "franja_dominante": "MEDIODIA", "perfil_temporal": "DIURNO", "modo_dominante": "COLECTIVO", "pct_modo_dominante": 100.0, "cantidad_modos": 1, "indice_dominancia_modal": 1.0, "perfil_nodo": "HOTSPOT_ALTO_DIURNO", "prioridad_analitica": "PRIORIDAD_ALTA" }, "geometry": { "type": "Polygon", "coordinates": [ [ [ -58.432022200527136, -34.601866724239045 ], [ -58.436769450562018, -34.599901375710054 ], [ -58.437520118428239, -34.59605580911191 ], [ -58.433523667921037, -34.59417548730805 ], [ -58.428776309887944, -34.596140834629828 ], [ -58.428025510364122, -34.599986504953961 ], [ -58.432022200527136, -34.601866724239045 ] ] ] } },
{ "type": "Feature", "properties": { "id_h3": "88c2e31291fffff", "operaciones_totales": 7593, "ranking_perfil": 270, "percentil_demanda": 96.035372144436266, "categoria_demanda": "HOTSPOT_ALTO", "hora_pico": 17, "operaciones_hora_pico": 714, "pct_hora_pico": 9.403397866455947, "franja_dominante": "MEDIODIA", "perfil_temporal": "DIURNO", "modo_dominante": "COLECTIVO", "pct_modo_dominante": 100.0, "cantidad_modos": 1, "indice_dominancia_modal": 1.0, "perfil_nodo": "HOTSPOT_ALTO_DIURNO", "prioridad_analitica": "PRIORIDAD_ALTA" }, "geometry": { "type": "Polygon", "coordinates": [ [ [ -58.520420720223186, -34.618234743286258 ], [ -58.525163685009197, -34.616267087237375 ], [ -58.525913046491368, -34.612423839697726 ], [ -58.52191957501087, -34.610548144167957 ], [ -58.517176501504302, -34.612515799012492 ], [ -58.516427008202612, -34.616359150582454 ], [ -58.520420720223186, -34.618234743286258 ] ] ] } },
{ "type": "Feature", "properties": { "id_h3": "88c2e302dbfffff", "operaciones_totales": 7553, "ranking_perfil": 271, "percentil_demanda": 96.020633750921149, "categoria_demanda": "HOTSPOT_ALTO", "hora_pico": 17, "operaciones_hora_pico": 865, "pct_hora_pico": 11.452403018668079, "franja_dominante": "TARDE", "perfil_temporal": "VESPERTINO", "modo_dominante": "COLECTIVO", "pct_modo_dominante": 100.0, "cantidad_modos": 1, "indice_dominancia_modal": 1.0, "perfil_nodo": "HOTSPOT_ALTO_VESPERTINO", "prioridad_analitica": "PRIORIDAD_ALTA" }, "geometry": { "type": "Polygon", "coordinates": [ [ [ -58.52318162264384, -34.514550976997761 ], [ -58.527923458949616, -34.512581559036292 ], [ -58.528672622507827, -34.508730739858763 ], [ -58.524680081533383, -34.506849233842779 ], [ -58.519938136530122, -34.508818650316698 ], [ -58.51918884120262, -34.512669574285425 ], [ -58.52318162264384, -34.514550976997761 ] ] ] } },
{ "type": "Feature", "properties": { "id_h3": "88c2e302bbfffff", "operaciones_totales": 7522, "ranking_perfil": 272, "percentil_demanda": 96.005895357406047, "categoria_demanda": "HOTSPOT_ALTO", "hora_pico": 16, "operaciones_hora_pico": 733, "pct_hora_pico": 9.7447487370380212, "franja_dominante": "MEDIODIA", "perfil_temporal": "DIURNO", "modo_dominante": "COLECTIVO", "pct_modo_dominante": 100.0, "cantidad_modos": 1, "indice_dominancia_modal": 1.0, "perfil_nodo": "HOTSPOT_ALTO_DIURNO", "prioridad_analitica": "PRIORIDAD_ALTA" }, "geometry": { "type": "Polygon", "coordinates": [ [ [ -58.501471742979263, -34.49170202754425 ], [ -58.506214454259428, -34.489732870398363 ], [ -58.506963910533287, -34.485880100817269 ], [ -58.502970787250604, -34.483996383521813 ], [ -58.498227967458192, -34.485965539128152 ], [ -58.497478379464546, -34.489818413560819 ], [ -58.501471742979263, -34.49170202754425 ] ] ] } },
{ "type": "Feature", "properties": { "id_h3": "88c2e3c4d1fffff", "operaciones_totales": 7485, "ranking_perfil": 273, "percentil_demanda": 95.99115696389093, "categoria_demanda": "HOTSPOT_ALTO", "hora_pico": 12, "operaciones_hora_pico": 732, "pct_hora_pico": 9.7795591182364738, "franja_dominante": "MEDIODIA", "perfil_temporal": "DIURNO", "modo_dominante": "COLECTIVO", "pct_modo_dominante": 100.0, "cantidad_modos": 1, "indice_dominancia_modal": 1.0, "perfil_nodo": "HOTSPOT_ALTO_DIURNO", "prioridad_analitica": "PRIORIDAD_ALTA" }, "geometry": { "type": "Polygon", "coordinates": [ [ [ -58.36051082825557, -34.677352760154008 ], [ -58.365262379108863, -34.675390740270132 ], [ -58.366014236150114, -34.671549830284228 ], [ -58.362014673913997, -34.669670837331211 ], [ -58.357263015610513, -34.671632856242404 ], [ -58.356511026997261, -34.675473869070565 ], [ -58.36051082825557, -34.677352760154008 ] ] ] } },
{ "type": "Feature", "properties": { "id_h3": "88c2e30213fffff", "operaciones_totales": 7420, "ranking_perfil": 274, "percentil_demanda": 95.976418570375827, "categoria_demanda": "HOTSPOT_ALTO", "hora_pico": 17, "operaciones_hora_pico": 659, "pct_hora_pico": 8.881401617250674, "franja_dominante": "MEDIODIA", "perfil_temporal": "DIURNO", "modo_dominante": "COLECTIVO", "pct_modo_dominante": 100.0, "cantidad_modos": 1, "indice_dominancia_modal": 1.0, "perfil_nodo": "HOTSPOT_ALTO_DIURNO", "prioridad_analitica": "PRIORIDAD_ALTA" }, "geometry": { "type": "Polygon", "coordinates": [ [ [ -58.480493511254473, -34.532268111471048 ], [ -58.485237663959055, -34.530300219531398 ], [ -58.485987497284007, -34.526450156642781 ], [ -58.481993309613188, -34.52456788122629 ], [ -58.477249048548202, -34.526535771747398 ], [ -58.47649908351827, -34.530385939094828 ], [ -58.480493511254473, -34.532268111471048 ] ] ] } },
{ "type": "Feature", "properties": { "id_h3": "88c2e3a123fffff", "operaciones_totales": 7369, "ranking_perfil": 275, "percentil_demanda": 95.961680176860725, "categoria_demanda": "HOTSPOT_ALTO", "hora_pico": 7, "operaciones_hora_pico": 616, "pct_hora_pico": 8.3593431944632925, "franja_dominante": "MEDIODIA", "perfil_temporal": "DIURNO", "modo_dominante": "COLECTIVO", "pct_modo_dominante": 100.0, "cantidad_modos": 1, "indice_dominancia_modal": 1.0, "perfil_nodo": "HOTSPOT_ALTO_DIURNO", "prioridad_analitica": "PRIORIDAD_ALTA" }, "geometry": { "type": "Polygon", "coordinates": [ [ [ -58.778292582092938, -34.524365166440411 ], [ -58.773784558402802, -34.52512735661702 ], [ -58.773037886745598, -34.528979944100008 ], [ -58.776799281481587, -34.532070471939726 ], [ -58.781307628013508, -34.531308460887011 ], [ -58.782054256954972, -34.527455742878026 ], [ -58.778292582092938, -34.524365166440411 ] ] ] } },
{ "type": "Feature", "properties": { "id_h3": "88c2e3021dfffff", "operaciones_totales": 7315, "ranking_perfil": 276, "percentil_demanda": 95.946941783345622, "categoria_demanda": "HOTSPOT_ALTO", "hora_pico": 17, "operaciones_hora_pico": 777, "pct_hora_pico": 10.62200956937799, "franja_dominante": "TARDE", "perfil_temporal": "VESPERTINO", "modo_dominante": "COLECTIVO", "pct_modo_dominante": 100.0, "cantidad_modos": 1, "indice_dominancia_modal": 1.0, "perfil_nodo": "HOTSPOT_ALTO_VESPERTINO", "prioridad_analitica": "PRIORIDAD_ALTA" }, "geometry": { "type": "Polygon", "coordinates": [ [ [ -58.469504270085906, -34.543902187873044 ], [ -58.474249085853074, -34.541934804104308 ], [ -58.474999102171026, -34.538085455281042 ], [ -58.471004434417807, -34.536203385895391 ], [ -58.466259510374094, -34.538170768282519 ], [ -58.46550936236401, -34.542020221428189 ], [ -58.469504270085906, -34.543902187873044 ] ] ] } },
{ "type": "Feature", "properties": { "id_h3": "88c2e3a8cbfffff", "operaciones_totales": 7278, "ranking_perfil": 277, "percentil_demanda": 95.932203389830505, "categoria_demanda": "HOTSPOT_ALTO", "hora_pico": 18, "operaciones_hora_pico": 658, "pct_hora_pico": 9.0409453146468817, "franja_dominante": "MEDIODIA", "perfil_temporal": "DIURNO", "modo_dominante": "TREN", "pct_modo_dominante": 54.039571310799673, "cantidad_modos": 2, "indice_dominancia_modal": 0.54039571310799672, "perfil_nodo": "HOTSPOT_ALTO_DIURNO", "prioridad_analitica": "PRIORIDAD_ALTA" }, "geometry": { "type": "Polygon", "coordinates": [ [ [ -58.75943578685807, -34.464180672861474 ], [ -58.75493011207314, -34.464944723809417 ], [ -58.754183522301872, -34.468800532484373 ], [ -58.757942649883489, -34.471892421295387 ], [ -58.762448647351263, -34.471128549944702 ], [ -58.763195194541943, -34.467272610193007 ], [ -58.75943578685807, -34.464180672861474 ] ] ] } },
{ "type": "Feature", "properties": { "id_h3": "88c2e3aa35fffff", "operaciones_totales": 7261, "ranking_perfil": 278, "percentil_demanda": 95.917464996315402, "categoria_demanda": "HOTSPOT_ALTO", "hora_pico": 17, "operaciones_hora_pico": 681, "pct_hora_pico": 9.3788734334113766, "franja_dominante": "MEDIODIA", "perfil_temporal": "DIURNO", "modo_dominante": "COLECTIVO", "pct_modo_dominante": 100.0, "cantidad_modos": 1, "indice_dominancia_modal": 1.0, "perfil_nodo": "HOTSPOT_ALTO_DIURNO", "prioridad_analitica": "PRIORIDAD_ALTA" }, "geometry": { "type": "Polygon", "coordinates": [ [ [ -58.725684419462524, -34.503445014831165 ], [ -58.721180055486272, -34.504205907769105 ], [ -58.720433133057838, -34.508058054563591 ], [ -58.724190616986554, -34.511149439241038 ], [ -58.728695303775325, -34.510388725860338 ], [ -58.729442183810214, -34.506536448252255 ], [ -58.725684419462524, -34.503445014831165 ] ] ] } },
{ "type": "Feature", "properties": { "id_h3": "88c2e38da5fffff", "operaciones_totales": 7232, "ranking_perfil": 279, "percentil_demanda": 95.902726602800286, "categoria_demanda": "HOTSPOT_ALTO", "hora_pico": 7, "operaciones_hora_pico": 919, "pct_hora_pico": 12.707411504424778, "franja_dominante": "MANANA", "perfil_temporal": "MATUTINO", "modo_dominante": "COLECTIVO", "pct_modo_dominante": 100.0, "cantidad_modos": 1, "indice_dominancia_modal": 1.0, "perfil_nodo": "HOTSPOT_ALTO_MATUTINO", "prioridad_analitica": "PRIORIDAD_ALTA" }, "geometry": { "type": "Polygon", "coordinates": [ [ [ -58.532401101268221, -34.623859877555681 ], [ -58.537143516301157, -34.621891964823973 ], [ -58.537892705670629, -34.618049282497587 ], [ -58.533899611854089, -34.616174408847371 ], [ -58.529157088001412, -34.618142320384507 ], [ -58.528407766788867, -34.621985106757748 ], [ -58.532401101268221, -34.623859877555681 ] ] ] } },
{ "type": "Feature", "properties": { "id_h3": "88c2e2ac9bfffff", "operaciones_totales": 7194, "ranking_perfil": 280, "percentil_demanda": 95.887988209285197, "categoria_demanda": "HOTSPOT_ALTO", "hora_pico": 17, "operaciones_hora_pico": 769, "pct_hora_pico": 10.68946344175702, "franja_dominante": "MEDIODIA", "perfil_temporal": "DIURNO", "modo_dominante": "COLECTIVO", "pct_modo_dominante": 99.958298582151798, "cantidad_modos": 2, "indice_dominancia_modal": 0.99958298582151794, "perfil_nodo": "HOTSPOT_ALTO_DIURNO", "prioridad_analitica": "PRIORIDAD_ALTA" }, "geometry": { "type": "Polygon", "coordinates": [ [ [ -57.952353366038814, -34.904727602819683 ], [ -57.957127281163928, -34.902781481029265 ], [ -57.957885588558831, -34.898952420430355 ], [ -57.953870111779501, -34.897069382334557 ], [ -57.94909609245947, -34.899015503925988 ], [ -57.948337654117886, -34.902844663803258 ], [ -57.952353366038814, -34.904727602819683 ] ] ] } },
{ "type": "Feature", "properties": { "id_h3": "88c2e31563fffff", "operaciones_totales": 7175, "ranking_perfil": 281, "percentil_demanda": 95.87324981577008, "categoria_demanda": "HOTSPOT_ALTO", "hora_pico": 7, "operaciones_hora_pico": 766, "pct_hora_pico": 10.675958188153309, "franja_dominante": "MEDIODIA", "perfil_temporal": "DIURNO", "modo_dominante": "COLECTIVO", "pct_modo_dominante": 100.0, "cantidad_modos": 1, "indice_dominancia_modal": 1.0, "perfil_nodo": "HOTSPOT_ALTO_DIURNO", "prioridad_analitica": "PRIORIDAD_ALTA" }, "geometry": { "type": "Polygon", "coordinates": [ [ [ -58.502208648001336, -34.555100291856029 ], [ -58.506951926657152, -34.553132139043406 ], [ -58.507701467337881, -34.549284026152868 ], [ -58.503707861121264, -34.547403961667754 ], [ -58.498964473919578, -34.549372113113513 ], [ -58.498214801484217, -34.553220330402532 ], [ -58.502208648001336, -34.555100291856029 ] ] ] } },
{ "type": "Feature", "properties": { "id_h3": "88c2e3d4a3fffff", "operaciones_totales": 7150, "ranking_perfil": 282, "percentil_demanda": 95.858511422254978, "categoria_demanda": "HOTSPOT_ALTO", "hora_pico": 7, "operaciones_hora_pico": 963, "pct_hora_pico": 13.46853146853147, "franja_dominante": "MANANA", "perfil_temporal": "MATUTINO", "modo_dominante": "COLECTIVO", "pct_modo_dominante": 100.0, "cantidad_modos": 1, "indice_dominancia_modal": 1.0, "perfil_nodo": "HOTSPOT_ALTO_MATUTINO", "prioridad_analitica": "PRIORIDAD_ALTA" }, "geometry": { "type": "Polygon", "coordinates": [ [ [ -58.33144686765057, -34.781037280951182 ], [ -58.336200863711667, -34.779077829919707 ], [ -58.33695331455781, -34.775244202609699 ], [ -58.332951900922353, -34.773369924362207 ], [ -58.32819779760279, -34.775329374705109 ], [ -58.327445215181093, -34.779163103975293 ], [ -58.33144686765057, -34.781037280951182 ] ] ] } },
{ "type": "Feature", "properties": { "id_h3": "88c2e381d1fffff", "operaciones_totales": 7131, "ranking_perfil": 283, "percentil_demanda": 95.843773028739861, "categoria_demanda": "HOTSPOT_ALTO", "hora_pico": 7, "operaciones_hora_pico": 628, "pct_hora_pico": 8.8066189875192826, "franja_dominante": "MEDIODIA", "perfil_temporal": "DIURNO", "modo_dominante": "COLECTIVO", "pct_modo_dominante": 100.0, "cantidad_modos": 1, "indice_dominancia_modal": 1.0, "perfil_nodo": "HOTSPOT_ALTO_DIURNO", "prioridad_analitica": "PRIORIDAD_ALTA" }, "geometry": { "type": "Polygon", "coordinates": [ [ [ -58.589540613731337, -34.7553153795821 ], [ -58.594281403080636, -34.753347954496519 ], [ -58.595029928979237, -34.749515666086808 ], [ -58.591037797543102, -34.747650699386774 ], [ -58.586296898855494, -34.749618123606083 ], [ -58.585548240946125, -34.753450515382987 ], [ -58.589540613731337, -34.7553153795821 ] ] ] } },
{ "type": "Feature", "properties": { "id_h3": "88c2e30281fffff", "operaciones_totales": 7118, "ranking_perfil": 284, "percentil_demanda": 95.829034635224758, "categoria_demanda": "HOTSPOT_ALTO", "hora_pico": 16, "operaciones_hora_pico": 681, "pct_hora_pico": 9.5672941837594827, "franja_dominante": "MEDIODIA", "perfil_temporal": "DIURNO", "modo_dominante": "COLECTIVO", "pct_modo_dominante": 100.0, "cantidad_modos": 1, "indice_dominancia_modal": 1.0, "perfil_nodo": "HOTSPOT_ALTO_DIURNO", "prioridad_analitica": "PRIORIDAD_ALTA" }, "geometry": { "type": "Polygon", "coordinates": [ [ [ -58.493730183122985, -34.509078694997577 ], [ -58.498473449343017, -34.50711004321159 ], [ -58.499223048389602, -34.503258448361592 ], [ -58.495229512935623, -34.501375400599599 ], [ -58.490486138258291, -34.503344050897347 ], [ -58.48973640749611, -34.507195750436644 ], [ -58.493730183122985, -34.509078694997577 ] ] ] } },
{ "type": "Feature", "properties": { "id_h3": "88c2e38837fffff", "operaciones_totales": 7110, "ranking_perfil": 285, "percentil_demanda": 95.814296241709656, "categoria_demanda": "HOTSPOT_ALTO", "hora_pico": 7, "operaciones_hora_pico": 1041, "pct_hora_pico": 14.641350210970463, "franja_dominante": "MANANA", "perfil_temporal": "MATUTINO", "modo_dominante": "COLECTIVO", "pct_modo_dominante": 100.0, "cantidad_modos": 1, "indice_dominancia_modal": 1.0, "perfil_nodo": "HOTSPOT_ALTO_MATUTINO", "prioridad_analitica": "PRIORIDAD_ALTA" }, "geometry": { "type": "Polygon", "coordinates": [ [ [ -58.44222554134722, -34.728255096038431 ], [ -58.446973489260039, -34.726291522683852 ], [ -58.44772419484444, -34.72245538236443 ], [ -58.443727084262441, -34.720582712525562 ], [ -58.438979028213616, -34.722546285004391 ], [ -58.438228190886697, -34.72638252818907 ], [ -58.44222554134722, -34.728255096038431 ] ] ] } },
{ "type": "Feature", "properties": { "id_h3": "88c2e3d591fffff", "operaciones_totales": 7078, "ranking_perfil": 286, "percentil_demanda": 95.799557848194553, "categoria_demanda": "HOTSPOT_ALTO", "hora_pico": 12, "operaciones_hora_pico": 796, "pct_hora_pico": 11.246114721672788, "franja_dominante": "MEDIODIA", "perfil_temporal": "DIURNO", "modo_dominante": "COLECTIVO", "pct_modo_dominante": 100.0, "cantidad_modos": 1, "indice_dominancia_modal": 1.0, "perfil_nodo": "HOTSPOT_ALTO_DIURNO", "prioridad_analitica": "PRIORIDAD_ALTA" }, "geometry": { "type": "Polygon", "coordinates": [ [ [ -58.305176380126809, -34.781290466110647 ], [ -58.309931688253656, -34.779331792274995 ], [ -58.310684533779863, -34.775497859211015 ], [ -58.306682202712139, -34.773622498140249 ], [ -58.301926787540914, -34.775581171299862 ], [ -58.301173810485778, -34.779415206197477 ], [ -58.305176380126809, -34.781290466110647 ] ] ] } },
{ "type": "Feature", "properties": { "id_h3": "88c2e388d1fffff", "operaciones_totales": 7065, "ranking_perfil": 287, "percentil_demanda": 95.784819454679436, "categoria_demanda": "HOTSPOT_ALTO", "hora_pico": 7, "operaciones_hora_pico": 899, "pct_hora_pico": 12.724699221514507, "franja_dominante": "MANANA", "perfil_temporal": "MATUTINO", "modo_dominante": "TREN", "pct_modo_dominante": 78.145789101203107, "cantidad_modos": 2, "indice_dominancia_modal": 0.78145789101203111, "perfil_nodo": "HOTSPOT_ALTO_MATUTINO", "prioridad_analitica": "PRIORIDAD_ALTA" }, "geometry": { "type": "Polygon", "coordinates": [ [ [ -58.505674284300497, -34.716095758962659 ], [ -58.510418927656197, -34.714130132708412 ], [ -58.511168659301489, -34.710293894774509 ], [ -58.507173879441069, -34.708423179832131 ], [ -58.502429127441033, -34.710388805150679 ], [ -58.501679263949612, -34.714225146338549 ], [ -58.505674284300497, -34.716095758962659 ] ] ] } },
{ "type": "Feature", "properties": { "id_h3": "88c2e31743fffff", "operaciones_totales": 7060, "ranking_perfil": 288, "percentil_demanda": 95.770081061164333, "categoria_demanda": "HOTSPOT_ALTO", "hora_pico": 7, "operaciones_hora_pico": 725, "pct_hora_pico": 10.269121813031161, "franja_dominante": "MEDIODIA", "perfil_temporal": "DIURNO", "modo_dominante": "COLECTIVO", "pct_modo_dominante": 50.070821529745047, "cantidad_modos": 2, "indice_dominancia_modal": 0.50070821529745047, "perfil_nodo": "HOTSPOT_ALTO_DIURNO", "prioridad_analitica": "PRIORIDAD_ALTA" }, "geometry": { "type": "Polygon", "coordinates": [ [ [ -58.545631077048398, -34.600707321992857 ], [ -58.550372604049087, -34.598738648308782 ], [ -58.551121558991035, -34.594894434007493 ], [ -58.547129118789563, -34.593018789104569 ], [ -58.542387482872527, -34.594987461525406 ], [ -58.541638396077104, -34.59883178010373 ], [ -58.545631077048398, -34.600707321992857 ] ] ] } },
{ "type": "Feature", "properties": { "id_h3": "88c2e3c6dbfffff", "operaciones_totales": 6957, "ranking_perfil": 289, "percentil_demanda": 95.755342667649217, "categoria_demanda": "HOTSPOT_ALTO", "hora_pico": 7, "operaciones_hora_pico": 599, "pct_hora_pico": 8.61003306022711, "franja_dominante": "MEDIODIA", "perfil_temporal": "DIURNO", "modo_dominante": "COLECTIVO", "pct_modo_dominante": 100.0, "cantidad_modos": 1, "indice_dominancia_modal": 1.0, "perfil_nodo": "HOTSPOT_ALTO_DIURNO", "prioridad_analitica": "PRIORIDAD_ALTA" }, "geometry": { "type": "Polygon", "coordinates": [ [ [ -58.39199457398329, -34.717279483972831 ], [ -58.396744933329629, -34.715317199858788 ], [ -58.397496377794404, -34.711479622912329 ], [ -58.393497594565453, -34.709604227365539 ], [ -58.388747127495598, -34.711566510597372 ], [ -58.387995551382119, -34.715404190249394 ], [ -58.39199457398329, -34.717279483972831 ] ] ] } },
{ "type": "Feature", "properties": { "id_h3": "88c2e31537fffff", "operaciones_totales": 6954, "ranking_perfil": 290, "percentil_demanda": 95.740604274134128, "categoria_demanda": "HOTSPOT_ALTO", "hora_pico": 17, "operaciones_hora_pico": 788, "pct_hora_pico": 11.331607707794076, "franja_dominante": "TARDE", "perfil_temporal": "VESPERTINO", "modo_dominante": "COLECTIVO", "pct_modo_dominante": 100.0, "cantidad_modos": 1, "indice_dominancia_modal": 1.0, "perfil_nodo": "HOTSPOT_ALTO_VESPERTINO", "prioridad_analitica": "PRIORIDAD_ALTA" }, "geometry": { "type": "Polygon", "coordinates": [ [ [ -58.512198352452558, -34.526189621391801 ], [ -58.51694085267377, -34.524220710214436 ], [ -58.517690199274774, -34.520370604242117 ], [ -58.513697177414961, -34.518489304783792 ], [ -58.508954568579831, -34.520458214510725 ], [ -58.508205090222297, -34.524308425137704 ], [ -58.512198352452558, -34.526189621391801 ] ] ] } },
{ "type": "Feature", "properties": { "id_h3": "88c2e3c4d3fffff", "operaciones_totales": 6952, "ranking_perfil": 291, "percentil_demanda": 95.725865880619011, "categoria_demanda": "HOTSPOT_ALTO", "hora_pico": 17, "operaciones_hora_pico": 738, "pct_hora_pico": 10.615650172612199, "franja_dominante": "MEDIODIA", "perfil_temporal": "DIURNO", "modo_dominante": "COLECTIVO", "pct_modo_dominante": 100.0, "cantidad_modos": 1, "indice_dominancia_modal": 1.0, "perfil_nodo": "HOTSPOT_ALTO_DIURNO", "prioridad_analitica": "PRIORIDAD_ALTA" }, "geometry": { "type": "Polygon", "coordinates": [ [ [ -58.366014236150114, -34.671549830284228 ], [ -58.370765456476072, -34.669587553606966 ], [ -58.371517222054457, -34.665746284976009 ], [ -58.367517898889496, -34.663867190103403 ], [ -58.362766571071063, -34.665829465790097 ], [ -58.362014673913997, -34.669670837331211 ], [ -58.366014236150114, -34.671549830284228 ] ] ] } },
{ "type": "Feature", "properties": { "id_h3": "88c2e388e1fffff", "operaciones_totales": 6927, "ranking_perfil": 292, "percentil_demanda": 95.711127487103909, "categoria_demanda": "HOTSPOT_ALTO", "hora_pico": 12, "operaciones_hora_pico": 856, "pct_hora_pico": 12.357441894037823, "franja_dominante": "MEDIODIA", "perfil_temporal": "DIURNO", "modo_dominante": "COLECTIVO", "pct_modo_dominante": 100.0, "cantidad_modos": 1, "indice_dominancia_modal": 1.0, "perfil_nodo": "HOTSPOT_ALTO_DIURNO", "prioridad_analitica": "PRIORIDAD_ALTA" }, "geometry": { "type": "Polygon", "coordinates": [ [ [ -58.465212285210768, -34.722271725474954 ], [ -58.469959021970205, -34.720307381720211 ], [ -58.470709372467816, -34.716471089103749 ], [ -58.466713117989208, -34.714599037215805 ], [ -58.461966272910118, -34.716563380068862 ], [ -58.461215790633169, -34.720399775702795 ], [ -58.465212285210768, -34.722271725474954 ] ] ] } },
{ "type": "Feature", "properties": { "id_h3": "88c2e3024bfffff", "operaciones_totales": 6881, "ranking_perfil": 293, "percentil_demanda": 95.696389093588792, "categoria_demanda": "HOTSPOT_ALTO", "hora_pico": 16, "operaciones_hora_pico": 598, "pct_hora_pico": 8.6905972969045209, "franja_dominante": "MEDIODIA", "perfil_temporal": "DIURNO", "modo_dominante": "COLECTIVO", "pct_modo_dominante": 100.0, "cantidad_modos": 1, "indice_dominancia_modal": 1.0, "perfil_nodo": "HOTSPOT_ALTO_DIURNO", "prioridad_analitica": "PRIORIDAD_ALTA" }, "geometry": { "type": "Polygon", "coordinates": [ [ [ -58.465003366747155, -34.566992044527225 ], [ -58.469748628904036, -34.565025166780487 ], [ -58.470498747806857, -34.561177455213809 ], [ -58.466503736253209, -34.55929651725048 ], [ -58.461758365846144, -34.561263393680328 ], [ -58.461008115246777, -34.565111209381719 ], [ -58.465003366747155, -34.566992044527225 ] ] ] } },
{ "type": "Feature", "properties": { "id_h3": "88c2e38a2bfffff", "operaciones_totales": 6879, "ranking_perfil": 294, "percentil_demanda": 95.681650700073689, "categoria_demanda": "HOTSPOT_ALTO", "hora_pico": 6, "operaciones_hora_pico": 685, "pct_hora_pico": 9.9578427096961768, "franja_dominante": "MANANA", "perfil_temporal": "MATUTINO", "modo_dominante": "COLECTIVO", "pct_modo_dominante": 100.0, "cantidad_modos": 1, "indice_dominancia_modal": 1.0, "perfil_nodo": "HOTSPOT_ALTO_MATUTINO", "prioridad_analitica": "PRIORIDAD_ALTA" }, "geometry": { "type": "Polygon", "coordinates": [ [ [ -58.457200445518666, -34.78548256687295 ], [ -58.461948190755074, -34.783519500290971 ], [ -58.462698757696806, -34.779687765918077 ], [ -58.458701711205073, -34.777818995594536 ], [ -58.453953857686272, -34.779782061444735 ], [ -58.453203158945463, -34.783613898341493 ], [ -58.457200445518666, -34.78548256687295 ] ] ] } },
{ "type": "Feature", "properties": { "id_h3": "88c2e3b8abfffff", "operaciones_totales": 6838, "ranking_perfil": 295, "percentil_demanda": 95.666912306558586, "categoria_demanda": "HOTSPOT_ALTO", "hora_pico": 12, "operaciones_hora_pico": 750, "pct_hora_pico": 10.968119333138345, "franja_dominante": "MEDIODIA", "perfil_temporal": "DIURNO", "modo_dominante": "COLECTIVO", "pct_modo_dominante": 100.0, "cantidad_modos": 1, "indice_dominancia_modal": 1.0, "perfil_nodo": "HOTSPOT_ALTO_DIURNO", "prioridad_analitica": "PRIORIDAD_ALTA" }, "geometry": { "type": "Polygon", "coordinates": [ [ [ -58.744526380503743, -34.563589350731057 ], [ -58.740019667001128, -34.564348383572309 ], [ -58.739272662100284, -34.568197308239796 ], [ -58.743032413217954, -34.571287330336702 ], [ -58.747539449692553, -34.570528476578723 ], [ -58.748286412064878, -34.566679421647841 ], [ -58.744526380503743, -34.563589350731057 ] ] ] } },
{ "type": "Feature", "properties": { "id_h3": "88c2e3b921fffff", "operaciones_totales": 6806, "ranking_perfil": 296, "percentil_demanda": 95.652173913043484, "categoria_demanda": "HOTSPOT_ALTO", "hora_pico": 17, "operaciones_hora_pico": 717, "pct_hora_pico": 10.534822215692037, "franja_dominante": "TARDE", "perfil_temporal": "VESPERTINO", "modo_dominante": "COLECTIVO", "pct_modo_dominante": 52.865119012635908, "cantidad_modos": 2, "indice_dominancia_modal": 0.52865119012635908, "perfil_nodo": "HOTSPOT_ALTO_VESPERTINO", "prioridad_analitica": "PRIORIDAD_ALTA" }, "geometry": { "type": "Polygon", "coordinates": [ [ [ -58.641686293481655, -34.57714577231863 ], [ -58.637185674581517, -34.577899866814697 ], [ -58.636438004817521, -34.581744431510756 ], [ -58.640190995860195, -34.584835032078004 ], [ -58.64469193782503, -34.584081117180801 ], [ -58.645439565669875, -34.580236422124777 ], [ -58.641686293481655, -34.57714577231863 ] ] ] } },
{ "type": "Feature", "properties": { "id_h3": "88c2e38815fffff", "operaciones_totales": 6785, "ranking_perfil": 297, "percentil_demanda": 95.637435519528367, "categoria_demanda": "HOTSPOT_ALTO", "hora_pico": 7, "operaciones_hora_pico": 1005, "pct_hora_pico": 14.812085482682388, "franja_dominante": "MANANA", "perfil_temporal": "MATUTINO", "modo_dominante": "COLECTIVO", "pct_modo_dominante": 100.0, "cantidad_modos": 1, "indice_dominancia_modal": 1.0, "perfil_nodo": "HOTSPOT_ALTO_MATUTINO", "prioridad_analitica": "PRIORIDAD_ALTA" }, "geometry": { "type": "Polygon", "coordinates": [ [ [ -58.457463122591065, -34.739577656840886 ], [ -58.462210414333136, -34.737613824569564 ], [ -58.462960907718461, -34.733778709491844 ], [ -58.458964241140677, -34.731907323820749 ], [ -58.454216841134162, -34.733871155239491 ], [ -58.453466215973762, -34.737706373173189 ], [ -58.457463122591065, -34.739577656840886 ] ] ] } },
{ "type": "Feature", "properties": { "id_h3": "88c2e38b09fffff", "operaciones_totales": 6759, "ranking_perfil": 298, "percentil_demanda": 95.622697126013264, "categoria_demanda": "HOTSPOT_ALTO", "hora_pico": 7, "operaciones_hora_pico": 782, "pct_hora_pico": 11.569758840065099, "franja_dominante": "MEDIODIA", "perfil_temporal": "DIURNO", "modo_dominante": "TREN", "pct_modo_dominante": 75.129457020269271, "cantidad_modos": 2, "indice_dominancia_modal": 0.75129457020269275, "perfil_nodo": "HOTSPOT_ALTO_DIURNO", "prioridad_analitica": "PRIORIDAD_ALTA" }, "geometry": { "type": "Polygon", "coordinates": [ [ [ -58.411211609362262, -34.79744193359339 ], [ -58.4159617756793, -34.795480412426208 ], [ -58.41671305281934, -34.791648985932511 ], [ -58.412714295371345, -34.789778978377036 ], [ -58.407964021139776, -34.791740498863255 ], [ -58.407212612274648, -34.795572027577151 ], [ -58.411211609362262, -34.79744193359339 ] ] ] } },
{ "type": "Feature", "properties": { "id_h3": "88c2e381d7fffff", "operaciones_totales": 6734, "ranking_perfil": 299, "percentil_demanda": 95.607958732498162, "categoria_demanda": "HOTSPOT_ALTO", "hora_pico": 18, "operaciones_hora_pico": 649, "pct_hora_pico": 9.6376596376596382, "franja_dominante": "MEDIODIA", "perfil_temporal": "DIURNO", "modo_dominante": "COLECTIVO", "pct_modo_dominante": 100.0, "cantidad_modos": 1, "indice_dominancia_modal": 1.0, "perfil_nodo": "HOTSPOT_ALTO_DIURNO", "prioridad_analitica": "PRIORIDAD_ALTA" }, "geometry": { "type": "Polygon", "coordinates": [ [ [ -58.586296898855494, -34.749618123606083 ], [ -58.591037797543102, -34.747650699386774 ], [ -58.591786363797553, -34.743817950242494 ], [ -58.587794163370397, -34.741952521915685 ], [ -58.583053155373129, -34.743919945254881 ], [ -58.582304457116464, -34.747752797792259 ], [ -58.586296898855494, -34.749618123606083 ] ] ] } },
{ "type": "Feature", "properties": { "id_h3": "88c2e312e3fffff", "operaciones_totales": 6667, "ranking_perfil": 300, "percentil_demanda": 95.593220338983059, "categoria_demanda": "HOTSPOT_ALTO", "hora_pico": 16, "operaciones_hora_pico": 660, "pct_hora_pico": 9.8995050247487626, "franja_dominante": "MEDIODIA", "perfil_temporal": "DIURNO", "modo_dominante": "COLECTIVO", "pct_modo_dominante": 100.0, "cantidad_modos": 1, "indice_dominancia_modal": 1.0, "perfil_nodo": "HOTSPOT_ALTO_DIURNO", "prioridad_analitica": "PRIORIDAD_ALTA" }, "geometry": { "type": "Polygon", "coordinates": [ [ [ -58.486462781247219, -34.635845872178542 ], [ -58.491207622987218, -34.63387949163431 ], [ -58.491957522724952, -34.630037108193825 ], [ -58.487962712496845, -34.62816100154744 ], [ -58.483217762302992, -34.630127380950178 ], [ -58.482467730794973, -34.633969868132112 ], [ -58.486462781247219, -34.635845872178542 ] ] ] } },
{ "type": "Feature", "properties": { "id_h3": "88c2e31041fffff", "operaciones_totales": 6663, "ranking_perfil": 301, "percentil_demanda": 95.578481945467942, "categoria_demanda": "HOTSPOT_ALTO", "hora_pico": 7, "operaciones_hora_pico": 931, "pct_hora_pico": 13.972684976737204, "franja_dominante": "MANANA", "perfil_temporal": "MATUTINO", "modo_dominante": "COLECTIVO", "pct_modo_dominante": 100.0, "cantidad_modos": 1, "indice_dominancia_modal": 1.0, "perfil_nodo": "HOTSPOT_ALTO_MATUTINO", "prioridad_analitica": "PRIORIDAD_ALTA" }, "geometry": { "type": "Polygon", "coordinates": [ [ [ -58.440501638036288, -34.647817124137852 ], [ -58.445248902203687, -34.6458522796068 ], [ -58.445999511958348, -34.642010197115361 ], [ -58.442002989246298, -34.640132855710206 ], [ -58.437255616991948, -34.642097699152927 ], [ -58.436504875540514, -34.645939885080416 ], [ -58.440501638036288, -34.647817124137852 ] ] ] } },
{ "type": "Feature", "properties": { "id_h3": "88c2e3b93dfffff", "operaciones_totales": 6643, "ranking_perfil": 302, "percentil_demanda": 95.56374355195284, "categoria_demanda": "HOTSPOT_ALTO", "hora_pico": 7, "operaciones_hora_pico": 823, "pct_hora_pico": 12.388980882131568, "franja_dominante": "MANANA", "perfil_temporal": "MATUTINO", "modo_dominante": "COLECTIVO", "pct_modo_dominante": 61.327713382507895, "cantidad_modos": 2, "indice_dominancia_modal": 0.61327713382507898, "perfil_nodo": "HOTSPOT_ALTO_MATUTINO", "prioridad_analitica": "PRIORIDAD_ALTA" }, "geometry": { "type": "Polygon", "coordinates": [ [ [ -58.655189734310866, -34.574882149899395 ], [ -58.65068832337866, -34.575636913891501 ], [ -58.649940742149234, -34.579482082705759 ], [ -58.653694613838326, -34.582572617886754 ], [ -58.658196347822077, -34.581818033428902 ], [ -58.658943887052587, -34.577972734263049 ], [ -58.655189734310866, -34.574882149899395 ] ] ] } },
{ "type": "Feature", "properties": { "id_h3": "88c2e31009fffff", "operaciones_totales": 6627, "ranking_perfil": 303, "percentil_demanda": 95.549005158437723, "categoria_demanda": "HOTSPOT_ALTO", "hora_pico": 8, "operaciones_hora_pico": 651, "pct_hora_pico": 9.8234495246717977, "franja_dominante": "MEDIODIA", "perfil_temporal": "DIURNO", "modo_dominante": "COLECTIVO", "pct_modo_dominante": 61.868115285951411, "cantidad_modos": 2, "indice_dominancia_modal": 0.61868115285951408, "perfil_nodo": "HOTSPOT_ALTO_DIURNO", "prioridad_analitica": "PRIORIDAD_ALTA" }, "geometry": { "type": "Polygon", "coordinates": [ [ [ -58.442753639191949, -34.636290311847233 ], [ -58.447500680150313, -34.634325212884768 ], [ -58.448251238588249, -34.63048231116052 ], [ -58.444254887766284, -34.628604404860262 ], [ -58.439507738707782, -34.630569502702592 ], [ -58.438757048575262, -34.634412507956597 ], [ -58.442753639191949, -34.636290311847233 ] ] ] } },
{ "type": "Feature", "properties": { "id_h3": "88c2e31111fffff", "operaciones_totales": 6614, "ranking_perfil": 304, "percentil_demanda": 95.53426676492262, "categoria_demanda": "HOTSPOT_ALTO", "hora_pico": 14, "operaciones_hora_pico": 536, "pct_hora_pico": 8.1040217719987897, "franja_dominante": "MEDIODIA", "perfil_temporal": "DIURNO", "modo_dominante": "COLECTIVO", "pct_modo_dominante": 100.0, "cantidad_modos": 1, "indice_dominancia_modal": 1.0, "perfil_nodo": "HOTSPOT_ALTO_DIURNO", "prioridad_analitica": "PRIORIDAD_ALTA" }, "geometry": { "type": "Polygon", "coordinates": [ [ [ -58.398032983647013, -34.619464000020862 ], [ -58.402782104404203, -34.61749993150557 ], [ -58.403533309986251, -34.613655231396343 ], [ -58.399535526422433, -34.611774496356674 ], [ -58.394786297935148, -34.613738563728042 ], [ -58.394034960745678, -34.61758336727425 ], [ -58.398032983647013, -34.619464000020862 ] ] ] } },
{ "type": "Feature", "properties": { "id_h3": "88c2e3c641fffff", "operaciones_totales": 6607, "ranking_perfil": 305, "percentil_demanda": 95.519528371407517, "categoria_demanda": "HOTSPOT_ALTO", "hora_pico": 6, "operaciones_hora_pico": 752, "pct_hora_pico": 11.381867716058727, "franja_dominante": "MANANA", "perfil_temporal": "MATUTINO", "modo_dominante": "COLECTIVO", "pct_modo_dominante": 100.0, "cantidad_modos": 1, "indice_dominancia_modal": 1.0, "perfil_nodo": "HOTSPOT_ALTO_MATUTINO", "prioridad_analitica": "PRIORIDAD_ALTA" }, "geometry": { "type": "Polygon", "coordinates": [ [ [ -58.324948700523386, -34.769620544828712 ], [ -58.329702911072509, -34.767661095187663 ], [ -58.330455442121171, -34.763826544954462 ], [ -58.326453894182649, -34.761951342342293 ], [ -58.321699576432991, -34.763910791268145 ], [ -58.320946913826369, -34.767745443512545 ], [ -58.324948700523386, -34.769620544828712 ] ] ] } },
{ "type": "Feature", "properties": { "id_h3": "88c2e31043fffff", "operaciones_totales": 6593, "ranking_perfil": 306, "percentil_demanda": 95.504789977892415, "categoria_demanda": "HOTSPOT_ALTO", "hora_pico": 7, "operaciones_hora_pico": 620, "pct_hora_pico": 9.4039132413165483, "franja_dominante": "MEDIODIA", "perfil_temporal": "DIURNO", "modo_dominante": "COLECTIVO", "pct_modo_dominante": 80.37312300925224, "cantidad_modos": 2, "indice_dominancia_modal": 0.80373123009252234, "perfil_nodo": "HOTSPOT_ALTO_DIURNO", "prioridad_analitica": "PRIORIDAD_ALTA" }, "geometry": { "type": "Polygon", "coordinates": [ [ [ -58.445999511958348, -34.642010197115361 ], [ -58.450746444787718, -34.64004509704651 ], [ -58.451496963030117, -34.636202656687615 ], [ -58.447500680150313, -34.634325212884768 ], [ -58.442753639191949, -34.636290311847233 ], [ -58.442002989246298, -34.640132855710206 ], [ -58.445999511958348, -34.642010197115361 ] ] ] } },
{ "type": "Feature", "properties": { "id_h3": "88c2e3a8dbfffff", "operaciones_totales": 6582, "ranking_perfil": 307, "percentil_demanda": 95.490051584377298, "categoria_demanda": "HOTSPOT_ALTO", "hora_pico": 7, "operaciones_hora_pico": 714, "pct_hora_pico": 10.847766636280767, "franja_dominante": "MANANA", "perfil_temporal": "MATUTINO", "modo_dominante": "TREN", "pct_modo_dominante": 53.539957459738687, "cantidad_modos": 2, "indice_dominancia_modal": 0.53539957459738685, "perfil_nodo": "HOTSPOT_ALTO_MATUTINO", "prioridad_analitica": "PRIORIDAD_ALTA" }, "geometry": { "type": "Polygon", "coordinates": [ [ [ -58.778207538774666, -34.457265139653799 ], [ -58.773700842169333, -34.458030288225757 ], [ -58.77295438895159, -34.46188717641202 ], [ -58.776714675016677, -34.464979047129589 ], [ -58.7812216942745, -34.46421407808684 ], [ -58.781968104802075, -34.460357058804611 ], [ -58.778207538774666, -34.457265139653799 ] ] ] } },
{ "type": "Feature", "properties": { "id_h3": "88c2e3c719fffff", "operaciones_totales": 6568, "ranking_perfil": 308, "percentil_demanda": 95.475313190862195, "categoria_demanda": "HOTSPOT_ALTO", "hora_pico": 17, "operaciones_hora_pico": 818, "pct_hora_pico": 12.454323995127893, "franja_dominante": "MEDIODIA", "perfil_temporal": "DIURNO", "modo_dominante": "COLECTIVO", "pct_modo_dominante": 100.0, "cantidad_modos": 1, "indice_dominancia_modal": 1.0, "perfil_nodo": "HOTSPOT_ALTO_DIURNO", "prioridad_analitica": "PRIORIDAD_ALTA" }, "geometry": { "type": "Polygon", "coordinates": [ [ [ -58.285678421967418, -34.747020839612013 ], [ -58.290434371925627, -34.74506217003151 ], [ -58.291187457850256, -34.741225467497081 ], [ -58.287184725296562, -34.739347332548043 ], [ -58.282428668467936, -34.741306001372926 ], [ -58.281675451067414, -34.7451428058937 ], [ -58.285678421967418, -34.747020839612013 ] ] ] } },
{ "type": "Feature", "properties": { "id_h3": "88c2e31013fffff", "operaciones_totales": 6553, "ranking_perfil": 309, "percentil_demanda": 95.460574797347093, "categoria_demanda": "HOTSPOT_ALTO", "hora_pico": 8, "operaciones_hora_pico": 563, "pct_hora_pico": 8.5914848161147575, "franja_dominante": "MEDIODIA", "perfil_temporal": "DIURNO", "modo_dominante": "COLECTIVO", "pct_modo_dominante": 100.0, "cantidad_modos": 1, "indice_dominancia_modal": 1.0, "perfil_nodo": "HOTSPOT_ALTO_DIURNO", "prioridad_analitica": "PRIORIDAD_ALTA" }, "geometry": { "type": "Polygon", "coordinates": [ [ [ -58.46474149943041, -34.613054630798153 ], [ -58.469487214700273, -34.611088510998592 ], [ -58.470237407087716, -34.60724417857179 ], [ -58.466242015929645, -34.605365862133908 ], [ -58.46149619239165, -34.607331980740831 ], [ -58.460745868283716, -34.611176416969556 ], [ -58.46474149943041, -34.613054630798153 ] ] ] } },
{ "type": "Feature", "properties": { "id_h3": "88c2e2acddfffff", "operaciones_totales": 6550, "ranking_perfil": 310, "percentil_demanda": 95.44583640383199, "categoria_demanda": "HOTSPOT_ALTO", "hora_pico": 9, "operaciones_hora_pico": 842, "pct_hora_pico": 12.854961832061068, "franja_dominante": "MEDIODIA", "perfil_temporal": "DIURNO", "modo_dominante": "COLECTIVO", "pct_modo_dominante": 100.0, "cantidad_modos": 1, "indice_dominancia_modal": 1.0, "perfil_nodo": "HOTSPOT_ALTO_DIURNO", "prioridad_analitica": "PRIORIDAD_ALTA" }, "geometry": { "type": "Polygon", "coordinates": [ [ [ -57.93901187374528, -34.92775917454626 ], [ -57.943786663669975, -34.925813845050044 ], [ -57.944545204984131, -34.921986336067434 ], [ -57.940529087311468, -34.920104057520042 ], [ -57.93575419329278, -34.922049386879856 ], [ -57.934995521044968, -34.925876994914553 ], [ -57.93901187374528, -34.92775917454626 ] ] ] } },
{ "type": "Feature", "properties": { "id_h3": "88c2e310edfffff", "operaciones_totales": 6523, "ranking_perfil": 311, "percentil_demanda": 95.431098010316873, "categoria_demanda": "HOTSPOT_ALTO", "hora_pico": 17, "operaciones_hora_pico": 626, "pct_hora_pico": 9.5968112831519239, "franja_dominante": "MEDIODIA", "perfil_temporal": "DIURNO", "modo_dominante": "COLECTIVO", "pct_modo_dominante": 100.0, "cantidad_modos": 1, "indice_dominancia_modal": 1.0, "perfil_nodo": "HOTSPOT_ALTO_DIURNO", "prioridad_analitica": "PRIORIDAD_ALTA" }, "geometry": { "type": "Polygon", "coordinates": [ [ [ -58.452754230023899, -34.607419166759897 ], [ -58.457500493215065, -34.605453304346028 ], [ -58.458250857523815, -34.601608406731913 ], [ -58.454255090341945, -34.599729267737729 ], [ -58.449508718982159, -34.601695128949473 ], [ -58.448758222976728, -34.605540130348771 ], [ -58.452754230023899, -34.607419166759897 ] ] ] } },
{ "type": "Feature", "properties": { "id_h3": "88c2e31337fffff", "operaciones_totales": 6517, "ranking_perfil": 312, "percentil_demanda": 95.41635961680177, "categoria_demanda": "HOTSPOT_ALTO", "hora_pico": 7, "operaciones_hora_pico": 1461, "pct_hora_pico": 22.418290624520484, "franja_dominante": "MANANA", "perfil_temporal": "MATUTINO", "modo_dominante": "TREN", "pct_modo_dominante": 52.217277888599043, "cantidad_modos": 2, "indice_dominancia_modal": 0.52217277888599045, "perfil_nodo": "HOTSPOT_ALTO_MATUTINO", "prioridad_analitica": "PRIORIDAD_MUY_ALTA" }, "geometry": { "type": "Polygon", "coordinates": [ [ [ -58.396771843840632, -34.648247696255886 ], [ -58.401521303034329, -34.646284136402898 ], [ -58.402272571120477, -34.642441537154738 ], [ -58.398274511637283, -34.640562394526562 ], [ -58.39352494471126, -34.642525953312791 ], [ -58.392773545004651, -34.64636865578521 ], [ -58.396771843840632, -34.648247696255886 ] ] ] } },
{ "type": "Feature", "properties": { "id_h3": "88c2e382ebfffff", "operaciones_totales": 6502, "ranking_perfil": 313, "percentil_demanda": 95.401621223286654, "categoria_demanda": "HOTSPOT_ALTO", "hora_pico": 7, "operaciones_hora_pico": 543, "pct_hora_pico": 8.3512765302983691, "franja_dominante": "MANANA", "perfil_temporal": "MATUTINO", "modo_dominante": "COLECTIVO", "pct_modo_dominante": 100.0, "cantidad_modos": 1, "indice_dominancia_modal": 1.0, "perfil_nodo": "HOTSPOT_ALTO_MATUTINO", "prioridad_analitica": "PRIORIDAD_ALTA" }, "geometry": { "type": "Polygon", "coordinates": [ [ [ -58.640339286427277, -34.807577352322006 ], [ -58.635834193605206, -34.808321214302083 ], [ -58.635085758568913, -34.812150885315553 ], [ -58.638842458338083, -34.81523682275985 ], [ -58.643347874880156, -34.814493138973241 ], [ -58.644096267920396, -34.810663339556172 ], [ -58.640339286427277, -34.807577352322006 ] ] ] } },
{ "type": "Feature", "properties": { "id_h3": "88c2e38f59fffff", "operaciones_totales": 6450, "ranking_perfil": 314, "percentil_demanda": 95.386882829771551, "categoria_demanda": "HOTSPOT_ALTO", "hora_pico": 7, "operaciones_hora_pico": 681, "pct_hora_pico": 10.55813953488372, "franja_dominante": "MANANA", "perfil_temporal": "MATUTINO", "modo_dominante": "COLECTIVO", "pct_modo_dominante": 100.0, "cantidad_modos": 1, "indice_dominancia_modal": 1.0, "perfil_nodo": "HOTSPOT_ALTO_MATUTINO", "prioridad_analitica": "PRIORIDAD_ALTA" }, "geometry": { "type": "Polygon", "coordinates": [ [ [ -58.570077895786881, -34.721118007008535 ], [ -58.574819340736298, -34.719150587328876 ], [ -58.575568108708303, -34.715315534207797 ], [ -58.571575563694033, -34.713447797234878 ], [ -58.566834009578237, -34.715415215964946 ], [ -58.566085109646885, -34.719250372608833 ], [ -58.570077895786881, -34.721118007008535 ] ] ] } },
{ "type": "Feature", "properties": { "id_h3": "88c2e3a103fffff", "operaciones_totales": 6445, "ranking_perfil": 315, "percentil_demanda": 95.372144436256448, "categoria_demanda": "HOTSPOT_ALTO", "hora_pico": 6, "operaciones_hora_pico": 840, "pct_hora_pico": 13.033359193173002, "franja_dominante": "MANANA", "perfil_temporal": "MATUTINO", "modo_dominante": "COLECTIVO", "pct_modo_dominante": 100.0, "cantidad_modos": 1, "indice_dominancia_modal": 1.0, "perfil_nodo": "HOTSPOT_ALTO_MATUTINO", "prioridad_analitica": "PRIORIDAD_ALTA" }, "geometry": { "type": "Polygon", "coordinates": [ [ [ -58.79785057404829, -34.535964406244737 ], [ -58.793341115823416, -34.536726910613737 ], [ -58.792594525352783, -34.54057941527001 ], [ -58.796357435931384, -34.543669545951161 ], [ -58.800867217019167, -34.542907220521727 ], [ -58.801613764652785, -34.539054585478866 ], [ -58.79785057404829, -34.535964406244737 ] ] ] } },
{ "type": "Feature", "properties": { "id_h3": "88c2e31011fffff", "operaciones_totales": 6409, "ranking_perfil": 316, "percentil_demanda": 95.357406042741346, "categoria_demanda": "HOTSPOT_ALTO", "hora_pico": 8, "operaciones_hora_pico": 615, "pct_hora_pico": 9.5958807926353575, "franja_dominante": "MEDIODIA", "perfil_temporal": "DIURNO", "modo_dominante": "COLECTIVO", "pct_modo_dominante": 100.0, "cantidad_modos": 1, "indice_dominancia_modal": 1.0, "perfil_nodo": "HOTSPOT_ALTO_DIURNO", "prioridad_analitica": "PRIORIDAD_ALTA" }, "geometry": { "type": "Polygon", "coordinates": [ [ [ -58.459245168759864, -34.618864470437494 ], [ -58.463991215527443, -34.616898605660815 ], [ -58.46474149943041, -34.613054630798153 ], [ -58.460745868283716, -34.611176416969556 ], [ -58.455999713289955, -34.613142280571736 ], [ -58.455249297672928, -34.616986359168266 ], [ -58.459245168759864, -34.618864470437494 ] ] ] } },
{ "type": "Feature", "properties": { "id_h3": "88c2e380a7fffff", "operaciones_totales": 6403, "ranking_perfil": 317, "percentil_demanda": 95.342667649226229, "categoria_demanda": "HOTSPOT_ALTO", "hora_pico": 7, "operaciones_hora_pico": 504, "pct_hora_pico": 7.87131032328596, "franja_dominante": "MEDIODIA", "perfil_temporal": "DIURNO", "modo_dominante": "COLECTIVO", "pct_modo_dominante": 100.0, "cantidad_modos": 1, "indice_dominancia_modal": 1.0, "perfil_nodo": "HOTSPOT_ALTO_DIURNO", "prioridad_analitica": "PRIORIDAD_ALTA" }, "geometry": { "type": "Polygon", "coordinates": [ [ [ -58.607265552734674, -34.731469941361802 ], [ -58.602764019629412, -34.732215767435733 ], [ -58.602015636690162, -34.736049231093986 ], [ -58.60576882861384, -34.739136997802113 ], [ -58.610270685238476, -34.738391350582248 ], [ -58.611019026407433, -34.73455775780748 ], [ -58.607265552734674, -34.731469941361802 ] ] ] } },
{ "type": "Feature", "properties": { "id_h3": "88c2e3c657fffff", "operaciones_totales": 6392, "ranking_perfil": 318, "percentil_demanda": 95.327929255711126, "categoria_demanda": "HOTSPOT_ALTO", "hora_pico": 7, "operaciones_hora_pico": 752, "pct_hora_pico": 11.76470588235294, "franja_dominante": "MEDIODIA", "perfil_temporal": "DIURNO", "modo_dominante": "COLECTIVO", "pct_modo_dominante": 100.0, "cantidad_modos": 1, "indice_dominancia_modal": 1.0, "perfil_nodo": "HOTSPOT_ALTO_DIURNO", "prioridad_analitica": "PRIORIDAD_ALTA" }, "geometry": { "type": "Polygon", "coordinates": [ [ [ -58.341467660042746, -34.752236692759588 ], [ -58.346220879626721, -34.750276469084667 ], [ -58.346973136260097, -34.746440840831653 ], [ -58.342972304891511, -34.744565334030433 ], [ -58.338218977979913, -34.746525556937506 ], [ -58.337466589768489, -34.750361287404864 ], [ -58.341467660042746, -34.752236692759588 ] ] ] } },
{ "type": "Feature", "properties": { "id_h3": "88c2e3994dfffff", "operaciones_totales": 6382, "ranking_perfil": 319, "percentil_demanda": 95.313190862196024, "categoria_demanda": "HOTSPOT_ALTO", "hora_pico": 17, "operaciones_hora_pico": 656, "pct_hora_pico": 10.278909432779692, "franja_dominante": "MEDIODIA", "perfil_temporal": "DIURNO", "modo_dominante": "COLECTIVO", "pct_modo_dominante": 100.0, "cantidad_modos": 1, "indice_dominancia_modal": 1.0, "perfil_nodo": "HOTSPOT_ALTO_DIURNO", "prioridad_analitica": "PRIORIDAD_ALTA" }, "geometry": { "type": "Polygon", "coordinates": [ [ [ -58.387669971809473, -34.895095788935123 ], [ -58.392422255569798, -34.893136585967632 ], [ -58.393174035219587, -34.889312081930456 ], [ -58.389173662848783, -34.887446679445674 ], [ -58.38442127132263, -34.889405881994136 ], [ -58.383669359937045, -34.89323048743762 ], [ -58.387669971809473, -34.895095788935123 ] ] ] } },
{ "type": "Feature", "properties": { "id_h3": "88c2e3c415fffff", "operaciones_totales": 6332, "ranking_perfil": 320, "percentil_demanda": 95.298452468680921, "categoria_demanda": "HOTSPOT_ALTO", "hora_pico": 7, "operaciones_hora_pico": 601, "pct_hora_pico": 9.4914718888186993, "franja_dominante": "MEDIODIA", "perfil_temporal": "DIURNO", "modo_dominante": "TREN", "pct_modo_dominante": 64.229311433986098, "cantidad_modos": 2, "indice_dominancia_modal": 0.64229311433986103, "perfil_nodo": "HOTSPOT_ALTO_DIURNO", "prioridad_analitica": "PRIORIDAD_ALTA" }, "geometry": { "type": "Polygon", "coordinates": [ [ [ -58.31222854796632, -34.70080321057992 ], [ -58.31698273245712, -34.698842994297273 ], [ -58.317735349918607, -34.695003212043382 ], [ -58.313733914392003, -34.693123543619549 ], [ -58.308979622834094, -34.695083759013862 ], [ -58.308226873873863, -34.698923643711595 ], [ -58.31222854796632, -34.70080321057992 ] ] ] } },
{ "type": "Feature", "properties": { "id_h3": "88c2e3143dfffff", "operaciones_totales": 6299, "ranking_perfil": 321, "percentil_demanda": 95.283714075165804, "categoria_demanda": "HOTSPOT_ALTO", "hora_pico": 7, "operaciones_hora_pico": 700, "pct_hora_pico": 11.112875059533259, "franja_dominante": "MEDIODIA", "perfil_temporal": "DIURNO", "modo_dominante": "COLECTIVO", "pct_modo_dominante": 100.0, "cantidad_modos": 1, "indice_dominancia_modal": 1.0, "perfil_nodo": "HOTSPOT_ALTO_DIURNO", "prioridad_analitica": "PRIORIDAD_ALTA" }, "geometry": { "type": "Polygon", "coordinates": [ [ [ -58.571085179419605, -34.537106432284119 ], [ -58.575824815348113, -34.535135990269225 ], [ -58.576573290495766, -34.531287435477566 ], [ -58.572582261581886, -34.52940921783415 ], [ -58.567842516559814, -34.531379658400631 ], [ -58.567093909548944, -34.535228318050279 ], [ -58.571085179419605, -34.537106432284119 ] ] ] } },
{ "type": "Feature", "properties": { "id_h3": "88c2e31285fffff", "operaciones_totales": 6266, "ranking_perfil": 322, "percentil_demanda": 95.268975681650701, "categoria_demanda": "HOTSPOT_ALTO", "hora_pico": 16, "operaciones_hora_pico": 728, "pct_hora_pico": 11.618257261410788, "franja_dominante": "MEDIODIA", "perfil_temporal": "DIURNO", "modo_dominante": "COLECTIVO", "pct_modo_dominante": 100.0, "cantidad_modos": 1, "indice_dominancia_modal": 1.0, "perfil_nodo": "HOTSPOT_ALTO_DIURNO", "prioridad_analitica": "PRIORIDAD_ALTA" }, "geometry": { "type": "Polygon", "coordinates": [ [ [ -58.491957522724952, -34.630037108193825 ], [ -58.496702032656991, -34.62807047278455 ], [ -58.49745184085279, -34.624227731897228 ], [ -58.493457270897096, -34.622351522600958 ], [ -58.488712652469324, -34.62431815685062 ], [ -58.487962712496845, -34.62816100154744 ], [ -58.491957522724952, -34.630037108193825 ] ] ] } },
{ "type": "Feature", "properties": { "id_h3": "88c2e3aa1bfffff", "operaciones_totales": 6252, "ranking_perfil": 323, "percentil_demanda": 95.254237288135585, "categoria_demanda": "HOTSPOT_ALTO", "hora_pico": 6, "operaciones_hora_pico": 473, "pct_hora_pico": 7.5655790147152917, "franja_dominante": "MEDIODIA", "perfil_temporal": "DIURNO", "modo_dominante": "COLECTIVO", "pct_modo_dominante": 100.0, "cantidad_modos": 1, "indice_dominancia_modal": 1.0, "perfil_nodo": "HOTSPOT_ALTO_DIURNO", "prioridad_analitica": "PRIORIDAD_ALTA" }, "geometry": { "type": "Polygon", "coordinates": [ [ [ -58.761755536854807, -34.519707799885175 ], [ -58.757248625160329, -34.520469497333409 ], [ -58.75650186822255, -34.524321823653167 ], [ -58.760262065581749, -34.527412583132133 ], [ -58.764769300114423, -34.526651064932487 ], [ -58.765516014437068, -34.522798608012607 ], [ -58.761755536854807, -34.519707799885175 ] ] ] } },
{ "type": "Feature", "properties": { "id_h3": "88c2e3133bfffff", "operaciones_totales": 6226, "ranking_perfil": 324, "percentil_demanda": 95.239498894620482, "categoria_demanda": "HOTSPOT_ALTO", "hora_pico": 7, "operaciones_hora_pico": 791, "pct_hora_pico": 12.70478637969804, "franja_dominante": "MANANA", "perfil_temporal": "MATUTINO", "modo_dominante": "COLECTIVO", "pct_modo_dominante": 100.0, "cantidad_modos": 1, "indice_dominancia_modal": 1.0, "perfil_nodo": "HOTSPOT_ALTO_MATUTINO", "prioridad_analitica": "PRIORIDAD_ALTA" }, "geometry": { "type": "Polygon", "coordinates": [ [ [ -58.408765991186527, -34.653883171784031 ], [ -58.413514903870158, -34.651919353734627 ], [ -58.414266000160197, -34.648077319207594 ], [ -58.410268315415003, -34.646198999480269 ], [ -58.405519294899193, -34.648162816472272 ], [ -58.40476806696465, -34.652004954240276 ], [ -58.408765991186527, -34.653883171784031 ] ] ] } },
{ "type": "Feature", "properties": { "id_h3": "88c2e31565fffff", "operaciones_totales": 6194, "ranking_perfil": 325, "percentil_demanda": 95.224760501105379, "categoria_demanda": "HOTSPOT_ALTO", "hora_pico": 17, "operaciones_hora_pico": 645, "pct_hora_pico": 10.413303196641911, "franja_dominante": "MEDIODIA", "perfil_temporal": "DIURNO", "modo_dominante": "COLECTIVO", "pct_modo_dominante": 100.0, "cantidad_modos": 1, "indice_dominancia_modal": 1.0, "perfil_nodo": "HOTSPOT_ALTO_DIURNO", "prioridad_analitica": "PRIORIDAD_ALTA" }, "geometry": { "type": "Polygon", "coordinates": [ [ [ -58.487977267857808, -34.561003731519783 ], [ -58.492721318557585, -34.55903608814301 ], [ -58.493471082508421, -34.555188227876116 ], [ -58.489476927496526, -34.553307906689525 ], [ -58.484732768363358, -34.555275548722243 ], [ -58.483982872679327, -34.55912351327693 ], [ -58.487977267857808, -34.561003731519783 ] ] ] } },
{ "type": "Feature", "properties": { "id_h3": "88c2e3c41bfffff", "operaciones_totales": 6180, "ranking_perfil": 326, "percentil_demanda": 95.210022107590277, "categoria_demanda": "HOTSPOT_ALTO", "hora_pico": 17, "operaciones_hora_pico": 719, "pct_hora_pico": 11.634304207119742, "franja_dominante": "MEDIODIA", "perfil_temporal": "DIURNO", "modo_dominante": "COLECTIVO", "pct_modo_dominante": 100.0, "cantidad_modos": 1, "indice_dominancia_modal": 1.0, "perfil_nodo": "HOTSPOT_ALTO_DIURNO", "prioridad_analitica": "PRIORIDAD_ALTA" }, "geometry": { "type": "Polygon", "coordinates": [ [ [ -58.329738911015596, -34.70064057037181 ], [ -58.334492220979094, -34.698679837194042 ], [ -58.335244575396402, -34.69484025995478 ], [ -58.331243751384022, -34.692961313356051 ], [ -58.326490334210774, -34.694922045636829 ], [ -58.325737848263621, -34.698761725404566 ], [ -58.329738911015596, -34.70064057037181 ] ] ] } },
{ "type": "Feature", "properties": { "id_h3": "88c2e38823fffff", "operaciones_totales": 6135, "ranking_perfil": 327, "percentil_demanda": 95.19528371407516, "categoria_demanda": "HOTSPOT_ALTO", "hora_pico": 7, "operaciones_hora_pico": 668, "pct_hora_pico": 10.888345558272208, "franja_dominante": "MEDIODIA", "perfil_temporal": "DIURNO", "modo_dominante": "COLECTIVO", "pct_modo_dominante": 100.0, "cantidad_modos": 1, "indice_dominancia_modal": 1.0, "perfil_nodo": "HOTSPOT_ALTO_DIURNO", "prioridad_analitica": "PRIORIDAD_ALTA" }, "geometry": { "type": "Polygon", "coordinates": [ [ [ -58.431226965541484, -34.73985267877427 ], [ -58.435975576230355, -34.737889618426671 ], [ -58.436726464895372, -34.734054194907387 ], [ -58.432728874604905, -34.732181728997368 ], [ -58.427980155864155, -34.734144788504565 ], [ -58.427229135469645, -34.737980314753422 ], [ -58.431226965541484, -34.73985267877427 ] ] ] } },
{ "type": "Feature", "properties": { "id_h3": "88c2e31313fffff", "operaciones_totales": 6127, "ranking_perfil": 328, "percentil_demanda": 95.180545320560057, "categoria_demanda": "HOTSPOT_ALTO", "hora_pico": 7, "operaciones_hora_pico": 715, "pct_hora_pico": 11.669658886894076, "franja_dominante": "MEDIODIA", "perfil_temporal": "DIURNO", "modo_dominante": "COLECTIVO", "pct_modo_dominante": 100.0, "cantidad_modos": 1, "indice_dominancia_modal": 1.0, "perfil_nodo": "HOTSPOT_ALTO_DIURNO", "prioridad_analitica": "PRIORIDAD_ALTA" }, "geometry": { "type": "Polygon", "coordinates": [ [ [ -58.42625830439075, -34.653710632828236 ], [ -58.431006339085485, -34.651746300797221 ], [ -58.431757172040712, -34.647904472879304 ], [ -58.427760101980134, -34.646026873657959 ], [ -58.423011959311395, -34.647991204622947 ], [ -58.422260994681132, -34.651833135866561 ], [ -58.42625830439075, -34.653710632828236 ] ] ] } },
{ "type": "Feature", "properties": { "id_h3": "88c2e31045fffff", "operaciones_totales": 6085, "ranking_perfil": 329, "percentil_demanda": 95.165806927044954, "categoria_demanda": "HOTSPOT_ALTO", "hora_pico": 7, "operaciones_hora_pico": 704, "pct_hora_pico": 11.569433032046014, "franja_dominante": "MEDIODIA", "perfil_temporal": "DIURNO", "modo_dominante": "COLECTIVO", "pct_modo_dominante": 100.0, "cantidad_modos": 1, "indice_dominancia_modal": 1.0, "perfil_nodo": "HOTSPOT_ALTO_DIURNO", "prioridad_analitica": "PRIORIDAD_ALTA" }, "geometry": { "type": "Polygon", "coordinates": [ [ [ -58.431757172040712, -34.647904472879304 ], [ -58.436504875540514, -34.645939885080416 ], [ -58.437255616991948, -34.642097699152927 ], [ -58.43325878662904, -34.640219997621905 ], [ -58.428510975113142, -34.642184584336768 ], [ -58.427760101980134, -34.646026873657959 ], [ -58.431757172040712, -34.647904472879304 ] ] ] } },
{ "type": "Feature", "properties": { "id_h3": "88c2e302d9fffff", "operaciones_totales": 6081, "ranking_perfil": 330, "percentil_demanda": 95.151068533529852, "categoria_demanda": "HOTSPOT_ALTO", "hora_pico": 17, "operaciones_hora_pico": 717, "pct_hora_pico": 11.790823877651702, "franja_dominante": "TARDE", "perfil_temporal": "VESPERTINO", "modo_dominante": "COLECTIVO", "pct_modo_dominante": 100.0, "cantidad_modos": 1, "indice_dominancia_modal": 1.0, "perfil_nodo": "HOTSPOT_ALTO_VESPERTINO", "prioridad_analitica": "PRIORIDAD_ALTA" }, "geometry": { "type": "Polygon", "coordinates": [ [ [ -58.517690199274774, -34.520370604242117 ], [ -58.522432367563262, -34.518401439610251 ], [ -58.52318162264384, -34.514550976997761 ], [ -58.51918884120262, -34.512669574285425 ], [ -58.514446564258407, -34.51463873744833 ], [ -58.513697177414961, -34.518489304783792 ], [ -58.517690199274774, -34.520370604242117 ] ] ] } },
{ "type": "Feature", "properties": { "id_h3": "88c2e310e5fffff", "operaciones_totales": 6066, "ranking_perfil": 331, "percentil_demanda": 95.136330140014735, "categoria_demanda": "HOTSPOT_ALTO", "hora_pico": 17, "operaciones_hora_pico": 557, "pct_hora_pico": 9.182327728321793, "franja_dominante": "MEDIODIA", "perfil_temporal": "DIURNO", "modo_dominante": "COLECTIVO", "pct_modo_dominante": 100.0, "cantidad_modos": 1, "indice_dominancia_modal": 1.0, "perfil_nodo": "HOTSPOT_ALTO_DIURNO", "prioridad_analitica": "PRIORIDAD_ALTA" }, "geometry": { "type": "Polygon", "coordinates": [ [ [ -58.449508718982159, -34.601695128949473 ], [ -58.454255090341945, -34.599729267737729 ], [ -58.455005494847356, -34.595883908718889 ], [ -58.451009659684836, -34.594004307092185 ], [ -58.446263180185198, -34.595970167087927 ], [ -58.44551264399179, -34.599815629917629 ], [ -58.449508718982159, -34.601695128949473 ] ] ] } },
{ "type": "Feature", "properties": { "id_h3": "88c2e3109bfffff", "operaciones_totales": 6051, "ranking_perfil": 332, "percentil_demanda": 95.121591746499632, "categoria_demanda": "HOTSPOT_ALTO", "hora_pico": 17, "operaciones_hora_pico": 567, "pct_hora_pico": 9.3703520079325724, "franja_dominante": "MEDIODIA", "perfil_temporal": "DIURNO", "modo_dominante": "COLECTIVO", "pct_modo_dominante": 100.0, "cantidad_modos": 1, "indice_dominancia_modal": 1.0, "perfil_nodo": "HOTSPOT_ALTO_DIURNO", "prioridad_analitica": "PRIORIDAD_ALTA" }, "geometry": { "type": "Polygon", "coordinates": [ [ [ -58.506448205467393, -34.578093558793441 ], [ -58.511191490254873, -34.576125656009928 ], [ -58.511941001734435, -34.57227928401614 ], [ -58.507947360204469, -34.570400710544064 ], [ -58.503203966826845, -34.572368612021108 ], [ -58.502454323573161, -34.576215088267965 ], [ -58.506448205467393, -34.578093558793441 ] ] ] } },
{ "type": "Feature", "properties": { "id_h3": "88c2e3c6e5fffff", "operaciones_totales": 5975, "ranking_perfil": 333, "percentil_demanda": 95.106853352984515, "categoria_demanda": "HOTSPOT_ALTO", "hora_pico": 7, "operaciones_hora_pico": 1088, "pct_hora_pico": 18.209205020920503, "franja_dominante": "MANANA", "perfil_temporal": "MATUTINO", "modo_dominante": "COLECTIVO", "pct_modo_dominante": 100.0, "cantidad_modos": 1, "indice_dominancia_modal": 1.0, "perfil_nodo": "HOTSPOT_ALTO_MATUTINO", "prioridad_analitica": "PRIORIDAD_ALTA" }, "geometry": { "type": "Polygon", "coordinates": [ [ [ -58.333978835098321, -34.723588911908529 ], [ -58.338732153564628, -34.721628433690995 ], [ -58.339484479150478, -34.717790600243156 ], [ -58.335483617823535, -34.715913142619904 ], [ -58.330730192102976, -34.717873619998421 ], [ -58.329977734967592, -34.721711555830453 ], [ -58.333978835098321, -34.723588911908529 ] ] ] } },
{ "type": "Feature", "properties": { "id_h3": "88c2e30201fffff", "operaciones_totales": 5968, "ranking_perfil": 334, "percentil_demanda": 95.092114959469427, "categoria_demanda": "HOTSPOT_ALTO", "hora_pico": 18, "operaciones_hora_pico": 734, "pct_hora_pico": 12.298927613941018, "franja_dominante": "TARDE", "perfil_temporal": "VESPERTINO", "modo_dominante": "COLECTIVO", "pct_modo_dominante": 100.0, "cantidad_modos": 1, "indice_dominancia_modal": 1.0, "perfil_nodo": "HOTSPOT_ALTO_VESPERTINO", "prioridad_analitica": "PRIORIDAD_ALTA" }, "geometry": { "type": "Polygon", "coordinates": [ [ [ -58.455268280588001, -34.549803319247907 ], [ -58.460013867409167, -34.547836445493601 ], [ -58.460764106906403, -34.543987349561249 ], [ -58.456768891256843, -34.542105023162826 ], [ -58.452023196271789, -34.544071895558453 ], [ -58.451272825104041, -34.547921095702463 ], [ -58.455268280588001, -34.549803319247907 ] ] ] } },
{ "type": "Feature", "properties": { "id_h3": "88c2e38885fffff", "operaciones_totales": 5944, "ranking_perfil": 335, "percentil_demanda": 95.07737656595431, "categoria_demanda": "HOTSPOT_ALTO", "hora_pico": 7, "operaciones_hora_pico": 683, "pct_hora_pico": 11.49057873485868, "franja_dominante": "MEDIODIA", "perfil_temporal": "DIURNO", "modo_dominante": "COLECTIVO", "pct_modo_dominante": 100.0, "cantidad_modos": 1, "indice_dominancia_modal": 1.0, "perfil_nodo": "HOTSPOT_ALTO_DIURNO", "prioridad_analitica": "PRIORIDAD_ALTA" }, "geometry": { "type": "Polygon", "coordinates": [ [ [ -58.476206036467573, -34.710669838669645 ], [ -58.480952109778421, -34.708704983073794 ], [ -58.48170227715778, -34.704867974370039 ], [ -58.477706503022461, -34.702995718100155 ], [ -58.472960321308058, -34.704960572758779 ], [ -58.472210022136416, -34.708797684615782 ], [ -58.476206036467573, -34.710669838669645 ] ] ] } },
{ "type": "Feature", "properties": { "id_h3": "88c2e3853bfffff", "operaciones_totales": 5937, "ranking_perfil": 336, "percentil_demanda": 95.062638172439208, "categoria_demanda": "HOTSPOT_ALTO", "hora_pico": 6, "operaciones_hora_pico": 772, "pct_hora_pico": 13.003200269496379, "franja_dominante": "MANANA", "perfil_temporal": "MATUTINO", "modo_dominante": "COLECTIVO", "pct_modo_dominante": 100.0, "cantidad_modos": 1, "indice_dominancia_modal": 1.0, "perfil_nodo": "HOTSPOT_ALTO_MATUTINO", "prioridad_analitica": "PRIORIDAD_ALTA" }, "geometry": { "type": "Polygon", "coordinates": [ [ [ -58.674054231536786, -34.701818476129979 ], [ -58.669549144633137, -34.70256843084529 ], [ -58.668801260560137, -34.706406071310539 ], [ -58.672558505536685, -34.709493886301786 ], [ -58.677063915842261, -34.70874411023604 ], [ -58.677811757756729, -34.704906340536809 ], [ -58.674054231536786, -34.701818476129979 ] ] ] } },
{ "type": "Feature", "properties": { "id_h3": "88c2e39ab9fffff", "operaciones_totales": 5903, "ranking_perfil": 337, "percentil_demanda": 95.047899778924091, "categoria_demanda": "HOTSPOT_ALTO", "hora_pico": 7, "operaciones_hora_pico": 636, "pct_hora_pico": 10.774182619007284, "franja_dominante": "MEDIODIA", "perfil_temporal": "DIURNO", "modo_dominante": "COLECTIVO", "pct_modo_dominante": 100.0, "cantidad_modos": 1, "indice_dominancia_modal": 1.0, "perfil_nodo": "HOTSPOT_ALTO_DIURNO", "prioridad_analitica": "PRIORIDAD_ALTA" }, "geometry": { "type": "Polygon", "coordinates": [ [ [ -58.516887649899331, -34.859303026681168 ], [ -58.521633102737859, -34.85733943693819 ], [ -58.522382882443381, -34.853513899134704 ], [ -58.518387341256052, -34.851651848793175 ], [ -58.513641779619569, -34.853615437973055 ], [ -58.512891867972179, -34.857441078048787 ], [ -58.516887649899331, -34.859303026681168 ] ] ] } },
{ "type": "Feature", "properties": { "id_h3": "88c2e389a5fffff", "operaciones_totales": 5862, "ranking_perfil": 338, "percentil_demanda": 95.033161385408988, "categoria_demanda": "HOTSPOT_ALTO", "hora_pico": 16, "operaciones_hora_pico": 525, "pct_hora_pico": 8.9559877175025591, "franja_dominante": "MEDIODIA", "perfil_temporal": "DIURNO", "modo_dominante": "COLECTIVO", "pct_modo_dominante": 100.0, "cantidad_modos": 1, "indice_dominancia_modal": 1.0, "perfil_nodo": "HOTSPOT_ALTO_DIURNO", "prioridad_analitica": "PRIORIDAD_ALTA" }, "geometry": { "type": "Polygon", "coordinates": [ [ [ -58.394249079184043, -34.705766189027869 ], [ -58.398999215380208, -34.703803649001628 ], [ -58.399750608501911, -34.699965252051882 ], [ -58.395751997077909, -34.698089292320596 ], [ -58.39100175314492, -34.700051831433356 ], [ -58.390250228376679, -34.703890331182095 ], [ -58.394249079184043, -34.705766189027869 ] ] ] } },
{ "type": "Feature", "properties": { "id_h3": "88c2e31593fffff", "operaciones_totales": 5854, "ranking_perfil": 339, "percentil_demanda": 95.018422991893885, "categoria_demanda": "HOTSPOT_ALTO", "hora_pico": 7, "operaciones_hora_pico": 580, "pct_hora_pico": 9.9077553809361127, "franja_dominante": "MANANA", "perfil_temporal": "MATUTINO", "modo_dominante": "COLECTIVO", "pct_modo_dominante": 100.0, "cantidad_modos": 1, "indice_dominancia_modal": 1.0, "perfil_nodo": "HOTSPOT_ALTO_MATUTINO", "prioridad_analitica": "PRIORIDAD_ALTA" }, "geometry": { "type": "Polygon", "coordinates": [ [ [ -58.58006664720191, -34.490906797499697 ], [ -58.584805389438131, -34.488935350998133 ], [ -58.585553659561285, -34.485083526997265 ], [ -58.581563319306092, -34.483203044254566 ], [ -58.57682446792429, -34.485174489176281 ], [ -58.576076065947085, -34.489026418411846 ], [ -58.58006664720191, -34.490906797499697 ] ] ] } },
{ "type": "Feature", "properties": { "id_h3": "88c2e3176bfffff", "operaciones_totales": 5842, "ranking_perfil": 340, "percentil_demanda": 95.003684598378783, "categoria_demanda": "HOTSPOT_ALTO", "hora_pico": 17, "operaciones_hora_pico": 782, "pct_hora_pico": 13.385826771653544, "franja_dominante": "TARDE", "perfil_temporal": "VESPERTINO", "modo_dominante": "TREN", "pct_modo_dominante": 96.593632317699416, "cantidad_modos": 2, "indice_dominancia_modal": 0.96593632317699418, "perfil_nodo": "HOTSPOT_ALTO_VESPERTINO", "prioridad_analitica": "PRIORIDAD_ALTA" }, "geometry": { "type": "Polygon", "coordinates": [ [ [ -58.528161028356379, -34.600892460529892 ], [ -58.532903437611985, -34.598924297286835 ], [ -58.533652656245955, -34.59507987447379 ], [ -58.529659597451747, -34.593203510702722 ], [ -58.524917079420661, -34.595171672690988 ], [ -58.524167728963093, -34.599016199696408 ], [ -58.528161028356379, -34.600892460529892 ] ] ] } }
]
}
