nodo_id,h3,instalaciones_250m,instalaciones_500m,instalaciones_1000m,intercambiadores_250m,intercambiadores_500m,intercambiadores_1000m,modos_250m,cantidad_modos_250m,ferrocarril_250m,subte_250m,autobus_250m,fluvial_250m,tranvia_250m,modos_500m,cantidad_modos_500m,ferrocarril_500m,subte_500m,autobus_500m,fluvial_500m,tranvia_500m,modos_1000m,cantidad_modos_1000m,ferrocarril_1000m,subte_1000m,autobus_1000m,fluvial_1000m,tranvia_1000m,densidad_instalaciones_250m,densidad_instalaciones_500m,densidad_instalaciones_1000m,instalaciones_500m_normalizadas,densidad_instalaciones_500m_normalizada,intercambiadores_500m_normalizados,diversidad_modal_500m_normalizada,modo_ferroviario_estructurante,modo_subterraneo_estructurante,modo_fluvial_estructurante,conectividad_modal_500m,soporte_fisico_preliminar,categoria_soporte_fisico,ranking_soporte_fisico,tipo_intermodalidad,score_intermodalidad,score_demanda,score_densidad,score_conectividad,score_alcance,score_integracion,ranking_centralidad,ranking_operaciones_validacion,ranking_centralidad_validacion,diferencia_ranking_abs,score_intermodalidad_500m,categoria_intermodalidad_500m,ranking_intermodalidad,geometry,demanda_base_23,indice_demanda_estructural,infraestructura_instalaciones,infraestructura_intercambiadores,infraestructura_diversidad_modal,indice_infraestructura_estructural,indice_intermodalidad_estructural,indice_conectividad_estructural,indice_integracion_territorial,indice_centralidad_estructural,indice_centralidad_estructural_robusto,ranking_centralidad_estructural,ranking_centralidad_estructural_robusto,categoria_centralidad_estructural,categoria_centralidad_estructural_robusta,brecha_demanda_infraestructura,deficit_infraestructura,diagnostico_demanda_infraestructura,prioridad_intervencion,ranking_prioridad_intervencion,nivel_demanda_estructural,nivel_infraestructura_estructural,nivel_intermodalidad_estructural,nivel_conectividad_estructural,nivel_integracion_territorial,nivel_demanda,nivel_infraestructura,nivel_intermodalidad,nivel_conectividad,nivel_deficit_infraestructura,categoria_prioridad_intervencion,tipologia_centralidad,dimension_dominante,perfil_multidimensional,diagnostico_tipologico,ranking_tipologia_estructural,ranking_tipologia_prioridad,perfil_intervencion,deficit_demanda,deficit_intermodalidad,deficit_conectividad,deficit_integracion,deficit_estructural_promedio,impacto_potencial,categoria_impacto,urgencia_intervencion,nivel_urgencia,score_prioridad_territorial,nivel_prioridad_territorial,tipo_intervencion_recomendada,justificacion_intervencion,ranking_prioridad_territorial,ranking_intervencion,ranking_nivel_prioridad,dimensiones_prioritarias,diagnostico_territorial
7,2,62,76,118,2,2,4,AUTOBUS|FERROCARRIL,2,1,0,1,0,0,AUTOBUS|FERROCARRIL,2,1,0,1,0,0,AUTOBUS|FERROCARRIL,2,1,0,1,0,0,315.76340709432037,96.76620539987236,37.5605665696873,0.01962809917355372,0.5389181072043098,0.19955424691458712,0.4,1,0,0,0.3398662740743761,34.15,SOPORTE_FISICO_BAJO,42,MONOMODAL,50.0,98.61111111111111,98.61111111111111,69.44444444444444,46.18055555555556,50.34722222222222,12,3,12,9,70.0,INTERMODALIDAD_MEDIA,16,"POLYGON ((5611437.218637 6165538.384485, 5611500.55744 6165110.990209, 5611151.340834 6164772.566611, 5610738.759182 6164861.51439, 5610675.39172 6165288.917069, 5610262.762162 6165377.890279, 5610199.37304 6165805.341294, 5610548.642139 6166143.81069, 5610961.27411 6166054.806173, 5611024.634571 6165627.363567, 5611437.218637 6165538.384485))",98.61111111111111,98.61111111111111,52.5771,19.9554,40.0,37.5111,41.2041,59.809,64.0046,62.57,90.97,14,14,CENTRALIDAD_ESTRUCTURAL_ALTA,CENTRALIDAD_ESTRUCTURAL_MUY_ALTA,61.1,62.4889,DEFICIT_INFRAESTRUCTURAL,83.61,2,98.61111111111111,37.5111,41.2041,59.809,ALTO,MUY_ALTO,BAJO,MEDIO,MEDIO,ALTO,PRIORIDAD_CRITICA,CENTRALIDAD_DEMANDA,DEMANDA,DEMANDA,ALTA_DEMANDA_BAJO_SOPORTE,14,2,AMPLIAR_INFRAESTRUCTURA,1.3888888888888857,58.7959,40.191,35.995400000000004,49.3678,86.47011555555555,IMPACTO_MUY_ALTO,53.132045000000005,MEDIA,74.08132433333333,PRIORIDAD_ALTA,INTERVENCION_INTEGRAL,Demanda elevada combinada con déficit infraestructural significativo y alta prioridad territorial.,1,1,1,INFRAESTRUCTURA|INTERMODALIDAD|CONECTIVIDAD,ALTA_DEMANDA_BAJO_SOPORTE
17,9,81,101,148,0,0,0,AUTOBUS|FERROCARRIL,2,1,0,1,0,0,AUTOBUS|FERROCARRIL,2,1,0,1,0,0,AUTOBUS|FERROCARRIL,2,1,0,1,0,0,412.52961249419275,128.59719401825143,47.10986315520102,0.026084710743801653,0.5720643411019338,0.0,0.4,1,0,0,0.27999999999999997,30.41,SOPORTE_FISICO_BAJO,65,INTERMODAL,100.0,96.52777777777779,66.66666666666666,69.44444444444444,46.18055555555556,50.34722222222222,10,6,10,4,65.0,INTERMODALIDAD_MEDIA,104,"POLYGON ((5688694.505103 6133648.753907, 5688323.143549 6133447.469291, 5687891.218371 6133672.311279, 5687519.903816 6133471.034533, 5687088.000072 6133695.866237, 5686716.732514 6133494.597361, 5686284.85021 6133719.418782, 5686224.201769 6134145.522806, 5686595.461184 6134346.82356, 5687027.377185 6134121.988414, 5687398.683601 6134323.297041, 5687338.065873 6134749.472695, 5686906.116174 6134974.321563, 5686534.817902 6134772.981056, 5686102.889654 6134997.819639, 5686042.225981 6135424.012446, 5686413.516104 6135625.384833, 5686352.857588 6136051.631114, 5686724.186565 6136253.043261, 5686663.533205 6136679.343017, 5687034.901036 6136880.794931, 5687466.930383 6136655.915204, 5687527.558196 6136229.597276, 5687959.575299 6136004.720974, 5688020.182713 6135578.438357, 5687648.798578 6135377.050212, 5687709.411148 6134950.821078, 5688141.382294 6134725.961925, 5688201.974462 6134299.768111, 5688633.933344 6134074.912396, 5688694.505103 6133648.753907))",96.52777777777779,96.52777777777779,55.9803,0.0,40.0,32.1546,40.1215,58.5938,70.0231,60.81,87.5,19,19,CENTRALIDAD_ESTRUCTURAL_ALTA,CENTRALIDAD_ESTRUCTURAL_MUY_ALTA,64.37,67.8454,DEFICIT_INFRAESTRUCTURAL,83.66,1,96.52777777777779,32.1546,40.1215,58.5938,ALTO,MUY_ALTO,BAJO,MEDIO,MEDIO,ALTO,PRIORIDAD_CRITICA,CENTRALIDAD_DEMANDA,DEMANDA,DEMANDA|TERRITORIAL,ALTA_DEMANDA_BAJO_SOPORTE,19,1,AMPLIAR_INFRAESTRUCTURA,3.4722222222222143,59.8785,41.4062,29.9769,49.77675,84.46923888888888,IMPACTO_MUY_ALTO,54.885560000000005,MEDIA,73.89418833333333,PRIORIDAD_ALTA,INTERVENCION_INTEGRAL,Demanda elevada combinada con déficit infraestructural significativo y alta prioridad territorial.,2,2,2,INFRAESTRUCTURA|INTERMODALIDAD|CONECTIVIDAD,ALTA_DEMANDA_BAJO_SOPORTE
2,1,79,120,174,2,4,7,AUTOBUS|FERROCARRIL,2,1,0,1,0,0,AUTOBUS|FERROCARRIL,2,1,0,1,0,0,AUTOBUS|FERROCARRIL,2,1,0,1,0,0,402.34369613631145,152.78874536821954,55.38592019597958,0.030991735537190084,0.5921916882107421,0.2923416876766772,0.4,1,0,0,0.3677025063030031,38.5,SOPORTE_FISICO_BAJO,19,MONOMODAL,50.0,97.22222222222221,100.0,69.44444444444444,46.18055555555556,50.34722222222222,13,5,13,8,70.0,INTERMODALIDAD_MEDIA,16,"POLYGON ((5626653.3048 6165149.563864, 5627022.018786 6165351.962405, 5626959.287113 6165778.897757, 5626527.816464 6166003.416326, 5626179.027145 6165665.358107, 5626241.785576 6165238.427683, 5626653.3048 6165149.563864))",97.22222222222221,97.22222222222221,58.0479,29.2342,40.0,42.862,43.5238,58.2465,64.4676,63.77,93.06,11,11,CENTRALIDAD_ESTRUCTURAL_ALTA,CENTRALIDAD_ESTRUCTURAL_MUY_ALTA,54.36,57.138,DEFICIT_INFRAESTRUCTURAL,80.08,5,97.22222222222221,42.862,43.5238,58.2465,ALTO,MUY_ALTO,MEDIO,MEDIO,MEDIO,MEDIO,PRIORIDAD_CRITICA,CENTRALIDAD_DEMANDA,DEMANDA,DEMANDA,ALTA_DEMANDA_BAJO_SOPORTE,11,5,AMPLIAR_INFRAESTRUCTURA,2.7777777777777857,56.4762,41.7535,35.532399999999996,47.725025,86.07411611111111,IMPACTO_MUY_ALTO,50.65481,MEDIA,72.72296716666668,PRIORIDAD_ALTA,INTERVENCION_INTEGRAL,Demanda elevada combinada con déficit infraestructural significativo y alta prioridad territorial.,3,3,3,INFRAESTRUCTURA|INTERMODALIDAD|CONECTIVIDAD,ALTA_DEMANDA_BAJO_SOPORTE
4,1,72,85,125,1,1,2,AUTOBUS|FERROCARRIL,2,1,0,1,0,0,AUTOBUS|FERROCARRIL,2,1,0,1,0,0,AUTOBUS|FERROCARRIL,2,1,0,1,0,0,366.69298888372685,108.22536130248884,39.78873577297384,0.021952479338842975,0.5519523874234499,0.12590471182995822,0.4,1,0,0,0.3177714135489874,32.8,SOPORTE_FISICO_BAJO,50,MONOMODAL,50.0,94.44444444444444,99.30555555555556,69.44444444444444,46.18055555555556,50.34722222222222,15,9,15,6,70.0,INTERMODALIDAD_MEDIA,16,"POLYGON ((5616448.937296 6164043.976459, 5616099.892958 6163705.701499, 5616163.037565 6163278.573953, 5616575.197891 6163189.72975, 5616924.216015 6163527.98182, 5616861.100025 6163955.100984, 5616448.937296 6164043.976459))",94.44444444444444,94.44444444444444,53.9151,12.5905,40.0,35.5674,39.3629,58.7674,64.2361,60.34,84.72,23,23,CENTRALIDAD_ESTRUCTURAL_ALTA,CENTRALIDAD_ESTRUCTURAL_MUY_ALTA,58.88,64.43260000000001,DEFICIT_INFRAESTRUCTURAL,80.22,4,94.44444444444444,35.5674,39.3629,58.7674,ALTO,MUY_ALTO,BAJO,BAJO,MEDIO,MEDIO,PRIORIDAD_CRITICA,CENTRALIDAD_DEMANDA,DEMANDA,DEMANDA,ALTA_DEMANDA_BAJO_SOPORTE,23,4,AMPLIAR_INFRAESTRUCTURA,5.555555555555557,60.6371,41.2326,35.76390000000001,50.51655,82.74153222222222,IMPACTO_MUY_ALTO,54.543420000000005,MEDIA,72.48680433333334,PRIORIDAD_ALTA,INTERVENCION_INTEGRAL,Demanda elevada combinada con déficit infraestructural significativo y alta prioridad territorial.,4,4,4,INFRAESTRUCTURA|INTERMODALIDAD|CONECTIVIDAD,ALTA_DEMANDA_BAJO_SOPORTE
8,4,43,44,48,2,2,3,AUTOBUS|FERROCARRIL,2,1,0,1,0,0,AUTOBUS|FERROCARRIL,2,1,0,1,0,0,AUTOBUS|FERROCARRIL,2,1,0,1,0,0,218.997201694448,56.02253996834716,15.278874536821952,0.011363636363636364,0.4755153414270987,0.19955424691458712,0.4,1,0,0,0.3398662740743761,31.8,SOPORTE_FISICO_BAJO,54,MONOMODAL,50.0,93.75,88.88888888888889,95.83333333333334,46.18055555555556,50.34722222222222,8,10,8,2,70.0,INTERMODALIDAD_MEDIA,16,"POLYGON ((5613410.618509 6179191.418762, 5613347.276266 6179619.652555, 5613696.773693 6179958.327038, 5614109.587086 6179868.744922, 5614459.067508 6180207.405049, 5614395.760812 6180635.670094, 5614745.250495 6180974.338662, 5615158.020599 6180884.71939, 5615221.298724 6180456.462884, 5615634.020944 6180366.869129, 5615697.277457 6179938.660933, 5615347.840317 6179600.03796, 5614935.120397 6179689.600383, 5614585.666248 6179350.963058, 5614172.900745 6179440.51966, 5613823.429594 6179101.867983, 5613410.618509 6179191.418762))",93.75,93.75,46.0755,19.9554,40.0,34.8831,41.2041,62.2396,60.7639,60.5,86.11,21,21,CENTRALIDAD_ESTRUCTURAL_ALTA,CENTRALIDAD_ESTRUCTURAL_MUY_ALTA,58.87,65.1169,DEFICIT_INFRAESTRUCTURAL,79.8,7,93.75,34.8831,41.2041,62.2396,ALTO,MUY_ALTO,BAJO,MEDIO,ALTO,MEDIO,PRIORIDAD_CRITICA,CENTRALIDAD_DEMANDA,DEMANDA,DEMANDA,ALTA_DEMANDA_BAJO_SOPORTE,21,7,AMPLIAR_INFRAESTRUCTURA,6.25,58.7959,37.7604,39.2361,50.227325,82.753465,IMPACTO_MUY_ALTO,54.18323,MEDIA,72.2099565,PRIORIDAD_ALTA,INTERVENCION_INTEGRAL,Demanda elevada combinada con déficit infraestructural significativo y alta prioridad territorial.,5,5,5,INFRAESTRUCTURA|INTERMODALIDAD,ALTA_DEMANDA_BAJO_SOPORTE
20,2,2,3,7,0,0,0,AUTOBUS|FERROCARRIL,2,1,0,1,0,0,AUTOBUS|FERROCARRIL,2,1,0,1,0,0,AUTOBUS|FERROCARRIL,2,1,0,1,0,0,10.185916357881302,3.819718634205488,2.228169203286535,0.0007747933884297521,0.18495368961100384,0.0,0.4,1,0,0,0.27999999999999997,16.49,SOPORTE_FISICO_MUY_BAJO,126,INTERMODAL,100.0,86.11111111111111,87.5,23.26388888888889,46.18055555555556,50.34722222222222,26,21,26,5,58.0,INTERMODALIDAD_MEDIA,114,"POLYGON ((5647685.911688 6141205.554306, 5647316.746714 6141004.305791, 5646885.672597 6141228.719946, 5646823.729929 6141654.396239, 5647192.886614 6141855.676497, 5647130.949108 6142281.406029, 5647500.144481 6142482.725911, 5647931.285653 6142258.284515, 5647993.197922 6141832.536856, 5647623.994258 6141631.24872, 5647685.911688 6141205.554306))",86.11111111111111,86.11111111111111,16.7796,0.0,40.0,16.3464,38.6458,51.6493,76.9676,53.09,73.61,39,39,CENTRALIDAD_ESTRUCTURAL_MEDIA,CENTRALIDAD_ESTRUCTURAL_ALTA,69.76,83.6536,DEFICIT_INFRAESTRUCTURAL,79.57,8,86.11111111111111,16.3464,38.6458,51.6493,ALTO,MUY_ALTO,MUY_BAJO,BAJO,MEDIO,ALTO,PRIORIDAD_CRITICA,CENTRALIDAD_DEMANDA,DEMANDA,DEMANDA|TERRITORIAL,ALTA_DEMANDA_BAJO_SOPORTE,39,8,AMPLIAR_INFRAESTRUCTURA,13.888888888888886,61.3542,48.3507,23.032399999999996,54.097725,75.95810055555556,IMPACTO_MUY_ALTO,61.92499,ALTA,72.08562783333333,PRIORIDAD_ALTA,INTERVENCION_INTEGRAL,Demanda elevada combinada con déficit infraestructural significativo y alta prioridad territorial.,6,6,6,INFRAESTRUCTURA|INTERMODALIDAD|CONECTIVIDAD,ALTA_DEMANDA_BAJO_SOPORTE
3,3,110,124,147,6,7,7,AUTOBUS|FERROCARRIL,2,1,0,1,0,0,AUTOBUS|FERROCARRIL,2,1,0,1,0,0,AUTOBUS|FERROCARRIL,2,1,0,1,0,0,560.2253996834716,157.88170354716019,46.79155326901723,0.03202479338842975,0.5960231500081437,0.3777141354898746,0.4,1,0,0,0.39331424064696235,40.78,SOPORTE_FISICO_MEDIO,15,MONOMODAL,50.0,97.91666666666666,97.22222222222221,95.83333333333334,46.18055555555556,50.34722222222222,6,4,6,2,70.0,INTERMODALIDAD_MEDIA,16,"POLYGON ((5647671.528854 6157762.070544, 5647301.828217 6157559.869685, 5646870.100296 6157784.534308, 5646808.03947 6158211.413324, 5647177.731732 6158413.645953, 5647115.676039 6158840.578232, 5646683.902918 6159065.259645, 5646621.827193 6159492.226947, 5646991.54975 6159694.53108, 5647423.356417 6159469.83614, 5647485.406979 6159042.850594, 5647917.201991 6158818.158906, 5647979.232515 6158391.208387, 5647609.493197 6158188.967796, 5647671.528854 6157762.070544))",97.91666666666666,97.91666666666666,58.4415,37.7714,40.0,45.903,45.6581,62.934,63.5417,65.78,95.83,7,7,CENTRALIDAD_ESTRUCTURAL_ALTA,CENTRALIDAD_ESTRUCTURAL_MUY_ALTA,52.01,54.097,DEFICIT_INFRAESTRUCTURAL,79.55,9,97.91666666666666,45.903,45.6581,62.934,ALTO,MUY_ALTO,MEDIO,MEDIO,ALTO,MEDIO,PRIORIDAD_CRITICA,CENTRALIDAD_DEMANDA,DEMANDA,DEMANDA,ALTA_DEMANDA_BAJO_SOPORTE,7,9,MEJORAR_INTERMODALIDAD,2.083333333333343,54.3419,37.066,36.4583,45.49080000000001,86.80549333333333,IMPACTO_MUY_ALTO,48.10622000000001,MEDIA,72.03441600000001,PRIORIDAD_ALTA,INTERVENCION_INTEGRAL,Demanda elevada combinada con déficit infraestructural significativo y alta prioridad territorial.,7,7,7,INTERMODALIDAD|INFRAESTRUCTURA,ALTA_DEMANDA_BAJO_SOPORTE
11,3,45,47,59,1,1,1,AUTOBUS|FERROCARRIL,2,1,0,1,0,0,AUTOBUS|FERROCARRIL,2,1,0,1,0,0,AUTOBUS|FERROCARRIL,2,1,0,1,0,0,229.1831180523293,59.84225860255265,18.78028328484365,0.012138429752066115,0.4831403823338039,0.12590471182995822,0.4,1,0,0,0.3177714135489874,30.24,SOPORTE_FISICO_BAJO,66,MONOMODAL,50.0,93.05555555555556,89.58333333333334,95.83333333333334,46.18055555555556,50.34722222222222,9,11,9,2,70.0,INTERMODALIDAD_MEDIA,16,"POLYGON ((5659886.169148 6156143.500163, 5659515.793 6155941.251438, 5659083.782795 6156166.053434, 5659022.11514 6156593.117716, 5658590.093138 6156817.922988, 5658528.405354 6157245.022354, 5658898.764829 6157447.334701, 5659330.820429 6157222.515871, 5659701.226973 6157424.836186, 5660133.304379 6157200.007069, 5660194.941639 6156772.871196, 5659824.526759 6156570.582695, 5659886.169148 6156143.500163))",93.05555555555556,93.05555555555556,46.8567,12.5905,40.0,32.713,39.3629,63.2813,60.9954,59.56,82.64,26,26,CENTRALIDAD_ESTRUCTURAL_MEDIA,CENTRALIDAD_ESTRUCTURAL_MUY_ALTA,60.34,67.287,DEFICIT_INFRAESTRUCTURAL,79.97,6,93.05555555555556,32.713,39.3629,63.2813,ALTO,MUY_ALTO,BAJO,BAJO,ALTO,ALTO,PRIORIDAD_CRITICA,CENTRALIDAD_DEMANDA,DEMANDA,DEMANDA,ALTA_DEMANDA_BAJO_SOPORTE,26,6,AMPLIAR_INFRAESTRUCTURA,6.944444444444443,60.6371,36.7187,39.0046,50.91185000000001,81.50214777777778,IMPACTO_MUY_ALTO,55.268505000000005,MEDIA,71.98516866666667,PRIORIDAD_ALTA,INTERVENCION_INTEGRAL,Demanda elevada combinada con déficit infraestructural significativo y alta prioridad territorial.,8,8,8,INFRAESTRUCTURA|INTERMODALIDAD,ALTA_DEMANDA_BAJO_SOPORTE
5,3,70,72,112,2,2,4,AUTOBUS|FERROCARRIL,2,1,0,1,0,0,AUTOBUS|FERROCARRIL,2,1,0,1,0,0,AUTOBUS|FERROCARRIL|FLUVIAL,3,1,0,1,1,0,356.50707252584556,91.67324722093171,35.65070725258456,0.01859504132231405,0.5326265294694258,0.19955424691458712,0.4,1,0,0,0.3398662740743761,33.91,SOPORTE_FISICO_BAJO,43,INTERMODAL,100.0,95.83333333333334,96.52777777777779,69.44444444444444,46.18055555555556,50.34722222222222,4,7,4,3,70.0,INTERMODALIDAD_MEDIA,16,"POLYGON ((5647306.916784 6152035.902337, 5646937.423157 6151834.035024, 5646505.931522 6152058.608497, 5646443.899979 6152485.062847, 5646012.396647 6152709.639619, 5645950.345063 6153136.129023, 5646319.821993 6153338.059853, 5646751.35886 6153113.469521, 5647120.88282 6153315.408287, 5647552.441531 6153090.807689, 5647614.442741 6152664.281886, 5647244.910431 6152462.374882, 5647306.916784 6152035.902337))",95.83333333333334,95.83333333333334,51.9314,19.9554,40.0,37.2491,53.7041,59.9826,79.9769,65.8,96.53,6,6,CENTRALIDAD_ESTRUCTURAL_ALTA,CENTRALIDAD_ESTRUCTURAL_MUY_ALTA,58.58,62.7509,DEFICIT_INFRAESTRUCTURAL,80.93,3,95.83333333333334,37.2491,53.7041,59.9826,ALTO,MUY_ALTO,BAJO,MEDIO,MEDIO,MEDIO,PRIORIDAD_CRITICA,CENTRALIDAD_DEMANDA,DEMANDA,DEMANDA|TERRITORIAL,ALTA_DEMANDA_BAJO_SOPORTE,6,3,AMPLIAR_INFRAESTRUCTURA,4.166666666666657,46.2959,40.0174,20.0231,42.271825,85.33003166666667,IMPACTO_MUY_ALTO,47.68128,MEDIA,71.46829650000001,PRIORIDAD_ALTA,INTERVENCION_INTEGRAL,Demanda elevada combinada con déficit infraestructural significativo y alta prioridad territorial.,9,9,9,INFRAESTRUCTURA|INTERMODALIDAD|CONECTIVIDAD,ALTA_DEMANDA_BAJO_SOPORTE
18,2,28,38,65,0,0,0,AUTOBUS,1,0,0,1,0,0,AUTOBUS,1,0,0,1,0,0,AUTOBUS|FERROCARRIL,2,1,0,1,0,0,142.60282901033824,48.38310269993618,20.690142601946395,0.00981404958677686,0.45859974178108265,0.0,0.2,0,0,0,0.13999999999999999,21.2,SOPORTE_FISICO_BAJO,108,INTERMODAL,100.0,83.33333333333334,77.77777777777779,23.26388888888889,46.18055555555556,50.34722222222222,32,25,32,7,40.0,INTERMODALIDAD_BAJA,115,"POLYGON ((5635502.641314 6142829.146419, 5635933.45576 6142604.858655, 5635995.745965 6142179.382743, 5635627.246874 6141978.2127, 5635196.465901 6142202.486866, 5634828.013772 6142001.324691, 5634397.254616 6142225.588623, 5634334.91412 6142651.028328, 5634703.357922 6142852.222203, 5635134.150548 6142627.944674, 5635502.641314 6142829.146419))",83.33333333333334,83.33333333333334,44.3435,0.0,20.0,22.7002,32.3438,25.7812,73.7269,48.38,59.72,59,59,CENTRALIDAD_ESTRUCTURAL_MEDIA,CENTRALIDAD_ESTRUCTURAL_MEDIA,60.63,77.2998,DEFICIT_INFRAESTRUCTURAL,74.25,17,83.33333333333334,22.7002,32.3438,25.7812,ALTO,MUY_ALTO,BAJO,BAJO,BAJO,ALTO,PRIORIDAD_ALTA,CENTRALIDAD_DEMANDA,DEMANDA,DEMANDA|TERRITORIAL,ALTA_DEMANDA_BAJO_SOPORTE,59,17,AMPLIAR_INFRAESTRUCTURA,16.666666666666657,67.6562,74.2188,26.2731,61.361975,71.85506166666667,IMPACTO_ALTO,66.61869500000002,ALTA,71.32076450000001,PRIORIDAD_ALTA,AMPLIAR_INFRAESTRUCTURA,"Demanda 83.3/100 frente a infraestructura 22.7/100, con déficit infrastructural de 77.3 puntos.",10,1,10,INFRAESTRUCTURA|CONECTIVIDAD|INTERMODALIDAD,ALTA_DEMANDA_BAJO_SOPORTE
16,4,78,93,139,3,4,9,AUTOBUS|FERROCARRIL,2,1,0,1,0,0,AUTOBUS|FERROCARRIL,2,1,0,1,0,0,AUTOBUS|FERROCARRIL,2,1,0,1,0,0,397.25073795737075,118.41127766037013,44.245074179546904,0.024018595041322314,0.5624377792314506,0.2923416876766772,0.4,1,0,0,0.3677025063030031,37.35,SOPORTE_FISICO_BAJO,25,MONOMODAL,50.0,92.36111111111111,76.38888888888889,69.44444444444444,46.18055555555556,50.34722222222222,22,12,22,10,70.0,INTERMODALIDAD_MEDIA,16,"POLYGON ((5641199.793963 6158368.467296, 5640768.207736 6158593.063285, 5640705.950899 6159019.849702, 5641075.305409 6159222.058358, 5641506.925154 6158997.448848, 5641876.326714 6159199.665465, 5642307.968384 6158975.045687, 5642677.416996 6159177.270265, 5643109.080586 6158952.640217, 5643171.262039 6158525.799112, 5642801.805037 6158323.606288, 5642370.174971 6158548.222813, 5642000.765018 6158346.037947, 5642062.97674 6157919.268307, 5641693.605443 6157717.123148, 5641262.030814 6157941.71588, 5641199.793963 6158368.467296))",92.36111111111111,92.36111111111111,54.9917,29.2342,40.0,41.6198,43.5238,58.941,56.5972,61.32,88.89,17,17,CENTRALIDAD_ESTRUCTURAL_ALTA,CENTRALIDAD_ESTRUCTURAL_MUY_ALTA,50.74,58.3802,DEFICIT_INFRAESTRUCTURAL,75.71,14,92.36111111111111,41.6198,43.5238,58.941,MEDIO,MUY_ALTO,MEDIO,MEDIO,MEDIO,MEDIO,PRIORIDAD_CRITICA,CENTRALIDAD_DEMANDA,DEMANDA,DEMANDA,ALTA_DEMANDA_BAJO_SOPORTE,17,14,AMPLIAR_INFRAESTRUCTURA,7.638888888888886,56.4762,41.059,43.4028,49.82955,82.81346555555555,IMPACTO_MUY_ALTO,52.193349999999995,MEDIA,71.12863433333334,PRIORIDAD_ALTA,INTERVENCION_INTEGRAL,Demanda elevada combinada con déficit infraestructural significativo y alta prioridad territorial.,11,10,11,INFRAESTRUCTURA|INTERMODALIDAD|INTEGRACION|CONECTIVIDAD,ALTA_DEMANDA_BAJO_SOPORTE
23,1,6,9,15,0,0,0,AUTOBUS,1,0,0,1,0,0,AUTOBUS,1,0,0,1,0,0,AUTOBUS|FERROCARRIL,2,1,0,1,0,0,30.557749073643905,11.459155902616464,4.7746482927568605,0.0023243801652892563,0.29664455240180393,0.0,0.2,0,0,0,0.13999999999999999,15.42,SOPORTE_FISICO_MUY_BAJO,129,MONOMODAL,50.0,77.77777777777779,93.05555555555556,23.26388888888889,46.18055555555556,50.34722222222222,44,33,44,11,39.0,INTERMODALIDAD_BAJA,129,"POLYGON ((5617128.388665 6183773.340842, 5616778.905362 6183434.675749, 5616842.134082 6183006.308526, 5617254.817562 6182916.614958, 5617604.274594 6183255.257279, 5617541.074415 6183683.61594, 5617128.388665 6183773.340842))",77.77777777777779,77.77777777777779,27.8703,0.0,20.0,16.0676,18.3681,22.8299,62.1528,40.66,40.97,86,86,CENTRALIDAD_ESTRUCTURAL_MEDIA,CENTRALIDAD_ESTRUCTURAL_MEDIA,61.71,83.9324,DEFICIT_INFRAESTRUCTURAL,71.35,23,77.77777777777779,16.0676,18.3681,22.8299,ALTO,ALTO,MUY_BAJO,MUY_BAJO,BAJO,ALTO,PRIORIDAD_ALTA,CENTRALIDAD_DEFICITARIA,DEMANDA,DEMANDA,PERFIL_EQUILIBRADO,86,23,MEJORAR_INTERMODALIDAD,22.222222222222214,81.6319,77.1701,37.8472,70.1454,65.20896888888889,IMPACTO_ALTO,75.09203500000001,URGENTE,70.75147633333333,PRIORIDAD_ALTA,AMPLIAR_INFRAESTRUCTURA,"Demanda 77.8/100 frente a infraestructura 16.1/100, con déficit infrastructural de 83.9 puntos.",12,2,12,INFRAESTRUCTURA|INTERMODALIDAD|CONECTIVIDAD,INTERVENCION_SELECTIVA
12,2,52,57,64,0,2,2,AUTOBUS,1,0,0,1,0,0,AUTOBUS|FERROCARRIL,2,1,0,1,0,0,AUTOBUS|FERROCARRIL,2,1,0,1,0,0,264.83382530491383,72.57465404990428,20.371832715762604,0.014721074380165289,0.5054865469479658,0.19955424691458712,0.4,1,0,0,0.3398662740743761,32.9,SOPORTE_FISICO_BAJO,48,MONOMODAL,50.0,90.27777777777779,94.44444444444444,69.44444444444444,46.18055555555556,50.34722222222222,17,15,17,2,70.0,INTERMODALIDAD_MEDIA,16,"POLYGON ((5658404.121661 6147048.653807, 5658465.740008 6146622.298342, 5658095.75667 6146420.613956, 5657664.163272 6146645.253242, 5657602.519631 6147071.590525, 5657170.91438 6147296.233153, 5657109.250599 6147722.605565, 5657479.217356 6147924.353535, 5657910.856188 6147699.697301, 5657972.494681 6147273.306704, 5658404.121661 6147048.653807))",90.27777777777779,90.27777777777779,49.1473,19.9554,40.0,36.1232,41.2041,55.9896,62.6157,59.01,81.25,28,28,CENTRALIDAD_ESTRUCTURAL_MEDIA,CENTRALIDAD_ESTRUCTURAL_MUY_ALTA,54.15,63.8768,DEFICIT_INFRAESTRUCTURAL,75.83,13,90.27777777777779,36.1232,41.2041,55.9896,ALTO,MUY_ALTO,BAJO,MEDIO,MEDIO,MEDIO,PRIORIDAD_CRITICA,CENTRALIDAD_DEMANDA,DEMANDA,DEMANDA,ALTA_DEMANDA_BAJO_SOPORTE,28,13,AMPLIAR_INFRAESTRUCTURA,9.722222222222214,58.7959,44.0104,37.3843,51.01685,79.71725888888889,IMPACTO_MUY_ALTO,54.659420000000004,MEDIA,70.59367033333334,PRIORIDAD_ALTA,INTERVENCION_INTEGRAL,Demanda elevada combinada con déficit infraestructural significativo y alta prioridad territorial.,13,11,13,INFRAESTRUCTURA|INTERMODALIDAD|CONECTIVIDAD,ALTA_DEMANDA_BAJO_SOPORTE
15,2,5,6,6,2,2,2,AUTOBUS|FERROCARRIL,2,1,0,1,0,0,AUTOBUS|FERROCARRIL,2,1,0,1,0,0,AUTOBUS|FERROCARRIL,2,1,0,1,0,0,25.464790894703256,7.639437268410976,1.909859317102744,0.0015495867768595042,0.25358849344279244,0.19955424691458712,0.4,1,0,0,0.3398662740743761,23.89,SOPORTE_FISICO_BAJO,100,INTERMODAL,100.0,85.41666666666666,86.11111111111111,23.26388888888889,46.18055555555556,50.34722222222222,28,22,28,6,66.0,INTERMODALIDAD_MEDIA,102,"POLYGON ((5647750.100458 6138025.436146, 5647381.035001 6137824.369936, 5646950.085053 6138048.736423, 5646888.167041 6138474.182758, 5647257.224227 6138675.280706, 5647195.311383 6139100.780276, 5647564.407258 6139301.917827, 5647995.424254 6139077.524066, 5648057.311847 6138652.006391, 5647688.207697 6138450.900582, 5647750.100458 6138025.436146))",85.41666666666666,85.41666666666666,23.5531,19.9554,40.0,25.8137,45.6312,43.0556,76.5046,55.31,77.78,33,33,CENTRALIDAD_ESTRUCTURAL_MEDIA,CENTRALIDAD_ESTRUCTURAL_ALTA,59.6,74.1863,DEFICIT_INFRAESTRUCTURAL,75.09,15,85.41666666666666,25.8137,45.6312,43.0556,ALTO,MUY_ALTO,BAJO,MEDIO,MEDIO,MEDIO,PRIORIDAD_CRITICA,CENTRALIDAD_DEMANDA,DEMANDA,DEMANDA|TERRITORIAL,ALTA_DEMANDA_BAJO_SOPORTE,33,15,AMPLIAR_INFRAESTRUCTURA,14.583333333333343,54.3688,56.9444,23.495400000000004,52.24872500000001,76.49207833333334,IMPACTO_MUY_ALTO,58.17991,MEDIA,70.5321645,PRIORIDAD_ALTA,INTERVENCION_INTEGRAL,Demanda elevada combinada con déficit infraestructural significativo y alta prioridad territorial.,14,12,14,INFRAESTRUCTURA|CONECTIVIDAD|INTERMODALIDAD,ALTA_DEMANDA_BAJO_SOPORTE
10,2,16,19,27,2,2,2,AUTOBUS|FERROCARRIL,2,1,0,1,0,0,AUTOBUS|FERROCARRIL,2,1,0,1,0,0,AUTOBUS|FERROCARRIL,2,1,0,1,0,0,81.48733086305042,24.19155134996809,8.594366926962348,0.00490702479338843,0.3794422222409767,0.19955424691458712,0.4,1,0,0,0.3398662740743761,28.34,SOPORTE_FISICO_BAJO,77,INTERMODAL,100.0,89.58333333333334,95.13888888888889,23.26388888888889,46.18055555555556,50.34722222222222,21,16,21,5,70.0,INTERMODALIDAD_MEDIA,16,"POLYGON ((5640971.26896 6146274.938833, 5641033.427549 6145849.071287, 5640664.508656 6145647.632154, 5640233.439503 6145872.028841, 5640171.255744 6146297.878247, 5639740.174913 6146522.278273, 5639677.971147 6146948.162741, 5640046.873373 6147149.665326, 5640477.987703 6146925.251717, 5640540.166306 6146499.349106, 5640971.26896 6146274.938833))",89.58333333333334,89.58333333333334,36.2601,19.9554,40.0,30.9287,53.7041,45.6597,79.5139,60.15,84.03,24,24,CENTRALIDAD_ESTRUCTURAL_ALTA,CENTRALIDAD_ESTRUCTURAL_MUY_ALTA,58.65,69.07130000000001,DEFICIT_INFRAESTRUCTURAL,77.21,12,89.58333333333334,30.9287,53.7041,45.6597,ALTO,MUY_ALTO,BAJO,MEDIO,MEDIO,MEDIO,PRIORIDAD_CRITICA,CENTRALIDAD_DEMANDA,DEMANDA,DEMANDA|TERRITORIAL,ALTA_DEMANDA_BAJO_SOPORTE,24,12,AMPLIAR_INFRAESTRUCTURA,10.416666666666657,46.2959,54.3403,20.486099999999993,47.5484,79.51034666666668,IMPACTO_MUY_ALTO,53.14347000000001,MEDIA,70.16834800000001,PRIORIDAD_ALTA,INTERVENCION_INTEGRAL,Demanda elevada combinada con déficit infraestructural significativo y alta prioridad territorial.,15,13,15,INFRAESTRUCTURA|CONECTIVIDAD|INTERMODALIDAD,ALTA_DEMANDA_BAJO_SOPORTE
30,3,38,40,42,1,1,1,AUTOBUS|FERROCARRIL,2,1,0,1,0,0,AUTOBUS|FERROCARRIL,2,1,0,1,0,0,AUTOBUS|FERROCARRIL,2,1,0,1,0,0,193.53241079974472,50.92958178940651,13.36901521971921,0.010330578512396695,0.4645127786483475,0.12590471182995822,0.4,1,0,0,0.3177714135489874,29.56,SOPORTE_FISICO_BAJO,71,MONOMODAL,50.0,84.72222222222221,68.05555555555556,69.44444444444444,46.18055555555556,50.34722222222222,30,23,30,7,70.0,INTERMODALIDAD_MEDIA,16,"POLYGON ((5600437.010915 6185741.283206, 5600086.982766 6185402.151454, 5599673.039625 6185492.064628, 5599609.122311 6185921.140978, 5599959.176819 6186260.295546, 5599895.266556 6186689.411712, 5599481.273106 6186779.381922, 5599417.341216 6187208.546516, 5599767.431456 6187547.732281, 5600181.427218 6187457.730642, 5600245.330431 6187028.574668, 5600659.278206 6186938.598646, 5600723.159794 6186509.491093, 5600373.12228 6186170.350948, 5600437.010915 6185741.283206))",84.72222222222221,84.72222222222221,44.9488,12.5905,40.0,31.9432,39.3629,54.9479,53.8194,54.9,77.08,34,34,CENTRALIDAD_ESTRUCTURAL_MEDIA,CENTRALIDAD_ESTRUCTURAL_ALTA,52.78,68.0568,DEFICIT_INFRAESTRUCTURAL,71.95,21,84.72222222222221,31.9432,39.3629,54.9479,MEDIO,MUY_ALTO,BAJO,BAJO,MEDIO,MEDIO,PRIORIDAD_ALTA,CENTRALIDAD_DEMANDA,DEMANDA,DEMANDA,ALTA_DEMANDA_BAJO_SOPORTE,34,21,AMPLIAR_INFRAESTRUCTURA,15.277777777777786,60.6371,45.0521,46.1806,54.981649999999995,76.48144111111111,IMPACTO_MUY_ALTO,58.319505,MEDIA,69.91186466666666,PRIORIDAD_ALTA,AMPLIAR_INFRAESTRUCTURA,"Demanda 84.7/100 frente a infraestructura 31.9/100, con déficit infrastructural de 68.1 puntos.",16,3,16,INFRAESTRUCTURA|INTERMODALIDAD|INTEGRACION|CONECTIVIDAD,ALTA_DEMANDA_BAJO_SOPORTE
14,5,38,54,91,2,4,5,AUTOBUS|FERROCARRIL,2,1,0,1,0,0,AUTOBUS|FERROCARRIL,2,1,0,1,0,0,AUTOBUS|FERROCARRIL,2,1,0,1,0,0,193.53241079974472,68.75493541569878,28.966199642724952,0.013946280991735538,0.49921692756703323,0.2923416876766772,0.4,1,0,0,0.3677025063030031,34.99,SOPORTE_FISICO_BAJO,35,INTERMODAL,100.0,95.13888888888889,86.80555555555556,69.44444444444444,95.48611111111111,50.34722222222222,3,8,3,5,70.0,INTERMODALIDAD_MEDIA,16,"POLYGON ((5618551.690631 6176833.39909, 5618202.411031 6176494.912935, 5617789.978349 6176584.322389, 5617726.822957 6177012.249306, 5617314.34241 6177101.684242, 5617251.165402 6177529.659452, 5617600.4975 6177868.191219, 5618012.980353 6177778.724971, 5618362.295445 6178117.242403, 5618299.153934 6178545.248882, 5618648.478264 6178883.774775, 5619060.917853 6178794.271393, 5619410.22516 6179132.782947, 5619822.619184 6179043.273745, 5619885.703612 6178615.284296, 5619536.422551 6178276.795534, 5619124.030818 6178366.273428, 5618774.732738 6178027.770331, 5618837.852638 6177599.812136, 5618488.563794 6177261.317505, 5618551.690631 6176833.39909))",95.13888888888889,95.13888888888889,48.5044,29.2342,40.0,38.9953,56.0238,74.2188,76.7361,68.3,98.61,3,3,CENTRALIDAD_ESTRUCTURAL_ALTA,CENTRALIDAD_ESTRUCTURAL_MUY_ALTA,56.14,61.0047,DEFICIT_INFRAESTRUCTURAL,79.54,10,95.13888888888889,38.9953,56.0238,74.2188,ALTO,MUY_ALTO,BAJO,MEDIO,ALTO,MEDIO,PRIORIDAD_CRITICA,CENTRALIDAD_DEMANDA,DEMANDA,DEMANDA|TERRITORIAL|CONECTIVIDAD,ALTA_DEMANDA_BAJO_SOPORTE,3,10,AMPLIAR_INFRAESTRUCTURA,4.861111111111114,43.9762,25.7812,23.263900000000007,38.506499999999996,84.85374444444444,IMPACTO_MUY_ALTO,44.041755,MEDIA,69.60028166666666,PRIORIDAD_ALTA,INTERVENCION_INTEGRAL,Demanda elevada combinada con déficit infraestructural significativo y alta prioridad territorial.,17,14,17,INFRAESTRUCTURA|INTERMODALIDAD,ALTA_DEMANDA_BAJO_SOPORTE
39,2,12,13,33,0,0,1,AUTOBUS,1,0,0,1,0,0,AUTOBUS,1,0,0,1,0,0,AUTOBUS|FERROCARRIL,2,1,0,1,0,0,61.11549814728781,16.552114081557114,10.504226244065093,0.0033574380165289257,0.3369487741528316,0.0,0.2,0,0,0,0.13999999999999999,16.84,SOPORTE_FISICO_MUY_BAJO,123,MONOMODAL,50.0,78.47222222222221,65.97222222222221,95.83333333333334,95.48611111111111,50.34722222222222,14,32,14,18,40.0,INTERMODALIDAD_BAJA,115,"POLYGON ((5654827.704305 6149698.701934, 5654889.453737 6149272.242361, 5654519.59763 6149070.446656, 5654088.0004 6149295.078739, 5654026.22571 6149721.52012, 5653594.616684 6149946.155525, 5653532.821888 6150372.632005, 5653902.661368 6150574.491275, 5654334.303961 6150349.842284, 5654396.073506 6149923.347608, 5654827.704305 6149698.701934))",78.47222222222221,78.47222222222221,31.9429,0.0,20.0,17.706,19.8438,67.6215,53.125,47.39,56.6,63,63,CENTRALIDAD_ESTRUCTURAL_MEDIA,CENTRALIDAD_ESTRUCTURAL_MEDIA,60.77,82.294,DEFICIT_INFRAESTRUCTURAL,71.39,22,78.47222222222221,17.706,19.8438,67.6215,MEDIO,ALTO,MUY_BAJO,MUY_BAJO,ALTO,ALTO,PRIORIDAD_ALTA,CENTRALIDAD_DEFICITARIA,DEMANDA,DEMANDA,PERFIL_EQUILIBRADO,63,22,MEJORAR_INTERMODALIDAD,21.527777777777786,80.1562,32.3785,46.875,60.425925,68.3012961111111,IMPACTO_ALTO,66.4636,ALTA,69.00201516666667,PRIORIDAD_ALTA,AMPLIAR_INFRAESTRUCTURA,"Demanda 78.5/100 frente a infraestructura 17.7/100, con déficit infrastructural de 82.3 puntos.",18,4,18,INFRAESTRUCTURA|INTERMODALIDAD|INTEGRACION,INTERVENCION_SELECTIVA
9,1,52,79,168,3,5,11,AUTOBUS|FERROCARRIL,2,1,0,1,0,0,AUTOBUS|FERROCARRIL,2,1,0,1,0,0,AUTOBUS|FERROCARRIL|TRANVIA,3,1,0,1,0,1,264.83382530491383,100.58592403407786,53.47606087887684,0.020402892561983473,0.5434253034113294,0.3254589587445453,0.4,1,0,0,0.3776376876233636,37.46,SOPORTE_FISICO_BAJO,23,MONOMODAL,50.0,88.88888888888889,97.91666666666666,69.44444444444444,46.18055555555556,50.34722222222222,16,17,16,1,70.0,INTERMODALIDAD_MEDIA,16,"POLYGON ((5631761.795651 6165646.319939, 5632130.830604 6165848.80608, 5632068.254114 6166275.904101, 5631636.617646 6166500.497723, 5631267.591152 6166297.97986, 5631330.192665 6165870.900096, 5631761.795651 6165646.319939))",88.88888888888889,88.88888888888889,53.0397,32.5459,40.0,41.9467,44.3518,70.0521,63.7731,62.91,91.67,13,13,CENTRALIDAD_ESTRUCTURAL_ALTA,CENTRALIDAD_ESTRUCTURAL_MUY_ALTA,46.94,58.0533,DEFICIT_INFRAESTRUCTURAL,72.11,20,88.88888888888889,41.9467,44.3518,70.0521,ALTO,MUY_ALTO,MEDIO,MEDIO,ALTO,MEDIO,PRIORIDAD_ALTA,CENTRALIDAD_DEMANDA,DEMANDA,DEMANDA|CONECTIVIDAD,ALTA_DEMANDA_BAJO_SOPORTE,13,20,AMPLIAR_INFRAESTRUCTURA,11.111111111111114,55.6482,29.947900000000004,36.2269,44.969075000000004,80.93925944444445,IMPACTO_MUY_ALTO,48.556985000000005,MEDIA,68.83067316666667,PRIORIDAD_ALTA,AMPLIAR_INFRAESTRUCTURA,"Demanda 88.9/100 frente a infraestructura 41.9/100, con déficit infrastructural de 58.1 puntos.",19,5,19,INFRAESTRUCTURA|INTERMODALIDAD,ALTA_DEMANDA_BAJO_SOPORTE
19,3,40,43,74,1,1,2,AUTOBUS|FERROCARRIL,2,1,0,1,0,0,AUTOBUS|FERROCARRIL,2,1,0,1,0,0,AUTOBUS|FERROCARRIL,2,1,0,1,0,0,203.71832715762605,54.749300423612,23.55493157760051,0.011105371900826446,0.47285969214745543,0.12590471182995822,0.4,1,0,0,0.3177714135489874,29.86,SOPORTE_FISICO_BAJO,68,INTERMODAL,100.0,86.80555555555556,72.91666666666666,69.44444444444444,46.18055555555556,50.34722222222222,11,20,11,9,70.0,INTERMODALIDAD_MEDIA,16,"POLYGON ((5647428.424204 6153943.94761, 5647058.861563 6153741.969145, 5646627.291158 6153966.573034, 5646565.249857 6154393.168942, 5646133.667769 6154617.776117, 5646071.60643 6155044.40707, 5646441.152356 6155246.449059, 5646872.767982 6155021.828334, 5647242.360946 6155223.878269, 5647673.998432 6154999.247275, 5647736.00941 6154572.579896, 5647366.408087 6154370.561727, 5647428.424204 6153943.94761))",86.80555555555556,86.80555555555556,45.8035,12.5905,40.0,32.2874,51.8629,62.7604,72.1065,61.11,88.19,18,18,CENTRALIDAD_ESTRUCTURAL_ALTA,CENTRALIDAD_ESTRUCTURAL_MUY_ALTA,54.52,67.71260000000001,DEFICIT_INFRAESTRUCTURAL,73.89,18,86.80555555555556,32.2874,51.8629,62.7604,ALTO,MUY_ALTO,BAJO,MEDIO,ALTO,MEDIO,PRIORIDAD_ALTA,CENTRALIDAD_DEMANDA,DEMANDA,DEMANDA|TERRITORIAL,ALTA_DEMANDA_BAJO_SOPORTE,18,18,AMPLIAR_INFRAESTRUCTURA,13.194444444444443,48.1371,37.2396,27.893500000000003,45.2457,78.90891777777777,IMPACTO_MUY_ALTO,50.75126000000001,MEDIA,68.70250066666667,PRIORIDAD_ALTA,AMPLIAR_INFRAESTRUCTURA,"Demanda 86.8/100 frente a infraestructura 32.3/100, con déficit infrastructural de 67.7 puntos.",20,6,20,INFRAESTRUCTURA|INTERMODALIDAD,ALTA_DEMANDA_BAJO_SOPORTE
44,6,66,91,150,3,5,7,AUTOBUS|FERROCARRIL,2,1,0,1,0,0,AUTOBUS|FERROCARRIL,2,1,0,1,0,0,AUTOBUS|FERROCARRIL,2,1,0,1,0,0,336.13523981008296,115.86479857089981,47.7464829275686,0.02350206611570248,0.5599027673794839,0.3254589587445453,0.4,1,0,0,0.3776376876233636,38.09,SOPORTE_FISICO_BAJO,20,INTERMODAL,100.0,91.66666666666666,58.333333333333336,99.30555555555556,46.18055555555556,50.34722222222222,5,13,5,8,70.0,INTERMODALIDAD_MEDIA,16,"POLYGON ((5650258.359242 6161943.219254, 5649826.374557 6162167.98884, 5649764.374803 6162595.259025, 5649332.378463 6162820.031842, 5649270.358666 6163247.337039, 5648838.350682 6163472.113082, 5648468.396054 6163269.570418, 5648036.409992 6163494.336176, 5647974.345002 6163921.658105, 5648344.291228 6164124.232551, 5648776.310847 6163899.453287, 5649146.304156 6164102.035726, 5649578.3457 6163877.246176, 5649948.386093 6164079.836608, 5650380.449559 6163855.036772, 5650442.439066 6163427.66001, 5650874.49088 6163202.863395, 5650936.460337 6162775.521648, 5650566.403154 6162572.994791, 5650628.377735 6162145.706336, 5650258.359242 6161943.219254))",91.66666666666666,91.66666666666666,54.7314,32.5459,40.0,42.6333,56.8518,68.8368,67.2454,66.58,97.92,4,4,CENTRALIDAD_ESTRUCTURAL_ALTA,CENTRALIDAD_ESTRUCTURAL_MUY_ALTA,49.03,57.3667,DEFICIT_INFRAESTRUCTURAL,74.61,16,91.66666666666666,42.6333,56.8518,68.8368,ALTO,MUY_ALTO,MEDIO,MEDIO,ALTO,MEDIO,PRIORIDAD_ALTA,CENTRALIDAD_DEMANDA,DEMANDA,DEMANDA,ALTA_DEMANDA_BAJO_SOPORTE,4,16,AMPLIAR_INFRAESTRUCTURA,8.333333333333343,43.1482,31.163200000000003,32.754599999999996,41.108175,83.43096833333333,IMPACTO_MUY_ALTO,44.879560000000005,MEDIA,68.6473835,PRIORIDAD_ALTA,AMPLIAR_INFRAESTRUCTURA,"Demanda 91.7/100 frente a infraestructura 42.6/100, con déficit infrastructural de 57.4 puntos.",21,7,21,INFRAESTRUCTURA|INTERMODALIDAD,ALTA_DEMANDA_BAJO_SOPORTE
13,2,53,58,62,2,2,2,AUTOBUS|FERROCARRIL,2,1,0,1,0,0,AUTOBUS|FERROCARRIL,2,1,0,1,0,0,AUTOBUS|FERROCARRIL,2,1,0,1,0,0,269.9267834838545,73.84789359463944,19.735212943395023,0.014979338842975207,0.5075042799813676,0.19955424691458712,0.4,1,0,0,0.3398662740743761,32.98,SOPORTE_FISICO_BAJO,47,INTERMODAL,100.0,87.5,92.36111111111111,69.44444444444444,46.18055555555556,50.34722222222222,7,19,7,12,70.0,INTERMODALIDAD_MEDIA,16,"POLYGON ((5647867.073815 6145440.837139, 5647929.010761 6145014.859517, 5647559.707622 6144813.388982, 5647128.475844 6145037.864317, 5647066.513675 6145463.82379, 5646635.270142 6145688.302473, 5646573.28791 6146114.297041, 5646942.574428 6146315.831077, 5647373.851492 6146091.338795, 5647435.808506 6145665.326076, 5647867.073815 6145440.837139))",87.5,87.5,49.3542,19.9554,40.0,36.2076,53.7041,55.4688,78.588,62.22,89.58,16,16,CENTRALIDAD_ESTRUCTURAL_ALTA,CENTRALIDAD_ESTRUCTURAL_MUY_ALTA,51.29,63.7924,DEFICIT_INFRAESTRUCTURAL,73.02,19,87.5,36.2076,53.7041,55.4688,ALTO,MUY_ALTO,BAJO,MEDIO,MEDIO,MEDIO,PRIORIDAD_ALTA,CENTRALIDAD_DEMANDA,DEMANDA,DEMANDA|TERRITORIAL,ALTA_DEMANDA_BAJO_SOPORTE,16,19,AMPLIAR_INFRAESTRUCTURA,12.5,46.2959,44.5312,21.412000000000006,44.007875000000006,79.425575,IMPACTO_MUY_ALTO,49.208975,MEDIA,68.4811425,PRIORIDAD_ALTA,AMPLIAR_INFRAESTRUCTURA,"Demanda 87.5/100 frente a infraestructura 36.2/100, con déficit infrastructural de 63.8 puntos.",22,8,22,INFRAESTRUCTURA|INTERMODALIDAD|CONECTIVIDAD,ALTA_DEMANDA_BAJO_SOPORTE
22,3,128,185,293,4,10,18,AUTOBUS|FERROCARRIL,2,1,0,1,0,0,AUTOBUS|FERROCARRIL,2,1,0,1,0,0,AUTOBUS|FERROCARRIL,2,1,0,1,0,0,651.8986469044033,235.5493157760051,93.26479665185067,0.04777892561983471,0.6428281645235828,0.43555874103997483,0.4,1,0,0,0.4106676223119924,44.1,SOPORTE_FISICO_MEDIO,9,MONOMODAL,50.0,88.19444444444444,77.08333333333334,69.44444444444444,46.18055555555556,50.34722222222222,23,18,23,5,70.0,INTERMODALIDAD_MEDIA,16,"POLYGON ((5634703.272839 6172801.584511, 5634333.860222 6172598.669238, 5633901.910906 6172823.387086, 5633839.340707 6173251.033643, 5633407.379984 6173475.754642, 5633344.789892 6173903.436088, 5633714.185529 6174106.414846, 5634146.179752 6173881.680418, 5634515.622496 6174084.667208, 5634947.638815 6173859.922495, 5635010.178887 6173432.204423, 5634640.727654 6173229.249377, 5634703.272839 6172801.584511))",88.19444444444444,88.19444444444444,63.252,43.5559,40.0,49.82,47.1042,60.5035,56.8287,63.09,92.36,12,12,CENTRALIDAD_ESTRUCTURAL_ALTA,CENTRALIDAD_ESTRUCTURAL_MUY_ALTA,38.37,50.18,DEFICIT_INFRAESTRUCTURAL,68.26,26,88.19444444444444,49.82,47.1042,60.5035,MEDIO,MUY_ALTO,MEDIO,MEDIO,ALTO,BAJO,PRIORIDAD_ALTA,CENTRALIDAD_DEMANDA,DEMANDA,DEMANDA,ALTA_DEMANDA_BAJO_SOPORTE,12,26,MEJORAR_INTERMODALIDAD,11.805555555555557,52.8958,39.4965,43.1713,46.4359,81.09240222222223,IMPACTO_MUY_ALTO,47.670945,MEDIA,68.09043633333334,PRIORIDAD_ALTA,AMPLIAR_INFRAESTRUCTURA,"Demanda 88.2/100 frente a infraestructura 49.8/100, con déficit infrastructural de 50.2 puntos.",23,9,23,INTERMODALIDAD|INFRAESTRUCTURA|INTEGRACION,ALTA_DEMANDA_BAJO_SOPORTE
49,5,114,166,269,6,6,11,AUTOBUS|FERROCARRIL|TRANVIA,3,1,0,1,0,1,AUTOBUS|FERROCARRIL|TRANVIA,3,1,0,1,0,1,AUTOBUS|FERROCARRIL|TRANVIA,3,1,0,1,0,1,580.5972323992343,211.35776442603702,85.6253593834397,0.042871900826446284,0.630140811547512,0.3534592124660774,0.6,1,0,0,0.5260377637398232,46.53,SOPORTE_FISICO_MEDIO,4,MONOMODAL,50.0,90.97222222222221,65.27777777777779,69.44444444444444,46.18055555555556,50.34722222222222,27,14,27,13,85.0,INTERMODALIDAD_MUY_ALTA,3,"POLYGON ((5633125.287566 6161781.705243, 5633187.799811 6161354.906519, 5632818.846929 6161152.666365, 5632387.390232 6161377.193213, 5632018.484396 6161174.961024, 5631587.049698 6161399.477611, 5631524.487359 6161826.239879, 5631093.04119 6162050.759695, 5631030.458948 6162477.556906, 5631399.34791 6162679.85253, 5631336.770801 6163106.702912, 5631705.698373 6163309.038226, 5632137.211497 6163084.491439, 5632199.763569 6162657.622822, 5632631.265225 6162433.079256, 5632693.797387 6162006.245583, 5633125.287566 6161781.705243))",90.97222222222221,90.97222222222221,61.9478,35.3459,60.0,51.265,58.2115,60.8507,52.8935,66.17,97.22,5,5,CENTRALIDAD_ESTRUCTURAL_ALTA,CENTRALIDAD_ESTRUCTURAL_MUY_ALTA,39.71,48.735,CENTRALIDAD_ESTRATEGICA,70.47,24,90.97222222222221,51.265,58.2115,60.8507,MEDIO,MUY_ALTO,MEDIO,MEDIO,ALTO,BAJO,PRIORIDAD_ALTA,CENTRALIDAD_ESTRATEGICA,DEMANDA,DEMANDA,PERFIL_EQUILIBRADO,5,24,MANTENER_Y_OPTIMIZAR,9.027777777777786,41.7885,39.1493,47.1065,44.194824999999994,83.49107611111111,IMPACTO_MUY_ALTO,44.83696,MEDIA,67.96069316666667,PRIORIDAD_ALTA,AMPLIAR_INFRAESTRUCTURA,"Demanda 91.0/100 frente a infraestructura 51.3/100, con déficit infrastructural de 48.7 puntos.",24,10,24,INFRAESTRUCTURA|INTEGRACION|INTERMODALIDAD,INTERVENCION_SELECTIVA
28,1,21,21,23,0,0,0,AUTOBUS,1,0,0,1,0,0,AUTOBUS,1,0,0,1,0,0,AUTOBUS,1,0,0,1,0,0,106.95212175775367,26.73803043943842,7.321127382227186,0.005423553719008265,0.39076674425743785,0.0,0.2,0,0,0,0.13999999999999999,18.76,SOPORTE_FISICO_MUY_BAJO,118,MONOMODAL,50.0,72.22222222222221,88.19444444444444,23.26388888888889,46.18055555555556,50.34722222222222,51,41,51,10,40.0,INTERMODALIDAD_BAJA,115,"POLYGON ((5652301.061115 6147860.005745, 5652670.745762 6148061.706223, 5652608.935527 6148488.022839, 5652177.415399 6148712.620797, 5651807.739063 6148510.888546, 5651869.574544 6148084.59011, 5652301.061115 6147860.005745))",72.22222222222221,72.22222222222221,37.4137,0.0,20.0,19.9088,19.8438,18.5764,60.5324,39.45,36.81,92,92,CENTRALIDAD_ESTRUCTURAL_BAJA,CENTRALIDAD_ESTRUCTURAL_BAJA,52.31,80.0912,DEFICIT_INFRAESTRUCTURAL,64.26,31,72.22222222222221,19.9088,19.8438,18.5764,ALTO,ALTO,MUY_BAJO,MUY_BAJO,MUY_BAJO,MEDIO,PRIORIDAD_ALTA,CENTRALIDAD_DEFICITARIA,DEMANDA,DEMANDA,PERFIL_EQUILIBRADO,92,31,MEJORAR_INTERMODALIDAD,27.777777777777786,80.1562,81.4236,39.4676,70.28465,61.21104111111111,IMPACTO_ALTO,74.28039000000001,ALTA,67.85556966666667,PRIORIDAD_ALTA,AMPLIAR_INFRAESTRUCTURA,"Demanda 72.2/100 frente a infraestructura 19.9/100, con déficit infrastructural de 80.1 puntos.",25,11,25,CONECTIVIDAD|INTERMODALIDAD|INFRAESTRUCTURA,INTERVENCION_SELECTIVA
21,1,13,20,35,0,2,3,AUTOBUS,1,0,0,1,0,0,AUTOBUS|FERROCARRIL,2,1,0,1,0,0,AUTOBUS|FERROCARRIL,2,1,0,1,0,0,66.20845632622846,25.464790894703256,11.140846016432674,0.005165289256198347,0.3852407435141075,0.19955424691458712,0.4,1,0,0,0.3398662740743761,28.55,SOPORTE_FISICO_BAJO,76,MONOMODAL,50.0,79.16666666666666,93.75,23.26388888888889,46.18055555555556,50.34722222222222,43,31,43,12,70.0,INTERMODALIDAD_MEDIA,16,"POLYGON ((5664082.031661 6151985.388162, 5664452.551814 6152187.461886, 5664391.080973 6152614.370244, 5663959.064663 6152839.186645, 5663588.552811 6152637.081099, 5663650.048967 6152210.190973, 5664082.031661 6151985.388162))",79.16666666666666,79.16666666666666,36.8507,19.9554,40.0,31.1669,41.2041,50.7812,62.3843,53.64,75.69,36,36,CENTRALIDAD_ESTRUCTURAL_MEDIA,CENTRALIDAD_ESTRUCTURAL_ALTA,48.0,68.8331,DEFICIT_INFRAESTRUCTURAL,66.7,29,79.16666666666666,31.1669,41.2041,50.7812,ALTO,ALTO,BAJO,MEDIO,MEDIO,MEDIO,PRIORIDAD_ALTA,CENTRALIDAD_DEFICITARIA,DEMANDA,DEMANDA,PERFIL_EQUILIBRADO,36,29,MEJORAR_INTERMODALIDAD,20.833333333333343,58.7959,49.2188,37.6157,53.615875,73.01350833333332,IMPACTO_ALTO,57.71833000000001,MEDIA,67.8351875,PRIORIDAD_ALTA,AMPLIAR_INFRAESTRUCTURA,"Demanda 79.2/100 frente a infraestructura 31.2/100, con déficit infrastructural de 68.8 puntos.",26,12,26,INFRAESTRUCTURA|INTERMODALIDAD|CONECTIVIDAD,INTERVENCION_SELECTIVA
46,2,34,54,100,2,2,4,AUTOBUS|FERROCARRIL,2,1,0,1,0,0,AUTOBUS|FERROCARRIL,2,1,0,1,0,0,AUTOBUS|FERROCARRIL,2,1,0,1,0,0,173.16057808398213,68.75493541569878,31.830988618379067,0.013946280991735538,0.49921692756703323,0.19955424691458712,0.4,1,0,0,0.3398662740743761,32.67,SOPORTE_FISICO_BAJO,51,MONOMODAL,50.0,82.63888888888889,71.52777777777779,69.44444444444444,46.18055555555556,50.34722222222222,31,26,31,5,70.0,INTERMODALIDAD_MEDIA,16,"POLYGON ((5626889.016211 6152709.101783, 5626540.547713 6152371.330718, 5626129.391818 6152459.642705, 5626066.701983 6152885.756945, 5626415.196615 6153223.550929, 5626352.513695 6153649.705107, 5626701.017672 6153987.507834, 5627112.178432 6153899.133468, 5627174.832787 6153472.987566, 5626826.354946 6153135.207753, 5626889.016211 6152709.101783))",82.63888888888889,82.63888888888889,48.5044,19.9554,40.0,35.8637,41.2041,64.8438,54.9769,57.22,80.56,29,29,CENTRALIDAD_ESTRUCTURAL_MEDIA,CENTRALIDAD_ESTRUCTURAL_MUY_ALTA,46.78,64.1363,DEFICIT_INFRAESTRUCTURAL,68.3,25,82.63888888888889,35.8637,41.2041,64.8438,MEDIO,MUY_ALTO,BAJO,MEDIO,ALTO,MEDIO,PRIORIDAD_ALTA,CENTRALIDAD_DEMANDA,DEMANDA,DEMANDA,ALTA_DEMANDA_BAJO_SOPORTE,29,25,AMPLIAR_INFRAESTRUCTURA,17.361111111111114,58.7959,35.1562,45.0231,50.777875,75.64301944444443,IMPACTO_MUY_ALTO,54.138200000000005,MEDIA,67.72144416666666,PRIORIDAD_ALTA,AMPLIAR_INFRAESTRUCTURA,"Demanda 82.6/100 frente a infraestructura 35.9/100, con déficit infrastructural de 64.1 puntos.",27,13,27,INFRAESTRUCTURA|INTERMODALIDAD|INTEGRACION,ALTA_DEMANDA_BAJO_SOPORTE
26,3,53,79,124,3,4,6,AUTOBUS|FERROCARRIL,2,1,0,1,0,0,AUTOBUS|FERROCARRIL,2,1,0,1,0,0,AUTOBUS|FERROCARRIL,2,1,0,1,0,0,269.9267834838545,100.58592403407786,39.470425886790046,0.020402892561983473,0.5434253034113294,0.2923416876766772,0.4,1,0,0,0.3677025063030031,36.63,SOPORTE_FISICO_BAJO,27,INTERMODAL,100.0,84.02777777777779,61.80555555555556,23.26388888888889,46.18055555555556,50.34722222222222,34,24,34,10,70.0,INTERMODALIDAD_MEDIA,16,"POLYGON ((5630250.526251 6154216.78136, 5630313.075134 6153790.602452, 5629944.53859 6153588.830208, 5629513.461562 6153813.205173, 5629144.972026 6153611.440852, 5628713.916948 6153835.805571, 5628651.317951 6154261.948139, 5629019.799085 6154463.744156, 5628957.205237 6154889.939869, 5629325.724975 6155091.77551, 5629756.846968 6154867.383741, 5629819.415763 6154441.169853, 5630250.526251 6154216.78136))",84.02777777777779,84.02777777777779,53.0397,29.2342,40.0,40.8286,56.0238,48.7847,68.4028,60.78,86.81,20,20,CENTRALIDAD_ESTRUCTURAL_ALTA,CENTRALIDAD_ESTRUCTURAL_MUY_ALTA,43.2,59.1714,DEFICIT_INFRAESTRUCTURAL,67.7,27,84.02777777777779,40.8286,56.0238,48.7847,ALTO,MUY_ALTO,MEDIO,MEDIO,MEDIO,MEDIO,PRIORIDAD_ALTA,CENTRALIDAD_DEMANDA,DEMANDA,DEMANDA,ALTA_DEMANDA_BAJO_SOPORTE,20,27,AMPLIAR_INFRAESTRUCTURA,15.972222222222214,43.9762,51.2153,31.5972,46.490025,77.3548938888889,IMPACTO_MUY_ALTO,49.645250000000004,MEDIA,66.89603383333335,PRIORIDAD_ALTA,AMPLIAR_INFRAESTRUCTURA,"Demanda 84.0/100 frente a infraestructura 40.8/100, con déficit infrastructural de 59.2 puntos.",28,14,28,INFRAESTRUCTURA|CONECTIVIDAD|INTERMODALIDAD,ALTA_DEMANDA_BAJO_SOPORTE
38,1,0,0,0,0,0,0,,0,0,0,0,0,0,,0,0,0,0,0,0,,0,0,0,0,0,0,0.0,0.0,0.0,0.0,0.0,0.0,0.0,0,0,0,0.0,0.0,SOPORTE_FISICO_MUY_BAJO,143,MONOMODAL,50.0,62.5,79.86111111111111,23.26388888888889,46.18055555555556,50.34722222222222,66,55,66,11,0.0,SIN_INFRAESTRUCTURA_500M,143,"POLYGON ((5648245.063498 6134622.781241, 5648614.076347 6134823.67306, 5648552.233525 6135248.925577, 5648121.352583 6135473.268194, 5647752.347986 6135272.344638, 5647814.216078 6134847.110201, 5648245.063498 6134622.781241))",62.5,62.5,0.0,0.0,0.0,0.0,11.0243,17.5347,57.7546,29.36,15.62,122,122,CENTRALIDAD_ESTRUCTURAL_BAJA,CENTRALIDAD_ESTRUCTURAL_MUY_BAJA,62.5,100.0,DEFICIT_INFRAESTRUCTURAL,62.5,34,62.5,0.0,11.0243,17.5347,MEDIO,ALTO,MUY_BAJO,MUY_BAJO,MUY_BAJO,ALTO,PRIORIDAD_ALTA,CENTRALIDAD_LOCAL,DEMANDA,DEMANDA,PERFIL_EQUILIBRADO,122,34,MANTENER_Y_OPTIMIZAR,37.5,88.9757,82.4653,42.2454,78.42160000000001,51.62032000000001,IMPACTO_MEDIO,85.073795,URGENTE,66.835187,PRIORIDAD_ALTA,MEJORAR_INTERMODALIDAD,Existe un déficit relevante de intermodalidad respecto del potencial estructural de la centralidad.,29,1,29,INFRAESTRUCTURA|INTERMODALIDAD|CONECTIVIDAD|INTEGRACION,INTERVENCION_SELECTIVA
42,2,29,42,64,1,1,2,AUTOBUS|FERROCARRIL,2,1,0,1,0,0,AUTOBUS|FERROCARRIL,2,1,0,1,0,0,AUTOBUS|FERROCARRIL,2,1,0,1,0,0,147.6957871892789,53.47606087887684,20.371832715762604,0.01084710743801653,0.47014268538970894,0.12590471182995822,0.4,1,0,0,0.3177714135489874,29.77,SOPORTE_FISICO_BAJO,69,INTERMODAL,100.0,79.86111111111111,69.44444444444444,23.26388888888889,46.18055555555556,50.34722222222222,35,30,35,5,70.0,INTERMODALIDAD_MEDIA,16,"POLYGON ((5623501.610282 6151373.317335, 5623090.272968 6151461.605714, 5623027.468776 6151887.753023, 5623376.0305 6152225.603689, 5623787.370268 6152137.284111, 5624135.91523 6152475.120606, 5624547.209638 6152386.795126, 5624609.956636 6151960.664348, 5624261.437818 6151622.850784, 5623850.14586 6151711.145067, 5623501.610282 6151373.317335))",79.86111111111111,79.86111111111111,45.5253,12.5905,40.0,32.1765,51.8629,47.5694,70.9491,56.61,79.86,30,30,CENTRALIDAD_ESTRUCTURAL_MEDIA,CENTRALIDAD_ESTRUCTURAL_ALTA,47.68,67.8235,DEFICIT_INFRAESTRUCTURAL,66.99,28,79.86111111111111,32.1765,51.8629,47.5694,ALTO,ALTO,BAJO,MEDIO,MEDIO,MEDIO,PRIORIDAD_ALTA,CENTRALIDAD_DEFICITARIA,DEMANDA,DEMANDA|TERRITORIAL,PERFIL_EQUILIBRADO,30,28,MEJORAR_CONECTIVIDAD,20.138888888888886,48.1371,52.4306,29.0509,49.360524999999996,73.76066055555556,IMPACTO_ALTO,54.00743,MEDIA,66.80121383333334,PRIORIDAD_ALTA,AMPLIAR_INFRAESTRUCTURA,"Demanda 79.9/100 frente a infraestructura 32.2/100, con déficit infrastructural de 67.8 puntos.",30,15,30,INFRAESTRUCTURA|CONECTIVIDAD|INTERMODALIDAD,INTERVENCION_SELECTIVA
50,2,27,35,47,0,0,3,AUTOBUS,1,0,0,1,0,0,AUTOBUS,1,0,0,1,0,0,AUTOBUS|FERROCARRIL,2,1,0,1,0,0,137.50987083139756,44.563384065730695,14.960564650638162,0.009039256198347107,0.44913236307384297,0.0,0.2,0,0,0,0.13999999999999999,20.86,SOPORTE_FISICO_BAJO,109,MONOMODAL,50.0,70.83333333333334,56.94444444444444,69.44444444444444,46.18055555555556,50.34722222222222,41,43,41,2,40.0,INTERMODALIDAD_BAJA,115,"POLYGON ((5659946.604801 6150190.248616, 5660008.197423 6149763.626528, 5659638.020417 6149561.743552, 5659206.259087 6149786.450863, 5659144.641173 6150213.054745, 5658712.867997 6150437.765375, 5658651.229938 6150864.404376, 5659021.390339 6151066.350956, 5659453.197106 6150841.626733, 5659514.809879 6150414.969523, 5659946.604801 6150190.248616))",70.83333333333334,70.83333333333334,43.3746,0.0,20.0,22.3101,19.8438,31.8576,50.1157,40.59,40.28,87,87,CENTRALIDAD_ESTRUCTURAL_MEDIA,CENTRALIDAD_ESTRUCTURAL_MEDIA,48.52,77.6899,DEFICIT_INFRAESTRUCTURAL,61.91,37,70.83333333333334,22.3101,19.8438,31.8576,MEDIO,ALTO,BAJO,MUY_BAJO,BAJO,MEDIO,PRIORIDAD_ALTA,CENTRALIDAD_DEFICITARIA,DEMANDA,DEMANDA,PERFIL_EQUILIBRADO,87,37,MEJORAR_INTERMODALIDAD,29.166666666666657,80.1562,68.1424,49.8843,68.9682,61.29430666666667,IMPACTO_ALTO,72.226135,ALTA,66.749629,PRIORIDAD_ALTA,AMPLIAR_INFRAESTRUCTURA,"Demanda 70.8/100 frente a infraestructura 22.3/100, con déficit infrastructural de 77.7 puntos.",31,16,31,INTERMODALIDAD|INFRAESTRUCTURA|CONECTIVIDAD|INTEGRACION,INTERVENCION_SELECTIVA
24,1,15,17,25,1,2,4,AUTOBUS|FERROCARRIL,2,1,0,1,0,0,AUTOBUS|FERROCARRIL,2,1,0,1,0,0,AUTOBUS|FERROCARRIL,2,1,0,1,0,0,76.39437268410977,21.645072260497766,7.957747154594767,0.004390495867768595,0.36690985424200945,0.19955424691458712,0.4,1,0,0,0.3398662740743761,27.9,SOPORTE_FISICO_BAJO,79,MONOMODAL,50.0,75.69444444444444,91.66666666666666,23.26388888888889,46.18055555555556,50.34722222222222,46,36,46,10,70.0,INTERMODALIDAD_MEDIA,16,"POLYGON ((5622937.503255 6184997.333773, 5622588.165815 6184658.792014, 5622651.173323 6184230.533014, 5623063.489782 6184140.824339, 5623412.800975 6184479.343354, 5623349.821954 6184907.593788, 5622937.503255 6184997.333773))",75.69444444444444,75.69444444444444,34.9848,19.9554,40.0,30.4163,41.2041,45.8333,61.6898,51.6,68.75,46,46,CENTRALIDAD_ESTRUCTURAL_MEDIA,CENTRALIDAD_ESTRUCTURAL_ALTA,45.28,69.5837,DEFICIT_INFRAESTRUCTURAL,63.53,33,75.69444444444444,30.4163,41.2041,45.8333,ALTO,ALTO,BAJO,MEDIO,MEDIO,MEDIO,PRIORIDAD_ALTA,CENTRALIDAD_DEFICITARIA,DEMANDA,DEMANDA,PERFIL_EQUILIBRADO,46,33,MEJORAR_INTERMODALIDAD,24.305555555555557,58.7959,54.1667,38.3102,55.214124999999996,69.51504722222222,IMPACTO_ALTO,59.112325,MEDIA,66.25592083333333,PRIORIDAD_ALTA,AMPLIAR_INFRAESTRUCTURA,"Demanda 75.7/100 frente a infraestructura 30.4/100, con déficit infrastructural de 69.6 puntos.",32,17,32,INFRAESTRUCTURA|INTERMODALIDAD|CONECTIVIDAD,INTERVENCION_SELECTIVA
80,4,49,64,116,4,5,8,AUTOBUS|FERROCARRIL,2,1,0,1,0,0,AUTOBUS|FERROCARRIL,2,1,0,1,0,0,AUTOBUS|FERROCARRIL,2,1,0,1,0,0,249.55495076809189,81.48733086305042,36.92394679731972,0.01652892561983471,0.518933586130455,0.3254589587445453,0.4,1,0,0,0.3776376876233636,36.55,SOPORTE_FISICO_BAJO,29,MONOMODAL,50.0,77.08333333333334,28.47222222222222,23.26388888888889,46.18055555555556,50.34722222222222,76,34,76,42,70.0,INTERMODALIDAD_MEDIA,16,"POLYGON ((5653406.090619 6159515.403742, 5653035.991544 6159313.035841, 5652604.031713 6159537.80274, 5652542.137385 6159964.951074, 5652110.16585 6160189.721223, 5652048.251451 6160616.904596, 5651616.268222 6160841.677991, 5651554.333757 6161268.896397, 5651122.338845 6161493.673032, 5651060.38432 6161920.926465, 5651430.44989 6162123.421532, 5651862.47837 6161898.631376, 5651924.40771 6161471.359674, 5652356.424509 6161246.572754, 5652418.333782 6160819.336082, 5652850.338889 6160594.552403, 5652912.22809 6160167.350768, 5653344.221494 6159942.570335, 5653406.090619 6159515.403742))",77.08333333333334,77.08333333333334,50.5265,32.5459,40.0,40.9305,44.3518,52.6042,40.625,54.18,76.39,35,35,CENTRALIDAD_ESTRUCTURAL_MEDIA,CENTRALIDAD_ESTRUCTURAL_ALTA,36.15,59.0695,DEFICIT_INFRAESTRUCTURAL,60.71,40,77.08333333333334,40.9305,44.3518,52.6042,MEDIO,ALTO,MEDIO,MEDIO,MEDIO,BAJO,PRIORIDAD_ALTA,CENTRALIDAD_LOCAL,DEMANDA,DEMANDA,PERFIL_EQUILIBRADO,35,40,MEJORAR_INTERMODALIDAD,22.916666666666657,55.6482,47.3958,59.375,55.372125000000004,72.53309166666668,IMPACTO_ALTO,55.92526,MEDIA,65.8521025,PRIORIDAD_ALTA,AMPLIAR_INFRAESTRUCTURA,"Demanda 77.1/100 frente a infraestructura 40.9/100, con déficit infrastructural de 59.1 puntos.",33,18,33,INTEGRACION|INFRAESTRUCTURA|INTERMODALIDAD|CONECTIVIDAD,INTERVENCION_SELECTIVA
25,1,11,14,27,1,1,5,AUTOBUS|FERROCARRIL,2,1,0,1,0,0,AUTOBUS|FERROCARRIL,2,1,0,1,0,0,AUTOBUS|FERROCARRIL|FLUVIAL,3,1,0,1,1,0,56.02253996834716,17.82535362629228,8.594366926962348,0.003615702479338843,0.34518442464383275,0.12590471182995822,0.4,1,0,0,0.3177714135489874,25.28,SOPORTE_FISICO_BAJO,95,MONOMODAL,50.0,75.0,90.97222222222221,69.44444444444444,46.18055555555556,50.34722222222222,29,37,29,8,70.0,INTERMODALIDAD_MEDIA,16,"POLYGON ((5631603.65219 6180343.659084, 5631973.151169 6180546.987459, 5631910.467358 6180975.14408, 5631478.259605 6181199.953971, 5631108.76916 6180996.593853, 5631171.477933 6180568.455588, 5631603.65219 6180343.659084))",75.0,75.0,32.778,12.5905,40.0,27.0415,39.3629,64.4965,61.4583,52.95,72.92,40,40,CENTRALIDAD_ESTRUCTURAL_MEDIA,CENTRALIDAD_ESTRUCTURAL_ALTA,47.96,72.9585,DEFICIT_INFRAESTRUCTURAL,64.18,32,75.0,27.0415,39.3629,64.4965,ALTO,ALTO,BAJO,BAJO,ALTO,MEDIO,PRIORIDAD_ALTA,CENTRALIDAD_DEFICITARIA,DEMANDA,DEMANDA,PERFIL_EQUILIBRADO,40,32,MEJORAR_INTERMODALIDAD,25.0,60.6371,35.5035,38.5417,51.910199999999996,69.75804000000001,IMPACTO_ALTO,57.224630000000005,MEDIA,65.82850400000001,PRIORIDAD_ALTA,AMPLIAR_INFRAESTRUCTURA,"Demanda 75.0/100 frente a infraestructura 27.0/100, con déficit infrastructural de 73.0 puntos.",34,19,34,INFRAESTRUCTURA|INTERMODALIDAD,INTERVENCION_SELECTIVA
29,1,3,3,3,1,1,1,AUTOBUS|FERROCARRIL,2,1,0,1,0,0,AUTOBUS|FERROCARRIL,2,1,0,1,0,0,AUTOBUS|FERROCARRIL,2,1,0,1,0,0,15.278874536821952,3.819718634205488,0.954929658551372,0.0007747933884297521,0.18495368961100384,0.12590471182995822,0.4,1,0,0,0.3177714135489874,19.63,SOPORTE_FISICO_MUY_BAJO,113,MONOMODAL,50.0,70.13888888888889,85.41666666666666,23.26388888888889,46.18055555555556,50.34722222222222,54,44,54,10,63.0,INTERMODALIDAD_MEDIA,108,"POLYGON ((5610841.856763 6199259.701027, 5610491.826399 6198920.560189, 5610555.388057 6198491.005514, 5610968.951539 6198400.60039, 5611318.955556 6198739.718527, 5611255.422436 6199169.264489, 5610841.856763 6199259.701027))",70.13888888888889,70.13888888888889,16.7796,12.5905,40.0,20.5945,30.1615,42.8819,59.6065,44.62,52.08,70,70,CENTRALIDAD_ESTRUCTURAL_MEDIA,CENTRALIDAD_ESTRUCTURAL_MEDIA,49.54,79.4055,DEFICIT_INFRAESTRUCTURAL,61.9,38,70.13888888888889,20.5945,30.1615,42.8819,MEDIO,ALTO,BAJO,BAJO,MEDIO,MEDIO,PRIORIDAD_ALTA,CENTRALIDAD_DEFICITARIA,DEMANDA,DEMANDA,PERFIL_EQUILIBRADO,70,38,MEJORAR_INTERMODALIDAD,29.861111111111114,69.8385,57.1181,40.3935,61.688900000000004,63.03122444444444,IMPACTO_ALTO,66.70447,ALTA,65.73820466666666,PRIORIDAD_ALTA,AMPLIAR_INFRAESTRUCTURA,"Demanda 70.1/100 frente a infraestructura 20.6/100, con déficit infrastructural de 79.4 puntos.",35,20,35,INFRAESTRUCTURA|INTERMODALIDAD|CONECTIVIDAD|INTEGRACION,INTERVENCION_SELECTIVA
47,2,7,8,22,1,1,1,AUTOBUS|FERROCARRIL,2,1,0,1,0,0,AUTOBUS|FERROCARRIL,2,1,0,1,0,0,AUTOBUS|FERROCARRIL,2,1,0,1,0,0,35.65070725258456,10.185916357881302,7.002817496043395,0.002066115702479339,0.28396708285127487,0.12590471182995822,0.4,1,0,0,0.3177714135489874,23.12,SOPORTE_FISICO_BAJO,103,INTERMODAL,100.0,74.30555555555556,61.111111111111114,23.26388888888889,46.18055555555556,50.34722222222222,42,38,42,4,68.0,INTERMODALIDAD_MEDIA,99,"POLYGON ((5647371.399289 6148849.718245, 5647802.788696 6148625.18186, 5647864.750318 6148198.974298, 5647495.347745 6147997.32129, 5647063.991872 6148221.844089, 5646694.636307 6148020.198991, 5646263.302235 6148244.711533, 5646201.290198 6148670.882756, 5646570.637436 6148872.559607, 5647002.00504 6148648.033481, 5647371.399289 6148849.718245))",74.30555555555556,74.30555555555556,26.595,12.5905,40.0,24.5534,44.3976,62.934,68.1713,53.57,75.0,37,37,CENTRALIDAD_ESTRUCTURAL_MEDIA,CENTRALIDAD_ESTRUCTURAL_ALTA,49.75,75.4466,DEFICIT_INFRAESTRUCTURAL,64.48,30,74.30555555555556,24.5534,44.3976,62.934,ALTO,ALTO,BAJO,MEDIO,ALTO,MEDIO,PRIORIDAD_ALTA,CENTRALIDAD_DEFICITARIA,DEMANDA,DEMANDA,PERFIL_EQUILIBRADO,37,30,MEJORAR_INTERMODALIDAD,25.694444444444443,55.6024,37.066,31.828699999999998,49.985925,69.64996277777777,IMPACTO_ALTO,56.266745,MEDIA,65.51910016666666,PRIORIDAD_ALTA,AMPLIAR_INFRAESTRUCTURA,"Demanda 74.3/100 frente a infraestructura 24.6/100, con déficit infrastructural de 75.4 puntos.",36,21,36,INFRAESTRUCTURA|INTERMODALIDAD,INTERVENCION_SELECTIVA
27,1,41,56,87,1,2,3,AUTOBUS|FERROCARRIL,2,1,0,1,0,0,AUTOBUS|FERROCARRIL,2,1,0,1,0,0,AUTOBUS|FERROCARRIL,2,1,0,1,0,0,208.8112853365667,71.30141450516912,27.69296009798979,0.014462809917355372,0.503433589674143,0.19955424691458712,0.4,1,0,0,0.3398662740743761,32.83,SOPORTE_FISICO_BAJO,49,MONOMODAL,50.0,72.91666666666666,90.27777777777779,23.26388888888889,46.18055555555556,50.34722222222222,48,40,48,8,70.0,INTERMODALIDAD_MEDIA,16,"POLYGON ((5621964.742943 6164508.100599, 5621615.8522 6164169.956903, 5621678.781931 6163742.976183, 5622090.573835 6163654.147538, 5622439.438389 6163992.268365, 5622376.537226 6164419.240706, 5621964.742943 6164508.100599))",72.91666666666666,72.91666666666666,48.9368,19.9554,40.0,36.039,41.2041,48.0903,61.2269,52.46,70.83,43,43,CENTRALIDAD_ESTRUCTURAL_MEDIA,CENTRALIDAD_ESTRUCTURAL_ALTA,36.88,63.961,DEFICIT_INFRAESTRUCTURAL,58.5,43,72.91666666666666,36.039,41.2041,48.0903,ALTO,ALTO,BAJO,MEDIO,MEDIO,BAJO,PRIORIDAD_MEDIA,CENTRALIDAD_LOCAL,DEMANDA,DEMANDA,PERFIL_EQUILIBRADO,43,43,MEJORAR_INTERMODALIDAD,27.083333333333343,58.7959,51.9097,38.7731,53.359925000000004,68.37931833333333,IMPACTO_ALTO,56.481280000000005,MEDIA,64.4328085,PRIORIDAD_ALTA,AMPLIAR_INFRAESTRUCTURA,"Demanda 72.9/100 frente a infraestructura 36.0/100, con déficit infrastructural de 64.0 puntos.",37,22,37,INFRAESTRUCTURA|INTERMODALIDAD|CONECTIVIDAD,INTERVENCION_SELECTIVA
67,3,74,118,211,6,11,17,AUTOBUS|FERROCARRIL,2,1,0,1,0,0,AUTOBUS|FERROCARRIL,2,1,0,1,0,0,AUTOBUS|FERROCARRIL|FLUVIAL,3,1,0,1,1,0,376.87890524160815,150.2422662787492,67.16338598477984,0.030475206611570247,0.5902281063005388,0.45136367057450355,0.4,1,0,0,0.415409101172351,42.4,SOPORTE_FISICO_MEDIO,11,INTERMODAL,100.0,80.55555555555556,50.69444444444444,23.26388888888889,46.18055555555556,50.34722222222222,40,29,40,11,70.0,INTERMODALIDAD_MEDIA,16,"POLYGON ((5632368.397188 6169671.81357, 5631999.224727 6169469.105078, 5631567.464957 6169693.745442, 5631504.844161 6170121.107744, 5631073.072983 6170345.751279, 5631010.432305 6170773.148479, 5631379.587806 6170975.920429, 5631811.392469 6170751.263452, 5632180.59506 6170954.043415, 5632612.421806 6170729.376162, 5632675.012472 6170301.942387, 5632305.801402 6170099.194155, 5632368.397188 6169671.81357))",80.55555555555556,80.55555555555556,57.8461,45.1364,40.0,48.1471,59.9994,52.2569,64.6991,62.51,90.28,15,15,CENTRALIDAD_ESTRUCTURAL_ALTA,CENTRALIDAD_ESTRUCTURAL_MUY_ALTA,32.41,51.8529,DEFICIT_INFRAESTRUCTURAL,61.3,39,80.55555555555556,48.1471,59.9994,52.2569,ALTO,MUY_ALTO,MEDIO,MEDIO,MEDIO,BAJO,PRIORIDAD_MEDIA,CENTRALIDAD_LOCAL,DEMANDA,DEMANDA,ALTA_DEMANDA_BAJO_SOPORTE,15,39,MANTENER_Y_OPTIMIZAR,19.444444444444443,40.0006,47.7431,35.3009,43.724374999999995,76.10665277777777,IMPACTO_MUY_ALTO,45.585065,MEDIA,64.20157916666668,PRIORIDAD_ALTA,AMPLIAR_INFRAESTRUCTURA,"Demanda 80.6/100 frente a infraestructura 48.1/100, con déficit infrastructural de 51.9 puntos.",38,23,38,INFRAESTRUCTURA|CONECTIVIDAD|INTERMODALIDAD,ALTA_DEMANDA_BAJO_SOPORTE
6,4,145,223,408,7,9,17,AUTOBUS|FERROCARRIL|FLUVIAL,3,1,0,1,1,0,AUTOBUS|FERROCARRIL|FLUVIAL,3,1,0,1,1,0,AUTOBUS|FERROCARRIL|FLUVIAL|TRANVIA,4,1,0,1,1,1,738.4789359463944,283.9324184759413,129.8704335629866,0.05759297520661157,0.6647132504735409,0.41824639950663545,0.6,1,0,1,0.5454739198519907,49.59,SOPORTE_FISICO_MEDIO,2,INTERMODAL,100.0,99.30555555555556,95.83333333333334,95.83333333333334,95.48611111111111,50.34722222222222,1,2,1,1,85.0,INTERMODALIDAD_MUY_ALTA,3,"POLYGON ((5634964.850157 6165557.889116, 5634533.159043 6165782.510349, 5634470.65766 6166209.663149, 5634038.955077 6166434.287583, 5633669.787372 6166231.745746, 5633238.106823 6166456.359908, 5633175.560489 6166883.529375, 5633544.719738 6167086.102943, 5633976.433778 6166861.475314, 5634345.640101 6167064.056878, 5634777.376179 6166839.418977, 5635146.629578 6167042.008536, 5635578.387688 6166817.360361, 5635640.858899 6166390.136096, 5635271.597048 6166187.578273, 5635334.073384 6165760.40721, 5634964.850157 6165557.889116))",99.30555555555556,99.30555555555556,65.5021,41.8246,60.0,54.9116,72.3312,83.941,79.7454,78.55,99.31,2,2,CENTRALIDAD_ESTRUCTURAL_ALTA,CENTRALIDAD_ESTRUCTURAL_MUY_ALTA,44.39,45.0884,CENTRALIDAD_ESTRATEGICA,77.34,11,99.30555555555556,54.9116,72.3312,83.941,ALTO,MUY_ALTO,MEDIO,ALTO,MUY_ALTO,MEDIO,PRIORIDAD_ALTA,CENTRALIDAD_ESTRATEGICA,DEMANDA,DEMANDA|CONECTIVIDAD|TERRITORIAL,FUERTE_CONECTIVIDAD,2,11,MANTENER_Y_OPTIMIZAR,0.6944444444444429,27.668800000000005,16.058999999999997,20.254599999999996,27.2677,84.89931777777778,IMPACTO_MUY_ALTO,31.202550000000002,BAJA,63.99945066666667,PRIORIDAD_ALTA,AMPLIAR_INFRAESTRUCTURA,"Demanda 99.3/100 frente a infraestructura 54.9/100, con déficit infrastructural de 45.1 puntos.",39,24,39,INFRAESTRUCTURA,CENTRALIDAD_CONSOLIDADA
63,3,220,281,302,1,2,5,AUTOBUS|FERROCARRIL,2,1,0,1,0,0,AUTOBUS|FERROCARRIL|FLUVIAL,3,1,0,1,1,0,AUTOBUS|FERROCARRIL|FLUVIAL,3,1,0,1,1,0,1120.450799366943,357.78031207058075,96.12958562750478,0.07257231404958678,0.6918154816838336,0.19955424691458712,0.6,1,0,1,0.4798662740743761,45.29,SOPORTE_FISICO_MEDIO,5,INTERMODAL,100.0,81.94444444444444,55.55555555555556,69.44444444444444,46.18055555555556,50.34722222222222,18,27,18,9,85.0,INTERMODALIDAD_MUY_ALTA,3,"POLYGON ((5637024.046131 6184252.271648, 5636654.126921 6184048.67199, 5636221.662924 6184273.589977, 5636159.084615 6184702.120999, 5635726.609275 6184927.042058, 5635664.011082 6185355.607915, 5636033.913206 6185559.271106, 5636466.422068 6185334.336676, 5636836.371353 6185538.00796, 5637268.902399 6185313.063225, 5637331.450633 6184884.460577, 5636961.492805 6184680.821061, 5637024.046131 6184252.271648))",81.94444444444444,81.94444444444444,68.2892,19.9554,60.0,48.6813,66.8639,55.816,66.3194,65.13,95.14,8,8,CENTRALIDAD_ESTRUCTURAL_ALTA,CENTRALIDAD_ESTRUCTURAL_MUY_ALTA,33.26,51.3187,DEFICIT_INFRAESTRUCTURAL,62.47,35,81.94444444444444,48.6813,66.8639,55.816,ALTO,MUY_ALTO,MEDIO,ALTO,MEDIO,BAJO,PRIORIDAD_MEDIA,CENTRALIDAD_LOCAL,DEMANDA,DEMANDA,ALTA_DEMANDA_BAJO_SOPORTE,8,35,MANTENER_Y_OPTIMIZAR,18.055555555555557,33.1361,44.184,33.6806,40.57985,77.63019222222222,IMPACTO_MUY_ALTO,42.700395,MEDIA,63.85671533333334,PRIORIDAD_ALTA,AMPLIAR_INFRAESTRUCTURA,"Demanda 81.9/100 frente a infraestructura 48.7/100, con déficit infrastructural de 51.3 puntos.",40,25,40,INFRAESTRUCTURA|CONECTIVIDAD,ALTA_DEMANDA_BAJO_SOPORTE
31,1,7,9,18,0,1,1,AUTOBUS,1,0,0,1,0,0,AUTOBUS|FERROCARRIL,2,1,0,1,0,0,AUTOBUS|FERROCARRIL,2,1,0,1,0,0,35.65070725258456,11.459155902616464,5.729577951308232,0.0023243801652892563,0.29664455240180393,0.12590471182995822,0.4,1,0,0,0.3177714135489874,23.57,SOPORTE_FISICO_BAJO,101,MONOMODAL,50.0,69.44444444444444,84.72222222222221,69.44444444444444,46.18055555555556,50.34722222222222,33,45,33,12,69.0,INTERMODALIDAD_MEDIA,97,"POLYGON ((5627219.229698 6183019.703826, 5627588.553091 6183223.134946, 5627525.715085 6183651.375784, 5627093.528765 6183876.167136, 5626724.213932 6183672.704285, 5626787.076857 6183244.481812, 5627219.229698 6183019.703826))",69.44444444444444,69.44444444444444,27.8703,12.5905,40.0,25.0673,32.158,64.4965,59.375,49.14,61.81,56,56,CENTRALIDAD_ESTRUCTURAL_MEDIA,CENTRALIDAD_ESTRUCTURAL_ALTA,44.38,74.9327,DEFICIT_INFRAESTRUCTURAL,59.42,42,69.44444444444444,25.0673,32.158,64.4965,MEDIO,ALTO,BAJO,BAJO,ALTO,MEDIO,PRIORIDAD_MEDIA,CENTRALIDAD_LOCAL,DEMANDA,DEMANDA,PERFIL_EQUILIBRADO,56,42,MANTENER_Y_OPTIMIZAR,30.555555555555557,67.842,35.5035,40.625,54.7258,64.21038222222222,IMPACTO_ALTO,60.12803,ALTA,63.79808933333334,PRIORIDAD_ALTA,MEJORAR_INTERMODALIDAD,Existe un déficit relevante de intermodalidad respecto del potencial estructural de la centralidad.,41,2,41,INFRAESTRUCTURA|INTERMODALIDAD|INTEGRACION,INTERVENCION_SELECTIVA
54,3,91,141,277,6,9,18,AUTOBUS|FERROCARRIL,2,1,0,1,0,0,AUTOBUS|FERROCARRIL,2,1,0,1,0,0,AUTOBUS|FERROCARRIL,2,1,0,1,0,0,463.45919428359923,179.52677580765794,88.17183847291003,0.036415289256198344,0.611043116456841,0.41824639950663545,0.4,1,0,0,0.4054739198519906,42.39,SOPORTE_FISICO_MEDIO,12,INTERMODAL,100.0,81.25,54.861111111111114,69.44444444444444,46.18055555555556,50.34722222222222,19,28,19,9,70.0,INTERMODALIDAD_MEDIA,16,"POLYGON ((5638283.979112 6170148.539915, 5637914.438404 6169945.735593, 5637482.490724 6170170.461352, 5637420.050237 6170598.004888, 5636988.091091 6170822.733817, 5636925.630677 6171250.312272, 5637295.154451 6171453.180098, 5637727.14711 6171228.437719, 5638096.717984 6171431.313566, 5638528.732697 6171206.560903, 5638591.143017 6170778.945842, 5638221.563676 6170576.101749, 5638283.979112 6170148.539915))",81.25,81.25,59.9849,41.8246,40.0,47.9006,59.1714,67.4479,66.088,64.91,94.44,9,9,CENTRALIDAD_ESTRUCTURAL_ALTA,CENTRALIDAD_ESTRUCTURAL_MUY_ALTA,33.35,52.0994,DEFICIT_INFRAESTRUCTURAL,62.09,36,81.25,47.9006,59.1714,67.4479,ALTO,MUY_ALTO,MEDIO,MEDIO,ALTO,BAJO,PRIORIDAD_MEDIA,CENTRALIDAD_LOCAL,DEMANDA,DEMANDA,ALTA_DEMANDA_BAJO_SOPORTE,9,36,MANTENER_Y_OPTIMIZAR,18.75,40.8286,32.552099999999996,33.912000000000006,39.848025,76.926605,IMPACTO_MUY_ALTO,42.64413000000001,MEDIA,63.6661405,PRIORIDAD_ALTA,AMPLIAR_INFRAESTRUCTURA,"Demanda 81.2/100 frente a infraestructura 47.9/100, con déficit infrastructural de 52.1 puntos.",42,26,42,INFRAESTRUCTURA|INTERMODALIDAD,ALTA_DEMANDA_BAJO_SOPORTE
43,1,0,2,11,0,0,0,,0,0,0,0,0,0,AUTOBUS,1,0,0,1,0,0,AUTOBUS,1,0,0,1,0,0,0.0,2.5464790894703255,3.5014087480216975,0.0005165289256198347,0.14887822809865903,0.0,0.2,0,0,0,0.13999999999999999,10.22,SOPORTE_FISICO_MUY_BAJO,142,MONOMODAL,50.0,59.72222222222222,78.47222222222221,23.26388888888889,46.18055555555556,50.34722222222222,68,59,68,9,32.0,INTERMODALIDAD_BAJA,142,"POLYGON ((5620079.634593 6182717.159593, 5619730.264214 6182378.591537, 5619793.371068 6181950.386295, 5620205.81978 6181860.757657, 5620555.163905 6182199.302946, 5620492.08557 6182627.499639, 5620079.634593 6182717.159593))",59.72222222222222,59.72222222222222,13.2975,0.0,20.0,10.1871,16.2847,41.8403,57.2917,35.73,30.56,101,101,CENTRALIDAD_ESTRUCTURAL_BAJA,CENTRALIDAD_ESTRUCTURAL_BAJA,49.54,89.8129,DEFICIT_INFRAESTRUCTURAL,55.65,48,59.72222222222222,10.1871,16.2847,41.8403,MEDIO,MEDIO,MUY_BAJO,MUY_BAJO,MEDIO,MEDIO,PRIORIDAD_MEDIA,CENTRALIDAD_LOCAL,DEMANDA,DEMANDA,PERFIL_EQUILIBRADO,101,48,MANTENER_Y_OPTIMIZAR,40.27777777777778,83.7153,58.1597,42.7083,68.59905,52.74892111111111,IMPACTO_MEDIO,74.89217,ALTA,63.260707666666676,PRIORIDAD_ALTA,MEJORAR_CONECTIVIDAD,La conectividad constituye una de las principales restricciones estructurales de la centralidad.,43,1,43,INFRAESTRUCTURA|INTERMODALIDAD|CONECTIVIDAD|INTEGRACION,INTERVENCION_SELECTIVA
33,1,16,16,17,1,1,2,AUTOBUS|FERROCARRIL,2,1,0,1,0,0,AUTOBUS|FERROCARRIL,2,1,0,1,0,0,AUTOBUS|FERROCARRIL,2,1,0,1,0,0,81.48733086305042,20.371832715762604,5.411268065124442,0.004132231404958678,0.360104439427627,0.12590471182995822,0.4,1,0,0,0.3177714135489874,25.81,SOPORTE_FISICO_BAJO,90,MONOMODAL,50.0,67.36111111111111,84.02777777777779,23.26388888888889,46.18055555555556,50.34722222222222,57,48,57,9,70.0,INTERMODALIDAD_MEDIA,16,"POLYGON ((5606356.028907 6183625.502059, 5606006.226774 6183286.564811, 5606069.878059 6182857.861644, 5606483.30284 6182768.1043, 5606833.078651 6183107.018739, 5606769.456001 6183535.713331, 5606356.028907 6183625.502059))",67.36111111111111,67.36111111111111,34.293,12.5905,40.0,27.6512,39.3629,43.2292,59.1435,47.39,56.6,63,63,CENTRALIDAD_ESTRUCTURAL_MEDIA,CENTRALIDAD_ESTRUCTURAL_MEDIA,39.71,72.3488,DEFICIT_INFRAESTRUCTURAL,56.3,46,67.36111111111111,27.6512,39.3629,43.2292,MEDIO,ALTO,BAJO,BAJO,MEDIO,BAJO,PRIORIDAD_MEDIA,CENTRALIDAD_LOCAL,DEMANDA,DEMANDA,PERFIL_EQUILIBRADO,64,46,MANTENER_Y_OPTIMIZAR,32.638888888888886,60.6371,56.7708,40.8565,57.6533,62.19121555555556,IMPACTO_ALTO,61.581430000000005,ALTA,62.83462933333334,PRIORIDAD_ALTA,MEJORAR_INTERMODALIDAD,Existe un déficit relevante de intermodalidad respecto del potencial estructural de la centralidad.,44,3,44,INFRAESTRUCTURA|INTERMODALIDAD|CONECTIVIDAD|INTEGRACION,INTERVENCION_SELECTIVA
41,2,18,26,39,2,3,4,AUTOBUS|FERROCARRIL,2,1,0,1,0,0,AUTOBUS|FERROCARRIL,2,1,0,1,0,0,AUTOBUS|FERROCARRIL,2,1,0,1,0,0,91.67324722093171,33.10422816311423,12.414085561167836,0.006714876033057851,0.41506520603744346,0.25180942365991643,0.4,1,0,0,0.3555428270979749,30.92,SOPORTE_FISICO_BAJO,61,INTERMODAL,100.0,71.52777777777779,59.02777777777778,69.44444444444444,46.18055555555556,50.34722222222222,24,42,24,18,70.0,INTERMODALIDAD_MEDIA,16,"POLYGON ((5657911.23285 6158751.322631, 5658343.31201 6158526.497273, 5658405.014789 6158099.309497, 5658034.663657 6157896.96534, 5657602.618092 6158121.777148, 5657232.314029 6157919.440961, 5656800.290288 6158144.242483, 5656738.537021 6158571.393741, 5657108.832734 6158773.761734, 5657540.890066 6158548.946664, 5657911.23285 6158751.322631))",71.52777777777779,71.52777777777779,39.8926,25.1809,40.0,34.1547,55.0105,58.4201,67.4769,56.51,79.17,31,31,CENTRALIDAD_ESTRUCTURAL_MEDIA,CENTRALIDAD_ESTRUCTURAL_ALTA,37.37,65.84530000000001,DEFICIT_INFRAESTRUCTURAL,57.86,44,71.52777777777779,34.1547,55.0105,58.4201,ALTO,ALTO,BAJO,MEDIO,MEDIO,BAJO,PRIORIDAD_MEDIA,CENTRALIDAD_LOCAL,DEMANDA,DEMANDA,PERFIL_EQUILIBRADO,31,44,MANTENER_Y_OPTIMIZAR,28.472222222222214,44.9895,41.5799,32.5231,46.23445,68.7617788888889,IMPACTO_ALTO,50.77994,MEDIA,62.33525233333334,PRIORIDAD_ALTA,AMPLIAR_INFRAESTRUCTURA,"Demanda 71.5/100 frente a infraestructura 34.2/100, con déficit infrastructural de 65.8 puntos.",45,27,45,INFRAESTRUCTURA|INTERMODALIDAD|CONECTIVIDAD,INTERVENCION_SELECTIVA
35,1,7,10,21,1,2,3,AUTOBUS|FERROCARRIL,2,1,0,1,0,0,AUTOBUS|FERROCARRIL,2,1,0,1,0,0,AUTOBUS|FERROCARRIL,2,1,0,1,0,0,35.65070725258456,12.732395447351628,6.684507609859605,0.0025826446280991736,0.30808740138835516,0.19955424691458712,0.4,1,0,0,0.3398662740743761,25.81,SOPORTE_FISICO_BAJO,90,MONOMODAL,50.0,65.97222222222221,82.63888888888889,23.26388888888889,46.18055555555556,50.34722222222222,59,50,59,9,70.0,INTERMODALIDAD_MEDIA,16,"POLYGON ((5624697.679061 6181168.111941, 5625066.792464 6181371.407549, 5625003.889318 6181799.452179, 5624571.84786 6182024.182852, 5624202.743013 6181820.855525, 5624265.671067 6181392.829242, 5624697.679061 6181168.111941))",65.97222222222221,65.97222222222221,29.0239,19.9554,40.0,28.0165,41.2041,54.9479,58.6806,49.15,62.5,55,55,CENTRALIDAD_ESTRUCTURAL_MEDIA,CENTRALIDAD_ESTRUCTURAL_ALTA,37.96,71.98349999999999,DEFICIT_INFRAESTRUCTURAL,54.77,50,65.97222222222221,28.0165,41.2041,54.9479,MEDIO,ALTO,BAJO,MEDIO,MEDIO,BAJO,PRIORIDAD_MEDIA,CENTRALIDAD_LOCAL,DEMANDA,DEMANDA,PERFIL_EQUILIBRADO,55,50,MANTENER_Y_OPTIMIZAR,34.027777777777786,58.7959,45.0521,41.3194,54.287725,62.59365611111111,IMPACTO_ALTO,58.700705,MEDIA,61.914686166666655,PRIORIDAD_ALTA,MEJORAR_INTERMODALIDAD,Existe un déficit relevante de intermodalidad respecto del potencial estructural de la centralidad.,46,4,46,INFRAESTRUCTURA|INTERMODALIDAD|CONECTIVIDAD|INTEGRACION,INTERVENCION_SELECTIVA
34,1,10,19,41,0,1,5,AUTOBUS,1,0,0,1,0,0,AUTOBUS|FERROCARRIL,2,1,0,1,0,0,AUTOBUS|FERROCARRIL|FLUVIAL,3,1,0,1,1,0,50.92958178940651,24.19155134996809,13.050705333535419,0.00490702479338843,0.3794422222409767,0.12590471182995822,0.4,1,0,0,0.3177714135489874,26.5,SOPORTE_FISICO_BAJO,86,MONOMODAL,50.0,66.66666666666666,83.33333333333334,69.44444444444444,46.18055555555556,50.34722222222222,36,49,36,13,70.0,INTERMODALIDAD_MEDIA,16,"POLYGON ((5633395.014441 6179016.367679, 5633764.577605 6179219.640621, 5633701.958508 6179647.745899, 5633269.751267 6179872.559884, 5632900.196627 6179669.255194, 5632962.840704 6179241.168266, 5633395.014441 6179016.367679))",66.66666666666666,66.66666666666666,36.2601,12.5905,40.0,28.4432,39.3629,69.6181,58.912,51.32,68.06,47,47,CENTRALIDAD_ESTRUCTURAL_MEDIA,CENTRALIDAD_ESTRUCTURAL_ALTA,38.22,71.5568,DEFICIT_INFRAESTRUCTURAL,55.29,49,66.66666666666666,28.4432,39.3629,69.6181,MEDIO,ALTO,BAJO,BAJO,ALTO,BAJO,PRIORIDAD_MEDIA,CENTRALIDAD_LOCAL,CONECTIVIDAD,CONECTIVIDAD,PERFIL_EQUILIBRADO,47,49,MANTENER_Y_OPTIMIZAR,33.33333333333334,60.6371,30.3819,41.088,50.915949999999995,63.93452333333333,IMPACTO_ALTO,56.021575,MEDIA,61.768634,PRIORIDAD_ALTA,MEJORAR_INTERMODALIDAD,Existe un déficit relevante de intermodalidad respecto del potencial estructural de la centralidad.,47,5,47,INFRAESTRUCTURA|INTERMODALIDAD|INTEGRACION,INTERVENCION_SELECTIVA
48,1,8,9,20,0,0,0,AUTOBUS,1,0,0,1,0,0,AUTOBUS,1,0,0,1,0,0,AUTOBUS|FERROCARRIL,2,1,0,1,0,0,40.74366543152521,11.459155902616464,6.366197723675814,0.0023243801652892563,0.29664455240180393,0.0,0.2,0,0,0,0.13999999999999999,15.42,SOPORTE_FISICO_MUY_BAJO,129,MONOMODAL,50.0,56.94444444444444,75.0,23.26388888888889,46.18055555555556,50.34722222222222,72,63,72,9,39.0,INTERMODALIDAD_BAJA,129,"POLYGON ((5618842.094775 6182986.178869, 5618492.681071 6182647.573683, 5618555.838051 6182219.311607, 5618968.380205 6182129.663269, 5619317.767649 6182468.245684, 5619254.639197 6182896.499207, 5618842.094775 6182986.178869))",56.94444444444444,56.94444444444444,27.8703,0.0,20.0,16.0676,18.3681,31.8576,56.1343,35.17,28.47,104,104,CENTRALIDAD_ESTRUCTURAL_BAJA,CENTRALIDAD_ESTRUCTURAL_BAJA,40.88,83.9324,DEFICIT_INFRAESTRUCTURAL,50.52,53,56.94444444444444,16.0676,18.3681,31.8576,MEDIO,MEDIO,MUY_BAJO,MUY_BAJO,BAJO,MEDIO,PRIORIDAD_MEDIA,CENTRALIDAD_LOCAL,DEMANDA,DEMANDA,PERFIL_EQUILIBRADO,104,53,MANTENER_Y_OPTIMIZAR,43.05555555555556,81.6319,68.1424,43.8657,69.3931,50.89184222222222,IMPACTO_MEDIO,74.18927,ALTA,61.634585333333334,PRIORIDAD_ALTA,MEJORAR_CONECTIVIDAD,La conectividad constituye una de las principales restricciones estructurales de la centralidad.,48,2,48,INFRAESTRUCTURA|INTERMODALIDAD|CONECTIVIDAD|INTEGRACION,INTERVENCION_SELECTIVA
72,3,97,179,351,2,4,15,AUTOBUS|FERROCARRIL,2,1,0,1,0,0,AUTOBUS|FERROCARRIL,2,1,0,1,0,0,AUTOBUS|FERROCARRIL|TRANVIA,3,1,0,1,0,1,494.0169433572431,227.90987850759413,111.72677005051052,0.046229338842975205,0.6389675043971355,0.2923416876766772,0.4,1,0,0,0.3677025063030031,40.37,SOPORTE_FISICO_MEDIO,16,MONOMODAL,50.0,73.61111111111111,46.52777777777778,95.83333333333334,99.30555555555556,50.34722222222222,20,39,20,19,70.0,INTERMODALIDAD_MEDIA,16,"POLYGON ((5634959.141381 6168323.874258, 5634589.857819 6168121.213224, 5634158.076789 6168345.867778, 5634095.545826 6168773.196823, 5634464.820925 6168975.889594, 5634402.295084 6169403.271837, 5634771.608801 6169606.004353, 5635203.456828 6169381.322887, 5635572.817633 6169584.063413, 5636004.687711 6169359.371669, 5636067.16348 6168931.952855, 5635697.794211 6168729.244072, 5635265.957636 6168953.922359, 5634896.635452 6168751.221583, 5634959.141381 6168323.874258))",73.61111111111111,73.61111111111111,62.8551,29.2342,40.0,44.8251,43.5238,87.1528,46.6435,59.73,83.33,25,25,CENTRALIDAD_ESTRUCTURAL_MEDIA,CENTRALIDAD_ESTRUCTURAL_MUY_ALTA,28.79,55.1749,DEFICIT_INFRAESTRUCTURAL,55.68,47,73.61111111111111,44.8251,43.5238,87.1528,MEDIO,ALTO,MEDIO,MEDIO,MUY_ALTO,BAJO,PRIORIDAD_MEDIA,CENTRALIDAD_CONECTIVA,CONECTIVIDAD,CONECTIVIDAD|DEMANDA,FUERTE_CONECTIVIDAD,25,47,MEJORAR_INTERMODALIDAD,26.388888888888886,56.4762,12.8472,53.3565,44.4637,70.69729555555556,IMPACTO_ALTO,46.761925000000005,MEDIA,61.43096233333333,PRIORIDAD_ALTA,AMPLIAR_INFRAESTRUCTURA,"Demanda 73.6/100 frente a infraestructura 44.8/100, con déficit infrastructural de 55.2 puntos.",49,28,49,INTERMODALIDAD|INFRAESTRUCTURA|INTEGRACION,INTERVENCION_SELECTIVA
65,2,22,30,58,0,0,0,AUTOBUS,1,0,0,1,0,0,AUTOBUS,1,0,0,1,0,0,AUTOBUS,1,0,0,1,0,0,112.04507993669432,38.197186342054884,18.46197339865986,0.007747933884297521,0.4314334042643508,0.0,0.2,0,0,0,0.13999999999999999,20.22,SOPORTE_FISICO_BAJO,110,MONOMODAL,50.0,60.416666666666664,50.0,69.44444444444444,95.48611111111111,50.34722222222222,38,58,38,20,40.0,INTERMODALIDAD_BAJA,115,"POLYGON ((5652667.17129 6156346.395976, 5652297.218664 6156144.218883, 5651865.404825 6156368.928346, 5651803.510048 6156795.828452, 5652173.45432 6156998.03733, 5652111.564675 6157424.990728, 5652481.547647 6157627.239353, 5652913.428621 6157402.502794, 5652975.293053 6156975.531156, 5652605.301725 6156773.314318, 5652667.17129 6156346.395976))",60.416666666666664,60.416666666666664,41.5647,0.0,20.0,21.5807,19.8438,53.2118,47.8009,40.25,38.89,89,89,CENTRALIDAD_ESTRUCTURAL_MEDIA,CENTRALIDAD_ESTRUCTURAL_BAJA,38.84,78.41929999999999,DEFICIT_INFRAESTRUCTURAL,51.79,52,60.416666666666664,21.5807,19.8438,53.2118,MEDIO,ALTO,BAJO,MUY_BAJO,MEDIO,BAJO,PRIORIDAD_MEDIA,CENTRALIDAD_LOCAL,DEMANDA,DEMANDA,PERFIL_EQUILIBRADO,89,52,MANTENER_Y_OPTIMIZAR,39.583333333333336,80.1562,46.7882,52.1991,64.3907,54.75347333333333,IMPACTO_MEDIO,68.594275,ALTA,61.409079,PRIORIDAD_ALTA,MEJORAR_INTERMODALIDAD,Existe un déficit relevante de intermodalidad respecto del potencial estructural de la centralidad.,50,6,50,INTERMODALIDAD|INFRAESTRUCTURA|INTEGRACION|CONECTIVIDAD,INTERVENCION_SELECTIVA
32,2,54,107,209,2,7,12,AUTOBUS|FERROCARRIL,2,1,0,1,0,0,AUTOBUS|FERROCARRIL|TRANVIA,3,1,0,1,0,1,AUTOBUS|FERROCARRIL|FLUVIAL|TRANVIA,4,1,0,1,1,1,275.0197416627951,136.2366312866624,66.52676621241226,0.02763429752066116,0.578800029727839,0.3777141354898746,0.6,1,0,0,0.5333142406469623,45.12,SOPORTE_FISICO_MEDIO,6,MONOMODAL,50.0,76.38888888888889,63.888888888888886,69.44444444444444,95.48611111111111,50.34722222222222,25,35,25,10,85.0,INTERMODALIDAD_MUY_ALTA,3,"POLYGON ((5637497.723124 6161872.648176, 5637128.496357 6161670.328483, 5636696.896237 6161894.920149, 5636634.489382 6162321.845005, 5637003.707726 6162524.196436, 5636941.306002 6162951.174497, 5637310.562979 6163153.565642, 5637742.230107 6162928.946987, 5637804.606752 6162501.950679, 5637435.341349 6162299.591273, 5637497.723124 6161872.648176))",76.38888888888889,76.38888888888889,56.6722,37.7714,60.0,49.9347,58.8179,79.4271,52.4306,64.32,93.75,10,10,CENTRALIDAD_ESTRUCTURAL_ALTA,CENTRALIDAD_ESTRUCTURAL_MUY_ALTA,26.45,50.0653,DEFICIT_INFRAESTRUCTURAL,56.41,45,76.38888888888889,49.9347,58.8179,79.4271,MEDIO,ALTO,MEDIO,MEDIO,ALTO,BAJO,PRIORIDAD_MEDIA,CENTRALIDAD_CONECTIVA,CONECTIVIDAD,CONECTIVIDAD|DEMANDA,FUERTE_CONECTIVIDAD,10,45,MANTENER_Y_OPTIMIZAR,23.611111111111114,41.1821,20.572900000000004,47.5694,39.847425,74.28892944444445,IMPACTO_ALTO,41.57163500000001,MEDIA,61.214750166666676,PRIORIDAD_ALTA,AMPLIAR_INFRAESTRUCTURA,"Demanda 76.4/100 frente a infraestructura 49.9/100, con déficit infrastructural de 50.1 puntos.",51,29,51,INFRAESTRUCTURA|INTEGRACION|INTERMODALIDAD,INTERVENCION_SELECTIVA
58,2,22,32,54,0,1,5,AUTOBUS,1,0,0,1,0,0,AUTOBUS|FERROCARRIL,2,1,0,1,0,0,AUTOBUS|FERROCARRIL,2,1,0,1,0,0,112.04507993669432,40.74366543152521,17.188733853924695,0.008264462809917356,0.43883556491653486,0.12590471182995822,0.4,1,0,0,0.3177714135489874,28.63,SOPORTE_FISICO_BAJO,75,INTERMODAL,100.0,65.27777777777779,52.083333333333336,23.26388888888889,46.18055555555556,50.34722222222222,50,51,50,1,70.0,INTERMODALIDAD_MEDIA,16,"POLYGON ((5631240.919949 6177369.156013, 5630871.566843 6177166.018559, 5630439.537886 6177390.758365, 5630376.828548 6177818.649029, 5630746.173134 6178021.81822, 5630683.468903 6178449.76207, 5631052.852086 6178652.971048, 5631484.948024 6178428.204438, 5631547.627286 6178000.24225, 5631178.23558 6177797.06501, 5631240.919949 6177369.156013))",65.27777777777779,65.27777777777779,42.3215,12.5905,40.0,30.8842,51.8629,50.0,65.162,51.69,69.44,45,45,CENTRALIDAD_ESTRUCTURAL_MEDIA,CENTRALIDAD_ESTRUCTURAL_ALTA,34.39,69.11580000000001,DEFICIT_INFRAESTRUCTURAL,52.92,51,65.27777777777779,30.8842,51.8629,50.0,ALTO,ALTO,BAJO,MEDIO,MEDIO,BAJO,PRIORIDAD_MEDIA,CENTRALIDAD_LOCAL,DEMANDA,DEMANDA,PERFIL_EQUILIBRADO,45,51,MANTENER_Y_OPTIMIZAR,34.722222222222214,48.1371,50.0,34.837999999999994,50.522725,63.575433888888895,IMPACTO_ALTO,54.906295,MEDIA,60.878612833333335,PRIORIDAD_ALTA,MEJORAR_INTERMODALIDAD,Existe un déficit relevante de intermodalidad respecto del potencial estructural de la centralidad.,52,7,52,INFRAESTRUCTURA|CONECTIVIDAD|INTERMODALIDAD,INTERVENCION_SELECTIVA
36,1,35,44,82,1,2,4,AUTOBUS|FERROCARRIL,2,1,0,1,0,0,AUTOBUS|FERROCARRIL,2,1,0,1,0,0,AUTOBUS|FERROCARRIL,2,1,0,1,0,0,178.25353626292278,56.02253996834716,26.101410667070837,0.011363636363636364,0.4755153414270987,0.19955424691458712,0.4,1,0,0,0.3398662740743761,31.8,SOPORTE_FISICO_BAJO,54,MONOMODAL,50.0,63.888888888888886,81.25,23.26388888888889,46.18055555555556,50.34722222222222,62,53,62,9,70.0,INTERMODALIDAD_MEDIA,16,"POLYGON ((5624246.560319 6165255.84894, 5623897.720256 6164917.747984, 5623960.564303 6164490.792406, 5624372.219866 6164401.946167, 5624721.033747 6164740.024267, 5624658.218246 6165166.971462, 5624246.560319 6165255.84894))",63.888888888888886,63.888888888888886,46.0755,19.9554,40.0,34.8831,41.2041,53.6458,58.2176,50.0,65.28,51,51,CENTRALIDAD_ESTRUCTURAL_MEDIA,CENTRALIDAD_ESTRUCTURAL_ALTA,29.01,65.1169,DEFICIT_INFRAESTRUCTURAL,49.94,54,63.888888888888886,34.8831,41.2041,53.6458,MEDIO,ALTO,BAJO,MEDIO,MEDIO,BAJO,PRIORIDAD_MEDIA,CENTRALIDAD_LOCAL,DEMANDA,DEMANDA,PERFIL_EQUILIBRADO,51,54,MANTENER_Y_OPTIMIZAR,36.111111111111114,58.7959,46.3542,41.7824,53.01235,62.13091444444444,IMPACTO_ALTO,56.283935,MEDIA,60.54461866666667,PRIORIDAD_ALTA,MEJORAR_INTERMODALIDAD,Existe un déficit relevante de intermodalidad respecto del potencial estructural de la centralidad.,53,8,53,INFRAESTRUCTURA|INTERMODALIDAD|CONECTIVIDAD|INTEGRACION,INTERVENCION_SELECTIVA
37,1,35,49,77,3,4,8,AUTOBUS|FERROCARRIL,2,1,0,1,0,0,AUTOBUS|FERROCARRIL,2,1,0,1,0,0,AUTOBUS|FERROCARRIL,2,1,0,1,0,0,178.25353626292278,62.38873769202297,24.50986123615188,0.01265495867768595,0.48796223344540923,0.2923416876766772,0.4,1,0,0,0.3677025063030031,34.58,SOPORTE_FISICO_BAJO,39,MONOMODAL,50.0,63.19444444444444,80.55555555555556,23.26388888888889,46.18055555555556,50.34722222222222,64,54,64,10,70.0,INTERMODALIDAD_MEDIA,16,"POLYGON ((5625711.66378 6171556.318602, 5626080.528272 6171759.074195, 5626017.722979 6172186.449729, 5625586.028237 6172411.051386, 5625237.061835 6172072.836232, 5625299.893861 6171645.465617, 5625711.66378 6171556.318602))",63.19444444444444,63.19444444444444,47.3508,29.2342,40.0,38.53,43.5238,48.6111,57.9861,50.39,66.67,49,49,CENTRALIDAD_ESTRUCTURAL_MEDIA,CENTRALIDAD_ESTRUCTURAL_ALTA,24.66,61.47,DEFICIT_INFRAESTRUCTURAL,47.78,57,63.19444444444444,38.53,43.5238,48.6111,MEDIO,ALTO,BAJO,MEDIO,MEDIO,BAJO,PRIORIDAD_MEDIA,CENTRALIDAD_LOCAL,DEMANDA,DEMANDA,PERFIL_EQUILIBRADO,49,57,MANTENER_Y_OPTIMIZAR,36.80555555555556,56.4762,51.3889,42.0139,52.837250000000004,62.16567222222222,IMPACTO_ALTO,55.286915,MEDIA,60.02069333333334,PRIORIDAD_ALTA,MEJORAR_INTERMODALIDAD,Existe un déficit relevante de intermodalidad respecto del potencial estructural de la centralidad.,54,9,54,INFRAESTRUCTURA|INTERMODALIDAD|CONECTIVIDAD|INTEGRACION,INTERVENCION_SELECTIVA
56,1,1,3,11,0,0,0,AUTOBUS,1,0,0,1,0,0,AUTOBUS,1,0,0,1,0,0,AUTOBUS,1,0,0,1,0,0,5.092958178940651,3.819718634205488,3.5014087480216975,0.0007747933884297521,0.18495368961100384,0.0,0.2,0,0,0,0.13999999999999999,11.49,SOPORTE_FISICO_MUY_BAJO,138,MONOMODAL,50.0,51.388888888888886,70.83333333333334,23.26388888888889,46.18055555555556,50.34722222222222,80,71,80,9,33.0,INTERMODALIDAD_BAJA,138,"POLYGON ((5648865.212461 6127622.633216, 5649234.034267 6127823.129031, 5649172.260925 6128247.886252, 5648741.640473 6128472.129624, 5648372.826882 6128271.602081, 5648434.625527 6127846.862893, 5648865.212461 6127622.633216))",51.388888888888886,51.388888888888886,16.7796,0.0,20.0,11.5964,16.7188,40.3646,54.7454,33.19,23.61,111,111,CENTRALIDAD_ESTRUCTURAL_BAJA,CENTRALIDAD_ESTRUCTURAL_BAJA,39.79,88.4036,DEFICIT_INFRAESTRUCTURAL,46.75,62,51.388888888888886,11.5964,16.7188,40.3646,MEDIO,MEDIO,MUY_BAJO,MUY_BAJO,MEDIO,BAJO,PRIORIDAD_MEDIA,CENTRALIDAD_LOCAL,INTEGRACION_TERRITORIAL,TERRITORIAL,PERFIL_EQUILIBRADO,111,62,MANTENER_Y_OPTIMIZAR,48.611111111111114,83.2812,59.6354,45.2546,69.1437,46.60618444444444,IMPACTO_MEDIO,74.89701000000001,ALTA,59.448510666666664,PRIORIDAD_MEDIA,MEJORAR_CONECTIVIDAD,La conectividad constituye una de las principales restricciones estructurales de la centralidad.,55,3,1,INFRAESTRUCTURA|INTERMODALIDAD|CONECTIVIDAD|INTEGRACION,INTERVENCION_SELECTIVA
81,2,17,17,32,0,0,0,AUTOBUS,1,0,0,1,0,0,AUTOBUS,1,0,0,1,0,0,AUTOBUS,1,0,0,1,0,0,86.58028904199107,21.645072260497766,10.185916357881302,0.004390495867768595,0.36690985424200945,0.0,0.2,0,0,0,0.13999999999999999,17.91,SOPORTE_FISICO_MUY_BAJO,122,MONOMODAL,50.0,52.77777777777778,41.66666666666667,69.44444444444444,46.18055555555556,50.34722222222222,63,69,63,6,40.0,INTERMODALIDAD_BAJA,115,"POLYGON ((5641518.849978 6150714.196919, 5641581.022828 6150287.99319, 5641211.927318 6150086.292421, 5640780.667308 6150310.763645, 5640718.469301 6150736.949203, 5640287.197641 6150961.423736, 5640224.979633 6151387.644334, 5640594.058435 6151589.408573, 5641025.363602 6151364.92048, 5641087.55646 6150938.681707, 5641518.849978 6150714.196919))",52.77777777777778,52.77777777777778,34.9848,0.0,20.0,18.9312,19.8438,38.9757,45.0231,34.88,27.78,105,105,CENTRALIDAD_ESTRUCTURAL_BAJA,CENTRALIDAD_ESTRUCTURAL_BAJA,33.85,81.0688,DEFICIT_INFRAESTRUCTURAL,45.21,64,52.77777777777778,18.9312,19.8438,38.9757,MEDIO,MEDIO,MUY_BAJO,MUY_BAJO,BAJO,BAJO,PRIORIDAD_MEDIA,CENTRALIDAD_LOCAL,DEMANDA,DEMANDA,PERFIL_EQUILIBRADO,105,64,MANTENER_Y_OPTIMIZAR,47.22222222222222,80.1562,61.0243,54.9769,69.30655,48.58419888888889,IMPACTO_MEDIO,72.917965,ALTA,59.30832933333333,PRIORIDAD_MEDIA,MEJORAR_CONECTIVIDAD,La conectividad constituye una de las principales restricciones estructurales de la centralidad.,56,4,2,INFRAESTRUCTURA|INTERMODALIDAD|CONECTIVIDAD|INTEGRACION,INTERVENCION_SELECTIVA
40,1,18,33,76,1,3,4,AUTOBUS|FERROCARRIL,2,1,0,1,0,0,AUTOBUS|FERROCARRIL,2,1,0,1,0,0,AUTOBUS|FERROCARRIL,2,1,0,1,0,0,91.67324722093171,42.01690497626037,24.19155134996809,0.008522727272727272,0.44236895617989846,0.25180942365991643,0.4,1,0,0,0.3555428270979749,31.91,SOPORTE_FISICO_BAJO,53,MONOMODAL,50.0,61.111111111111114,79.16666666666666,23.26388888888889,46.18055555555556,50.34722222222222,67,57,67,10,70.0,INTERMODALIDAD_MEDIA,16,"POLYGON ((5632662.348307 6175839.201701, 5633031.765553 6176042.28372, 5632969.145911 6176470.141322, 5632537.084034 6176694.898575, 5632167.675297 6176491.784815, 5632230.319927 6176063.945542, 5632662.348307 6175839.201701))",61.111111111111114,61.111111111111114,42.6828,25.1809,40.0,35.2798,42.5105,60.5903,57.5231,50.5,67.36,48,48,CENTRALIDAD_ESTRUCTURAL_MEDIA,CENTRALIDAD_ESTRUCTURAL_ALTA,25.83,64.7202,DEFICIT_INFRAESTRUCTURAL,47.0,61,61.111111111111114,35.2798,42.5105,60.5903,MEDIO,ALTO,BAJO,MEDIO,ALTO,BAJO,PRIORIDAD_MEDIA,CENTRALIDAD_LOCAL,DEMANDA,DEMANDA,PERFIL_EQUILIBRADO,48,61,MANTENER_Y_OPTIMIZAR,38.888888888888886,57.4895,39.4097,42.4769,51.024074999999996,60.96837055555555,IMPACTO_ALTO,54.51393,MEDIA,59.11089483333333,PRIORIDAD_MEDIA,MEJORAR_INTERMODALIDAD,Existe un déficit relevante de intermodalidad respecto del potencial estructural de la centralidad.,57,10,3,INFRAESTRUCTURA|INTERMODALIDAD|INTEGRACION,INTERVENCION_SELECTIVA
45,1,16,20,37,1,1,2,AUTOBUS|FERROCARRIL,2,1,0,1,0,0,AUTOBUS|FERROCARRIL,2,1,0,1,0,0,AUTOBUS|FERROCARRIL,2,1,0,1,0,0,81.48733086305042,25.464790894703256,11.777465788800255,0.005165289256198347,0.3852407435141075,0.12590471182995822,0.4,1,0,0,0.3177714135489874,26.71,SOPORTE_FISICO_BAJO,84,MONOMODAL,50.0,59.02777777777778,75.69444444444444,23.26388888888889,46.18055555555556,50.34722222222222,71,60,71,11,70.0,INTERMODALIDAD_MEDIA,16,"POLYGON ((5647123.442741 6150554.865473, 5647492.906026 6150756.661342, 5647430.914581 6151183.045566, 5646999.434653 6151407.615734, 5646629.979708 6151205.788108, 5646691.996349 6150779.42207, 5647123.442741 6150554.865473))",59.02777777777778,59.02777777777778,36.8507,12.5905,40.0,28.6814,39.3629,52.0833,56.3657,46.2,54.17,67,67,CENTRALIDAD_ESTRUCTURAL_MEDIA,CENTRALIDAD_ESTRUCTURAL_MEDIA,30.35,71.3186,DEFICIT_INFRAESTRUCTURAL,47.56,59,59.02777777777778,28.6814,39.3629,52.0833,MEDIO,MEDIO,BAJO,BAJO,MEDIO,BAJO,PRIORIDAD_MEDIA,CENTRALIDAD_LOCAL,DEMANDA,DEMANDA,PERFIL_EQUILIBRADO,67,59,MANTENER_Y_OPTIMIZAR,40.97222222222222,60.6371,47.9167,43.6343,55.876675,56.940223888888895,IMPACTO_MEDIO,59.8152,MEDIA,58.90913683333333,PRIORIDAD_MEDIA,MEJORAR_CONECTIVIDAD,La conectividad constituye una de las principales restricciones estructurales de la centralidad.,58,5,4,INFRAESTRUCTURA|INTERMODALIDAD|CONECTIVIDAD|INTEGRACION,INTERVENCION_SELECTIVA
55,2,69,117,251,2,5,8,AUTOBUS|FERROCARRIL,2,1,0,1,0,0,AUTOBUS|FERROCARRIL,2,1,0,1,0,0,AUTOBUS|FERROCARRIL,2,1,0,1,0,0,351.4141143469049,148.96902673401405,79.89578143213146,0.03021694214876033,0.5892338822407044,0.3254589587445453,0.4,1,0,0,0.3776376876233636,39.21,SOPORTE_FISICO_BAJO,17,MONOMODAL,50.0,64.58333333333334,51.388888888888886,95.83333333333334,46.18055555555556,50.34722222222222,37,52,37,15,70.0,INTERMODALIDAD_MEDIA,16,"POLYGON ((5635953.14094 6164254.455483, 5636015.582544 6163827.407509, 5635646.381061 6163624.992606, 5635214.74641 6163849.593941, 5635152.279746 6164276.623664, 5634720.633606 6164501.228213, 5634658.147016 6164928.29288, 5635027.33162 6165130.771252, 5635459.011256 6164906.153223, 5635521.472792 6164479.070302, 5635953.14094 6164254.455483))",64.58333333333334,64.58333333333334,57.744,32.5459,40.0,43.8557,44.3518,76.9965,48.2639,55.59,78.47,32,32,CENTRALIDAD_ESTRUCTURAL_MEDIA,CENTRALIDAD_ESTRUCTURAL_ALTA,20.73,56.1443,DEFICIT_INFRAESTRUCTURAL,47.04,60,64.58333333333334,43.8557,44.3518,76.9965,MEDIO,ALTO,MEDIO,MEDIO,ALTO,BAJO,PRIORIDAD_MEDIA,CENTRALIDAD_CONECTIVA,CONECTIVIDAD,CONECTIVIDAD,FUERTE_CONECTIVIDAD,32,60,MANTENER_Y_OPTIMIZAR,35.41666666666666,55.6482,23.003500000000003,51.7361,46.633024999999996,65.15927166666667,IMPACTO_ALTO,48.73088500000001,MEDIA,58.8955055,PRIORIDAD_MEDIA,MEJORAR_INTERMODALIDAD,Existe un déficit relevante de intermodalidad respecto del potencial estructural de la centralidad.,59,11,5,INFRAESTRUCTURA|INTERMODALIDAD|INTEGRACION,CENTRALIDAD_CONECTIVA
51,1,3,3,16,1,1,1,AUTOBUS|FERROCARRIL,2,1,0,1,0,0,AUTOBUS|FERROCARRIL,2,1,0,1,0,0,AUTOBUS|FERROCARRIL,2,1,0,1,0,0,15.278874536821952,3.819718634205488,5.092958178940651,0.0007747933884297521,0.18495368961100384,0.12590471182995822,0.4,1,0,0,0.3177714135489874,19.63,SOPORTE_FISICO_MUY_BAJO,113,MONOMODAL,50.0,56.25,74.30555555555556,23.26388888888889,46.18055555555556,50.34722222222222,73,64,73,9,63.0,INTERMODALIDAD_MEDIA,108,"POLYGON ((5650205.552515 6148556.612915, 5650575.134817 6148758.329334, 5650513.254011 6149184.644687, 5650081.765672 6149409.225441, 5649712.191691 6149207.477255, 5649774.097725 6148781.180082, 5650205.552515 6148556.612915))",56.25,56.25,16.7796,12.5905,40.0,20.5945,30.1615,67.0139,55.9028,43.7,50.0,73,73,CENTRALIDAD_ESTRUCTURAL_MEDIA,CENTRALIDAD_ESTRUCTURAL_MEDIA,35.66,79.4055,DEFICIT_INFRAESTRUCTURAL,48.01,56,56.25,20.5945,30.1615,67.0139,MEDIO,MEDIO,BAJO,BAJO,ALTO,BAJO,PRIORIDAD_MEDIA,CENTRALIDAD_LOCAL,CONECTIVIDAD,CONECTIVIDAD,PERFIL_EQUILIBRADO,73,56,MANTENER_Y_OPTIMIZAR,43.75,69.8385,32.98609999999999,44.0972,56.581824999999995,54.441365,IMPACTO_MEDIO,62.433625000000006,ALTA,58.866981499999994,PRIORIDAD_MEDIA,MONITOREAR,Prioridad territorial 58.9/100 sin un déficit dominante que justifique una intervención mayor.,60,1,6,INFRAESTRUCTURA|INTERMODALIDAD|INTEGRACION,INTERVENCION_SELECTIVA
61,2,53,84,170,7,9,14,AUTOBUS|FERROCARRIL|FLUVIAL,3,1,0,1,1,0,AUTOBUS|FERROCARRIL|FLUVIAL,3,1,0,1,1,0,AUTOBUS|FERROCARRIL|FLUVIAL,3,1,0,1,1,0,269.9267834838545,106.95212175775367,54.11268065124442,0.02169421487603306,0.5505734545902551,0.41824639950663545,0.6,1,0,1,0.5454739198519907,45.05,SOPORTE_FISICO_MEDIO,7,MONOMODAL,50.0,68.75,54.166666666666664,23.26388888888889,95.48611111111111,50.34722222222222,55,46,55,9,85.0,INTERMODALIDAD_MUY_ALTA,3,"POLYGON ((5631992.748623 6172236.537516, 5632424.620263 6172011.853662, 5632487.225702 6171584.3318, 5632117.984504 6171381.512088, 5631686.146353 6171606.182505, 5631316.952247 6171403.370811, 5630885.136188 6171628.030951, 5630822.480751 6172055.516222, 5631191.666368 6172258.359647, 5631623.515912 6172033.686071, 5631992.748623 6172236.537516))",68.75,68.75,53.7735,41.8246,60.0,50.1256,59.8312,69.184,49.1898,60.42,85.42,22,22,CENTRALIDAD_ESTRUCTURAL_ALTA,CENTRALIDAD_ESTRUCTURAL_MUY_ALTA,18.62,49.8744,CENTRALIDAD_ESTRATEGICA,48.7,55,68.75,50.1256,59.8312,69.184,MEDIO,ALTO,MEDIO,MEDIO,ALTO,MUY_BAJO,PRIORIDAD_MEDIA,CENTRALIDAD_LOCAL,CONECTIVIDAD,CONECTIVIDAD,PERFIL_EQUILIBRADO,22,55,MANTENER_Y_OPTIMIZAR,31.25,40.1688,30.816000000000003,50.8102,42.91735,68.58447000000001,IMPACTO_ALTO,43.77669,MEDIA,58.481257,PRIORIDAD_MEDIA,MEJORAR_INTEGRACION_TERRITORIAL,La integración territorial presenta un déficit relevante respecto de las demás dimensiones.,61,1,7,INTEGRACION|INFRAESTRUCTURA|INTERMODALIDAD,INTERVENCION_SELECTIVA
98,3,34,60,126,1,4,7,AUTOBUS|FERROCARRIL,2,1,0,1,0,0,AUTOBUS|FERROCARRIL,2,1,0,1,0,0,AUTOBUS|FERROCARRIL,2,1,0,1,0,0,173.16057808398213,76.39437268410977,40.10704565915763,0.015495867768595042,0.5114387677034817,0.2923416876766772,0.4,1,0,0,0.3677025063030031,35.44,SOPORTE_FISICO_BAJO,34,MONOMODAL,50.0,61.80555555555556,27.083333333333332,69.44444444444444,95.48611111111111,50.34722222222222,45,56,45,11,70.0,INTERMODALIDAD_MEDIA,16,"POLYGON ((5636909.69881 6179561.686404, 5636972.217927 6179133.507707, 5636602.466239 6178930.202529, 5636170.203946 6179155.044286, 5636107.659825 6179583.204626, 5635675.386149 6179808.049491, 5635612.822133 6180236.244694, 5635180.537085 6180461.092663, 5635117.953178 6180889.322723, 5635487.679308 6181092.723179, 5635919.997871 6180867.861816, 5635982.556787 6180439.613392, 5636414.863979 6180214.755128, 5636477.402999 6179786.541564, 5636909.69881 6179561.686404))",61.80555555555556,61.80555555555556,49.7577,29.2342,40.0,39.5014,43.5238,82.2049,40.162,53.47,74.31,38,38,CENTRALIDAD_ESTRUCTURAL_MEDIA,CENTRALIDAD_ESTRUCTURAL_ALTA,22.3,60.4986,DEFICIT_INFRAESTRUCTURAL,46.0,63,61.80555555555556,39.5014,43.5238,82.2049,MEDIO,ALTO,BAJO,MEDIO,MUY_ALTO,BAJO,PRIORIDAD_MEDIA,CENTRALIDAD_CONECTIVA,CONECTIVIDAD,CONECTIVIDAD,FUERTE_CONECTIVIDAD,38,63,MANTENER_Y_OPTIMIZAR,38.19444444444444,56.4762,17.795100000000005,59.838,48.651975,62.92617277777778,IMPACTO_ALTO,50.853210000000004,MEDIA,58.233066166666674,PRIORIDAD_MEDIA,MEJORAR_INTERMODALIDAD,Existe un déficit relevante de intermodalidad respecto del potencial estructural de la centralidad.,62,12,8,INFRAESTRUCTURA|INTEGRACION|INTERMODALIDAD,CENTRALIDAD_CONECTIVA
62,1,1,5,11,0,0,0,AUTOBUS,1,0,0,1,0,0,AUTOBUS,1,0,0,1,0,0,AUTOBUS,1,0,0,1,0,0,5.092958178940651,6.366197723675814,3.5014087480216975,0.0012913223140495868,0.23483860732538517,0.0,0.2,0,0,0,0.13999999999999999,13.24,SOPORTE_FISICO_MUY_BAJO,135,MONOMODAL,50.0,47.91666666666667,64.58333333333334,23.26388888888889,46.18055555555556,50.34722222222222,87,76,87,11,35.0,INTERMODALIDAD_BAJA,135,"POLYGON ((5625545.352183 6186263.870956, 5625914.679879 6186467.468808, 5625851.767729 6186895.902001, 5625419.502989 6187120.718957, 5625050.183875 6186917.089375, 5625113.120917 6186488.674566, 5625545.352183 6186263.870956))",47.91666666666667,47.91666666666667,21.6873,0.0,20.0,13.5766,17.5,28.9062,52.662,30.87,18.06,119,119,CENTRALIDAD_ESTRUCTURAL_BAJA,CENTRALIDAD_ESTRUCTURAL_MUY_BAJA,34.34,86.4234,CENTRALIDAD_SECUNDARIA,42.49,65,47.91666666666667,13.5766,17.5,28.9062,MEDIO,MEDIO,MUY_BAJO,MUY_BAJO,BAJO,BAJO,PRIORIDAD_MEDIA,CENTRALIDAD_LOCAL,INTEGRACION_TERRITORIAL,TERRITORIAL,PERFIL_EQUILIBRADO,119,65,MANTENER_Y_OPTIMIZAR,52.08333333333333,82.5,71.0938,47.338,71.8388,43.74409333333334,IMPACTO_MEDIO,76.51382000000001,URGENTE,58.198536000000004,PRIORIDAD_MEDIA,MEJORAR_CONECTIVIDAD,La conectividad constituye una de las principales restricciones estructurales de la centralidad.,63,6,9,INFRAESTRUCTURA|INTERMODALIDAD|CONECTIVIDAD|INTEGRACION,INTERVENCION_SELECTIVA
76,3,65,90,160,4,4,9,AUTOBUS|FERROCARRIL|TRANVIA,3,1,0,1,0,1,AUTOBUS|FERROCARRIL|FLUVIAL|TRANVIA,4,1,0,1,1,1,AUTOBUS|FERROCARRIL|FLUVIAL|TRANVIA,4,1,0,1,1,1,331.0422816311423,114.59155902616465,50.92958178940651,0.02324380165289256,0.5586144708196605,0.2923416876766772,0.8,1,0,1,0.6477025063030031,47.21,SOPORTE_FISICO_MEDIO,3,MONOMODAL,50.0,68.05555555555556,34.72222222222222,69.44444444444444,46.18055555555556,50.34722222222222,52,47,52,5,100.0,INTERMODALIDAD_MUY_ALTA,1,"POLYGON ((5641133.430886 6161558.894303, 5641195.692308 6161131.913209, 5640826.268898 6160929.593376, 5640394.592474 6161154.222885, 5640332.305944 6161581.185735, 5639900.617956 6161805.818479, 5639531.250016 6161603.474868, 5639099.583988 6161828.097341, 5639037.252388 6162255.076926, 5639406.611912 6162457.452282, 5639838.311454 6162232.816309, 5640207.71804 6162435.199642, 5640639.439544 6162210.553396, 5640701.720944 6161783.537319, 5641133.430886 6161558.894303))",68.05555555555556,68.05555555555556,54.5991,29.2342,80.0,50.9614,62.9856,63.4549,42.7083,59.54,81.94,27,27,CENTRALIDAD_ESTRUCTURAL_MEDIA,CENTRALIDAD_ESTRUCTURAL_MUY_ALTA,17.09,49.0386,CENTRALIDAD_ESTRATEGICA,47.67,58,68.05555555555556,50.9614,62.9856,63.4549,MEDIO,ALTO,MEDIO,ALTO,ALTO,MUY_BAJO,PRIORIDAD_MEDIA,CENTRALIDAD_LOCAL,DEMANDA,DEMANDA,PERFIL_EQUILIBRADO,27,58,MANTENER_Y_OPTIMIZAR,31.944444444444443,37.0144,36.5451,57.2917,44.972449999999995,67.60426777777778,IMPACTO_ALTO,44.771815000000004,MEDIA,57.94429066666667,PRIORIDAD_MEDIA,MEJORAR_INTEGRACION_TERRITORIAL,La integración territorial presenta un déficit relevante respecto de las demás dimensiones.,64,2,10,INTEGRACION|INFRAESTRUCTURA,INTERVENCION_SELECTIVA
70,2,57,86,172,0,2,10,AUTOBUS|FERROCARRIL,2,1,0,1,0,0,AUTOBUS|FERROCARRIL,2,1,0,1,0,0,AUTOBUS|FERROCARRIL|TRANVIA,3,1,0,1,0,1,290.29861619961713,109.498600847224,54.749300423612,0.02221074380165289,0.5533153388285809,0.19955424691458712,0.4,1,0,0,0.3398662740743761,34.69,SOPORTE_FISICO_BAJO,38,MONOMODAL,50.0,57.638888888888886,47.22222222222222,23.26388888888889,95.48611111111111,50.34722222222222,69,62,69,7,70.0,INTERMODALIDAD_MEDIA,16,"POLYGON ((5637352.431191 6173794.635211, 5637414.896188 6173366.862186, 5637045.303635 6173163.883051, 5636613.254566 6173388.645186, 5636550.764539 6173816.399892, 5636118.704039 6174041.165176, 5636056.194098 6174468.954779, 5636425.76968 6174671.99742, 5636857.863692 6174447.218707, 5636920.348609 6174019.410781, 5637352.431191 6173794.635211))",57.638888888888886,57.638888888888886,54.055,19.9554,40.0,38.1094,41.2041,68.4028,46.875,50.01,65.97,50,50,CENTRALIDAD_ESTRUCTURAL_MEDIA,CENTRALIDAD_ESTRUCTURAL_ALTA,19.53,61.8906,DEFICIT_INFRAESTRUCTURAL,42.4,67,57.638888888888886,38.1094,41.2041,68.4028,MEDIO,MEDIO,BAJO,MEDIO,ALTO,MUY_BAJO,PRIORIDAD_MEDIA,CENTRALIDAD_LOCAL,CONECTIVIDAD,CONECTIVIDAD,PERFIL_EQUILIBRADO,50,67,MANTENER_Y_OPTIMIZAR,42.361111111111114,58.7959,31.5972,53.125,51.352175,58.88087944444444,IMPACTO_MEDIO,53.743405,MEDIA,57.20678516666666,PRIORIDAD_MEDIA,MEJORAR_INTEGRACION_TERRITORIAL,La integración territorial presenta un déficit relevante respecto de las demás dimensiones.,65,3,11,INFRAESTRUCTURA|INTERMODALIDAD|INTEGRACION,INTERVENCION_SELECTIVA
74,2,53,77,170,4,6,9,AUTOBUS|FERROCARRIL,2,1,0,1,0,0,AUTOBUS|FERROCARRIL,2,1,0,1,0,0,AUTOBUS|FERROCARRIL,2,1,0,1,0,0,269.9267834838545,98.03944494460752,54.11268065124442,0.019886363636363636,0.5404397805333023,0.3534592124660774,0.4,1,0,0,0.3860377637398232,38.05,SOPORTE_FISICO_BAJO,21,MONOMODAL,50.0,58.333333333333336,48.61111111111111,69.44444444444444,46.18055555555556,50.34722222222222,53,61,53,8,70.0,INTERMODALIDAD_MEDIA,16,"POLYGON ((5639128.86949 6180781.995907, 5639191.328383 6180353.674012, 5638821.405168 6180150.273045, 5638389.031574 6180375.162202, 5638326.547666 6180803.465727, 5637894.162675 6181028.357984, 5637831.658857 6181456.696374, 5638201.565037 6181660.16088, 5638633.983556 6181435.255227, 5638696.462366 6181006.898464, 5639128.86949 6180781.995907))",58.333333333333336,58.333333333333336,52.7333,35.3459,40.0,42.7679,45.0518,71.0938,47.338,52.6,71.53,42,42,CENTRALIDAD_ESTRUCTURAL_MEDIA,CENTRALIDAD_ESTRUCTURAL_ALTA,15.57,57.2321,DEFICIT_INFRAESTRUCTURAL,41.23,68,58.333333333333336,42.7679,45.0518,71.0938,MEDIO,MEDIO,MEDIO,MEDIO,ALTO,MUY_BAJO,PRIORIDAD_MEDIA,CENTRALIDAD_LOCAL,CONECTIVIDAD,CONECTIVIDAD,PERFIL_EQUILIBRADO,42,68,MANTENER_Y_OPTIMIZAR,41.666666666666664,54.9482,28.9062,52.662,48.437125,60.313091666666665,IMPACTO_ALTO,50.31043,MEDIA,56.556512500000004,PRIORIDAD_MEDIA,MEJORAR_INTEGRACION_TERRITORIAL,La integración territorial presenta un déficit relevante respecto de las demás dimensiones.,66,4,12,INFRAESTRUCTURA|INTERMODALIDAD|INTEGRACION,CENTRALIDAD_CONECTIVA
71,2,19,28,74,1,2,3,AUTOBUS|FERROCARRIL,2,1,0,1,0,0,AUTOBUS|FERROCARRIL,2,1,0,1,0,0,AUTOBUS|FERROCARRIL|FLUVIAL,3,1,0,1,1,0,96.76620539987236,35.65070725258456,23.55493157760051,0.007231404958677686,0.42353384867647964,0.19955424691458712,0.4,1,0,0,0.3398662740743761,29.92,SOPORTE_FISICO_BAJO,67,MONOMODAL,50.0,55.55555555555556,45.83333333333333,69.44444444444444,46.18055555555556,50.34722222222222,58,65,58,7,70.0,INTERMODALIDAD_MEDIA,16,"POLYGON ((5633376.25337 6187337.478912, 5633438.93613 6186908.826989, 5633069.145441 6186705.116465, 5632636.680553 6186930.026104, 5632573.972848 6187358.659625, 5632141.496674 6187583.572316, 5632078.76912 6188012.240641, 5632448.542677 6188216.01468, 5632881.052358 6187991.088637, 5632943.754973 6187562.401907, 5633376.25337 6187337.478912))",55.55555555555556,55.55555555555556,40.7575,19.9554,40.0,32.7397,41.2041,75.434,46.412,49.05,61.11,57,57,CENTRALIDAD_ESTRUCTURAL_MEDIA,CENTRALIDAD_ESTRUCTURAL_ALTA,22.82,67.2603,DEFICIT_INFRAESTRUCTURAL,42.46,66,55.55555555555556,32.7397,41.2041,75.434,MEDIO,MEDIO,BAJO,MEDIO,ALTO,BAJO,PRIORIDAD_MEDIA,CENTRALIDAD_CONECTIVA,CONECTIVIDAD,CONECTIVIDAD,FUERTE_CONECTIVIDAD,57,66,MANTENER_Y_OPTIMIZAR,44.44444444444444,58.7959,24.566000000000003,53.588,51.052550000000004,56.321287777777776,IMPACTO_MEDIO,54.554495,MEDIA,56.09496266666667,PRIORIDAD_MEDIA,MEJORAR_INTEGRACION_TERRITORIAL,La integración territorial presenta un déficit relevante respecto de las demás dimensiones.,67,5,13,INFRAESTRUCTURA|INTERMODALIDAD|INTEGRACION,CENTRALIDAD_CONECTIVA
68,1,23,27,42,0,0,2,AUTOBUS,1,0,0,1,0,0,AUTOBUS,1,0,0,1,0,0,AUTOBUS|FERROCARRIL|FLUVIAL,3,1,0,1,1,0,117.13803811563497,34.37746770784939,13.36901521971921,0.006973140495867769,0.41937574069677763,0.0,0.2,0,0,0,0.13999999999999999,19.78,SOPORTE_FISICO_MUY_BAJO,112,MONOMODAL,50.0,45.13888888888889,60.416666666666664,69.44444444444444,46.18055555555556,50.34722222222222,60,80,60,20,40.0,INTERMODALIDAD_BAJA,115,"POLYGON ((5633019.165835 6181585.296515, 5633388.789155 6181788.712585, 5633326.140512 6182216.993975, 5632893.843581 6182441.840927, 5632524.228798 6182238.393107, 5632586.902408 6181810.130084, 5633019.165835 6181585.296515))",45.13888888888889,45.13888888888889,40.3327,0.0,20.0,21.0835,19.8438,34.375,51.2731,33.06,22.92,112,112,CENTRALIDAD_ESTRUCTURAL_BAJA,CENTRALIDAD_ESTRUCTURAL_BAJA,24.06,78.9165,CENTRALIDAD_SECUNDARIA,36.71,76,45.13888888888889,21.0835,19.8438,34.375,MEDIO,MEDIO,BAJO,MUY_BAJO,BAJO,BAJO,PRIORIDAD_BAJA,CENTRALIDAD_LOCAL,INTEGRACION_TERRITORIAL,TERRITORIAL,PERFIL_EQUILIBRADO,112,76,MANTENER_Y_OPTIMIZAR,54.86111111111111,80.1562,65.625,48.7269,68.35615,43.11667444444445,IMPACTO_MEDIO,72.03968499999999,ALTA,55.839964666666674,PRIORIDAD_MEDIA,MEJORAR_CONECTIVIDAD,La conectividad constituye una de las principales restricciones estructurales de la centralidad.,68,7,14,INTERMODALIDAD|INFRAESTRUCTURA|CONECTIVIDAD|INTEGRACION,INTERVENCION_SELECTIVA
52,1,44,79,174,3,4,11,AUTOBUS|FERROCARRIL,2,1,0,1,0,0,AUTOBUS|FERROCARRIL,2,1,0,1,0,0,AUTOBUS|FERROCARRIL,2,1,0,1,0,0,224.09015987338864,100.58592403407786,55.38592019597958,0.020402892561983473,0.5434253034113294,0.2923416876766772,0.4,1,0,0,0.3677025063030031,36.63,SOPORTE_FISICO_BAJO,27,MONOMODAL,50.0,54.861111111111114,73.61111111111111,23.26388888888889,46.18055555555556,50.34722222222222,75,66,75,9,70.0,INTERMODALIDAD_MEDIA,16,"POLYGON ((5636311.624956 6169989.592229, 5636681.071476 6170192.380522, 5636618.605945 6170619.905761, 5636186.668853 6170844.624409, 5635817.230802 6170641.804369, 5635879.721372 6170214.297427, 5636311.624956 6169989.592229))",54.861111111111114,54.861111111111114,53.0397,29.2342,40.0,40.8286,43.5238,59.375,55.6713,49.84,63.89,53,53,CENTRALIDAD_ESTRUCTURAL_MEDIA,CENTRALIDAD_ESTRUCTURAL_ALTA,14.03,59.1714,DEFICIT_INFRAESTRUCTURAL,38.53,70,54.861111111111114,40.8286,43.5238,59.375,MEDIO,MEDIO,MEDIO,MEDIO,MEDIO,MUY_BAJO,PRIORIDAD_BAJA,CENTRALIDAD_LOCAL,CONECTIVIDAD,CONECTIVIDAD,PERFIL_EQUILIBRADO,53,70,MANTENER_Y_OPTIMIZAR,45.138888888888886,56.4762,40.625,44.3287,50.150325,56.62762055555556,IMPACTO_MEDIO,52.561915,MEDIA,55.54618483333333,PRIORIDAD_MEDIA,MONITOREAR,Prioridad territorial 55.5/100 sin un déficit dominante que justifique una intervención mayor.,69,2,15,INFRAESTRUCTURA|INTERMODALIDAD|INTEGRACION|CONECTIVIDAD,INTERVENCION_SELECTIVA
60,1,7,11,17,2,2,2,AUTOBUS|FERROCARRIL,2,1,0,1,0,0,AUTOBUS|FERROCARRIL,2,1,0,1,0,0,AUTOBUS|FERROCARRIL,2,1,0,1,0,0,35.65070725258456,14.00563499208679,5.411268065124442,0.002840909090909091,0.3185149047398846,0.19955424691458712,0.4,1,0,0,0.3398662740743761,26.18,SOPORTE_FISICO_BAJO,87,MONOMODAL,50.0,49.30555555555556,67.36111111111111,23.26388888888889,46.18055555555556,50.34722222222222,84,74,84,10,70.0,INTERMODALIDAD_MEDIA,16,"POLYGON ((5661490.184874 6153334.170122, 5661860.594311 6153536.29159, 5661799.032517 6153963.23372, 5661367.035993 6154188.036145, 5660996.634872 6153985.882861, 5661058.221957 6153558.958968, 5661490.184874 6153334.170122))",49.30555555555556,49.30555555555556,30.0771,19.9554,40.0,28.4406,41.2041,46.2674,53.588,42.44,47.22,77,77,CENTRALIDAD_ESTRUCTURAL_MEDIA,CENTRALIDAD_ESTRUCTURAL_MEDIA,20.86,71.5594,CENTRALIDAD_SECUNDARIA,37.93,73,49.30555555555556,28.4406,41.2041,46.2674,MEDIO,MEDIO,BAJO,MEDIO,MEDIO,BAJO,PRIORIDAD_BAJA,CENTRALIDAD_LOCAL,INTEGRACION_TERRITORIAL,TERRITORIAL,PERFIL_EQUILIBRADO,77,73,MANTENER_Y_OPTIMIZAR,50.69444444444444,58.7959,53.7326,46.412,57.624975,50.34377277777777,IMPACTO_MEDIO,61.031054999999995,ALTA,55.26889116666666,PRIORIDAD_MEDIA,MEJORAR_CONECTIVIDAD,La conectividad constituye una de las principales restricciones estructurales de la centralidad.,70,8,16,INFRAESTRUCTURA|INTERMODALIDAD|CONECTIVIDAD|INTEGRACION,INTERVENCION_SELECTIVA
59,1,41,49,61,1,1,1,AUTOBUS|FERROCARRIL,2,1,0,1,0,0,AUTOBUS|FERROCARRIL,2,1,0,1,0,0,AUTOBUS|FERROCARRIL,2,1,0,1,0,0,208.8112853365667,62.38873769202297,19.416903057211233,0.01265495867768595,0.48796223344540923,0.12590471182995822,0.4,1,0,0,0.3177714135489874,30.42,SOPORTE_FISICO_BAJO,64,MONOMODAL,50.0,50.0,68.75,23.26388888888889,46.18055555555556,50.34722222222222,82,73,82,9,70.0,INTERMODALIDAD_MEDIA,16,"POLYGON ((5596244.777659 6170886.566813, 5595894.972298 6170547.63359, 5595958.951976 6170119.420718, 5596372.708244 6170030.14954, 5596722.487274 6170369.059843, 5596658.536364 6170797.264244, 5596244.777659 6170886.566813))",50.0,50.0,47.3508,12.5905,40.0,32.9129,39.3629,44.9653,54.0509,43.25,48.61,75,75,CENTRALIDAD_ESTRUCTURAL_MEDIA,CENTRALIDAD_ESTRUCTURAL_MEDIA,17.09,67.08709999999999,DEFICIT_INFRAESTRUCTURAL,36.84,74,50.0,32.9129,39.3629,44.9653,MEDIO,MEDIO,BAJO,BAJO,MEDIO,MUY_BAJO,PRIORIDAD_BAJA,CENTRALIDAD_LOCAL,INTEGRACION_TERRITORIAL,TERRITORIAL,PERFIL_EQUILIBRADO,75,74,MANTENER_Y_OPTIMIZAR,50.0,60.6371,55.0347,45.9491,57.17699999999999,51.0184,IMPACTO_MEDIO,59.89342,MEDIA,55.20725,PRIORIDAD_MEDIA,MEJORAR_CONECTIVIDAD,La conectividad constituye una de las principales restricciones estructurales de la centralidad.,71,9,17,INFRAESTRUCTURA|INTERMODALIDAD|CONECTIVIDAD|INTEGRACION,INTERVENCION_SELECTIVA
53,1,37,68,138,1,3,10,AUTOBUS|FERROCARRIL,2,1,0,1,0,0,AUTOBUS|FERROCARRIL,2,1,0,1,0,0,AUTOBUS|FERROCARRIL|TRANVIA,3,1,0,1,0,1,188.43945262080408,86.58028904199107,43.926764293363114,0.01756198347107438,0.5259792377617493,0.25180942365991643,0.4,1,0,0,0.3555428270979749,34.97,SOPORTE_FISICO_BAJO,36,MONOMODAL,50.0,53.47222222222222,72.22222222222221,23.26388888888889,46.18055555555556,50.34722222222222,77,68,77,9,70.0,INTERMODALIDAD_MEDIA,16,"POLYGON ((5629360.23036 6165712.619107, 5629729.12412 6165915.081288, 5629666.472577 6166342.124543, 5629234.902267 6166566.687364, 5628866.016972 6166364.193469, 5628928.693521 6165937.168466, 5629360.23036 6165712.619107))",53.47222222222222,53.47222222222222,51.2493,25.1809,40.0,38.737,42.5105,56.8576,55.2083,48.28,59.03,60,60,CENTRALIDAD_ESTRUCTURAL_MEDIA,CENTRALIDAD_ESTRUCTURAL_MEDIA,14.74,61.263,DEFICIT_INFRAESTRUCTURAL,37.98,72,53.47222222222222,38.737,42.5105,56.8576,MEDIO,MEDIO,BAJO,MEDIO,MEDIO,MUY_BAJO,PRIORIDAD_BAJA,CENTRALIDAD_LOCAL,CONECTIVIDAD,CONECTIVIDAD,PERFIL_EQUILIBRADO,60,72,MANTENER_Y_OPTIMIZAR,46.52777777777778,57.4895,43.1424,44.7917,51.67165,54.77944111111111,IMPACTO_MEDIO,54.224810000000005,MEDIA,55.13034966666667,PRIORIDAD_MEDIA,MONITOREAR,Prioridad territorial 55.1/100 sin un déficit dominante que justifique una intervención mayor.,72,3,18,INFRAESTRUCTURA|INTERMODALIDAD|INTEGRACION|CONECTIVIDAD,INTERVENCION_SELECTIVA
57,1,22,35,59,1,1,2,AUTOBUS|FERROCARRIL,2,1,0,1,0,0,AUTOBUS|FERROCARRIL,2,1,0,1,0,0,AUTOBUS|FERROCARRIL|FLUVIAL,3,1,0,1,1,0,112.04507993669432,44.563384065730695,18.78028328484365,0.009039256198347107,0.44913236307384297,0.12590471182995822,0.4,1,0,0,0.3177714135489874,29.0,SOPORTE_FISICO_BAJO,74,MONOMODAL,50.0,50.69444444444444,70.13888888888889,69.44444444444444,46.18055555555556,50.34722222222222,49,72,49,23,70.0,INTERMODALIDAD_MEDIA,16,"POLYGON ((5631583.534274 6188665.859505, 5631953.299257 6188869.665299, 5631890.556949 6189298.421629, 5631458.024729 6189523.353753, 5631088.268324 6189319.516204, 5631151.035558 6188890.778286, 5631583.534274 6188665.859505))",50.69444444444444,50.69444444444444,43.3746,12.5905,40.0,31.3083,39.3629,61.7188,54.5139,45.62,53.47,68,68,CENTRALIDAD_ESTRUCTURAL_MEDIA,CENTRALIDAD_ESTRUCTURAL_MEDIA,19.39,68.6917,DEFICIT_INFRAESTRUCTURAL,38.17,71,50.69444444444444,31.3083,39.3629,61.7188,MEDIO,MEDIO,BAJO,BAJO,ALTO,MUY_BAJO,PRIORIDAD_BAJA,CENTRALIDAD_LOCAL,CONECTIVIDAD,CONECTIVIDAD,PERFIL_EQUILIBRADO,68,71,MANTENER_Y_OPTIMIZAR,49.30555555555556,60.6371,38.2812,45.4861,53.274025,52.04302722222223,IMPACTO_MEDIO,57.11511000000001,MEDIA,54.83474383333333,PRIORIDAD_MEDIA,MEJORAR_INTEGRACION_TERRITORIAL,La integración territorial presenta un déficit relevante respecto de las demás dimensiones.,73,6,19,INFRAESTRUCTURA|INTERMODALIDAD|INTEGRACION,INTERVENCION_SELECTIVA
77,2,22,34,59,3,5,9,AUTOBUS|FERROCARRIL,2,1,0,1,0,0,AUTOBUS|FERROCARRIL,2,1,0,1,0,0,AUTOBUS|FERROCARRIL,2,1,0,1,0,0,112.04507993669432,43.29014452099553,18.78028328484365,0.00878099173553719,0.4457992744134685,0.3254589587445453,0.4,1,0,0,0.3776376876233636,33.87,SOPORTE_FISICO_BAJO,44,INTERMODAL,100.0,54.166666666666664,43.75,69.44444444444444,46.18055555555556,50.34722222222222,39,67,39,28,70.0,INTERMODALIDAD_MEDIA,16,"POLYGON ((5654702.045828 6158841.065163, 5654331.891322 6158638.721085, 5653899.921352 6158863.495013, 5653838.072311 6159290.626559, 5654208.218454 6159493.002433, 5654146.374541 6159920.187287, 5654516.55939 6160122.602934, 5654948.596519 6159897.80193, 5655010.415217 6159470.598814, 5654640.222003 6159268.214966, 5654702.045828 6158841.065163))",54.166666666666664,54.166666666666664,43.0337,32.5459,40.0,37.906,56.8518,62.934,62.3843,52.78,72.22,41,41,CENTRALIDAD_ESTRUCTURAL_MEDIA,CENTRALIDAD_ESTRUCTURAL_ALTA,16.26,62.094,DEFICIT_INFRAESTRUCTURAL,39.0,69,54.166666666666664,37.906,56.8518,62.934,ALTO,MEDIO,BAJO,MEDIO,ALTO,MUY_BAJO,PRIORIDAD_BAJA,CENTRALIDAD_LOCAL,CONECTIVIDAD,CONECTIVIDAD,PERFIL_EQUILIBRADO,41,69,MANTENER_Y_OPTIMIZAR,45.833333333333336,43.1482,37.066,37.6157,44.980975,57.74552833333333,IMPACTO_MEDIO,48.68020500000001,MEDIA,54.627634500000006,PRIORIDAD_MEDIA,MONITOREAR,Prioridad territorial 54.6/100 sin un déficit dominante que justifique una intervención mayor.,74,4,20,INFRAESTRUCTURA|INTERMODALIDAD,INTERVENCION_SELECTIVA
86,2,10,14,29,2,4,6,AUTOBUS|FERROCARRIL,2,1,0,1,0,0,AUTOBUS|FERROCARRIL,2,1,0,1,0,0,AUTOBUS|FERROCARRIL,2,1,0,1,0,0,50.92958178940651,17.82535362629228,9.23098669932993,0.003615702479338843,0.34518442464383275,0.2923416876766772,0.4,1,0,0,0.3677025063030031,29.44,SOPORTE_FISICO_BAJO,72,MONOMODAL,50.0,48.61111111111111,31.25,23.26388888888889,46.18055555555556,50.34722222222222,100,75,100,25,70.0,INTERMODALIDAD_MEDIA,16,"POLYGON ((5614835.973332 6172254.425584, 5614486.689283 6171915.939026, 5614074.131653 6172005.174421, 5614010.855717 6172432.927685, 5614360.166016 6172771.437089, 5614296.897051 6173199.2302, 5614646.216671 6173537.748133, 5615058.779002 6173448.450115, 5615122.019368 6173020.665475, 5614772.726 6172682.170383, 5614835.973332 6172254.425584))",48.61111111111111,48.61111111111111,32.778,29.2342,40.0,32.6586,43.5238,55.2951,41.5509,43.9,50.69,72,72,CENTRALIDAD_ESTRUCTURAL_MEDIA,CENTRALIDAD_ESTRUCTURAL_MEDIA,15.95,67.3414,CENTRALIDAD_SECUNDARIA,35.55,78,48.61111111111111,32.6586,43.5238,55.2951,MEDIO,MEDIO,BAJO,MEDIO,MEDIO,MUY_BAJO,PRIORIDAD_BAJA,CENTRALIDAD_LOCAL,CONECTIVIDAD,CONECTIVIDAD,PERFIL_EQUILIBRADO,72,78,MANTENER_Y_OPTIMIZAR,51.38888888888889,56.4762,44.7049,58.4491,56.742900000000006,50.86113555555555,IMPACTO_MEDIO,58.763955,MEDIA,54.17504633333333,PRIORIDAD_MEDIA,MEJORAR_INTEGRACION_TERRITORIAL,La integración territorial presenta un déficit relevante respecto de las demás dimensiones.,75,7,21,INFRAESTRUCTURA|INTEGRACION|INTERMODALIDAD|CONECTIVIDAD,INTERVENCION_SELECTIVA
64,1,7,11,19,0,1,2,AUTOBUS,1,0,0,1,0,0,AUTOBUS|FERROCARRIL,2,1,0,1,0,0,AUTOBUS|FERROCARRIL,2,1,0,1,0,0,35.65070725258456,14.00563499208679,6.047887837492023,0.002840909090909091,0.3185149047398846,0.12590471182995822,0.4,1,0,0,0.3177714135489874,24.34,SOPORTE_FISICO_BAJO,98,MONOMODAL,50.0,47.22222222222222,63.19444444444444,69.44444444444444,46.18055555555556,50.34722222222222,56,77,56,21,70.0,INTERMODALIDAD_MEDIA,16,"POLYGON ((5637757.057062 6154641.694885, 5638126.094007 6154843.617783, 5638063.781218 6155270.066703, 5637632.406369 6155494.57453, 5637263.377809 6155292.619902, 5637325.715711 6154866.189176, 5637757.057062 6154641.694885))",47.22222222222222,47.22222222222222,30.0771,12.5905,40.0,25.9551,39.3629,60.6771,52.1991,42.85,47.92,76,76,CENTRALIDAD_ESTRUCTURAL_MEDIA,CENTRALIDAD_ESTRUCTURAL_MEDIA,21.27,74.0449,CENTRALIDAD_SECUNDARIA,36.84,74,47.22222222222222,25.9551,39.3629,60.6771,MEDIO,MEDIO,BAJO,BAJO,ALTO,BAJO,PRIORIDAD_BAJA,CENTRALIDAD_LOCAL,CONECTIVIDAD,CONECTIVIDAD,PERFIL_EQUILIBRADO,76,75,MANTENER_Y_OPTIMIZAR,52.77777777777778,60.6371,39.3229,47.8009,55.451449999999994,49.077401111111115,IMPACTO_MEDIO,59.811949999999996,MEDIA,54.12817566666667,PRIORIDAD_MEDIA,MEJORAR_INTEGRACION_TERRITORIAL,La integración territorial presenta un déficit relevante respecto de las demás dimensiones.,76,8,22,INFRAESTRUCTURA|INTERMODALIDAD|INTEGRACION,INTERVENCION_SELECTIVA
91,2,47,65,126,4,4,11,AUTOBUS|FERROCARRIL,2,1,0,1,0,0,AUTOBUS|FERROCARRIL,2,1,0,1,0,0,AUTOBUS|FERROCARRIL,2,1,0,1,0,0,239.3690344102106,82.76057040778558,40.10704565915763,0.016787190082644628,0.5207349657811249,0.2923416876766772,0.4,1,0,0,0.3677025063030031,35.79,SOPORTE_FISICO_BAJO,32,MONOMODAL,50.0,52.083333333333336,37.5,95.83333333333334,46.18055555555556,50.34722222222222,47,70,47,23,70.0,INTERMODALIDAD_MEDIA,16,"POLYGON ((5637841.893152 6175912.265654, 5637472.193204 6175709.135379, 5637040.032161 6175933.940945, 5636977.537547 6176361.890208, 5637347.228999 6176565.052242, 5637284.739493 6176993.05473, 5637654.46957 6177196.256572, 5638086.697653 6176971.424165, 5638149.162137 6176543.403335, 5637779.423562 6176340.233254, 5637841.893152 6175912.265654))",52.083333333333336,52.083333333333336,50.7113,29.2342,40.0,39.8877,43.5238,73.0903,43.6343,49.63,63.19,54,54,CENTRALIDAD_ESTRUCTURAL_MEDIA,CENTRALIDAD_ESTRUCTURAL_ALTA,12.2,60.1123,DEFICIT_INFRAESTRUCTURAL,36.13,77,52.083333333333336,39.8877,43.5238,73.0903,MEDIO,MEDIO,BAJO,MEDIO,ALTO,MUY_BAJO,PRIORIDAD_BAJA,CENTRALIDAD_LOCAL,CONECTIVIDAD,CONECTIVIDAD,PERFIL_EQUILIBRADO,54,77,MANTENER_Y_OPTIMIZAR,47.916666666666664,56.4762,26.9097,56.3657,49.965975,54.991861666666665,IMPACTO_MEDIO,52.000765,MEDIA,54.001664500000004,PRIORIDAD_MEDIA,MEJORAR_INTEGRACION_TERRITORIAL,La integración territorial presenta un déficit relevante respecto de las demás dimensiones.,77,9,23,INFRAESTRUCTURA|INTERMODALIDAD|INTEGRACION,CENTRALIDAD_CONECTIVA
66,1,6,10,25,2,2,3,AUTOBUS|FERROCARRIL,2,1,0,1,0,0,AUTOBUS|FERROCARRIL,2,1,0,1,0,0,AUTOBUS|FERROCARRIL,2,1,0,1,0,0,30.557749073643905,12.732395447351628,7.957747154594767,0.0025826446280991736,0.30808740138835516,0.19955424691458712,0.4,1,0,0,0.3398662740743761,25.81,SOPORTE_FISICO_BAJO,90,MONOMODAL,50.0,46.52777777777778,62.5,23.26388888888889,46.18055555555556,50.34722222222222,89,78,89,11,70.0,INTERMODALIDAD_MEDIA,16,"POLYGON ((5620739.386749 6175530.828647, 5620390.202859 6175192.425235, 5620453.243238 6174764.699931, 5620865.438966 6174675.38652, 5621214.596627 6175013.767124, 5621151.584787 6175441.483947, 5620739.386749 6175530.828647))",46.52777777777778,46.52777777777778,29.0239,19.9554,40.0,28.0165,41.2041,61.4583,51.9676,43.62,49.31,74,74,CENTRALIDAD_ESTRUCTURAL_MEDIA,CENTRALIDAD_ESTRUCTURAL_MEDIA,18.51,71.98349999999999,CENTRALIDAD_SECUNDARIA,35.32,79,46.52777777777778,28.0165,41.2041,61.4583,MEDIO,MEDIO,BAJO,MEDIO,ALTO,MUY_BAJO,PRIORIDAD_BAJA,CENTRALIDAD_LOCAL,CONECTIVIDAD,CONECTIVIDAD,PERFIL_EQUILIBRADO,74,79,MANTENER_Y_OPTIMIZAR,53.47222222222222,58.7959,38.5417,48.0324,54.338375,48.92456388888889,IMPACTO_MEDIO,58.405575,MEDIA,53.39277583333333,PRIORIDAD_MEDIA,MEJORAR_INTEGRACION_TERRITORIAL,La integración territorial presenta un déficit relevante respecto de las demás dimensiones.,78,10,24,INFRAESTRUCTURA|INTERMODALIDAD|INTEGRACION,INTERVENCION_SELECTIVA
84,1,3,3,10,0,0,0,AUTOBUS,1,0,0,1,0,0,AUTOBUS,1,0,0,1,0,0,AUTOBUS,1,0,0,1,0,0,15.278874536821952,3.819718634205488,3.183098861837907,0.0007747933884297521,0.18495368961100384,0.0,0.2,0,0,0,0.13999999999999999,11.49,SOPORTE_FISICO_MUY_BAJO,138,MONOMODAL,50.0,34.72222222222222,44.44444444444444,23.26388888888889,46.18055555555556,50.34722222222222,109,95,109,14,33.0,INTERMODALIDAD_BAJA,138,"POLYGON ((5642385.147379 6147506.941019, 5642754.229253 6147708.506935, 5642692.111305 6148134.552276, 5642260.886306 6148359.013544, 5641891.812768 6148157.415892, 5641953.955891 6147731.388707, 5642385.147379 6147506.941019))",34.72222222222222,34.72222222222222,16.7796,0.0,20.0,11.5964,16.7188,38.6285,45.9491,27.05,12.5,127,127,CENTRALIDAD_ESTRUCTURAL_BAJA,CENTRALIDAD_ESTRUCTURAL_MUY_BAJA,23.13,88.4036,CENTRALIDAD_SECUNDARIA,30.09,82,34.72222222222222,11.5964,16.7188,38.6285,MEDIO,BAJO,MUY_BAJO,MUY_BAJO,BAJO,BAJO,PRIORIDAD_BAJA,CENTRALIDAD_LOCAL,INTEGRACION_TERRITORIAL,TERRITORIAL,PERFIL_EQUILIBRADO,127,82,MANTENER_Y_OPTIMIZAR,65.27777777777777,83.2812,61.3715,54.0509,71.7768,35.46647111111111,IMPACTO_BAJO,76.563675,URGENTE,53.11479766666667,PRIORIDAD_MEDIA,MEJORAR_CONECTIVIDAD,La conectividad constituye una de las principales restricciones estructurales de la centralidad.,79,10,25,INFRAESTRUCTURA|INTERMODALIDAD|CONECTIVIDAD|INTEGRACION,BAJO_DESEMPEÑO_ESTRUCTURAL
100,1,0,0,3,0,0,1,,0,0,0,0,0,0,,0,0,0,0,0,0,AUTOBUS|FERROCARRIL,2,1,0,1,0,0,0.0,0.0,0.954929658551372,0.0,0.0,0.0,0.0,0,0,0,0.0,0.0,SOPORTE_FISICO_MUY_BAJO,143,MONOMODAL,50.0,26.38888888888889,34.02777777777778,23.26388888888889,46.18055555555556,50.34722222222222,122,107,122,15,0.0,SIN_INFRAESTRUCTURA_500M,143,"POLYGON ((5612171.998294 6179460.110481, 5611822.466878 6179121.407286, 5611885.866312 6178693.156434, 5612298.768561 6178603.617306, 5612648.273696 6178942.297687, 5612584.902861 6179370.54001, 5612171.998294 6179460.110481))",26.38888888888889,26.38888888888889,0.0,0.0,0.0,0.0,11.0243,41.4062,42.4769,20.58,3.47,140,140,CENTRALIDAD_ESTRUCTURAL_BAJA,CENTRALIDAD_ESTRUCTURAL_MUY_BAJA,26.39,100.0,CENTRALIDAD_SECUNDARIA,26.39,89,26.38888888888889,0.0,11.0243,41.4062,MEDIO,BAJO,MUY_BAJO,MUY_BAJO,MEDIO,BAJO,PRIORIDAD_BAJA,CENTRALIDAD_LOCAL,INTEGRACION_TERRITORIAL,TERRITORIAL,PERFIL_EQUILIBRADO,140,89,MANTENER_Y_OPTIMIZAR,73.61111111111111,88.9757,58.5938,57.5231,76.27315,29.490074444444446,IMPACTO_BAJO,82.59115000000001,URGENTE,52.14861966666667,PRIORIDAD_MEDIA,MEJORAR_CONECTIVIDAD,La conectividad constituye una de las principales restricciones estructurales de la centralidad.,80,11,26,INFRAESTRUCTURA|INTERMODALIDAD|CONECTIVIDAD|INTEGRACION,BAJO_DESEMPEÑO_ESTRUCTURAL
1,152,3439,3872,4337,214,245,279,AUTOBUS|FERROCARRIL|FLUVIAL|SUBTE|TRANVIA,5,1,1,1,1,1,AUTOBUS|FERROCARRIL|FLUVIAL|SUBTE|TRANVIA,5,1,1,1,1,1,AUTOBUS|FERROCARRIL|FLUVIAL|SUBTE|TRANVIA,5,1,1,1,1,1,17514.683177376897,4929.98351721455,1380.5099763791002,1.0,1.0,1.0,1.0,1,1,1,1.0,100.0,SOPORTE_FISICO_MUY_ALTO,1,INTERMODAL,100.0,100.0,81.94444444444444,100.0,100.0,50.34722222222222,2,1,2,1,100.0,INTERMODALIDAD_MUY_ALTA,1,"POLYGON ((5640942.408119 6165605.621332, 5640880.10728 6166032.920279, 5641249.698675 6166235.534069, 5641681.599342 6166010.817153, 5642051.237819 6166213.43894, 5641988.967197 6166640.809404, 5642358.644325 6166843.470953, 5642296.378824 6167270.894662, 5641864.411098 6167495.638536, 5641494.742406 6167292.945224, 5641557.033002 6166865.539801, 5641187.402958 6166662.886253, 5640755.490757 6166887.606368, 5640385.907798 6166684.960821, 5639954.017596 6166909.670656, 5639584.48172 6166707.033109, 5639152.613521 6166931.732665, 5638783.124728 6166729.103118, 5638845.495692 6166301.805765, 5639277.330374 6166077.119685, 5639339.681384 6165649.857284, 5638970.222791 6165447.299233, 5638538.421624 6165671.971834, 5638476.045536 6166099.215965, 5638044.232859 6166323.891768, 5637674.829782 6166121.309963, 5637243.039113 6166345.975491, 5637180.618014 6166773.236297, 5637550.012646 6166975.849847, 5637981.836824 6166751.170847, 5638351.278537 6166953.792395, 5638288.887625 6167381.124694, 5637857.029935 6167605.817165, 5637794.619081 6168033.184403, 5638164.090979 6168235.877452, 5638595.982183 6168011.171513, 5638658.367973 6167583.785992, 5639090.247679 6167359.083242, 5639459.775112 6167561.752543, 5639891.67683 6167337.039514, 5640261.251348 6167539.716818, 5640198.915704 6167967.138908, 5639766.980464 6168191.865408, 5639704.624863 6168619.322442, 5639272.678119 6168844.052128, 5639210.302568 6169271.544101, 5638778.34433 6169496.276967, 5638715.948834 6169923.803873, 5639085.536637 6170126.616211, 5639517.528395 6169901.869886, 5639579.898828 6169474.324682, 5640011.879094 6169249.581534, 5640074.229576 6168822.071267, 5640506.198339 6168597.331299, 5640568.528865 6168169.855974, 5641000.486115 6167945.119193, 5641370.146366 6168147.844266, 5641802.125623 6167923.097201, 5642171.832965 6168125.830283, 5642109.552608 6168553.342193, 5642479.298601 6168756.115049, 5642911.333393 6168531.344229, 5643281.126481 6168734.125097, 5643218.876334 6169161.708555, 5642786.808006 6169386.492844, 5642417.023361 6169183.680207, 5641984.977041 6169408.454209, 5641922.681832 6169836.054314, 5641490.623993 6170060.831494, 5641120.894897 6169857.995107, 5641183.215188 6169430.413304, 5641615.239495 6169205.649587, 5641677.539821 6168778.102728, 5641307.840922 6168575.337883, 5640875.850145 6168800.088134, 5640813.524738 6169227.616696, 5640381.522449 6169452.370128, 5640319.177084 6169879.933631, 5639887.163294 6170104.69024, 5639824.797977 6170532.288677, 5640194.471517 6170735.148808, 5640626.518832 6170510.378741, 5640996.239473 6170713.246892, 5641428.308819 6170488.466539, 5641798.076561 6170691.342711, 5641735.766501 6171119.031002, 5642105.572891 6171321.946964, 5642043.267944 6171749.688504, 5641611.131532 6171974.495766, 5641548.806624 6172402.272237, 5641918.6432 6172605.259764, 5641856.323403 6173033.089484, 5642226.198624 6173236.116815, 5642163.883937 6173663.999786, 5641731.66896 6173888.837096, 5641361.802208 6173685.777994, 5640929.609285 6173910.605012, 5640867.24958 6174338.504572, 5640435.045185 6174563.334736, 5640065.234026 6174360.251903, 5640127.618785 6173932.370673, 5639757.846265 6173729.327644, 5639820.236134 6173301.499654, 5640252.373469 6173076.696367, 5640314.743394 6172648.903293, 5639945.001039 6172445.931826, 5639512.897231 6172670.721669, 5639450.502251 6173098.496423, 5639018.386975 6173323.28942, 5638648.700203 6173120.294222, 5638216.606992 6173345.076931, 5638154.167032 6173772.868276, 5638523.845325 6173975.895234, 5638955.972058 6173751.099087, 5639325.697464 6173954.13408, 5639263.287657 6174381.996982, 5639633.051697 6174585.071775, 5639570.646999 6175012.987914, 5639940.449676 6175216.102513, 5640372.665534 6174991.269208, 5640742.515332 6175194.39185, 5640680.140788 6175622.379566, 5640247.891398 6175847.226302, 5640185.496914 6176275.248922, 5639753.236074 6176500.098789, 5639690.821653 6176928.156308, 5639258.549373 6177153.009303, 5639196.115022 6177581.101714, 5639565.977986 6177784.35948, 5639503.548739 6178212.505132, 5639071.231499 6178437.374664, 5639008.782326 6178865.5552, 5638576.453668 6179090.427845, 5638513.984575 6179518.643261, 5638883.869161 6179722.004391, 5639316.231348 6179497.118339, 5639378.67542 6179068.884562, 5639811.026191 6178844.001619, 5639873.450335 6178415.802724, 5640305.789679 6178190.922895, 5640675.738411 6178394.228547, 5641108.099854 6178169.338419, 5641170.479027 6177741.156056, 5640800.521799 6177537.882178, 5640862.906074 6177109.753065, 5640492.987485 6176906.519015, 5640555.376865 6176478.44315, 5640987.659788 6176253.582987, 5641050.029226 6175825.542024, 5641482.30069 6175600.684994, 5641852.236252 6175803.855498, 5641789.891868 6176231.914806, 5641357.586866 6176456.785265, 5641295.222533 6176884.879478, 5641665.188253 6177088.121582, 5642097.526794 6176863.237698, 5642467.539646 6177066.487856, 5642405.205468 6177494.653676, 5642775.256965 6177697.94367, 5643207.651128 6177473.036063, 5643269.960248 6177044.851886, 5642899.900263 6176841.593673, 5642962.214485 6176413.462759, 5642592.193149 6176210.244379, 5642654.512475 6175782.166724, 5643086.828074 6175557.289102, 5643149.127439 6175129.246361, 5643581.431551 6174904.371877, 5643643.710952 6174476.364056, 5644076.003567 6174251.492715, 5644446.050329 6174454.615754, 5644878.364988 6174229.734116, 5644940.599333 6173801.742883, 5644570.544105 6173598.651626, 5644632.783558 6173170.713661, 5645065.05315 6172945.84862, 5645435.116839 6173148.908094, 5645867.408457 6172924.032757, 5646237.519266 6173127.100268, 5646669.832905 6172902.214634, 5646732.002177 6172474.274942, 5647164.304272 6172249.392466, 5647534.470653 6172452.436226, 5647966.794756 6172227.543452, 5648028.918914 6171799.620379, 5648461.231454 6171574.730769, 5648831.453399 6171777.75077, 5648769.354362 6172205.692175, 5649139.614983 6172408.752006, 5649571.983086 6172183.838635, 5649634.056997 6171755.878896, 5649263.787933 6171552.850862, 5649325.866953 6171124.944418, 5649758.189905 6170900.047678, 5649820.248902 6170472.176201, 5650252.560263 6170247.282634, 5650314.59923 6169819.446129, 5649944.351978 6169616.521515, 5650006.396056 6169188.738307, 5649636.187486 6168985.853511, 5649698.236677 6168558.123598, 5650130.469295 6168333.260168, 5650192.498454 6167905.565238, 5649822.320144 6167702.752047, 5649884.354418 6167275.110411, 5650316.541851 6167050.263661, 5650686.728578 6167253.045058, 5651118.937956 6167028.188015, 5651180.927034 6166600.563068, 5650810.731895 6166397.813466, 5650872.72609 6165970.241816, 5650502.569639 6165767.532015, 5650070.4274 6165992.362069, 5649700.318043 6165789.660272, 5649762.342515 6165362.160211, 5649392.271842 6165159.498206, 5649454.301434 6164732.051433, 5649084.269443 6164529.429214, 5648652.216265 6164754.221981, 5648590.161519 6165181.650468, 5648960.185103 6165384.304473, 5648898.135477 6165811.786243, 5648466.037117 6166036.595719, 5648403.967462 6166464.112481, 5647971.857491 6166688.925159, 5647601.850735 6166486.207585, 5647169.762719 6166711.009975, 5646799.803055 6166508.300406, 5646861.922988 6166080.820227, 5647293.977449 6165856.031327, 5647356.077365 6165428.586134, 5647788.120223 6165203.800441, 5647850.200118 6164776.390239, 5647480.262298 6164573.784012, 5647048.252994 6164798.556207, 5646986.147957 6165225.948127, 5646554.127047 6165450.723534, 5646492.001995 6165878.150441, 5646059.969489 6166102.929055, 5645690.095586 6165900.26727, 5645258.085041 6166125.035599, 5644888.258225 6165922.381815, 5644456.269646 6166147.139859, 5644394.074342 6166574.565173, 5644763.892733 6166777.250729, 5645195.914855 6166552.479199, 5645565.780336 6166755.172759, 5645997.824427 6166530.390944, 5646367.736999 6166733.092508, 5646305.597056 6167160.607666, 5646675.548297 6167363.349015, 5647107.647905 6167138.543427, 5647477.646241 6167341.292784, 5647415.536544 6167768.879513, 5646983.403382 6167993.698584, 5646613.413471 6167790.917444, 5646181.30228 6168015.726226, 5645811.359467 6167812.953097, 5645873.519416 6167385.402966, 5645503.615269 6167182.669624, 5645071.559603 6167407.454637, 5644701.702549 6167204.729303, 5644269.66886 6167429.504029, 5643899.858899 6167226.786702, 5643962.074195 6166799.326418, 5643592.302892 6166596.648865, 5643160.324724 6166821.399826, 5642790.600509 6166618.730275, 5642852.846031 6166191.341529, 5643284.790664 6165966.604051, 5643654.523308 6166169.241835, 5644086.489916 6165944.494075, 5644148.690341 6165517.122017, 5644580.645379 6165292.377462, 5644950.433531 6165494.991475, 5645382.410531 6165270.236637, 5645752.245768 6165472.858648, 5646184.244725 6165248.093526, 5646246.374899 6164820.719887, 5645876.531246 6164618.12965, 5645938.666542 6164190.809277, 5645568.861559 6163988.258807, 5645631.001978 6163560.991697, 5645261.235662 6163358.480987, 5644829.337337 6163583.205617, 5644767.171786 6164010.454458, 5645136.929691 6164212.996937, 5645074.769265 6164640.299036, 5644642.825807 6164865.040381, 5644273.076318 6164662.466132, 5643841.154819 6164887.197195, 5643778.949272 6165314.516, 5643347.016201 6165539.250273, 5642977.322214 6165336.652252, 5642545.411115 6165561.376244, 5642175.764208 6165358.786218, 5641743.875086 6165583.49993, 5641374.27526 6165380.917899, 5640942.408119 6165605.621332), (5643955.033635 6172336.765902, 5644017.283306 6171908.934467, 5644449.485802 6171684.096331, 5644511.715493 6171256.299838, 5644943.906459 6171031.464868, 5645313.901281 6171234.412932, 5645251.696687 6171662.227747, 5644819.472172 6171887.076176, 5644757.247592 6172314.925935, 5644325.011549 6172539.777525, 5643955.033635 6172336.765902), (5643647.344047 6171705.962652, 5643215.163575 6171930.790495, 5642845.271427 6171727.826709, 5642907.551294 6171300.066853, 5643339.698226 6171075.252466, 5643709.59883 6171278.184478, 5643647.344047 6171705.962652), (5643405.611911 6167879.04639, 5642973.588657 6168103.814024, 5642603.834223 6167901.072934, 5642666.094605 6167473.595978, 5643098.084322 6167248.841821, 5643467.847193 6167451.551143, 5643405.611911 6167879.04639), (5643460.549973 6172989.473569, 5643028.324447 6173214.318021, 5642658.40211 6173011.282655, 5642720.696834 6172583.434611, 5643152.888819 6172358.603607, 5643522.819619 6172561.607198, 5643460.549973 6172989.473569), (5649390.121094 6167927.601992, 5649328.066788 6168355.278613, 5648895.856131 6168580.131749, 5648525.733346 6168377.294781, 5648587.812792 6167949.636468, 5649019.989884 6167724.796815, 5649390.121094 6167927.601992))",100.0,100.0,100.0,100.0,100.0,100.0,98.1771,77.2569,75.1157,93.74,100.0,1,1,CENTRALIDAD_ESTRUCTURAL_MUY_ALTA,CENTRALIDAD_ESTRUCTURAL_MUY_ALTA,0.0,0.0,CENTRALIDAD_ESTRATEGICA,60.0,41,100.0,100.0,98.1771,77.2569,ALTO,MUY_ALTO,MUY_ALTO,MUY_ALTO,ALTO,MUY_BAJO,PRIORIDAD_MEDIA,CENTRALIDAD_METROPOLITANA,DEMANDA,DEMANDA|INFRAESTRUCTURA|INTERMODALIDAD,ALTA_DEMANDA_ALTO_SOPORTE,1,41,MANTENER_Y_OPTIMIZAR,0.0,1.8229000000000042,22.7431,24.884299999999996,12.362575,82.472515,IMPACTO_MUY_ALTO,8.73699,BAJA,52.03921150000001,PRIORIDAD_MEDIA,CONSOLIDAR_CENTRALIDAD,Centralidad con condiciones estructurales suficientes para consolidar y optimizar su funcionamiento.,81,1,27,SIN_DEFICIT_DOMINANTE,CENTRALIDAD_CONSOLIDADA
118,2,25,51,91,0,1,2,AUTOBUS,1,0,0,1,0,0,AUTOBUS|FERROCARRIL,2,1,0,1,0,0,AUTOBUS|FERROCARRIL,2,1,0,1,0,0,127.32395447351627,64.9352167814933,28.966199642724952,0.013171487603305785,0.49259414321024025,0.12590471182995822,0.4,1,0,0,0.3177714135489874,30.59,SOPORTE_FISICO_BAJO,63,MONOMODAL,50.0,43.05555555555556,18.055555555555554,69.44444444444444,46.18055555555556,50.34722222222222,85,83,85,2,70.0,INTERMODALIDAD_MEDIA,16,"POLYGON ((5627746.514663 6155000.905126, 5627398.01816 6154663.107845, 5626986.854976 6154751.513402, 5626924.185877 6155177.747433, 5627272.708518 6155515.567617, 5627210.046325 6155941.841562, 5627558.578284 6156279.67046, 5627969.746296 6156191.202517, 5628032.379939 6155764.936869, 5627683.874119 6155427.130867, 5627746.514663 6155000.905126))",43.05555555555556,43.05555555555556,47.8255,12.5905,40.0,33.1046,39.3629,63.1944,37.1528,42.26,46.53,78,78,CENTRALIDAD_ESTRUCTURAL_MEDIA,CENTRALIDAD_ESTRUCTURAL_MEDIA,9.95,66.8954,CENTRALIDAD_SECUNDARIA,29.81,83,43.05555555555556,33.1046,39.3629,63.1944,BAJO,MEDIO,BAJO,BAJO,ALTO,MUY_BAJO,PRIORIDAD_BAJA,CENTRALIDAD_LOCAL,CONECTIVIDAD,CONECTIVIDAD,PERFIL_EQUILIBRADO,78,83,MANTENER_Y_OPTIMIZAR,56.94444444444444,60.6371,36.8056,62.8472,56.796324999999996,46.846042777777775,IMPACTO_MEDIO,58.705635,MEDIA,51.72555816666667,PRIORIDAD_MEDIA,MEJORAR_INTEGRACION_TERRITORIAL,La integración territorial presenta un déficit relevante respecto de las demás dimensiones.,82,11,28,INFRAESTRUCTURA|INTEGRACION|INTERMODALIDAD,INTERVENCION_SELECTIVA
110,2,8,10,27,1,1,3,AUTOBUS|FERROCARRIL,2,1,0,1,0,0,AUTOBUS|FERROCARRIL,2,1,0,1,0,0,AUTOBUS|FERROCARRIL,2,1,0,1,0,0,40.74366543152521,12.732395447351628,8.594366926962348,0.0025826446280991736,0.30808740138835516,0.12590471182995822,0.4,1,0,0,0.3177714135489874,23.97,SOPORTE_FISICO_BAJO,99,MONOMODAL,50.0,42.36111111111111,17.36111111111111,69.44444444444444,46.18055555555556,50.34722222222222,86,84,86,2,70.0,INTERMODALIDAD_MEDIA,16,"POLYGON ((5641328.296503 6154753.308993, 5640959.07145 6154551.354347, 5640527.64249 6154775.889674, 5640465.405074 6155202.393188, 5640834.621751 6155404.379575, 5640772.389476 6155830.936309, 5641141.644807 6156032.962381, 5641573.140794 6155808.399976, 5641635.347933 6155381.825037, 5641266.084223 6155179.830708, 5641328.296503 6154753.308993))",42.36111111111111,42.36111111111111,29.0239,12.5905,40.0,25.531,39.3629,74.8264,36.9213,41.88,45.14,80,80,CENTRALIDAD_ESTRUCTURAL_MEDIA,CENTRALIDAD_ESTRUCTURAL_MEDIA,16.83,74.469,CENTRALIDAD_SECUNDARIA,32.15,80,42.36111111111111,25.531,39.3629,74.8264,BAJO,MEDIO,BAJO,BAJO,ALTO,MUY_BAJO,PRIORIDAD_BAJA,CENTRALIDAD_LOCAL,CONECTIVIDAD,CONECTIVIDAD,PERFIL_EQUILIBRADO,80,80,MANTENER_Y_OPTIMIZAR,57.63888888888889,60.6371,25.173599999999993,63.0787,55.8396,45.890475555555554,IMPACTO_MEDIO,59.4434,MEDIA,51.610985333333325,PRIORIDAD_MEDIA,MEJORAR_INTEGRACION_TERRITORIAL,La integración territorial presenta un déficit relevante respecto de las demás dimensiones.,83,12,29,INFRAESTRUCTURA|INTEGRACION|INTERMODALIDAD,CENTRALIDAD_CONECTIVA
87,1,12,20,30,0,0,1,AUTOBUS,1,0,0,1,0,0,AUTOBUS,1,0,0,1,0,0,AUTOBUS|FLUVIAL,2,0,0,1,1,0,61.11549814728781,25.464790894703256,9.549296585513721,0.005165289256198347,0.3852407435141075,0.0,0.2,0,0,0,0.13999999999999999,18.56,SOPORTE_FISICO_MUY_BAJO,119,MONOMODAL,50.0,33.33333333333333,43.05555555555556,69.44444444444444,46.18055555555556,50.34722222222222,81,97,81,16,40.0,INTERMODALIDAD_BAJA,115,"POLYGON ((5631157.877958 6186115.31228, 5631527.535729 6186318.966766, 5631464.797992 6186747.528683, 5631032.377549 6186972.41772, 5630662.728343 6186768.731484, 5630725.491014 6186340.187961, 5631157.877958 6186115.31228))",33.33333333333333,33.33333333333333,36.8507,0.0,20.0,19.6817,19.8438,33.0729,45.4861,28.4,13.19,126,126,CENTRALIDAD_ESTRUCTURAL_BAJA,CENTRALIDAD_ESTRUCTURAL_MUY_BAJA,13.65,80.3183,CENTRALIDAD_SECUNDARIA,25.46,92,33.33333333333333,19.6817,19.8438,33.0729,MEDIO,BAJO,MUY_BAJO,MUY_BAJO,BAJO,MUY_BAJO,PRIORIDAD_BAJA,CENTRALIDAD_LOCAL,INTEGRACION_TERRITORIAL,TERRITORIAL,PERFIL_EQUILIBRADO,126,92,MANTENER_Y_OPTIMIZAR,66.66666666666667,80.1562,66.9271,54.5139,70.47887499999999,34.71944166666666,IMPACTO_BAJO,73.728875,ALTA,51.289272499999996,PRIORIDAD_MEDIA,MEJORAR_CONECTIVIDAD,La conectividad constituye una de las principales restricciones estructurales de la centralidad.,84,12,30,INFRAESTRUCTURA|INTERMODALIDAD|CONECTIVIDAD|INTEGRACION,BAJO_DESEMPEÑO_ESTRUCTURAL
78,1,5,5,10,1,1,2,AUTOBUS|FERROCARRIL,2,1,0,1,0,0,AUTOBUS|FERROCARRIL,2,1,0,1,0,0,AUTOBUS|FERROCARRIL,2,1,0,1,0,0,25.464790894703256,6.366197723675814,3.183098861837907,0.0012913223140495868,0.23483860732538517,0.12590471182995822,0.4,1,0,0,0.3177714135489874,21.39,SOPORTE_FISICO_BAJO,106,MONOMODAL,50.0,37.5,53.47222222222222,23.26388888888889,46.18055555555556,50.34722222222222,101,91,101,10,65.0,INTERMODALIDAD_MEDIA,104,"POLYGON ((5665371.973698 6143027.628756, 5665742.280457 6143229.201558, 5665680.914998 6143655.490299, 5665249.217417 6143880.188064, 5664878.918909 6143678.583448, 5664940.309729 6143252.312881, 5665371.973698 6143027.628756))",37.5,37.5,21.6873,12.5905,40.0,22.5762,30.7691,50.7812,48.9583,35.56,29.86,102,102,CENTRALIDAD_ESTRUCTURAL_BAJA,CENTRALIDAD_ESTRUCTURAL_BAJA,14.92,77.4238,CENTRALIDAD_SECUNDARIA,28.47,84,37.5,22.5762,30.7691,50.7812,MEDIO,BAJO,BAJO,BAJO,MEDIO,MUY_BAJO,PRIORIDAD_BAJA,CENTRALIDAD_LOCAL,CONECTIVIDAD,CONECTIVIDAD,PERFIL_EQUILIBRADO,102,84,MANTENER_Y_OPTIMIZAR,62.5,69.23089999999999,49.2188,51.0417,61.72879999999999,40.05376,IMPACTO_MEDIO,65.77726,ALTA,51.202735999999994,PRIORIDAD_MEDIA,MEJORAR_CONECTIVIDAD,La conectividad constituye una de las principales restricciones estructurales de la centralidad.,85,13,31,INFRAESTRUCTURA|INTERMODALIDAD|INTEGRACION|CONECTIVIDAD,BAJO_DESEMPEÑO_ESTRUCTURAL
95,2,54,98,213,8,11,18,AUTOBUS|FERROCARRIL,2,1,0,1,0,0,AUTOBUS|FERROCARRIL,2,1,0,1,0,0,AUTOBUS|FERROCARRIL,2,1,0,1,0,0,275.0197416627951,124.77747538404594,67.80000575714742,0.0253099173553719,0.5685460743856711,0.45136367057450355,0.4,1,0,0,0.415409101172351,41.56,SOPORTE_FISICO_MEDIO,13,MONOMODAL,50.0,45.83333333333333,25.0,23.26388888888889,46.18055555555556,50.34722222222222,107,79,107,28,70.0,INTERMODALIDAD_MEDIA,16,"POLYGON ((5635078.440416 6170236.212065, 5634709.08808 6170033.439798, 5634277.228612 6170258.124437, 5634214.687982 6170685.594793, 5634584.031845 6170888.3988, 5634521.496334 6171315.922357, 5634890.878815 6171518.766123, 5635322.805285 6171294.05459, 5635385.31577 6170866.512736, 5635015.924813 6170663.700713, 5635078.440416 6170236.212065))",45.83333333333333,45.83333333333333,55.619,45.1364,40.0,47.2416,47.4994,59.0278,39.4676,47.86,57.64,62,62,CENTRALIDAD_ESTRUCTURAL_MEDIA,CENTRALIDAD_ESTRUCTURAL_MEDIA,-1.41,52.7584,CENTRALIDAD_SECUNDARIA,27.5,86,45.83333333333333,47.2416,47.4994,59.0278,BAJO,MEDIO,MEDIO,MEDIO,MEDIO,MUY_BAJO,PRIORIDAD_BAJA,CENTRALIDAD_LOCAL,CONECTIVIDAD,CONECTIVIDAD,PERFIL_EQUILIBRADO,62,86,MANTENER_Y_OPTIMIZAR,54.16666666666667,52.5006,40.9722,60.5324,51.6909,50.54684666666666,IMPACTO_MEDIO,51.50281,MEDIA,50.709628,PRIORIDAD_MEDIA,MEJORAR_INTEGRACION_TERRITORIAL,La integración territorial presenta un déficit relevante respecto de las demás dimensiones.,86,13,32,INTEGRACION|INFRAESTRUCTURA|INTERMODALIDAD|CONECTIVIDAD,INTERVENCION_SELECTIVA
69,1,13,19,37,1,1,1,AUTOBUS|FERROCARRIL|FLUVIAL,3,1,0,1,1,0,AUTOBUS|FERROCARRIL|FLUVIAL,3,1,0,1,1,0,AUTOBUS|FERROCARRIL|FLUVIAL,3,1,0,1,1,0,66.20845632622846,24.19155134996809,11.777465788800255,0.00490702479338843,0.3794422222409767,0.12590471182995822,0.6,1,0,1,0.4577714135489874,31.5,SOPORTE_FISICO_BAJO,59,MONOMODAL,50.0,44.44444444444444,59.72222222222222,69.44444444444444,46.18055555555556,50.34722222222222,61,81,61,20,85.0,INTERMODALIDAD_MUY_ALTA,3,"POLYGON ((5630592.971286 6189973.21073, 5630962.719109 6190177.080031, 5630899.937129 6190605.905938, 5630467.382412 6190830.844124, 5630097.643177 6190626.94307, 5630160.45007 6190198.135582, 5630592.971286 6189973.21073))",44.44444444444444,44.44444444444444,36.2601,12.5905,60.0,33.1932,52.5226,65.7118,51.0417,47.1,54.86,66,66,CENTRALIDAD_ESTRUCTURAL_MEDIA,CENTRALIDAD_ESTRUCTURAL_MEDIA,11.25,66.80680000000001,CENTRALIDAD_SECUNDARIA,31.17,81,44.44444444444444,33.1932,52.5226,65.7118,MEDIO,MEDIO,BAJO,MEDIO,ALTO,MUY_BAJO,PRIORIDAD_BAJA,CENTRALIDAD_LOCAL,CONECTIVIDAD,CONECTIVIDAD,PERFIL_EQUILIBRADO,66,81,MANTENER_Y_OPTIMIZAR,55.55555555555556,47.4774,34.2882,48.9583,49.382675000000006,48.556757222222224,IMPACTO_MEDIO,52.79345500000001,MEDIA,50.555491833333335,PRIORIDAD_MEDIA,MEJORAR_INTEGRACION_TERRITORIAL,La integración territorial presenta un déficit relevante respecto de las demás dimensiones.,87,14,33,INFRAESTRUCTURA|INTEGRACION|INTERMODALIDAD,INTERVENCION_SELECTIVA
83,1,3,3,12,1,1,1,AUTOBUS|FERROCARRIL,2,1,0,1,0,0,AUTOBUS|FERROCARRIL,2,1,0,1,0,0,AUTOBUS|FERROCARRIL,2,1,0,1,0,0,15.278874536821952,3.819718634205488,3.819718634205488,0.0007747933884297521,0.18495368961100384,0.12590471182995822,0.4,1,0,0,0.3177714135489874,19.63,SOPORTE_FISICO_MUY_BAJO,113,MONOMODAL,50.0,35.41666666666667,47.91666666666667,23.26388888888889,46.18055555555556,50.34722222222222,106,94,106,12,63.0,INTERMODALIDAD_MEDIA,108,"POLYGON ((5610553.453662 6187692.592997, 5610203.682515 6187353.679797, 5610267.191359 6186924.851886, 5610680.442765 6186834.94578, 5611030.187598 6187173.836209, 5610966.707337 6187602.655514, 5610553.453662 6187692.592997))",35.41666666666667,35.41666666666667,16.7796,12.5905,40.0,20.5945,30.1615,66.4062,47.1065,36.48,32.64,98,98,CENTRALIDAD_ESTRUCTURAL_BAJA,CENTRALIDAD_ESTRUCTURAL_BAJA,14.82,79.4055,CENTRALIDAD_SECUNDARIA,27.18,87,35.41666666666667,20.5945,30.1615,66.4062,MEDIO,BAJO,BAJO,BAJO,ALTO,MUY_BAJO,PRIORIDAD_BAJA,CENTRALIDAD_LOCAL,CONECTIVIDAD,CONECTIVIDAD,PERFIL_EQUILIBRADO,98,87,MANTENER_Y_OPTIMIZAR,64.58333333333333,69.8385,33.5938,52.8935,58.93282500000001,39.28689833333334,IMPACTO_BAJO,63.874610000000004,ALTA,50.039786500000005,PRIORIDAD_MEDIA,MEJORAR_INTEGRACION_TERRITORIAL,La integración territorial presenta un déficit relevante respecto de las demás dimensiones.,88,15,34,INFRAESTRUCTURA|INTERMODALIDAD|INTEGRACION,BAJO_DESEMPEÑO_ESTRUCTURAL
73,1,38,62,138,5,7,15,AUTOBUS|FERROCARRIL,2,1,0,1,0,0,AUTOBUS|FERROCARRIL,2,1,0,1,0,0,AUTOBUS|FERROCARRIL,2,1,0,1,0,0,193.53241079974472,78.94085177358009,43.926764293363114,0.016012396694214875,0.515245873014789,0.3777141354898746,0.4,1,0,0,0.39331424064696235,37.72,SOPORTE_FISICO_BAJO,22,MONOMODAL,50.0,43.75,57.638888888888886,69.44444444444444,46.18055555555556,50.34722222222222,65,82,65,17,70.0,INTERMODALIDAD_MEDIA,16,"POLYGON ((5636124.1834 6171272.184562, 5636493.660076 6171475.044368, 5636431.179739 6171902.657735, 5635999.197693 6172127.392992, 5635629.729493 6171924.501439, 5635692.234862 6171496.906376, 5636124.1834 6171272.184562))",43.75,43.75,50.1482,37.7714,40.0,42.5413,45.6581,71.2674,50.3472,48.62,60.42,58,58,CENTRALIDAD_ESTRUCTURAL_MEDIA,CENTRALIDAD_ESTRUCTURAL_ALTA,1.21,57.4587,CENTRALIDAD_SECUNDARIA,26.73,88,43.75,42.5413,45.6581,71.2674,MEDIO,MEDIO,MEDIO,MEDIO,ALTO,MUY_BAJO,PRIORIDAD_BAJA,CENTRALIDAD_LOCAL,CONECTIVIDAD,CONECTIVIDAD,PERFIL_EQUILIBRADO,58,88,MANTENER_Y_OPTIMIZAR,56.25,54.3419,28.732600000000005,49.6528,47.54650000000001,49.51030000000001,IMPACTO_MEDIO,49.763395,MEDIA,49.950455000000005,PRIORIDAD_MEDIA,MEJORAR_INTEGRACION_TERRITORIAL,La integración territorial presenta un déficit relevante respecto de las demás dimensiones.,89,16,35,INFRAESTRUCTURA|INTERMODALIDAD|INTEGRACION,CENTRALIDAD_CONECTIVA
124,2,7,11,17,1,2,2,AUTOBUS|FERROCARRIL,2,1,0,1,0,0,AUTOBUS|FERROCARRIL,2,1,0,1,0,0,AUTOBUS|FERROCARRIL,2,1,0,1,0,0,35.65070725258456,14.00563499208679,5.411268065124442,0.002840909090909091,0.3185149047398846,0.19955424691458712,0.4,1,0,0,0.3398662740743761,26.18,SOPORTE_FISICO_BAJO,87,MONOMODAL,50.0,38.88888888888889,6.944444444444445,69.44444444444444,46.18055555555556,50.34722222222222,93,89,93,4,70.0,INTERMODALIDAD_MEDIA,16,"POLYGON ((5630488.382958 6182506.000776, 5630118.909597 6182302.577174, 5629686.701411 6182527.382951, 5629623.933096 6182955.625705, 5629993.397908 6183159.081047, 5629930.634692 6183587.376988, 5630300.138094 6183790.872148, 5630732.413265 6183566.039625, 5630795.151539 6183137.725313, 5630425.639585 6182934.261896, 5630488.382958 6182506.000776))",38.88888888888889,38.88888888888889,30.0771,19.9554,40.0,28.4406,41.2041,57.8125,33.4491,39.03,35.42,94,94,CENTRALIDAD_ESTRUCTURAL_BAJA,CENTRALIDAD_ESTRUCTURAL_BAJA,10.45,71.5594,CENTRALIDAD_SECUNDARIA,27.51,85,38.88888888888889,28.4406,41.2041,57.8125,BAJO,BAJO,BAJO,MEDIO,MEDIO,MUY_BAJO,PRIORIDAD_BAJA,CENTRALIDAD_LOCAL,CONECTIVIDAD,CONECTIVIDAD,PERFIL_EQUILIBRADO,94,85,MANTENER_Y_OPTIMIZAR,61.11111111111111,58.7959,42.1875,66.5509,59.773425,42.025129444444445,IMPACTO_MEDIO,61.74287,ALTA,49.915295166666674,PRIORIDAD_MEDIA,MEJORAR_INTEGRACION_TERRITORIAL,La integración territorial presenta un déficit relevante respecto de las demás dimensiones.,90,17,36,INFRAESTRUCTURA|INTEGRACION|INTERMODALIDAD|CONECTIVIDAD,BAJO_DESEMPEÑO_ESTRUCTURAL
128,2,33,41,68,1,2,4,AUTOBUS|FERROCARRIL,2,1,0,1,0,0,AUTOBUS|FERROCARRIL,2,1,0,1,0,0,AUTOBUS|FERROCARRIL,2,1,0,1,0,0,168.06761990504148,52.202821334141674,21.645072260497766,0.010588842975206611,0.4673614186927018,0.19955424691458712,0.4,1,0,0,0.3398662740743761,31.51,SOPORTE_FISICO_BAJO,57,MONOMODAL,50.0,39.58333333333333,8.333333333333332,69.44444444444444,46.18055555555556,50.34722222222222,92,88,92,4,70.0,INTERMODALIDAD_MEDIA,16,"POLYGON ((5651436.621567 6151069.297786, 5651498.486935 6150642.822605, 5651128.788537 6150440.987114, 5650697.233096 6150665.595032, 5650635.3425 6151092.052019, 5650203.775308 6151316.663248, 5650141.864635 6151743.155314, 5650511.546374 6151945.054349, 5650943.147119 6151720.429546, 5651005.032571 6151293.919282, 5651436.621567 6151069.297786))",39.58333333333333,39.58333333333333,45.2405,19.9554,40.0,34.5473,41.2041,61.1979,33.912,41.32,43.06,83,83,CENTRALIDAD_ESTRUCTURAL_MEDIA,CENTRALIDAD_ESTRUCTURAL_MEDIA,5.04,65.4527,CENTRALIDAD_SECUNDARIA,25.77,90,39.58333333333333,34.5473,41.2041,61.1979,BAJO,BAJO,BAJO,MEDIO,ALTO,MUY_BAJO,PRIORIDAD_BAJA,CENTRALIDAD_LOCAL,CONECTIVIDAD,CONECTIVIDAD,PERFIL_EQUILIBRADO,83,90,MANTENER_Y_OPTIMIZAR,60.41666666666667,58.7959,38.8021,66.088,57.284675,44.166601666666665,IMPACTO_MEDIO,58.553675,MEDIA,49.866028500000006,PRIORIDAD_MEDIA,MEJORAR_INTEGRACION_TERRITORIAL,La integración territorial presenta un déficit relevante respecto de las demás dimensiones.,91,18,37,INTEGRACION|INFRAESTRUCTURA|INTERMODALIDAD,BAJO_DESEMPEÑO_ESTRUCTURAL
101,1,5,8,25,0,0,0,AUTOBUS,1,0,0,1,0,0,AUTOBUS,1,0,0,1,0,0,AUTOBUS,1,0,0,1,0,0,25.464790894703256,10.185916357881302,7.957747154594767,0.002066115702479339,0.28396708285127487,0.0,0.2,0,0,0,0.13999999999999999,14.97,SOPORTE_FISICO_MUY_BAJO,132,MONOMODAL,50.0,25.694444444444443,33.33333333333333,23.26388888888889,46.18055555555556,50.34722222222222,123,108,123,15,38.0,INTERMODALIDAD_BAJA,132,"POLYGON ((5617031.790923 6181721.382947, 5616682.352327 6181382.757456, 5616745.573332 6180954.518033, 5617158.204381 6180864.912644, 5617507.616711 6181203.515351, 5617444.424255 6181631.74623, 5617031.790923 6181721.382947))",25.694444444444443,25.694444444444443,26.595,0.0,20.0,15.5538,17.934,40.625,42.2454,25.5,9.72,131,131,CENTRALIDAD_ESTRUCTURAL_BAJA,CENTRALIDAD_ESTRUCTURAL_MUY_BAJA,10.14,84.4462,CENTRALIDAD_SECUNDARIA,19.47,102,25.694444444444443,15.5538,17.934,40.625,MEDIO,BAJO,MUY_BAJO,MUY_BAJO,MEDIO,MUY_BAJO,PRIORIDAD_BAJA,CENTRALIDAD_LOCAL,INTEGRACION_TERRITORIAL,TERRITORIAL,PERFIL_EQUILIBRADO,131,102,MANTENER_Y_OPTIMIZAR,74.30555555555556,82.066,59.375,57.7546,70.91045,29.94531222222222,IMPACTO_BAJO,74.83317000000001,ALTA,48.90051233333333,PRIORIDAD_MEDIA,MEJORAR_CONECTIVIDAD,La conectividad constituye una de las principales restricciones estructurales de la centralidad.,92,14,38,INFRAESTRUCTURA|INTERMODALIDAD|CONECTIVIDAD|INTEGRACION,BAJO_DESEMPEÑO_ESTRUCTURAL
79,1,6,17,44,2,3,6,AUTOBUS|FERROCARRIL,2,1,0,1,0,0,AUTOBUS|FERROCARRIL,2,1,0,1,0,0,AUTOBUS|FERROCARRIL,2,1,0,1,0,0,30.557749073643905,21.645072260497766,14.00563499208679,0.004390495867768595,0.36690985424200945,0.25180942365991643,0.4,1,0,0,0.3555428270979749,29.2,SOPORTE_FISICO_BAJO,73,MONOMODAL,50.0,36.80555555555556,52.77777777777778,23.26388888888889,46.18055555555556,50.34722222222222,102,92,102,10,70.0,INTERMODALIDAD_MEDIA,16,"POLYGON ((5648038.848601 6160728.630986, 5648408.69558 6160931.022583, 5648346.660406 6161358.167942, 5647914.75309 6161582.903446, 5647544.914501 6161380.480073, 5647606.974837 6160953.352972, 5648038.848601 6160728.630986))",36.80555555555556,36.80555555555556,34.9848,25.1809,40.0,32.179,42.5105,62.934,48.7269,41.9,45.83,79,79,CENTRALIDAD_ESTRUCTURAL_MEDIA,CENTRALIDAD_ESTRUCTURAL_MEDIA,4.63,67.821,CENTRALIDAD_SECUNDARIA,23.94,96,36.80555555555556,32.179,42.5105,62.934,MEDIO,BAJO,BAJO,MEDIO,ALTO,MUY_BAJO,PRIORIDAD_BAJA,CENTRALIDAD_LOCAL,CONECTIVIDAD,CONECTIVIDAD,PERFIL_EQUILIBRADO,79,96,MANTENER_Y_OPTIMIZAR,63.19444444444444,57.4895,37.066,51.2731,53.4124,42.83425777777778,IMPACTO_MEDIO,56.60494,MEDIA,48.817194666666666,PRIORIDAD_MEDIA,MEJORAR_INTEGRACION_TERRITORIAL,La integración territorial presenta un déficit relevante respecto de las demás dimensiones.,93,19,39,INFRAESTRUCTURA|INTERMODALIDAD|INTEGRACION,BAJO_DESEMPEÑO_ESTRUCTURAL
82,1,8,14,34,0,1,2,AUTOBUS|FERROCARRIL,2,1,0,1,0,0,AUTOBUS|FERROCARRIL,2,1,0,1,0,0,AUTOBUS|FERROCARRIL,2,1,0,1,0,0,40.74366543152521,17.82535362629228,10.822536130248883,0.003615702479338843,0.34518442464383275,0.12590471182995822,0.4,1,0,0,0.3177714135489874,25.28,SOPORTE_FISICO_BAJO,95,MONOMODAL,50.0,36.11111111111111,49.30555555555556,23.26388888888889,46.18055555555556,50.34722222222222,104,93,104,11,70.0,INTERMODALIDAD_MEDIA,16,"POLYGON ((5647487.935684 6156279.426025, 5647857.606009 6156481.555391, 5647795.58526 6156908.364341, 5647363.869007 6157133.025699, 5646994.207049 6156930.864566, 5647056.252975 6156504.073842, 5647487.935684 6156279.426025))",36.11111111111111,36.11111111111111,32.778,12.5905,40.0,27.0415,39.3629,61.2847,47.5694,39.42,36.11,93,93,CENTRALIDAD_ESTRUCTURAL_BAJA,CENTRALIDAD_ESTRUCTURAL_BAJA,9.07,72.9585,CENTRALIDAD_SECUNDARIA,25.29,93,36.11111111111111,27.0415,39.3629,61.2847,MEDIO,BAJO,BAJO,BAJO,ALTO,MUY_BAJO,PRIORIDAD_BAJA,CENTRALIDAD_LOCAL,CONECTIVIDAD,CONECTIVIDAD,PERFIL_EQUILIBRADO,93,93,MANTENER_Y_OPTIMIZAR,63.88888888888889,60.6371,38.7153,52.4306,56.185375,40.12563055555556,IMPACTO_MEDIO,59.950325,MEDIA,48.63716583333333,PRIORIDAD_MEDIA,MEJORAR_INTEGRACION_TERRITORIAL,La integración territorial presenta un déficit relevante respecto de las demás dimensiones.,94,20,40,INFRAESTRUCTURA|INTERMODALIDAD|INTEGRACION,BAJO_DESEMPEÑO_ESTRUCTURAL
89,1,4,5,10,0,1,1,AUTOBUS,1,0,0,1,0,0,AUTOBUS|FERROCARRIL,2,1,0,1,0,0,AUTOBUS|FERROCARRIL,2,1,0,1,0,0,20.371832715762604,6.366197723675814,3.183098861837907,0.0012913223140495868,0.23483860732538517,0.12590471182995822,0.4,1,0,0,0.3177714135489874,21.39,SOPORTE_FISICO_BAJO,106,MONOMODAL,50.0,31.944444444444443,40.97222222222222,69.44444444444444,46.18055555555556,50.34722222222222,83,99,83,16,65.0,INTERMODALIDAD_MEDIA,104,"POLYGON ((5638744.320875 6153339.959727, 5639113.374577 6153541.819164, 5639051.101743 6153968.198057, 5638619.750082 6154192.699325, 5638250.704756 6153990.808156, 5638313.002714 6153564.447451, 5638744.320875 6153339.959727))",31.944444444444443,31.944444444444443,21.6873,12.5905,40.0,22.5762,30.7691,62.3264,44.7917,35.21,29.17,103,103,CENTRALIDAD_ESTRUCTURAL_BAJA,CENTRALIDAD_ESTRUCTURAL_BAJA,9.37,77.4238,CENTRALIDAD_SECUNDARIA,22.91,98,31.944444444444443,22.5762,30.7691,62.3264,MEDIO,BAJO,BAJO,BAJO,ALTO,MUY_BAJO,PRIORIDAD_BAJA,CENTRALIDAD_LOCAL,CONECTIVIDAD,CONECTIVIDAD,PERFIL_EQUILIBRADO,103,98,MANTENER_Y_OPTIMIZAR,68.05555555555556,69.23089999999999,37.6736,55.2083,59.88415,36.70005222222222,IMPACTO_BAJO,64.09321,ALTA,48.428786333333335,PRIORIDAD_MEDIA,MEJORAR_INTEGRACION_TERRITORIAL,La integración territorial presenta un déficit relevante respecto de las demás dimensiones.,95,21,41,INFRAESTRUCTURA|INTERMODALIDAD|INTEGRACION,BAJO_DESEMPEÑO_ESTRUCTURAL
119,2,12,19,41,3,5,6,AUTOBUS|FERROCARRIL|TRANVIA,3,1,0,1,0,1,AUTOBUS|FERROCARRIL|TRANVIA,3,1,0,1,0,1,AUTOBUS|FERROCARRIL|TRANVIA,3,1,0,1,0,1,61.11549814728781,24.19155134996809,13.050705333535419,0.00490702479338843,0.3794422222409767,0.3254589587445453,0.6,1,0,0,0.5176376876233636,36.49,SOPORTE_FISICO_BAJO,30,MONOMODAL,50.0,41.66666666666667,16.666666666666664,69.44444444444444,95.48611111111111,50.34722222222222,70,85,70,15,85.0,INTERMODALIDAD_MUY_ALTA,3,"POLYGON ((5652544.687567 6154436.935408, 5652976.444368 6154212.246064, 5653038.284032 6153785.504445, 5652668.392122 6153583.470391, 5652236.668886 6153808.146171, 5651866.824017 6153606.12006, 5651435.1226 6153830.785567, 5651373.232491 6154257.490748, 5651743.069017 6154459.54864, 5652174.803996 6154234.86957, 5652544.687567 6154436.935408))",41.66666666666667,41.66666666666667,36.2601,32.5459,60.0,39.9283,57.5115,81.9444,36.6898,49.95,64.58,52,52,CENTRALIDAD_ESTRUCTURAL_MEDIA,CENTRALIDAD_ESTRUCTURAL_ALTA,1.74,60.0717,CENTRALIDAD_SECUNDARIA,25.7,91,41.66666666666667,39.9283,57.5115,81.9444,BAJO,MEDIO,BAJO,MEDIO,MUY_ALTO,MUY_BAJO,PRIORIDAD_BAJA,CENTRALIDAD_LOCAL,CONECTIVIDAD,CONECTIVIDAD,FUERTE_CONECTIVIDAD,52,91,MANTENER_Y_OPTIMIZAR,58.33333333333333,42.4885,18.0556,63.3102,45.981500000000004,49.40363333333334,IMPACTO_MEDIO,47.758455000000005,MEDIA,48.402715,PRIORIDAD_MEDIA,MEJORAR_INTEGRACION_TERRITORIAL,La integración territorial presenta un déficit relevante respecto de las demás dimensiones.,96,22,42,INTEGRACION|INFRAESTRUCTURA|INTERMODALIDAD,CENTRALIDAD_CONECTIVA
102,1,8,11,22,0,0,2,AUTOBUS,1,0,0,1,0,0,AUTOBUS,1,0,0,1,0,0,AUTOBUS|FERROCARRIL,2,1,0,1,0,0,40.74366543152521,14.00563499208679,7.002817496043395,0.002840909090909091,0.3185149047398846,0.0,0.2,0,0,0,0.13999999999999999,16.19,SOPORTE_FISICO_MUY_BAJO,127,MONOMODAL,50.0,25.0,32.63888888888889,69.44444444444444,46.18055555555556,50.34722222222222,94,109,94,15,40.0,INTERMODALIDAD_BAJA,115,"POLYGON ((5652731.408624 6150395.419383, 5653101.201075 6150597.270727, 5653039.386178 6151023.782302, 5652607.753589 6151248.424335, 5652237.969461 6151046.541214, 5652299.809597 6150620.047836, 5652731.408624 6150395.419383))",25.0,25.0,30.0771,0.0,20.0,16.9555,19.8438,40.4514,42.0139,25.98,11.11,129,129,CENTRALIDAD_ESTRUCTURAL_BAJA,CENTRALIDAD_ESTRUCTURAL_MUY_BAJA,8.04,83.0445,CENTRALIDAD_SECUNDARIA,18.22,105,25.0,16.9555,19.8438,40.4514,MEDIO,BAJO,MUY_BAJO,MUY_BAJO,MEDIO,MUY_BAJO,PRIORIDAD_BAJA,CENTRALIDAD_LOCAL,INTEGRACION_TERRITORIAL,TERRITORIAL,PERFIL_EQUILIBRADO,129,105,MANTENER_Y_OPTIMIZAR,75.0,80.1562,59.5486,57.9861,70.18384999999999,29.86977,IMPACTO_BAJO,73.864485,ALTA,48.38997200000001,PRIORIDAD_MEDIA,MEJORAR_CONECTIVIDAD,La conectividad constituye una de las principales restricciones estructurales de la centralidad.,97,15,43,INFRAESTRUCTURA|INTERMODALIDAD|CONECTIVIDAD|INTEGRACION,BAJO_DESEMPEÑO_ESTRUCTURAL
75,1,16,36,99,1,3,6,AUTOBUS|FERROCARRIL,2,1,0,1,0,0,AUTOBUS|FERROCARRIL|FLUVIAL,3,1,0,1,1,0,AUTOBUS|FERROCARRIL|FLUVIAL,3,1,0,1,1,0,81.48733086305042,45.83662361046586,31.512678732195276,0.009297520661157025,0.4523735823652385,0.25180942365991643,0.6,1,0,1,0.4955428270979749,37.27,SOPORTE_FISICO_BAJO,26,MONOMODAL,50.0,40.97222222222222,56.25,23.26388888888889,46.18055555555556,50.34722222222222,97,86,97,11,85.0,INTERMODALIDAD_MUY_ALTA,3,"POLYGON ((5629715.095287 6171447.081475, 5630084.195211 6171649.877138, 5630021.514783 6172077.344115, 5629589.709444 6172301.997138, 5629220.618013 6172099.169751, 5629283.323426 6171671.721066, 5629715.095287 6171447.081475))",40.97222222222222,40.97222222222222,43.7063,25.1809,60.0,40.442,55.6702,64.7569,49.8843,48.24,58.33,61,61,CENTRALIDAD_ESTRUCTURAL_MEDIA,CENTRALIDAD_ESTRUCTURAL_MEDIA,0.53,59.558,CENTRALIDAD_SECUNDARIA,24.8,94,40.97222222222222,40.442,55.6702,64.7569,MEDIO,MEDIO,MEDIO,MEDIO,ALTO,MUY_BAJO,PRIORIDAD_BAJA,CENTRALIDAD_LOCAL,CONECTIVIDAD,CONECTIVIDAD,PERFIL_EQUILIBRADO,61,94,MANTENER_Y_OPTIMIZAR,59.02777777777778,44.3298,35.2431,50.1157,47.31165,47.44744111111111,IMPACTO_MEDIO,49.471625,MEDIA,48.32846466666667,PRIORIDAD_MEDIA,MEJORAR_INTEGRACION_TERRITORIAL,La integración territorial presenta un déficit relevante respecto de las demás dimensiones.,98,23,44,INFRAESTRUCTURA|INTEGRACION|INTERMODALIDAD,INTERVENCION_SELECTIVA
96,1,1,5,13,0,0,1,FERROCARRIL,1,1,0,0,0,0,AUTOBUS|FERROCARRIL,2,1,0,1,0,0,AUTOBUS|FERROCARRIL,2,1,0,1,0,0,5.092958178940651,6.366197723675814,4.138028520389279,0.0012913223140495868,0.23483860732538517,0.0,0.4,1,0,0,0.27999999999999997,18.24,SOPORTE_FISICO_MUY_BAJO,120,MONOMODAL,50.0,28.47222222222222,36.11111111111111,23.26388888888889,46.18055555555556,50.34722222222222,120,104,120,16,60.0,INTERMODALIDAD_MEDIA,113,"POLYGON ((5655198.12604 6147140.386549, 5655567.960037 6147342.078987, 5655506.245698 6147768.415034, 5655074.672092 6147993.040461, 5654704.846394 6147791.316239, 5654766.586003 6147364.998373, 5655198.12604 6147140.386549))",28.47222222222222,28.47222222222222,21.6873,0.0,40.0,18.3266,26.3194,59.2014,43.1713,31.58,20.83,115,115,CENTRALIDAD_ESTRUCTURAL_BAJA,CENTRALIDAD_ESTRUCTURAL_BAJA,10.15,81.6734,CENTRALIDAD_SECUNDARIA,21.14,99,28.47222222222222,18.3266,26.3194,59.2014,MEDIO,BAJO,MUY_BAJO,BAJO,MEDIO,MUY_BAJO,PRIORIDAD_BAJA,CENTRALIDAD_LOCAL,CONECTIVIDAD,CONECTIVIDAD,PERFIL_EQUILIBRADO,115,99,MANTENER_Y_OPTIMIZAR,71.52777777777777,73.6806,40.7986,56.8287,63.245324999999994,33.13417611111111,IMPACTO_BAJO,67.77353500000001,ALTA,47.86403816666666,PRIORIDAD_MEDIA,MEJORAR_INTEGRACION_TERRITORIAL,La integración territorial presenta un déficit relevante respecto de las demás dimensiones.,99,24,45,INFRAESTRUCTURA|INTERMODALIDAD|INTEGRACION|CONECTIVIDAD,BAJO_DESEMPEÑO_ESTRUCTURAL
111,1,2,3,18,0,0,0,AUTOBUS,1,0,0,1,0,0,AUTOBUS,1,0,0,1,0,0,AUTOBUS|FERROCARRIL,2,1,0,1,0,0,10.185916357881302,3.819718634205488,5.729577951308232,0.0007747933884297521,0.18495368961100384,0.0,0.2,0,0,0,0.13999999999999999,11.49,SOPORTE_FISICO_MUY_BAJO,138,MONOMODAL,50.0,19.444444444444446,24.305555555555554,23.26388888888889,46.18055555555556,50.34722222222222,132,117,132,15,33.0,INTERMODALIDAD_BAJA,138,"POLYGON ((5645400.644174 6148693.729685, 5645769.944402 6148895.398624, 5645707.912317 6149321.604921, 5645276.554809 6149546.124109, 5644907.262914 6149344.423422, 5644969.320192 6148918.235295, 5645400.644174 6148693.729685))",19.444444444444446,19.444444444444446,16.7796,0.0,20.0,11.5964,16.7188,42.1875,39.2361,22.33,7.64,134,134,CENTRALIDAD_ESTRUCTURAL_BAJA,CENTRALIDAD_ESTRUCTURAL_MUY_BAJA,7.85,88.4036,CENTRALIDAD_SECUNDARIA,14.81,112,19.444444444444446,11.5964,16.7188,42.1875,BAJO,MUY_BAJO,MUY_BAJO,MUY_BAJO,MEDIO,MUY_BAJO,PRIORIDAD_BAJA,CENTRALIDAD_LOCAL,CONECTIVIDAD,CONECTIVIDAD,PERFIL_EQUILIBRADO,134,112,MANTENER_Y_OPTIMIZAR,80.55555555555556,83.2812,57.8125,60.7639,72.5653,26.527282222222222,IMPACTO_BAJO,76.85882500000001,URGENTE,47.65218433333334,PRIORIDAD_MEDIA,MEJORAR_CONECTIVIDAD,La conectividad constituye una de las principales restricciones estructurales de la centralidad.,100,16,46,INFRAESTRUCTURA|INTERMODALIDAD|INTEGRACION|CONECTIVIDAD,BAJO_DESEMPEÑO_ESTRUCTURAL
136,2,71,131,264,3,4,13,AUTOBUS|FERROCARRIL,2,1,0,1,0,0,AUTOBUS|FERROCARRIL,2,1,0,1,0,0,AUTOBUS|FERROCARRIL,2,1,0,1,0,0,361.6000307047862,166.79438036030632,84.03380995252074,0.03383264462809917,0.6024417664347088,0.2923416876766772,0.4,1,0,0,0.3677025063030031,38.9,SOPORTE_FISICO_BAJO,18,MONOMODAL,50.0,38.19444444444444,5.555555555555555,95.83333333333334,46.18055555555556,50.34722222222222,78,90,78,12,70.0,INTERMODALIDAD_MEDIA,16,"POLYGON ((5637362.749902 6168257.880063, 5636993.32509 6168055.195019, 5636561.477941 6168279.880401, 5636499.022098 6168707.26429, 5636868.438454 6168909.98108, 5636805.987731 6169337.418181, 5637175.442715 6169540.174727, 5637607.356883 6169315.462424, 5637669.782554 6168888.007034, 5637300.319111 6168685.282236, 5637362.749902 6168257.880063))",38.19444444444444,38.19444444444444,59.1011,29.2342,40.0,43.2906,43.5238,75.0,32.9861,45.53,52.78,69,69,CENTRALIDAD_ESTRUCTURAL_MEDIA,CENTRALIDAD_ESTRUCTURAL_MEDIA,-5.1,56.7094,CENTRALIDAD_SECUNDARIA,22.92,97,38.19444444444444,43.2906,43.5238,75.0,BAJO,BAJO,MEDIO,MEDIO,ALTO,MUY_BAJO,PRIORIDAD_BAJA,CENTRALIDAD_LOCAL,CONECTIVIDAD,CONECTIVIDAD,FUERTE_CONECTIVIDAD,69,97,MANTENER_Y_OPTIMIZAR,61.80555555555556,56.4762,25.0,67.0139,51.299875,45.191197222222215,IMPACTO_MEDIO,51.854895,MEDIA,47.64873583333333,PRIORIDAD_MEDIA,MEJORAR_INTEGRACION_TERRITORIAL,La integración territorial presenta un déficit relevante respecto de las demás dimensiones.,101,25,47,INTEGRACION|INFRAESTRUCTURA|INTERMODALIDAD,CENTRALIDAD_CONECTIVA
85,1,23,38,74,0,2,2,AUTOBUS,1,0,0,1,0,0,AUTOBUS|FERROCARRIL,2,1,0,1,0,0,AUTOBUS|FERROCARRIL,2,1,0,1,0,0,117.13803811563497,48.38310269993618,23.55493157760051,0.00981404958677686,0.45859974178108265,0.19955424691458712,0.4,1,0,0,0.3398662740743761,31.19,SOPORTE_FISICO_BAJO,60,MONOMODAL,50.0,34.02777777777778,45.13888888888889,69.44444444444444,46.18055555555556,50.34722222222222,79,96,79,17,70.0,INTERMODALIDAD_MEDIA,16,"POLYGON ((5625760.361685 6160383.503809, 5625411.680355 6160045.543098, 5625474.436957 6159618.948284, 5625885.846337 6159530.322515, 5626234.501507 6159868.260346, 5626171.773456 6160294.846824, 5625760.361685 6160383.503809))",34.02777777777778,34.02777777777778,44.3435,19.9554,40.0,34.1853,41.2041,66.059,46.1806,41.52,43.75,82,82,CENTRALIDAD_ESTRUCTURAL_MEDIA,CENTRALIDAD_ESTRUCTURAL_MEDIA,-0.16,65.8147,CENTRALIDAD_SECUNDARIA,20.42,100,34.02777777777778,34.1853,41.2041,66.059,MEDIO,BAJO,BAJO,MEDIO,ALTO,MUY_BAJO,PRIORIDAD_BAJA,CENTRALIDAD_LOCAL,CONECTIVIDAD,CONECTIVIDAD,PERFIL_EQUILIBRADO,82,100,MANTENER_Y_OPTIMIZAR,65.97222222222223,58.7959,33.941,53.8194,53.09275,40.75743888888889,IMPACTO_MEDIO,55.885965000000006,MEDIA,47.212583333333335,PRIORIDAD_MEDIA,MEJORAR_INTEGRACION_TERRITORIAL,La integración territorial presenta un déficit relevante respecto de las demás dimensiones.,102,26,48,INFRAESTRUCTURA|INTERMODALIDAD|INTEGRACION,BAJO_DESEMPEÑO_ESTRUCTURAL
113,1,3,4,9,0,0,1,AUTOBUS,1,0,0,1,0,0,AUTOBUS,1,0,0,1,0,0,AUTOBUS|FERROCARRIL,2,1,0,1,0,0,15.278874536821952,5.092958178940651,2.864788975654116,0.0010330578512396695,0.2125216136193653,0.0,0.2,0,0,0,0.13999999999999999,12.45,SOPORTE_FISICO_MUY_BAJO,136,MONOMODAL,50.0,18.055555555555554,22.916666666666664,69.44444444444444,46.18055555555556,50.34722222222222,105,119,105,14,34.0,INTERMODALIDAD_BAJA,136,"POLYGON ((5653347.407583 6151652.23822, 5653717.27745 6151854.168986, 5653655.472837 6152280.787147, 5653223.773118 6152505.456334, 5652853.911579 6152303.493785, 5652915.74143 6151876.893832, 5653347.407583 6151652.23822))",18.055555555555554,18.055555555555554,19.4805,0.0,20.0,12.6857,17.2396,39.4965,38.7731,21.84,6.94,135,135,CENTRALIDAD_ESTRUCTURAL_BAJA,CENTRALIDAD_ESTRUCTURAL_MUY_BAJA,5.37,87.3143,CENTRALIDAD_SECUNDARIA,12.98,116,18.055555555555554,12.6857,17.2396,39.4965,BAJO,MUY_BAJO,MUY_BAJO,MUY_BAJO,BAJO,MUY_BAJO,PRIORIDAD_BAJA,CENTRALIDAD_LOCAL,CONECTIVIDAD,CONECTIVIDAD,PERFIL_EQUILIBRADO,135,116,MANTENER_Y_OPTIMIZAR,81.94444444444444,82.7604,60.5035,61.2269,72.95127500000001,25.70003277777778,IMPACTO_BAJO,76.900555,URGENTE,47.11350716666667,PRIORIDAD_MEDIA,MEJORAR_CONECTIVIDAD,La conectividad constituye una de las principales restricciones estructurales de la centralidad.,103,17,49,INFRAESTRUCTURA|INTERMODALIDAD|INTEGRACION|CONECTIVIDAD,BAJO_DESEMPEÑO_ESTRUCTURAL
114,1,4,4,11,0,0,1,AUTOBUS,1,0,0,1,0,0,AUTOBUS,1,0,0,1,0,0,AUTOBUS|FERROCARRIL,2,1,0,1,0,0,20.371832715762604,5.092958178940651,3.5014087480216975,0.0010330578512396695,0.2125216136193653,0.0,0.2,0,0,0,0.13999999999999999,12.45,SOPORTE_FISICO_MUY_BAJO,136,MONOMODAL,50.0,17.36111111111111,22.22222222222222,23.26388888888889,46.18055555555556,50.34722222222222,133,120,133,13,34.0,INTERMODALIDAD_BAJA,136,"POLYGON ((5656985.679081 6154099.093593, 5657355.844937 6154301.20712, 5657294.136624 6154728.093177, 5656862.237199 6154952.847475, 5656492.079675 6154750.702149, 5656553.813242 6154323.834324, 5656985.679081 6154099.093593))",17.36111111111111,17.36111111111111,19.4805,0.0,20.0,12.6857,17.2396,34.8958,38.5417,20.92,4.86,138,138,CENTRALIDAD_ESTRUCTURAL_BAJA,CENTRALIDAD_ESTRUCTURAL_MUY_BAJA,4.68,87.3143,CENTRALIDAD_SECUNDARIA,12.29,118,17.36111111111111,12.6857,17.2396,34.8958,BAJO,MUY_BAJO,MUY_BAJO,MUY_BAJO,BAJO,MUY_BAJO,PRIORIDAD_BAJA,CENTRALIDAD_LOCAL,INTEGRACION_TERRITORIAL,TERRITORIAL,PERFIL_EQUILIBRADO,138,118,MANTENER_Y_OPTIMIZAR,82.63888888888889,82.7604,65.10419999999999,61.4583,74.1593,24.970415555555554,IMPACTO_BAJO,77.855405,URGENTE,47.026574333333336,PRIORIDAD_MEDIA,MEJORAR_CONECTIVIDAD,La conectividad constituye una de las principales restricciones estructurales de la centralidad.,104,18,50,INFRAESTRUCTURA|INTERMODALIDAD|CONECTIVIDAD|INTEGRACION,BAJO_DESEMPEÑO_ESTRUCTURAL
129,2,57,92,188,5,8,18,AUTOBUS|FERROCARRIL,2,1,0,1,0,0,AUTOBUS|FERROCARRIL|SUBTE,3,1,1,1,0,0,AUTOBUS|FERROCARRIL|FLUVIAL|SUBTE,4,1,1,1,1,0,290.29861619961713,117.13803811563497,59.84225860255265,0.023760330578512397,0.5611771037469505,0.39910849382917424,0.6,1,1,0,0.5397325481487523,44.98,SOPORTE_FISICO_MEDIO,8,MONOMODAL,50.0,40.27777777777778,11.11111111111111,69.44444444444444,95.48611111111111,50.34722222222222,74,87,74,13,85.0,INTERMODALIDAD_MUY_ALTA,3,"POLYGON ((5640020.799079 6163716.441008, 5639651.362268 6163513.986196, 5639219.617669 6163738.638888, 5639157.276365 6164165.759883, 5639526.704749 6164368.246444, 5639464.368572 6164795.420662, 5639833.835599 6164997.946962, 5640265.647233 6164773.267292, 5640327.958321 6164346.07481, 5639958.482865 6164143.580262, 5640020.799079 6163716.441008))",40.27777777777778,40.27777777777778,54.8622,39.9108,60.0,49.922,59.3527,81.3368,34.838,52.12,70.14,44,44,CENTRALIDAD_ESTRUCTURAL_MEDIA,CENTRALIDAD_ESTRUCTURAL_ALTA,-9.64,50.078,CENTRALIDAD_SECUNDARIA,24.17,95,40.27777777777778,49.922,59.3527,81.3368,BAJO,MEDIO,MEDIO,MEDIO,MUY_ALTO,MUY_BAJO,PRIORIDAD_BAJA,CENTRALIDAD_LOCAL,CONECTIVIDAD,CONECTIVIDAD,FUERTE_CONECTIVIDAD,44,95,MANTENER_Y_OPTIMIZAR,59.72222222222222,40.6473,18.663200000000003,65.162,43.637625,49.90841388888889,IMPACTO_MEDIO,43.699965000000006,MEDIA,46.818400833333335,PRIORIDAD_MEDIA,MEJORAR_INTEGRACION_TERRITORIAL,La integración territorial presenta un déficit relevante respecto de las demás dimensiones.,105,27,51,INTEGRACION|INFRAESTRUCTURA|INTERMODALIDAD,CENTRALIDAD_CONECTIVA
97,1,20,34,92,0,0,2,AUTOBUS,1,0,0,1,0,0,AUTOBUS|TRANVIA,2,0,0,1,0,1,AUTOBUS|FERROCARRIL|TRANVIA,3,1,0,1,0,1,101.85916357881302,43.29014452099553,29.284509528908742,0.00878099173553719,0.4457992744134685,0.0,0.4,0,0,0,0.27999999999999997,25.73,SOPORTE_FISICO_BAJO,94,MONOMODAL,50.0,27.77777777777778,36.80555555555556,69.44444444444444,46.18055555555556,50.34722222222222,90,105,90,15,65.0,INTERMODALIDAD_MEDIA,104,"POLYGON ((5628887.500779 6158076.134347, 5629256.119498 6158278.1523, 5629193.506429 6158704.63054, 5628762.249606 6158929.072627, 5628393.639314 6158727.022973, 5628456.277417 6158300.562932, 5628887.500779 6158076.134347))",27.77777777777778,27.77777777777778,43.0337,0.0,40.0,26.9213,27.6215,50.9549,43.4028,32.57,21.53,114,114,CENTRALIDAD_ESTRUCTURAL_BAJA,CENTRALIDAD_ESTRUCTURAL_BAJA,0.86,73.0787,CENTRALIDAD_SECUNDARIA,17.01,108,27.77777777777778,26.9213,27.6215,50.9549,MEDIO,BAJO,BAJO,BAJO,MEDIO,MUY_BAJO,PRIORIDAD_BAJA,CENTRALIDAD_LOCAL,CONECTIVIDAD,CONECTIVIDAD,PERFIL_EQUILIBRADO,114,108,MANTENER_Y_OPTIMIZAR,72.22222222222223,72.3785,49.0451,56.5972,62.774874999999994,32.90286388888889,IMPACTO_BAJO,65.624705,ALTA,46.67111583333333,PRIORIDAD_MEDIA,MEJORAR_CONECTIVIDAD,La conectividad constituye una de las principales restricciones estructurales de la centralidad.,106,19,52,INFRAESTRUCTURA|INTERMODALIDAD|INTEGRACION|CONECTIVIDAD,BAJO_DESEMPEÑO_ESTRUCTURAL
107,1,6,8,27,0,0,1,AUTOBUS,1,0,0,1,0,0,AUTOBUS,1,0,0,1,0,0,AUTOBUS|FERROCARRIL,2,1,0,1,0,0,30.557749073643905,10.185916357881302,8.594366926962348,0.002066115702479339,0.28396708285127487,0.0,0.2,0,0,0,0.13999999999999999,14.97,SOPORTE_FISICO_MUY_BAJO,132,MONOMODAL,50.0,21.52777777777778,27.77777777777778,69.44444444444444,46.18055555555556,50.34722222222222,99,114,99,15,38.0,INTERMODALIDAD_BAJA,132,"POLYGON ((5640585.66295 6157110.782979, 5640954.948549 6157312.880485, 5640892.706562 6157739.578676, 5640461.153851 6157964.161142, 5640091.876642 6157762.031892, 5640154.143752 6157335.351919, 5640585.66295 6157110.782979))",21.52777777777778,21.52777777777778,26.595,0.0,20.0,15.5538,17.934,52.9514,40.3935,25.92,10.42,130,130,CENTRALIDAD_ESTRUCTURAL_BAJA,CENTRALIDAD_ESTRUCTURAL_MUY_BAJA,5.97,84.4462,CENTRALIDAD_SECUNDARIA,15.3,111,21.52777777777778,15.5538,17.934,52.9514,MEDIO,BAJO,MUY_BAJO,MUY_BAJO,MEDIO,MUY_BAJO,PRIORIDAD_BAJA,CENTRALIDAD_LOCAL,CONECTIVIDAD,CONECTIVIDAD,PERFIL_EQUILIBRADO,130,111,MANTENER_Y_OPTIMIZAR,78.47222222222223,82.066,47.0486,59.6065,68.291825,27.54825388888889,IMPACTO_BAJO,72.645675,ALTA,46.58409483333333,PRIORIDAD_MEDIA,MEJORAR_CONECTIVIDAD,La conectividad constituye una de las principales restricciones estructurales de la centralidad.,107,20,53,INFRAESTRUCTURA|INTERMODALIDAD|INTEGRACION|CONECTIVIDAD,BAJO_DESEMPEÑO_ESTRUCTURAL
88,1,20,39,97,2,3,5,AUTOBUS|FERROCARRIL,2,1,0,1,0,0,AUTOBUS|FERROCARRIL,2,1,0,1,0,0,AUTOBUS|FERROCARRIL,2,1,0,1,0,0,101.85916357881302,49.65634224467134,30.876058959827695,0.010072314049586776,0.46159341995125097,0.25180942365991643,0.4,1,0,0,0.3555428270979749,32.6,SOPORTE_FISICO_BAJO,52,MONOMODAL,50.0,32.63888888888889,42.36111111111111,23.26388888888889,46.18055555555556,50.34722222222222,113,98,113,15,70.0,INTERMODALIDAD_MEDIA,16,"POLYGON ((5635988.132268 6177667.513901, 5636357.806715 6177870.73945, 5636295.277391 6178298.811697, 5635863.048615 6178523.640049, 5635493.382677 6178320.382745, 5635555.937005 6177892.328844, 5635988.132268 6177667.513901))",32.63888888888889,32.63888888888889,44.6499,25.1809,40.0,36.0718,42.5105,62.6736,45.2546,41.24,42.36,84,84,CENTRALIDAD_ESTRUCTURAL_MEDIA,CENTRALIDAD_ESTRUCTURAL_MEDIA,-3.43,63.9282,CENTRALIDAD_SECUNDARIA,19.58,101,32.63888888888889,36.0718,42.5105,62.6736,MEDIO,BAJO,BAJO,MEDIO,ALTO,MUY_BAJO,PRIORIDAD_BAJA,CENTRALIDAD_LOCAL,CONECTIVIDAD,CONECTIVIDAD,PERFIL_EQUILIBRADO,84,101,MANTENER_Y_OPTIMIZAR,67.36111111111111,57.4895,37.3264,54.7454,53.372375,39.70191944444445,IMPACTO_BAJO,55.620745,MEDIA,46.36288916666666,PRIORIDAD_MEDIA,MEJORAR_INTEGRACION_TERRITORIAL,La integración territorial presenta un déficit relevante respecto de las demás dimensiones.,108,28,54,INFRAESTRUCTURA|INTERMODALIDAD|INTEGRACION,BAJO_DESEMPEÑO_ESTRUCTURAL
92,1,6,25,71,0,1,5,AUTOBUS,1,0,0,1,0,0,AUTOBUS|FERROCARRIL,2,1,0,1,0,0,AUTOBUS|FERROCARRIL,2,1,0,1,0,0,30.557749073643905,31.830988618379067,22.600001919049138,0.006456611570247934,0.4105906428291123,0.12590471182995822,0.4,1,0,0,0.3177714135489874,27.62,SOPORTE_FISICO_BAJO,81,MONOMODAL,50.0,30.555555555555557,39.58333333333333,23.26388888888889,46.18055555555556,50.34722222222222,116,101,116,15,70.0,INTERMODALIDAD_MEDIA,16,"POLYGON ((5625202.262958 6169598.111756, 5624853.350419 6169259.945042, 5624916.181537 6168832.742059, 5625327.89667 6168743.714212, 5625676.783019 6169081.858099, 5625613.980423 6169509.05266, 5625202.262958 6169598.111756))",30.555555555555557,30.555555555555557,39.4357,12.5905,40.0,29.7227,39.3629,65.1042,44.3287,38.67,34.72,95,95,CENTRALIDAD_ESTRUCTURAL_BAJA,CENTRALIDAD_ESTRUCTURAL_BAJA,0.83,70.2773,CENTRALIDAD_SECUNDARIA,18.67,104,30.555555555555557,29.7227,39.3629,65.1042,MEDIO,BAJO,BAJO,BAJO,ALTO,MUY_BAJO,PRIORIDAD_BAJA,CENTRALIDAD_LOCAL,CONECTIVIDAD,CONECTIVIDAD,PERFIL_EQUILIBRADO,95,104,MANTENER_Y_OPTIMIZAR,69.44444444444444,60.6371,34.895799999999994,55.6713,55.370375,36.767852777777776,IMPACTO_BAJO,58.60005,MEDIA,45.94784416666666,PRIORIDAD_MEDIA,MEJORAR_INTEGRACION_TERRITORIAL,La integración territorial presenta un déficit relevante respecto de las demás dimensiones.,109,29,55,INFRAESTRUCTURA|INTERMODALIDAD|INTEGRACION,BAJO_DESEMPEÑO_ESTRUCTURAL
117,1,8,9,14,0,0,0,AUTOBUS,1,0,0,1,0,0,AUTOBUS,1,0,0,1,0,0,AUTOBUS,1,0,0,1,0,0,40.74366543152521,11.459155902616464,4.45633840657307,0.0023243801652892563,0.29664455240180393,0.0,0.2,0,0,0,0.13999999999999999,15.42,SOPORTE_FISICO_MUY_BAJO,129,MONOMODAL,50.0,15.277777777777779,20.13888888888889,69.44444444444444,46.18055555555556,50.34722222222222,110,123,110,13,39.0,INTERMODALIDAD_BAJA,129,"POLYGON ((5610360.863857 6178194.813386, 5610011.307799 6177856.089948, 5610074.771446 6177427.861868, 5610487.762529 6177338.365744, 5610837.2923 6177677.066354, 5610773.857273 6178105.285916, 5610360.863857 6178194.813386))",15.277777777777779,15.277777777777779,27.8703,0.0,20.0,16.0676,18.3681,32.5521,37.8472,20.94,5.56,137,137,CENTRALIDAD_ESTRUCTURAL_BAJA,CENTRALIDAD_ESTRUCTURAL_MUY_BAJA,-0.79,83.9324,CENTRALIDAD_SECUNDARIA,9.17,123,15.277777777777779,16.0676,18.3681,32.5521,BAJO,MUY_BAJO,MUY_BAJO,MUY_BAJO,BAJO,MUY_BAJO,PRIORIDAD_BAJA,CENTRALIDAD_LOCAL,INTEGRACION_TERRITORIAL,TERRITORIAL,PERFIL_EQUILIBRADO,137,123,MANTENER_Y_OPTIMIZAR,84.72222222222223,81.6319,67.4479,62.1528,73.79125,24.06513888888889,IMPACTO_BAJO,76.793435,URGENTE,45.94365333333334,PRIORIDAD_MEDIA,MEJORAR_CONECTIVIDAD,La conectividad constituye una de las principales restricciones estructurales de la centralidad.,110,21,56,INFRAESTRUCTURA|INTERMODALIDAD|CONECTIVIDAD|INTEGRACION,BAJO_DESEMPEÑO_ESTRUCTURAL
115,1,16,25,55,0,0,1,AUTOBUS,1,0,0,1,0,0,AUTOBUS,1,0,0,1,0,0,AUTOBUS|FERROCARRIL,2,1,0,1,0,0,81.48733086305042,31.830988618379067,17.507043740108486,0.006456611570247934,0.4105906428291123,0.0,0.2,0,0,0,0.13999999999999999,19.47,SOPORTE_FISICO_MUY_BAJO,116,MONOMODAL,50.0,16.666666666666664,21.52777777777778,23.26388888888889,46.18055555555556,50.34722222222222,134,121,134,13,40.0,INTERMODALIDAD_BAJA,115,"POLYGON ((5624414.905139 6147877.21663, 5624066.476171 6147539.484106, 5624129.214484 6147113.649657, 5624540.353156 6147025.555957, 5624888.755996 6147363.265526, 5624826.04629 6147789.09175, 5624414.905139 6147877.21663))",16.666666666666664,16.666666666666664,39.4357,0.0,20.0,20.723,19.8438,33.6806,38.3102,23.03,8.33,133,133,CENTRALIDAD_ESTRUCTURAL_BAJA,CENTRALIDAD_ESTRUCTURAL_MUY_BAJA,-4.06,79.277,CENTRALIDAD_SECUNDARIA,10.0,121,16.666666666666664,20.723,19.8438,33.6806,BAJO,MUY_BAJO,BAJO,MUY_BAJO,BAJO,MUY_BAJO,PRIORIDAD_BAJA,CENTRALIDAD_LOCAL,INTEGRACION_TERRITORIAL,TERRITORIAL,PERFIL_EQUILIBRADO,133,121,MANTENER_Y_OPTIMIZAR,83.33333333333334,80.1562,66.3194,61.6898,71.8606,25.204453333333333,IMPACTO_BAJO,74.2672,ALTA,45.531872,PRIORIDAD_MEDIA,MEJORAR_CONECTIVIDAD,La conectividad constituye una de las principales restricciones estructurales de la centralidad.,111,22,57,INTERMODALIDAD|INFRAESTRUCTURA|CONECTIVIDAD|INTEGRACION,BAJO_DESEMPEÑO_ESTRUCTURAL
93,1,29,43,103,1,2,6,AUTOBUS|FERROCARRIL,2,1,0,1,0,0,AUTOBUS|FERROCARRIL,2,1,0,1,0,0,AUTOBUS|FERROCARRIL,2,1,0,1,0,0,147.6957871892789,54.749300423612,32.78591827693044,0.011105371900826446,0.47285969214745543,0.19955424691458712,0.4,1,0,0,0.3398662740743761,31.71,SOPORTE_FISICO_BAJO,56,MONOMODAL,50.0,29.86111111111111,38.88888888888889,23.26388888888889,46.18055555555556,50.34722222222222,117,102,117,15,70.0,INTERMODALIDAD_MEDIA,16,"POLYGON ((5638423.317597 6160996.539414, 5638792.599837 6161198.835337, 5638730.263107 6161625.761704, 5638298.619043 6161850.373907, 5637929.345219 6161648.046242, 5637991.707041 6161221.138115, 5638423.317597 6160996.539414))",29.86111111111111,29.86111111111111,45.8035,19.9554,40.0,34.7744,41.2041,61.9792,44.0972,39.6,37.5,91,91,CENTRALIDAD_ESTRUCTURAL_BAJA,CENTRALIDAD_ESTRUCTURAL_BAJA,-4.91,65.2256,CENTRALIDAD_SECUNDARIA,17.92,106,29.86111111111111,34.7744,41.2041,61.9792,MEDIO,BAJO,BAJO,MEDIO,ALTO,MUY_BAJO,PRIORIDAD_BAJA,CENTRALIDAD_LOCAL,CONECTIVIDAD,CONECTIVIDAD,PERFIL_EQUILIBRADO,91,106,MANTENER_Y_OPTIMIZAR,70.13888888888889,58.7959,38.0208,55.9028,54.486275000000006,37.07781055555556,IMPACTO_BAJO,56.778795,MEDIA,45.259783833333344,PRIORIDAD_MEDIA,MEJORAR_INTEGRACION_TERRITORIAL,La integración territorial presenta un déficit relevante respecto de las demás dimensiones.,112,30,58,INFRAESTRUCTURA|INTERMODALIDAD|INTEGRACION,BAJO_DESEMPEÑO_ESTRUCTURAL
125,1,1,3,9,0,0,0,AUTOBUS,1,0,0,1,0,0,AUTOBUS,1,0,0,1,0,0,AUTOBUS,1,0,0,1,0,0,5.092958178940651,3.819718634205488,2.864788975654116,0.0007747933884297521,0.18495368961100384,0.0,0.2,0,0,0,0.13999999999999999,11.49,SOPORTE_FISICO_MUY_BAJO,138,MONOMODAL,50.0,11.805555555555555,14.583333333333334,23.26388888888889,46.18055555555556,50.34722222222222,136,128,136,8,33.0,INTERMODALIDAD_BAJA,138,"POLYGON ((5615414.045421 6184560.788998, 5615064.4925 6184222.063986, 5615127.792974 6183793.591581, 5615540.617816 6183703.852759, 5615890.144455 6184042.554998, 5615826.872533 6184471.018832, 5615414.045421 6184560.788998))",11.805555555555555,11.805555555555555,16.7796,0.0,20.0,11.5964,16.7188,35.8507,35.9954,18.76,1.39,143,143,CENTRALIDAD_ESTRUCTURAL_MUY_BAJA,CENTRALIDAD_ESTRUCTURAL_MUY_BAJA,0.21,88.4036,CENTRALIDAD_SECUNDARIA,7.17,128,11.805555555555555,11.5964,16.7188,35.8507,BAJO,MUY_BAJO,MUY_BAJO,MUY_BAJO,BAJO,MUY_BAJO,PRIORIDAD_BAJA,CENTRALIDAD_LOCAL,INTEGRACION_TERRITORIAL,TERRITORIAL,PERFIL_EQUILIBRADO,143,128,MANTENER_Y_OPTIMIZAR,88.19444444444444,83.2812,64.1493,64.00460000000001,74.959675,21.311712777777778,IMPACTO_BAJO,78.61229,URGENTE,45.07912016666667,PRIORIDAD_MEDIA,MEJORAR_CONECTIVIDAD,La conectividad constituye una de las principales restricciones estructurales de la centralidad.,113,23,59,INFRAESTRUCTURA|INTERMODALIDAD|CONECTIVIDAD|INTEGRACION,BAJO_DESEMPEÑO_ESTRUCTURAL
104,1,0,1,11,0,1,1,,0,0,0,0,0,0,AUTOBUS|FERROCARRIL,2,1,0,1,0,0,AUTOBUS|FERROCARRIL,2,1,0,1,0,0,0.0,1.2732395447351628,3.5014087480216975,0.00025826446280991736,0.096575039169877,0.12590471182995822,0.4,1,0,0,0.3177714135489874,16.53,SOPORTE_FISICO_MUY_BAJO,124,MONOMODAL,50.0,23.61111111111111,29.86111111111111,69.44444444444444,46.18055555555556,50.34722222222222,96,111,96,15,61.0,INTERMODALIDAD_MEDIA,111,"POLYGON ((5655135.854839 6150327.05022, 5655505.788379 6150528.925347, 5655444.049234 6150955.491524, 5655012.351291 6151180.164371, 5654642.426068 6150978.257457, 5654704.19047 6150551.709482, 5655135.854839 6150327.05022))",23.61111111111111,23.61111111111111,8.3898,12.5905,40.0,17.1931,29.7275,78.9062,41.088,33.27,24.31,110,110,CENTRALIDAD_ESTRUCTURAL_BAJA,CENTRALIDAD_ESTRUCTURAL_BAJA,6.42,82.8069,CENTRALIDAD_SECUNDARIA,16.73,109,23.61111111111111,17.1931,29.7275,78.9062,MEDIO,BAJO,MUY_BAJO,BAJO,ALTO,MUY_BAJO,PRIORIDAD_BAJA,CENTRALIDAD_LOCAL,CONECTIVIDAD,CONECTIVIDAD,FUERTE_CONECTIVIDAD,110,109,MANTENER_Y_OPTIMIZAR,76.38888888888889,70.27250000000001,21.0938,58.912,58.271300000000004,30.752815555555557,IMPACTO_BAJO,63.74644500000001,ALTA,44.78179433333333,PRIORIDAD_MEDIA,MEJORAR_INTEGRACION_TERRITORIAL,La integración territorial presenta un déficit relevante respecto de las demás dimensiones.,114,31,60,INFRAESTRUCTURA|INTERMODALIDAD|INTEGRACION,CENTRALIDAD_CONECTIVA
90,1,17,37,88,0,3,6,AUTOBUS|FERROCARRIL,2,1,0,1,0,0,AUTOBUS|FERROCARRIL|TRANVIA,3,1,0,1,0,1,AUTOBUS|FERROCARRIL|TRANVIA,3,1,0,1,0,1,86.58028904199107,47.10986315520102,28.01126998417358,0.009555785123966942,0.4555278610995459,0.25180942365991643,0.6,1,0,0,0.4955428270979749,37.38,SOPORTE_FISICO_BAJO,24,MONOMODAL,50.0,31.25,40.27777777777778,23.26388888888889,46.18055555555556,50.34722222222222,114,100,114,14,85.0,INTERMODALIDAD_MUY_ALTA,3,"POLYGON ((5637502.743707 6159109.430048, 5637871.910028 6159311.606864, 5637809.557897 6159738.373594, 5637378.01435 6159962.945283, 5637008.856438 6159760.736731, 5637071.233661 6159333.988226, 5637502.743707 6159109.430048))",31.25,31.25,44.0291,25.1809,60.0,40.5715,55.6702,61.8056,44.5602,44.38,51.39,71,71,CENTRALIDAD_ESTRUCTURAL_MEDIA,CENTRALIDAD_ESTRUCTURAL_MEDIA,-9.32,59.4285,CENTRALIDAD_SECUNDARIA,18.75,103,31.25,40.5715,55.6702,61.8056,MEDIO,BAJO,MEDIO,MEDIO,ALTO,MUY_BAJO,PRIORIDAD_BAJA,CENTRALIDAD_LOCAL,CONECTIVIDAD,CONECTIVIDAD,PERFIL_EQUILIBRADO,71,103,MANTENER_Y_OPTIMIZAR,68.75,44.3298,38.1944,55.4398,49.348124999999996,40.911625,IMPACTO_MEDIO,50.8087,MEDIA,44.73876250000001,PRIORIDAD_MEDIA,MEJORAR_INTEGRACION_TERRITORIAL,La integración territorial presenta un déficit relevante respecto de las demás dimensiones.,115,32,61,INFRAESTRUCTURA|INTEGRACION|INTERMODALIDAD,INTERVENCION_SELECTIVA
121,1,24,30,62,0,0,1,AUTOBUS,1,0,0,1,0,0,AUTOBUS,1,0,0,1,0,0,AUTOBUS|FERROCARRIL,2,1,0,1,0,0,122.23099629457562,38.197186342054884,19.735212943395023,0.007747933884297521,0.4314334042643508,0.0,0.2,0,0,0,0.13999999999999999,20.22,SOPORTE_FISICO_BAJO,110,MONOMODAL,50.0,13.88888888888889,18.75,69.44444444444444,46.18055555555556,50.34722222222222,112,125,112,13,40.0,INTERMODALIDAD_BAJA,115,"POLYGON ((5643668.535211 6155112.12934, 5644037.940024 6155314.147496, 5643975.808328 6155740.777062, 5643544.246664 6155965.370262, 5643174.850223 6155763.320353, 5643237.007073 6155336.708997, 5643668.535211 6155112.12934))",13.88888888888889,13.88888888888889,41.5647,0.0,20.0,21.5807,19.8438,43.4028,37.3843,23.78,9.03,132,132,CENTRALIDAD_ESTRUCTURAL_BAJA,CENTRALIDAD_ESTRUCTURAL_MUY_BAJA,-7.69,78.41929999999999,CENTRALIDAD_SECUNDARIA,8.33,125,13.88888888888889,21.5807,19.8438,43.4028,BAJO,MUY_BAJO,BAJO,MUY_BAJO,MEDIO,MUY_BAJO,PRIORIDAD_BAJA,CENTRALIDAD_LOCAL,CONECTIVIDAD,CONECTIVIDAD,PERFIL_EQUILIBRADO,132,125,MANTENER_Y_OPTIMIZAR,86.11111111111111,80.1562,56.5972,62.6157,69.44709999999999,23.542864444444444,IMPACTO_BAJO,72.11856499999999,ALTA,43.678803666666674,PRIORIDAD_MEDIA,MEJORAR_CONECTIVIDAD,La conectividad constituye una de las principales restricciones estructurales de la centralidad.,116,24,62,INTERMODALIDAD|INFRAESTRUCTURA|INTEGRACION|CONECTIVIDAD,BAJO_DESEMPEÑO_ESTRUCTURAL
137,1,6,11,16,0,0,0,AUTOBUS,1,0,0,1,0,0,AUTOBUS,1,0,0,1,0,0,AUTOBUS|FERROCARRIL,2,1,0,1,0,0,30.557749073643905,14.00563499208679,5.092958178940651,0.002840909090909091,0.3185149047398846,0.0,0.2,0,0,0,0.13999999999999999,16.19,SOPORTE_FISICO_MUY_BAJO,127,MONOMODAL,50.0,5.555555555555555,6.25,23.26388888888889,46.18055555555556,50.34722222222222,141,137,141,4,40.0,INTERMODALIDAD_BAJA,115,"POLYGON ((5643492.478668 6148111.686314, 5643861.64621 6148313.299779, 5643799.558595 6148739.416506, 5643368.278255 6148963.901605, 5642999.119048 6148762.256399, 5643061.231844 6148336.157835, 5643492.478668 6148111.686314))",5.555555555555555,5.555555555555555,30.0771,0.0,20.0,16.9555,19.8438,20.4861,33.2176,16.27,0.69,144,144,CENTRALIDAD_ESTRUCTURAL_MUY_BAJA,CENTRALIDAD_ESTRUCTURAL_MUY_BAJA,-11.4,83.0445,CENTRALIDAD_SECUNDARIA,3.33,137,5.555555555555555,16.9555,19.8438,20.4861,BAJO,MUY_BAJO,MUY_BAJO,MUY_BAJO,BAJO,MUY_BAJO,PRIORIDAD_BAJA,CENTRALIDAD_LOCAL,INTEGRACION_TERRITORIAL,TERRITORIAL,PERFIL_EQUILIBRADO,144,137,MANTENER_Y_OPTIMIZAR,94.44444444444444,80.1562,79.5139,66.7824,77.37424999999999,18.459627777777776,IMPACTO_BAJO,79.17699,URGENTE,43.26119166666667,PRIORIDAD_MEDIA,MEJORAR_CONECTIVIDAD,La conectividad constituye una de las principales restricciones estructurales de la centralidad.,117,25,63,INFRAESTRUCTURA|INTERMODALIDAD|CONECTIVIDAD|INTEGRACION,BAJO_DESEMPEÑO_ESTRUCTURAL
99,1,287,357,376,2,3,6,AUTOBUS|FERROCARRIL,2,1,0,1,0,0,AUTOBUS|FERROCARRIL,2,1,0,1,0,0,AUTOBUS|FERROCARRIL,2,1,0,1,0,0,1461.6789973559669,454.5465174704531,119.6845172051053,0.0922004132231405,0.7198972562974655,0.25180942365991643,0.4,1,0,0,0.3555428270979749,42.87,SOPORTE_FISICO_MEDIO,10,MONOMODAL,50.0,27.083333333333332,35.41666666666667,69.44444444444444,46.18055555555556,50.34722222222222,91,106,91,15,70.0,INTERMODALIDAD_MEDIA,16,"POLYGON ((5637644.117788 6182741.887733, 5638014.054065 6182945.423854, 5637951.540535 6183373.903575, 5637519.06573 6183598.828788, 5637149.137984 6183395.260898, 5637211.676509 6182966.799563, 5637644.117788 6182741.887733))",27.083333333333332,27.083333333333332,71.1775,25.1809,40.0,46.8969,42.5105,55.2951,42.9398,40.94,41.67,85,85,CENTRALIDAD_ESTRUCTURAL_MEDIA,CENTRALIDAD_ESTRUCTURAL_MEDIA,-19.81,53.1031,CENTRALIDAD_SECUNDARIA,16.25,110,27.083333333333332,46.8969,42.5105,55.2951,MEDIO,BAJO,MEDIO,MEDIO,MEDIO,MUY_BAJO,PRIORIDAD_BAJA,CENTRALIDAD_LOCAL,CONECTIVIDAD,CONECTIVIDAD,PERFIL_EQUILIBRADO,85,110,MANTENER_Y_OPTIMIZAR,72.91666666666667,57.4895,44.7049,57.0602,53.089425000000006,36.66055166666666,IMPACTO_BAJO,53.113625000000006,MEDIA,43.25493350000001,PRIORIDAD_MEDIA,MEJORAR_INTEGRACION_TERRITORIAL,La integración territorial presenta un déficit relevante respecto de las demás dimensiones.,118,33,64,INTERMODALIDAD|INTEGRACION|INFRAESTRUCTURA|CONECTIVIDAD,INTERVENCION_SELECTIVA
127,1,5,6,20,0,0,1,AUTOBUS,1,0,0,1,0,0,AUTOBUS,1,0,0,1,0,0,AUTOBUS|FERROCARRIL|FLUVIAL,3,1,0,1,1,0,25.464790894703256,7.639437268410976,6.366197723675814,0.0015495867768595042,0.25358849344279244,0.0,0.2,0,0,0,0.13999999999999999,13.9,SOPORTE_FISICO_MUY_BAJO,134,MONOMODAL,50.0,10.416666666666668,13.194444444444445,69.44444444444444,46.18055555555556,50.34722222222222,118,130,118,12,36.0,INTERMODALIDAD_BAJA,134,"POLYGON ((5630474.410844 6188054.538048, 5630844.090068 6188258.295881, 5630781.317744 6188686.980598, 5630348.841274 6188911.889076, 5629979.170627 6188708.099494, 5630041.967872 6188279.433182, 5630474.410844 6188054.538048))",10.416666666666668,10.416666666666668,23.5531,0.0,20.0,14.3286,17.6736,52.5174,35.5324,21.67,6.25,136,136,CENTRALIDAD_ESTRUCTURAL_BAJA,CENTRALIDAD_ESTRUCTURAL_MUY_BAJA,-3.91,85.6714,CENTRALIDAD_SECUNDARIA,6.25,130,10.416666666666668,14.3286,17.6736,52.5174,BAJO,MUY_BAJO,MUY_BAJO,MUY_BAJO,MEDIO,MUY_BAJO,PRIORIDAD_BAJA,CENTRALIDAD_LOCAL,CONECTIVIDAD,CONECTIVIDAD,PERFIL_EQUILIBRADO,136,130,MANTENER_Y_OPTIMIZAR,89.58333333333333,82.3264,47.4826,64.4676,69.987,21.080733333333335,IMPACTO_BAJO,74.01682000000001,ALTA,43.10462,PRIORIDAD_MEDIA,MEJORAR_CONECTIVIDAD,La conectividad constituye una de las principales restricciones estructurales de la centralidad.,119,26,65,INFRAESTRUCTURA|INTERMODALIDAD|INTEGRACION|CONECTIVIDAD,BAJO_DESEMPEÑO_ESTRUCTURAL
108,1,5,14,29,0,2,5,AUTOBUS,1,0,0,1,0,0,AUTOBUS|FERROCARRIL,2,1,0,1,0,0,AUTOBUS|FERROCARRIL,2,1,0,1,0,0,25.464790894703256,17.82535362629228,9.23098669932993,0.003615702479338843,0.34518442464383275,0.19955424691458712,0.4,1,0,0,0.3398662740743761,27.12,SOPORTE_FISICO_BAJO,83,MONOMODAL,50.0,20.833333333333336,26.38888888888889,23.26388888888889,46.18055555555556,50.34722222222222,127,115,127,12,70.0,INTERMODALIDAD_MEDIA,16,"POLYGON ((5615218.36681 6175070.515277, 5614869.028577 6174731.980314, 5614932.283606 6174304.107535, 5615344.848279 6174214.778203, 5615694.160258 6174553.290336, 5615630.933818 6174981.154631, 5615218.36681 6175070.515277))",20.833333333333336,20.833333333333336,32.778,19.9554,40.0,29.5269,41.2041,55.2951,39.9306,34.16,27.08,106,106,CENTRALIDAD_ESTRUCTURAL_BAJA,CENTRALIDAD_ESTRUCTURAL_BAJA,-8.69,70.4731,CENTRALIDAD_SECUNDARIA,12.5,117,20.833333333333336,29.5269,41.2041,55.2951,BAJO,BAJO,BAJO,MEDIO,MEDIO,MUY_BAJO,PRIORIDAD_BAJA,CENTRALIDAD_LOCAL,CONECTIVIDAD,CONECTIVIDAD,PERFIL_EQUILIBRADO,106,117,MANTENER_Y_OPTIMIZAR,79.16666666666666,58.7959,44.7049,60.0694,58.510825000000004,30.242831666666667,IMPACTO_BAJO,60.839605000000006,ALTA,42.6825815,PRIORIDAD_MEDIA,MEJORAR_INTEGRACION_TERRITORIAL,La integración territorial presenta un déficit relevante respecto de las demás dimensiones.,120,34,66,INFRAESTRUCTURA|INTEGRACION|INTERMODALIDAD|CONECTIVIDAD,BAJO_DESEMPEÑO_ESTRUCTURAL
103,1,18,26,60,1,2,2,AUTOBUS|FERROCARRIL,2,1,0,1,0,0,AUTOBUS|FERROCARRIL,2,1,0,1,0,0,AUTOBUS|FERROCARRIL,2,1,0,1,0,0,91.67324722093171,33.10422816311423,19.098593171027442,0.006714876033057851,0.41506520603744346,0.19955424691458712,0.4,1,0,0,0.3398662740743761,29.62,SOPORTE_FISICO_BAJO,70,MONOMODAL,50.0,24.305555555555554,31.944444444444443,69.44444444444444,46.18055555555556,50.34722222222222,95,110,95,15,70.0,INTERMODALIDAD_MEDIA,16,"POLYGON ((5642681.133589 6156414.549666, 5643050.521653 6156616.631325, 5642988.349933 6157043.33094, 5642556.765006 6157267.930677, 5642187.385324 6157065.817268, 5642249.582185 6156639.135871, 5642681.133589 6156414.549666))",24.305555555555554,24.305555555555554,39.8926,19.9554,40.0,32.392,41.2041,71.7882,41.7824,38.58,34.03,96,96,CENTRALIDAD_ESTRUCTURAL_BAJA,CENTRALIDAD_ESTRUCTURAL_BAJA,-8.09,67.608,CENTRALIDAD_SECUNDARIA,14.58,113,24.305555555555554,32.392,41.2041,71.7882,MEDIO,BAJO,BAJO,MEDIO,ALTO,MUY_BAJO,PRIORIDAD_BAJA,CENTRALIDAD_LOCAL,CONECTIVIDAD,CONECTIVIDAD,PERFIL_EQUILIBRADO,96,113,MANTENER_Y_OPTIMIZAR,75.69444444444444,58.7959,28.211799999999997,58.2176,53.208325,33.00344277777778,IMPACTO_BAJO,56.117175,MEDIA,42.55427816666666,PRIORIDAD_MEDIA,MEJORAR_INTEGRACION_TERRITORIAL,La integración territorial presenta un déficit relevante respecto de las demás dimensiones.,121,35,67,INFRAESTRUCTURA|INTERMODALIDAD|INTEGRACION,CENTRALIDAD_CONECTIVA
94,1,31,46,106,5,7,19,AUTOBUS|FERROCARRIL|TRANVIA,3,1,0,1,0,1,AUTOBUS|FERROCARRIL|TRANVIA,3,1,0,1,0,1,AUTOBUS|FERROCARRIL|FLUVIAL|TRANVIA,4,1,0,1,1,1,157.88170354716019,58.569019057817485,33.74084793548181,0.011880165289256199,0.4806532324681198,0.3777141354898746,0.6,1,0,0,0.5333142406469623,41.44,SOPORTE_FISICO_MEDIO,14,MONOMODAL,50.0,29.166666666666668,38.19444444444444,69.44444444444444,46.18055555555556,50.34722222222222,88,103,88,15,85.0,INTERMODALIDAD_MUY_ALTA,3,"POLYGON ((5642856.590031 6163425.139831, 5643226.215124 6163627.626581, 5643163.999329 6164054.838886, 5642732.133326 6164279.546176, 5642362.516651 6164077.027665, 5642424.75756 6163649.833625, 5642856.590031 6163425.139831))",29.166666666666668,29.166666666666668,46.6019,37.7714,60.0,45.8581,58.8179,72.6562,43.8657,47.26,55.56,65,65,CENTRALIDAD_ESTRUCTURAL_MEDIA,CENTRALIDAD_ESTRUCTURAL_MEDIA,-16.69,54.1419,CENTRALIDAD_SECUNDARIA,17.5,107,29.166666666666668,45.8581,58.8179,72.6562,MEDIO,BAJO,MEDIO,MEDIO,ALTO,MUY_BAJO,PRIORIDAD_BAJA,CENTRALIDAD_LOCAL,CONECTIVIDAD,CONECTIVIDAD,PERFIL_EQUILIBRADO,65,107,MANTENER_Y_OPTIMIZAR,70.83333333333333,41.1821,27.3438,56.1343,44.700525,40.19143833333334,IMPACTO_MEDIO,45.841190000000005,MEDIA,42.1916005,PRIORIDAD_MEDIA,MEJORAR_INTEGRACION_TERRITORIAL,La integración territorial presenta un déficit relevante respecto de las demás dimensiones.,122,36,68,INTEGRACION|INFRAESTRUCTURA|INTERMODALIDAD,CENTRALIDAD_CONECTIVA
109,1,13,18,57,1,2,6,AUTOBUS|FERROCARRIL,2,1,0,1,0,0,AUTOBUS|FERROCARRIL,2,1,0,1,0,0,AUTOBUS|FERROCARRIL,2,1,0,1,0,0,66.20845632622846,22.91831180523293,18.14366351247607,0.0046487603305785125,0.3733429004851337,0.19955424691458712,0.4,1,0,0,0.3398662740743761,28.13,SOPORTE_FISICO_BAJO,78,MONOMODAL,50.0,20.13888888888889,25.694444444444443,23.26388888888889,46.18055555555556,50.34722222222222,129,116,129,13,70.0,INTERMODALIDAD_MEDIA,16,"POLYGON ((5624636.668478 6173444.353239, 5624287.64967 6173106.092469, 5624350.524922 6172678.62538, 5624762.390466 6172589.427518, 5625111.383069 6172927.665481, 5625048.536331 6173355.124112, 5624636.668478 6173444.353239))",20.13888888888889,20.13888888888889,35.6393,19.9554,40.0,30.6799,41.2041,66.4062,39.6991,35.88,31.25,100,100,CENTRALIDAD_ESTRUCTURAL_BAJA,CENTRALIDAD_ESTRUCTURAL_BAJA,-10.54,69.3201,CENTRALIDAD_SECUNDARIA,12.08,119,20.13888888888889,30.6799,41.2041,66.4062,BAJO,BAJO,BAJO,MEDIO,ALTO,MUY_BAJO,PRIORIDAD_BAJA,CENTRALIDAD_LOCAL,CONECTIVIDAD,CONECTIVIDAD,PERFIL_EQUILIBRADO,100,119,MANTENER_Y_OPTIMIZAR,79.86111111111111,58.7959,33.5938,60.3009,55.502674999999996,30.544979444444444,IMPACTO_BAJO,58.19091,MEDIA,41.834550166666666,PRIORIDAD_MEDIA,MEJORAR_INTEGRACION_TERRITORIAL,La integración territorial presenta un déficit relevante respecto de las demás dimensiones.,123,37,69,INFRAESTRUCTURA|INTEGRACION|INTERMODALIDAD,BAJO_DESEMPEÑO_ESTRUCTURAL
138,1,13,25,53,0,0,2,AUTOBUS,1,0,0,1,0,0,AUTOBUS,1,0,0,1,0,0,AUTOBUS|FERROCARRIL,2,1,0,1,0,0,66.20845632622846,31.830988618379067,16.870423967740905,0.006456611570247934,0.4105906428291123,0.0,0.2,0,0,0,0.13999999999999999,19.47,SOPORTE_FISICO_MUY_BAJO,116,MONOMODAL,50.0,4.861111111111112,4.861111111111112,23.26388888888889,46.18055555555556,50.34722222222222,142,138,142,4,40.0,INTERMODALIDAD_BAJA,115,"POLYGON ((5620060.312825 6161198.513932, 5619711.442549 6160860.390565, 5619774.428628 6160433.561058, 5620186.256385 6160344.86327, 5620535.100471 6160682.963743, 5620472.142989 6161109.784899, 5620060.312825 6161198.513932))",4.861111111111112,4.861111111111112,39.4357,0.0,20.0,20.723,19.8438,32.6389,32.7546,18.78,2.08,142,142,CENTRALIDAD_ESTRUCTURAL_MUY_BAJA,CENTRALIDAD_ESTRUCTURAL_MUY_BAJA,-15.86,79.277,CENTRALIDAD_SECUNDARIA,2.92,138,4.861111111111112,20.723,19.8438,32.6389,BAJO,MUY_BAJO,BAJO,MUY_BAJO,BAJO,MUY_BAJO,PRIORIDAD_BAJA,CENTRALIDAD_LOCAL,INTEGRACION_TERRITORIAL,TERRITORIAL,PERFIL_EQUILIBRADO,142,138,MANTENER_Y_OPTIMIZAR,95.13888888888889,80.1562,67.3611,67.24539999999999,73.509925,17.756540555555556,IMPACTO_BAJO,75.30888,URGENTE,41.28014183333333,PRIORIDAD_MEDIA,MEJORAR_CONECTIVIDAD,La conectividad constituye una de las principales restricciones estructurales de la centralidad.,124,27,70,INTERMODALIDAD|INFRAESTRUCTURA|CONECTIVIDAD|INTEGRACION,BAJO_DESEMPEÑO_ESTRUCTURAL
112,1,7,15,40,1,2,3,AUTOBUS|FERROCARRIL,2,1,0,1,0,0,AUTOBUS|FERROCARRIL,2,1,0,1,0,0,AUTOBUS|FERROCARRIL,2,1,0,1,0,0,35.65070725258456,19.098593171027442,12.732395447351628,0.0038739669421487604,0.35288088494021963,0.19955424691458712,0.4,1,0,0,0.3398662740743761,27.4,SOPORTE_FISICO_BAJO,82,MONOMODAL,50.0,18.75,23.61111111111111,69.44444444444444,46.18055555555556,50.34722222222222,103,118,103,15,70.0,INTERMODALIDAD_MEDIA,16,"POLYGON ((5623400.878262 6173712.079825, 5623051.816252 6173373.781952, 5623114.741639 6172946.258158, 5623526.70051 6172857.0407, 5623875.736309 6173195.315763, 5623812.839445 6173622.831095, 5623400.878262 6173712.079825))",18.75,18.75,33.5592,19.9554,40.0,29.8423,41.2041,75.1736,39.0046,36.5,33.33,97,97,CENTRALIDAD_ESTRUCTURAL_BAJA,CENTRALIDAD_ESTRUCTURAL_BAJA,-11.09,70.1577,CENTRALIDAD_SECUNDARIA,11.25,120,18.75,29.8423,41.2041,75.1736,BAJO,MUY_BAJO,BAJO,MEDIO,ALTO,MUY_BAJO,PRIORIDAD_BAJA,CENTRALIDAD_LOCAL,CONECTIVIDAD,CONECTIVIDAD,FUERTE_CONECTIVIDAD,97,120,MANTENER_Y_OPTIMIZAR,81.25,58.7959,24.826400000000007,60.9954,53.69385,30.112769999999998,IMPACTO_BAJO,56.876645,MEDIA,41.081612,PRIORIDAD_MEDIA,MEJORAR_INTEGRACION_TERRITORIAL,La integración territorial presenta un déficit relevante respecto de las demás dimensiones.,125,38,71,INFRAESTRUCTURA|INTEGRACION|INTERMODALIDAD,CENTRALIDAD_CONECTIVA
105,1,14,29,81,1,3,5,AUTOBUS|FERROCARRIL|TRANVIA,3,1,0,1,0,1,AUTOBUS|FERROCARRIL|TRANVIA,3,1,0,1,0,1,AUTOBUS|FERROCARRIL|TRANVIA,3,1,0,1,0,1,71.30141450516912,36.92394679731972,25.783100780887047,0.0074896694214876035,0.42754994286110287,0.25180942365991643,0.6,1,0,0,0.4955428270979749,36.37,SOPORTE_FISICO_BAJO,31,MONOMODAL,50.0,22.916666666666664,30.555555555555557,23.26388888888889,46.18055555555556,50.34722222222222,125,112,125,13,85.0,INTERMODALIDAD_MUY_ALTA,3,"POLYGON ((5636889.246648 6157851.821642, 5637258.335695 6158053.919081, 5637195.97329 6158480.5794, 5636764.496745 6158705.124065, 5636395.416102 6158502.994895, 5636457.8036 6158076.352791, 5636889.246648 6157851.821642))",22.916666666666664,22.916666666666664,41.1678,25.1809,60.0,39.4185,55.6702,64.9306,41.3194,41.74,44.44,81,81,CENTRALIDAD_ESTRUCTURAL_MEDIA,CENTRALIDAD_ESTRUCTURAL_MEDIA,-16.5,60.5815,CENTRALIDAD_SECUNDARIA,13.75,114,22.916666666666664,39.4185,55.6702,64.9306,MEDIO,BAJO,BAJO,MEDIO,ALTO,MUY_BAJO,PRIORIDAD_BAJA,CENTRALIDAD_LOCAL,CONECTIVIDAD,CONECTIVIDAD,PERFIL_EQUILIBRADO,81,114,MANTENER_Y_OPTIMIZAR,77.08333333333334,44.3298,35.0694,58.6806,49.665325,34.72339833333333,IMPACTO_BAJO,51.13102,MEDIA,41.0742465,PRIORIDAD_MEDIA,MEJORAR_INTEGRACION_TERRITORIAL,La integración territorial presenta un déficit relevante respecto de las demás dimensiones.,126,39,72,INFRAESTRUCTURA|INTEGRACION|INTERMODALIDAD,BAJO_DESEMPEÑO_ESTRUCTURAL
106,1,31,51,139,3,4,16,AUTOBUS|FERROCARRIL,2,1,0,1,0,0,AUTOBUS|FERROCARRIL,2,1,0,1,0,0,AUTOBUS|FERROCARRIL,2,1,0,1,0,0,157.88170354716019,64.9352167814933,44.245074179546904,0.013171487603305785,0.49259414321024025,0.2923416876766772,0.4,1,0,0,0.3677025063030031,34.75,SOPORTE_FISICO_BAJO,37,MONOMODAL,50.0,22.22222222222222,29.166666666666668,69.44444444444444,46.18055555555556,50.34722222222222,98,113,98,15,70.0,INTERMODALIDAD_MEDIA,16,"POLYGON ((5633413.520312 6170707.486609, 5633782.817083 6170910.282601, 5633720.25655 6171337.787862, 5633288.37423 6171562.478835, 5632919.085939 6171359.651105, 5632981.671487 6170932.16414, 5633413.520312 6170707.486609))",22.22222222222222,22.22222222222222,47.8255,29.2342,40.0,38.7217,43.5238,76.1285,40.8565,40.56,39.58,88,88,CENTRALIDAD_ESTRUCTURAL_MEDIA,CENTRALIDAD_ESTRUCTURAL_BAJA,-16.5,61.2783,CENTRALIDAD_SECUNDARIA,13.33,115,22.22222222222222,38.7217,43.5238,76.1285,MEDIO,BAJO,BAJO,MEDIO,ALTO,MUY_BAJO,PRIORIDAD_BAJA,CENTRALIDAD_LOCAL,CONECTIVIDAD,CONECTIVIDAD,FUERTE_CONECTIVIDAD,88,115,MANTENER_Y_OPTIMIZAR,77.77777777777777,56.4762,23.871499999999997,59.1435,50.192375,33.02358611111111,IMPACTO_BAJO,52.276194999999994,MEDIA,40.86632916666666,PRIORIDAD_MEDIA,MEJORAR_INTEGRACION_TERRITORIAL,La integración territorial presenta un déficit relevante respecto de las demás dimensiones.,127,40,73,INFRAESTRUCTURA|INTEGRACION|INTERMODALIDAD,CENTRALIDAD_CONECTIVA
122,1,3,9,28,0,1,5,AUTOBUS,1,0,0,1,0,0,AUTOBUS|FERROCARRIL,2,1,0,1,0,0,AUTOBUS|FERROCARRIL|TRANVIA,3,1,0,1,0,1,15.278874536821952,11.459155902616464,8.91267681314614,0.0023243801652892563,0.29664455240180393,0.12590471182995822,0.4,1,0,0,0.3177714135489874,23.57,SOPORTE_FISICO_BAJO,101,MONOMODAL,50.0,13.194444444444445,15.972222222222221,23.26388888888889,46.18055555555556,50.34722222222222,135,126,135,9,69.0,INTERMODALIDAD_MEDIA,97,"POLYGON ((5639598.058763 6158413.319065, 5639967.327577 6158615.480058, 5639905.045623 6159042.248249, 5639473.469743 6159266.837223, 5639104.20933 6159064.644489, 5639166.516394 6158637.894521, 5639598.058763 6158413.319065))",13.194444444444445,13.194444444444445,27.8703,12.5905,40.0,25.0673,32.158,65.7986,36.4583,30.17,17.36,120,120,CENTRALIDAD_ESTRUCTURAL_BAJA,CENTRALIDAD_ESTRUCTURAL_MUY_BAJA,-11.87,74.9327,CENTRALIDAD_SECUNDARIA,7.92,126,13.194444444444445,25.0673,32.158,65.7986,BAJO,MUY_BAJO,BAJO,BAJO,ALTO,MUY_BAJO,PRIORIDAD_BAJA,CENTRALIDAD_LOCAL,CONECTIVIDAD,CONECTIVIDAD,PERFIL_EQUILIBRADO,120,126,MANTENER_Y_OPTIMIZAR,86.80555555555556,67.842,34.20140000000001,63.5417,60.12945,23.831112222222224,IMPACTO_BAJO,63.305115,ALTA,40.04578733333334,PRIORIDAD_MEDIA,MEJORAR_INTEGRACION_TERRITORIAL,La integración territorial presenta un déficit relevante respecto de las demás dimensiones.,128,41,74,INFRAESTRUCTURA|INTERMODALIDAD|INTEGRACION,BAJO_DESEMPEÑO_ESTRUCTURAL
140,1,9,18,42,0,0,3,AUTOBUS,1,0,0,1,0,0,AUTOBUS,1,0,0,1,0,0,AUTOBUS|FERROCARRIL,2,1,0,1,0,0,45.83662361046586,22.91831180523293,13.36901521971921,0.0046487603305785125,0.3733429004851337,0.0,0.2,0,0,0,0.13999999999999999,18.14,SOPORTE_FISICO_MUY_BAJO,121,MONOMODAL,50.0,3.4722222222222223,3.4722222222222223,69.44444444444444,46.18055555555556,50.34722222222222,126,140,126,14,40.0,INTERMODALIDAD_BAJA,115,"POLYGON ((5611120.451326 6167675.797107, 5610771.163413 6167337.310496, 5610834.538531 6166909.779639, 5611247.172909 6166820.743813, 5611596.434572 6167159.207537, 5611533.088105 6167586.729972, 5611120.451326 6167675.797107))",3.4722222222222223,3.4722222222222223,35.6393,0.0,20.0,19.1947,19.8438,46.6146,32.2917,20.03,2.78,141,141,CENTRALIDAD_ESTRUCTURAL_BAJA,CENTRALIDAD_ESTRUCTURAL_MUY_BAJA,-15.72,80.8053,CENTRALIDAD_SECUNDARIA,2.08,140,3.4722222222222223,19.1947,19.8438,46.6146,BAJO,MUY_BAJO,MUY_BAJO,MUY_BAJO,MEDIO,MUY_BAJO,PRIORIDAD_BAJA,CENTRALIDAD_LOCAL,CONECTIVIDAD,CONECTIVIDAD,PERFIL_EQUILIBRADO,141,140,MANTENER_Y_OPTIMIZAR,96.52777777777777,80.1562,53.3854,67.70830000000001,70.5138,16.672871111111114,IMPACTO_BAJO,73.194495,ALTA,39.86078766666668,PRIORIDAD_BAJA,MEJORAR_CONECTIVIDAD,La conectividad constituye una de las principales restricciones estructurales de la centralidad.,129,28,1,INFRAESTRUCTURA|INTERMODALIDAD|INTEGRACION|CONECTIVIDAD,BAJO_DESEMPEÑO_ESTRUCTURAL
131,1,6,6,14,1,1,3,AUTOBUS|FERROCARRIL,2,1,0,1,0,0,AUTOBUS|FERROCARRIL,2,1,0,1,0,0,AUTOBUS|FERROCARRIL,2,1,0,1,0,0,30.557749073643905,7.639437268410976,4.45633840657307,0.0015495867768595042,0.25358849344279244,0.12590471182995822,0.4,1,0,0,0.3177714135489874,22.05,SOPORTE_FISICO_BAJO,105,MONOMODAL,50.0,9.027777777777777,11.805555555555555,23.26388888888889,46.18055555555556,50.34722222222222,138,132,138,6,66.0,INTERMODALIDAD_MEDIA,102,"POLYGON ((5659699.022314 6146374.681259, 5660069.099688 6146576.381469, 5660007.531947 6147002.773302, 5659575.861525 6147227.44674, 5659205.792434 6147025.714733, 5659267.385481 6146599.341084, 5659699.022314 6146374.681259))",9.027777777777777,9.027777777777777,23.5531,12.5905,40.0,23.3282,31.29,56.8576,35.0694,26.83,11.81,128,128,CENTRALIDAD_ESTRUCTURAL_BAJA,CENTRALIDAD_ESTRUCTURAL_MUY_BAJA,-14.3,76.6718,CENTRALIDAD_SECUNDARIA,5.42,132,9.027777777777777,23.3282,31.29,56.8576,BAJO,MUY_BAJO,BAJO,BAJO,MEDIO,MUY_BAJO,PRIORIDAD_BAJA,CENTRALIDAD_LOCAL,CONECTIVIDAD,CONECTIVIDAD,PERFIL_EQUILIBRADO,128,132,MANTENER_Y_OPTIMIZAR,90.97222222222223,68.71000000000001,43.1424,64.9306,63.3637,20.72962888888889,IMPACTO_BAJO,66.21429,ALTA,39.303037333333336,PRIORIDAD_BAJA,MEJORAR_INTEGRACION_TERRITORIAL,La integración territorial presenta un déficit relevante respecto de las demás dimensiones.,130,42,2,INFRAESTRUCTURA|INTERMODALIDAD|INTEGRACION|CONECTIVIDAD,BAJO_DESEMPEÑO_ESTRUCTURAL
141,1,1,1,1,1,1,1,AUTOBUS|FERROCARRIL,2,1,0,1,0,0,AUTOBUS|FERROCARRIL,2,1,0,1,0,0,AUTOBUS|FERROCARRIL,2,1,0,1,0,0,5.092958178940651,1.2732395447351628,0.3183098861837907,0.00025826446280991736,0.096575039169877,0.12590471182995822,0.4,1,0,0,0.3177714135489874,16.53,SOPORTE_FISICO_MUY_BAJO,124,MONOMODAL,50.0,2.7777777777777777,2.7777777777777777,23.26388888888889,46.18055555555556,50.34722222222222,144,141,144,3,61.0,INTERMODALIDAD_MEDIA,111,"POLYGON ((5610552.368355 6182299.387168, 5610202.722479 6181960.584298, 5610266.201412 6181532.100281, 5610679.297616 6181442.42769, 5611028.917194 6181781.207757, 5610965.466863 6182209.683217, 5610552.368355 6182299.387168))",2.7777777777777777,2.7777777777777777,8.3898,12.5905,40.0,17.1931,29.7275,42.7083,32.0602,20.69,4.17,139,139,CENTRALIDAD_ESTRUCTURAL_BAJA,CENTRALIDAD_ESTRUCTURAL_MUY_BAJA,-14.42,82.8069,CENTRALIDAD_SECUNDARIA,1.67,141,2.7777777777777777,17.1931,29.7275,42.7083,BAJO,MUY_BAJO,MUY_BAJO,BAJO,MEDIO,MUY_BAJO,PRIORIDAD_BAJA,CENTRALIDAD_LOCAL,CONECTIVIDAD,CONECTIVIDAD,PERFIL_EQUILIBRADO,139,141,MANTENER_Y_OPTIMIZAR,97.22222222222223,70.27250000000001,57.2917,67.93979999999999,69.577725,16.555433888888892,IMPACTO_BAJO,72.340195,ALTA,39.20390283333333,PRIORIDAD_BAJA,MEJORAR_CONECTIVIDAD,La conectividad constituye una de las principales restricciones estructurales de la centralidad.,131,29,3,INFRAESTRUCTURA|INTERMODALIDAD|INTEGRACION|CONECTIVIDAD,BAJO_DESEMPEÑO_ESTRUCTURAL
123,1,12,17,29,1,1,2,AUTOBUS|FERROCARRIL,2,1,0,1,0,0,AUTOBUS|FERROCARRIL,2,1,0,1,0,0,AUTOBUS|FERROCARRIL,2,1,0,1,0,0,61.11549814728781,21.645072260497766,9.23098669932993,0.004390495867768595,0.36690985424200945,0.12590471182995822,0.4,1,0,0,0.3177714135489874,26.06,SOPORTE_FISICO_BAJO,89,MONOMODAL,50.0,12.5,15.277777777777779,69.44444444444444,46.18055555555556,50.34722222222222,115,127,115,12,70.0,INTERMODALIDAD_MEDIA,16,"POLYGON ((5621484.467304 6159652.08423, 5621135.675584 6159314.029549, 5621198.596704 6158887.344819, 5621610.280954 6158798.723105, 5621959.046497 6159136.754887, 5621896.153966 6159563.431282, 5621484.467304 6159652.08423))",12.5,12.5,34.9848,12.5905,40.0,27.9308,39.3629,61.0243,36.2269,31.38,20.14,116,116,CENTRALIDAD_ESTRUCTURAL_BAJA,CENTRALIDAD_ESTRUCTURAL_BAJA,-15.43,72.0692,CENTRALIDAD_SECUNDARIA,7.5,127,12.5,27.9308,39.3629,61.0243,BAJO,MUY_BAJO,BAJO,BAJO,ALTO,MUY_BAJO,PRIORIDAD_BAJA,CENTRALIDAD_LOCAL,CONECTIVIDAD,CONECTIVIDAD,PERFIL_EQUILIBRADO,116,127,MANTENER_Y_OPTIMIZAR,87.5,60.6371,38.9757,63.7731,58.863775000000004,24.064755,IMPACTO_BAJO,61.348060000000004,ALTA,39.1481055,PRIORIDAD_BAJA,MEJORAR_INTEGRACION_TERRITORIAL,La integración territorial presenta un déficit relevante respecto de las demás dimensiones.,132,43,4,INFRAESTRUCTURA|INTEGRACION|INTERMODALIDAD,BAJO_DESEMPEÑO_ESTRUCTURAL
120,1,35,60,121,3,3,8,AUTOBUS|FERROCARRIL,2,1,0,1,0,0,AUTOBUS|FERROCARRIL,2,1,0,1,0,0,AUTOBUS|FERROCARRIL,2,1,0,1,0,0,178.25353626292278,76.39437268410977,38.515496228238675,0.015495867768595042,0.5114387677034817,0.25180942365991643,0.4,1,0,0,0.3555428270979749,34.43,SOPORTE_FISICO_BAJO,41,MONOMODAL,50.0,14.583333333333334,19.444444444444446,69.44444444444444,46.18055555555556,50.34722222222222,111,124,111,13,70.0,INTERMODALIDAD_MEDIA,16,"POLYGON ((5638768.697659 6175034.70437, 5639138.453217 6175237.810926, 5639076.028584 6175665.761968, 5638643.823358 6175890.588117, 5638274.076289 6175687.449797, 5638336.525957 6175259.517091, 5638768.697659 6175034.70437))",14.583333333333334,14.583333333333334,49.7577,25.1809,40.0,38.134,42.5105,67.7951,37.6157,36.34,31.94,99,99,CENTRALIDAD_ESTRUCTURAL_BAJA,CENTRALIDAD_ESTRUCTURAL_BAJA,-23.55,61.866,CENTRALIDAD_SECUNDARIA,8.75,124,14.583333333333334,38.134,42.5105,67.7951,BAJO,MUY_BAJO,BAJO,MEDIO,ALTO,MUY_BAJO,PRIORIDAD_BAJA,CENTRALIDAD_LOCAL,CONECTIVIDAD,CONECTIVIDAD,PERFIL_EQUILIBRADO,99,124,MANTENER_Y_OPTIMIZAR,85.41666666666667,57.4895,32.204899999999995,62.3843,53.486175,27.57090166666667,IMPACTO_BAJO,54.917399999999994,MEDIA,38.53025349999999,PRIORIDAD_BAJA,MEJORAR_INTEGRACION_TERRITORIAL,La integración territorial presenta un déficit relevante respecto de las demás dimensiones.,133,44,5,INTEGRACION|INFRAESTRUCTURA|INTERMODALIDAD,BAJO_DESEMPEÑO_ESTRUCTURAL
116,1,27,50,122,1,1,3,AUTOBUS|TRANVIA,2,0,0,1,0,1,AUTOBUS|FERROCARRIL|TRANVIA,3,1,0,1,0,1,AUTOBUS|FERROCARRIL|TRANVIA,3,1,0,1,0,1,137.50987083139756,63.66197723675813,38.833806114422465,0.012913223140495868,0.490300991187029,0.12590471182995822,0.6,1,0,0,0.4577714135489874,35.5,SOPORTE_FISICO_BAJO,33,MONOMODAL,50.0,15.972222222222221,20.833333333333336,69.44444444444444,46.18055555555556,50.34722222222222,108,122,108,14,85.0,INTERMODALIDAD_MUY_ALTA,3,"POLYGON ((5630981.12191 6157380.382954, 5631349.843103 6157582.385091, 5631287.30003 6158008.864772, 5630856.010712 6158233.324117, 5630487.297936 6158031.290271, 5630549.86606 6157604.828789, 5630981.12191 6157380.382954))",15.972222222222221,15.972222222222221,47.5905,12.5905,60.0,37.7588,52.5226,73.8715,38.0787,39.62,38.19,90,90,CENTRALIDAD_ESTRUCTURAL_BAJA,CENTRALIDAD_ESTRUCTURAL_BAJA,-21.79,62.2412,CENTRALIDAD_SECUNDARIA,9.58,122,15.972222222222221,37.7588,52.5226,73.8715,BAJO,MUY_BAJO,BAJO,MEDIO,ALTO,MUY_BAJO,PRIORIDAD_BAJA,CENTRALIDAD_LOCAL,CONECTIVIDAD,CONECTIVIDAD,PERFIL_EQUILIBRADO,90,122,MANTENER_Y_OPTIMIZAR,84.02777777777777,47.4774,26.128500000000003,61.9213,49.4421,29.33153111111111,IMPACTO_BAJO,51.279725000000006,MEDIA,37.933473666666664,PRIORIDAD_BAJA,MEJORAR_INTEGRACION_TERRITORIAL,La integración territorial presenta un déficit relevante respecto de las demás dimensiones.,134,45,6,INFRAESTRUCTURA|INTEGRACION|INTERMODALIDAD,CENTRALIDAD_CONECTIVA
126,1,22,40,84,2,4,6,AUTOBUS|FERROCARRIL,2,1,0,1,0,0,AUTOBUS|FERROCARRIL,2,1,0,1,0,0,AUTOBUS|FERROCARRIL|FLUVIAL,3,1,0,1,1,0,112.04507993669432,50.92958178940651,26.73803043943842,0.010330578512396695,0.4645127786483475,0.2923416876766772,0.4,1,0,0,0.3677025063030031,33.72,SOPORTE_FISICO_BAJO,45,MONOMODAL,50.0,11.11111111111111,13.88888888888889,23.26388888888889,46.18055555555556,50.34722222222222,137,129,137,8,70.0,INTERMODALIDAD_MEDIA,16,"POLYGON ((5634691.557219 6178341.951556, 5635061.176028 6178545.200804, 5634998.601806 6178973.289572, 5634566.383781 6179198.110743, 5634196.773488 6178994.829743, 5634259.372703 6178566.759323, 5634691.557219 6178341.951556))",11.11111111111111,11.11111111111111,44.9488,29.2342,40.0,37.5603,43.5238,57.8125,35.7639,33.68,25.69,108,108,CENTRALIDAD_ESTRUCTURAL_BAJA,CENTRALIDAD_ESTRUCTURAL_BAJA,-26.45,62.4397,CENTRALIDAD_SECUNDARIA,6.67,129,11.11111111111111,37.5603,43.5238,57.8125,BAJO,MUY_BAJO,BAJO,MEDIO,MEDIO,MUY_BAJO,PRIORIDAD_BAJA,CENTRALIDAD_LOCAL,CONECTIVIDAD,CONECTIVIDAD,PERFIL_EQUILIBRADO,108,129,MANTENER_Y_OPTIMIZAR,88.88888888888889,56.4762,42.1875,64.2361,56.334875,24.529530555555553,IMPACTO_BAJO,57.167845,MEDIA,37.47415583333333,PRIORIDAD_BAJA,MEJORAR_INTEGRACION_TERRITORIAL,La integración territorial presenta un déficit relevante respecto de las demás dimensiones.,135,46,7,INTEGRACION|INFRAESTRUCTURA|INTERMODALIDAD|CONECTIVIDAD,BAJO_DESEMPEÑO_ESTRUCTURAL
133,1,4,7,18,1,2,3,AUTOBUS|FERROCARRIL,2,1,0,1,0,0,AUTOBUS|FERROCARRIL,2,1,0,1,0,0,AUTOBUS|FERROCARRIL,2,1,0,1,0,0,20.371832715762604,8.91267681314614,5.729577951308232,0.0018078512396694215,0.26975599025240704,0.19955424691458712,0.4,1,0,0,0.3398662740743761,24.46,SOPORTE_FISICO_BAJO,97,MONOMODAL,50.0,7.638888888888889,10.416666666666668,69.44444444444444,46.18055555555556,50.34722222222222,121,134,121,13,67.0,INTERMODALIDAD_MEDIA,100,"POLYGON ((5639971.707096 6155853.470323, 5640340.915392 6156055.488451, 5640278.663128 6156482.080197, 5639847.177441 6156706.635608, 5639477.97753 6156504.585741, 5639540.254918 6156078.012202, 5639971.707096 6155853.470323))",7.638888888888889,7.638888888888889,25.1694,19.9554,40.0,26.4649,33.4784,72.3958,34.6065,29.92,16.67,121,121,CENTRALIDAD_ESTRUCTURAL_BAJA,CENTRALIDAD_ESTRUCTURAL_MUY_BAJA,-18.83,73.5351,CENTRALIDAD_SECUNDARIA,4.58,134,7.638888888888889,26.4649,33.4784,72.3958,BAJO,MUY_BAJO,BAJO,BAJO,ALTO,MUY_BAJO,PRIORIDAD_BAJA,CENTRALIDAD_LOCAL,CONECTIVIDAD,CONECTIVIDAD,PERFIL_EQUILIBRADO,121,134,MANTENER_Y_OPTIMIZAR,92.36111111111111,66.5216,27.604200000000006,65.3935,58.26360000000001,20.473164444444446,IMPACTO_BAJO,61.374305,ALTA,37.172893666666674,PRIORIDAD_BAJA,MEJORAR_INTEGRACION_TERRITORIAL,La integración territorial presenta un déficit relevante respecto de las demás dimensiones.,136,47,8,INFRAESTRUCTURA|INTERMODALIDAD|INTEGRACION,CENTRALIDAD_CONECTIVA
134,1,5,7,22,0,1,3,AUTOBUS,1,0,0,1,0,0,AUTOBUS|FERROCARRIL,2,1,0,1,0,0,AUTOBUS|FERROCARRIL,2,1,0,1,0,0,25.464790894703256,8.91267681314614,7.002817496043395,0.0018078512396694215,0.26975599025240704,0.12590471182995822,0.4,1,0,0,0.3177714135489874,22.62,SOPORTE_FISICO_BAJO,104,MONOMODAL,50.0,6.944444444444445,9.027777777777777,69.44444444444444,46.18055555555556,50.34722222222222,124,135,124,11,67.0,INTERMODALIDAD_MEDIA,100,"POLYGON ((5638864.253567 6155247.511185, 5639233.376184 6155449.481692, 5639171.093655 6155876.002018, 5638739.66339 6156100.533637, 5638370.549159 6155898.531396, 5638432.856806 6155472.02927, 5638864.253567 6155247.511185))",6.944444444444445,6.944444444444445,25.1694,12.5905,40.0,23.9794,31.6372,76.9097,34.1435,29.36,15.62,122,122,CENTRALIDAD_ESTRUCTURAL_BAJA,CENTRALIDAD_ESTRUCTURAL_MUY_BAJA,-17.03,76.0206,CENTRALIDAD_SECUNDARIA,4.17,135,6.944444444444445,23.9794,31.6372,76.9097,BAJO,MUY_BAJO,BAJO,BAJO,ALTO,MUY_BAJO,PRIORIDAD_BAJA,CENTRALIDAD_LOCAL,CONECTIVIDAD,CONECTIVIDAD,FUERTE_CONECTIVIDAD,123,135,MANTENER_Y_OPTIMIZAR,93.05555555555556,68.3628,23.0903,65.8565,58.33255,19.824732222222224,IMPACTO_BAJO,61.995475000000006,ALTA,37.12197933333334,PRIORIDAD_BAJA,MEJORAR_INTEGRACION_TERRITORIAL,La integración territorial presenta un déficit relevante respecto de las demás dimensiones.,137,48,9,INFRAESTRUCTURA|INTERMODALIDAD|INTEGRACION,CENTRALIDAD_CONECTIVA
132,1,12,16,41,2,2,3,AUTOBUS|FERROCARRIL,2,1,0,1,0,0,AUTOBUS|FERROCARRIL,2,1,0,1,0,0,AUTOBUS|FERROCARRIL|FLUVIAL,3,1,0,1,1,0,61.11549814728781,20.371832715762604,13.050705333535419,0.004132231404958678,0.360104439427627,0.19955424691458712,0.4,1,0,0,0.3398662740743761,27.65,SOPORTE_FISICO_BAJO,80,MONOMODAL,50.0,8.333333333333332,9.722222222222223,23.26388888888889,46.18055555555556,50.34722222222222,139,133,139,6,70.0,INTERMODALIDAD_MEDIA,16,"POLYGON ((5635168.906338 6186009.132726, 5635538.799911 6186212.827682, 5635476.186932 6186641.481592, 5635043.655415 6186866.422144, 5634673.770397 6186662.695423, 5634736.40834 6186234.059915, 5635168.906338 6186009.132726))",8.333333333333332,8.333333333333332,34.293,19.9554,40.0,30.1367,41.2041,62.5,34.375,31.09,18.75,118,118,CENTRALIDAD_ESTRUCTURAL_BAJA,CENTRALIDAD_ESTRUCTURAL_MUY_BAJA,-21.8,69.8633,CENTRALIDAD_SECUNDARIA,5.0,133,8.333333333333332,30.1367,41.2041,62.5,BAJO,MUY_BAJO,BAJO,MEDIO,ALTO,MUY_BAJO,PRIORIDAD_BAJA,CENTRALIDAD_LOCAL,CONECTIVIDAD,CONECTIVIDAD,PERFIL_EQUILIBRADO,118,133,MANTENER_Y_OPTIMIZAR,91.66666666666667,58.7959,37.5,65.625,57.94605,21.380876666666666,IMPACTO_BAJO,59.988045,MEDIA,36.857215999999994,PRIORIDAD_BAJA,MEJORAR_INTEGRACION_TERRITORIAL,La integración territorial presenta un déficit relevante respecto de las demás dimensiones.,138,49,10,INFRAESTRUCTURA|INTEGRACION|INTERMODALIDAD,BAJO_DESEMPEÑO_ESTRUCTURAL
130,1,19,35,83,1,2,4,AUTOBUS|FERROCARRIL,2,1,0,1,0,0,AUTOBUS|FERROCARRIL,2,1,0,1,0,0,AUTOBUS|FERROCARRIL,2,1,0,1,0,0,96.76620539987236,44.563384065730695,26.419720553254628,0.009039256198347107,0.44913236307384297,0.19955424691458712,0.4,1,0,0,0.3398662740743761,30.84,SOPORTE_FISICO_BAJO,62,MONOMODAL,50.0,9.722222222222223,12.5,69.44444444444444,46.18055555555556,50.34722222222222,119,131,119,12,70.0,INTERMODALIDAD_MEDIA,16,"POLYGON ((5625865.16137 6167800.45049, 5625516.310446 6167462.338005, 5625579.105225 6167035.271302, 5625990.722403 6166946.325488, 5626339.547145 6167284.415137, 5626276.780889 6167711.473436, 5625865.16137 6167800.45049))",9.722222222222223,9.722222222222223,43.3746,19.9554,40.0,33.7937,41.2041,73.1771,35.3009,34.11,26.39,107,107,CENTRALIDAD_ESTRUCTURAL_BAJA,CENTRALIDAD_ESTRUCTURAL_BAJA,-24.07,66.2063,CENTRALIDAD_SECUNDARIA,5.83,131,9.722222222222223,33.7937,41.2041,73.1771,BAJO,MUY_BAJO,BAJO,MEDIO,ALTO,MUY_BAJO,PRIORIDAD_BAJA,CENTRALIDAD_LOCAL,CONECTIVIDAD,CONECTIVIDAD,PERFIL_EQUILIBRADO,107,131,MANTENER_Y_OPTIMIZAR,90.27777777777777,58.7959,26.822900000000004,64.6991,54.13105,23.604321111111112,IMPACTO_BAJO,56.25094,MEDIA,36.72737766666667,PRIORIDAD_BAJA,MEJORAR_INTEGRACION_TERRITORIAL,La integración territorial presenta un déficit relevante respecto de las demás dimensiones.,139,50,11,INFRAESTRUCTURA|INTEGRACION|INTERMODALIDAD,CENTRALIDAD_CONECTIVA
139,1,6,10,27,1,2,6,AUTOBUS|FERROCARRIL,2,1,0,1,0,0,AUTOBUS|FERROCARRIL,2,1,0,1,0,0,AUTOBUS|FERROCARRIL,2,1,0,1,0,0,30.557749073643905,12.732395447351628,8.594366926962348,0.0025826446280991736,0.30808740138835516,0.19955424691458712,0.4,1,0,0,0.3398662740743761,25.81,SOPORTE_FISICO_BAJO,90,MONOMODAL,50.0,4.166666666666666,4.166666666666666,23.26388888888889,46.18055555555556,50.34722222222222,143,139,143,4,70.0,INTERMODALIDAD_MEDIA,16,"POLYGON ((5655936.25288 6158593.838503, 5656306.501522 6158796.198524, 5656244.728148 6159223.384845, 5655812.680902 6159448.192885, 5655442.440617 6159245.801061, 5655504.239219 6158818.633, 5655936.25288 6158593.838503))",4.166666666666666,4.166666666666666,29.0239,19.9554,40.0,28.0165,41.2041,63.2812,32.5231,29.24,14.58,124,124,CENTRALIDAD_ESTRUCTURAL_BAJA,CENTRALIDAD_ESTRUCTURAL_MUY_BAJA,-23.85,71.98349999999999,CENTRALIDAD_SECUNDARIA,2.5,139,4.166666666666666,28.0165,41.2041,63.2812,BAJO,MUY_BAJO,BAJO,MEDIO,ALTO,MUY_BAJO,PRIORIDAD_BAJA,CENTRALIDAD_LOCAL,CONECTIVIDAD,CONECTIVIDAD,PERFIL_EQUILIBRADO,124,139,MANTENER_Y_OPTIMIZAR,95.83333333333333,58.7959,36.7188,67.4769,58.743775,18.206088333333334,IMPACTO_BAJO,60.95767,ALTA,35.3110855,PRIORIDAD_BAJA,MEJORAR_INTEGRACION_TERRITORIAL,La integración territorial presenta un déficit relevante respecto de las demás dimensiones.,140,51,12,INFRAESTRUCTURA|INTEGRACION|INTERMODALIDAD,BAJO_DESEMPEÑO_ESTRUCTURAL
135,1,30,47,125,0,3,8,AUTOBUS,1,0,0,1,0,0,AUTOBUS|FERROCARRIL,2,1,0,1,0,0,AUTOBUS|FERROCARRIL|TRANVIA,3,1,0,1,0,1,152.78874536821954,59.84225860255265,39.78873577297384,0.012138429752066115,0.4831403823338039,0.25180942365991643,0.4,1,0,0,0.3555428270979749,33.39,SOPORTE_FISICO_BAJO,46,MONOMODAL,50.0,6.25,7.638888888888889,23.26388888888889,46.18055555555556,50.34722222222222,140,136,140,4,70.0,INTERMODALIDAD_MEDIA,16,"POLYGON ((5630773.355328 6166949.677896, 5631142.37336 6167152.227482, 5631079.757082 6167579.395339, 5630648.097759 6167803.995345, 5630279.088195 6167601.414037, 5630341.729484 6167174.264444, 5630773.355328 6166949.677896))",6.25,6.25,46.8567,25.1809,40.0,36.9626,42.5105,64.0625,33.6806,32.6,22.22,113,113,CENTRALIDAD_ESTRUCTURAL_BAJA,CENTRALIDAD_ESTRUCTURAL_BAJA,-30.71,63.0374,CENTRALIDAD_SECUNDARIA,3.75,136,6.25,36.9626,42.5105,64.0625,BAJO,MUY_BAJO,BAJO,MEDIO,ALTO,MUY_BAJO,PRIORIDAD_BAJA,CENTRALIDAD_LOCAL,CONECTIVIDAD,CONECTIVIDAD,PERFIL_EQUILIBRADO,113,136,MANTENER_Y_OPTIMIZAR,93.75,57.4895,35.9375,66.3194,55.69595,20.930190000000003,IMPACTO_BAJO,56.722745,MEDIA,35.129144,PRIORIDAD_BAJA,MEJORAR_INTEGRACION_TERRITORIAL,La integración territorial presenta un déficit relevante respecto de las demás dimensiones.,141,52,13,INTEGRACION|INFRAESTRUCTURA|INTERMODALIDAD,BAJO_DESEMPEÑO_ESTRUCTURAL
143,1,10,20,40,1,1,2,AUTOBUS|FERROCARRIL,2,1,0,1,0,0,AUTOBUS|FERROCARRIL,2,1,0,1,0,0,AUTOBUS|FERROCARRIL,2,1,0,1,0,0,50.92958178940651,25.464790894703256,12.732395447351628,0.005165289256198347,0.3852407435141075,0.12590471182995822,0.4,1,0,0,0.3177714135489874,26.71,SOPORTE_FISICO_BAJO,84,MONOMODAL,50.0,1.3888888888888888,1.3888888888888888,69.44444444444444,46.18055555555556,50.34722222222222,130,143,130,13,70.0,INTERMODALIDAD_MEDIA,16,"POLYGON ((5634315.977776 6180910.781403, 5634685.656767 6181114.173789, 5634623.052975 6181542.438702, 5634190.745213 6181767.292862, 5633821.074752 6181563.868721, 5633883.703522 6181135.622174, 5634315.977776 6180910.781403))",1.3888888888888888,1.3888888888888888,36.8507,12.5905,40.0,28.6814,39.3629,66.2326,31.5972,28.55,13.89,125,125,CENTRALIDAD_ESTRUCTURAL_BAJA,CENTRALIDAD_ESTRUCTURAL_MUY_BAJA,-27.29,71.3186,CENTRALIDAD_SECUNDARIA,0.83,143,1.3888888888888888,28.6814,39.3629,66.2326,BAJO,MUY_BAJO,BAJO,BAJO,ALTO,MUY_BAJO,PRIORIDAD_BAJA,CENTRALIDAD_LOCAL,CONECTIVIDAD,CONECTIVIDAD,PERFIL_EQUILIBRADO,125,143,MANTENER_Y_OPTIMIZAR,98.61111111111111,60.6371,33.767399999999995,68.4028,58.531475,16.567739444444445,IMPACTO_BAJO,60.700615,ALTA,34.24366116666666,PRIORIDAD_BAJA,MEJORAR_INTEGRACION_TERRITORIAL,La integración territorial presenta un déficit relevante respecto de las demás dimensiones.,142,53,14,INFRAESTRUCTURA|INTEGRACION|INTERMODALIDAD,BAJO_DESEMPEÑO_ESTRUCTURAL
142,1,25,48,128,3,4,11,AUTOBUS|FERROCARRIL,2,1,0,1,0,0,AUTOBUS|FERROCARRIL,2,1,0,1,0,0,AUTOBUS|FERROCARRIL|FLUVIAL|TRANVIA,4,1,0,1,1,1,127.32395447351627,61.11549814728781,40.74366543152521,0.012396694214876033,0.4855760191199227,0.2923416876766772,0.4,1,0,0,0.3677025063030031,34.49,SOPORTE_FISICO_BAJO,40,MONOMODAL,50.0,2.083333333333333,2.083333333333333,69.44444444444444,46.18055555555556,50.34722222222222,128,142,128,14,70.0,INTERMODALIDAD_MEDIA,16,"POLYGON ((5637555.07053 6164210.112258, 5637924.404775 6164412.582849, 5637862.018437 6164839.720544, 5637430.27278 6165064.369389, 5637060.94697 6164861.867056, 5637123.35838 6164434.74762, 5637555.07053 6164210.112258))",2.083333333333333,2.083333333333333,47.1063,29.2342,40.0,38.431,43.5238,75.7812,31.8287,33.49,25.0,109,109,CENTRALIDAD_ESTRUCTURAL_BAJA,CENTRALIDAD_ESTRUCTURAL_BAJA,-36.35,61.569,CENTRALIDAD_SECUNDARIA,1.25,142,2.083333333333333,38.431,43.5238,75.7812,BAJO,MUY_BAJO,BAJO,MEDIO,ALTO,MUY_BAJO,PRIORIDAD_BAJA,CENTRALIDAD_LOCAL,CONECTIVIDAD,CONECTIVIDAD,FUERTE_CONECTIVIDAD,109,142,MANTENER_Y_OPTIMIZAR,97.91666666666667,56.4762,24.2188,68.1713,52.608825,19.063431666666666,IMPACTO_BAJO,53.81610500000001,MEDIA,32.792851500000005,PRIORIDAD_BAJA,MEJORAR_INTEGRACION_TERRITORIAL,La integración territorial presenta un déficit relevante respecto de las demás dimensiones.,143,54,15,INTEGRACION|INFRAESTRUCTURA|INTERMODALIDAD,CENTRALIDAD_CONECTIVA
144,1,12,30,69,0,3,6,AUTOBUS|FERROCARRIL,2,1,0,1,0,0,AUTOBUS|FERROCARRIL,2,1,0,1,0,0,AUTOBUS|FERROCARRIL|TRANVIA,3,1,0,1,0,1,61.11549814728781,38.197186342054884,21.963382146681557,0.007747933884297521,0.4314334042643508,0.25180942365991643,0.4,1,0,0,0.3555428270979749,31.51,SOPORTE_FISICO_BAJO,57,MONOMODAL,50.0,0.6944444444444444,0.6944444444444444,69.44444444444444,46.18055555555556,50.34722222222222,131,144,131,13,70.0,INTERMODALIDAD_MEDIA,16,"POLYGON ((5640212.076265 6159671.270357, 5640581.422376 6159873.510759, 5640519.15069 6160300.385396, 5640087.507784 6160525.001397, 5639718.170079 6160322.729249, 5639780.466874 6159895.872845, 5640212.076265 6159671.270357))",0.6944444444444444,0.6944444444444444,41.5647,25.1809,40.0,34.8284,42.5105,71.9618,31.3657,31.35,19.44,117,117,CENTRALIDAD_ESTRUCTURAL_BAJA,CENTRALIDAD_ESTRUCTURAL_MUY_BAJA,-34.13,65.1716,CENTRALIDAD_SECUNDARIA,0.42,144,0.6944444444444444,34.8284,42.5105,71.9618,BAJO,MUY_BAJO,BAJO,MEDIO,ALTO,MUY_BAJO,PRIORIDAD_BAJA,CENTRALIDAD_LOCAL,CONECTIVIDAD,CONECTIVIDAD,PERFIL_EQUILIBRADO,117,144,MANTENER_Y_OPTIMIZAR,99.30555555555556,57.4895,28.038200000000003,68.6343,54.8334,17.145902222222222,IMPACTO_BAJO,56.3438,MEDIA,32.697481333333336,PRIORIDAD_BAJA,MEJORAR_INTEGRACION_TERRITORIAL,La integración territorial presenta un déficit relevante respecto de las demás dimensiones.,144,55,16,INTEGRACION|INFRAESTRUCTURA|INTERMODALIDAD,CENTRALIDAD_CONECTIVA
